solid Lid Gear. STL generated by ONSHAPE BY PTC INC, 1.212. Units = meters
   facet normal -2.11965e-17 5.1682e-17 -1
      outer loop
         vertex -0.00385335 -0.239874 0.14844
         vertex -0.0028318 -0.238068 0.14844
         vertex -0.00221839 -0.238597 0.14844
      endloop
   endfacet
   facet normal -2.11965e-17 5.1682e-17 -1
      outer loop
         vertex -0.00221839 -0.238597 0.14844
         vertex -0.00185389 -0.23932 0.14844
         vertex -0.00385335 -0.239874 0.14844
      endloop
   endfacet
   facet normal -2.11965e-17 5.1682e-17 -1
      outer loop
         vertex -0.00185389 -0.23932 0.14844
         vertex -0.00179378 -0.240127 0.14844
         vertex -0.00385335 -0.239874 0.14844
      endloop
   endfacet
   facet normal -2.11965e-17 5.1682e-17 -1
      outer loop
         vertex -0.00179378 -0.240127 0.14844
         vertex -0.00204723 -0.240896 0.14844
         vertex -0.00385335 -0.239874 0.14844
      endloop
   endfacet
   facet normal -2.11965e-17 5.1682e-17 -1
      outer loop
         vertex -0.00204723 -0.240896 0.14844
         vertex -0.00257564 -0.241509 0.14844
         vertex -0.00385335 -0.239874 0.14844
      endloop
   endfacet
   facet normal -2.11965e-17 5.1682e-17 -1
      outer loop
         vertex -0.00257564 -0.241509 0.14844
         vertex -0.00329857 -0.241874 0.14844
         vertex -0.00385335 -0.239874 0.14844
      endloop
   endfacet
   facet normal -2.11965e-17 5.1682e-17 -1
      outer loop
         vertex -0.00329857 -0.241874 0.14844
         vertex -0.00410597 -0.241934 0.14844
         vertex -0.00385335 -0.239874 0.14844
      endloop
   endfacet
   facet normal -2.11965e-17 5.1682e-17 -1
      outer loop
         vertex -0.00410597 -0.241934 0.14844
         vertex -0.0048749 -0.24168 0.14844
         vertex -0.00385335 -0.239874 0.14844
      endloop
   endfacet
   facet normal -2.11965e-17 5.1682e-17 -1
      outer loop
         vertex -0.0048749 -0.24168 0.14844
         vertex -0.00548831 -0.241152 0.14844
         vertex -0.00385335 -0.239874 0.14844
      endloop
   endfacet
   facet normal -2.11965e-17 5.1682e-17 -1
      outer loop
         vertex -0.00548831 -0.241152 0.14844
         vertex -0.00585281 -0.240429 0.14844
         vertex -0.00385335 -0.239874 0.14844
      endloop
   endfacet
   facet normal -2.11965e-17 5.1682e-17 -1
      outer loop
         vertex -0.00585281 -0.240429 0.14844
         vertex -0.00591291 -0.239622 0.14844
         vertex -0.00385335 -0.239874 0.14844
      endloop
   endfacet
   facet normal -2.11965e-17 5.1682e-17 -1
      outer loop
         vertex -0.00591291 -0.239622 0.14844
         vertex -0.00565947 -0.238853 0.14844
         vertex -0.00385335 -0.239874 0.14844
      endloop
   endfacet
   facet normal -2.11965e-17 5.1682e-17 -1
      outer loop
         vertex -0.00565947 -0.238853 0.14844
         vertex -0.00513105 -0.238239 0.14844
         vertex -0.00385335 -0.239874 0.14844
      endloop
   endfacet
   facet normal -2.11965e-17 5.1682e-17 -1
      outer loop
         vertex -0.00513105 -0.238239 0.14844
         vertex -0.00440812 -0.237875 0.14844
         vertex -0.00385335 -0.239874 0.14844
      endloop
   endfacet
   facet normal -2.11965e-17 5.1682e-17 -1
      outer loop
         vertex -0.00440812 -0.237875 0.14844
         vertex -0.00360073 -0.237815 0.14844
         vertex -0.00385335 -0.239874 0.14844
      endloop
   endfacet
   facet normal -2.11965e-17 5.1682e-17 -1
      outer loop
         vertex -0.00360073 -0.237815 0.14844
         vertex -0.0028318 -0.238068 0.14844
         vertex -0.00385335 -0.239874 0.14844
      endloop
   endfacet
   facet normal 0.267361 -0.963596 -5.54677e-17
      outer loop
         vertex -0.00440812 -0.237875 0.14574
         vertex -0.00360073 -0.237815 0.14574
         vertex -0.00360073 -0.237815 0.14844
      endloop
   endfacet
   facet normal 0.615762 -0.787933 -5.37739e-17
      outer loop
         vertex -0.00513105 -0.238239 0.14574
         vertex -0.00440812 -0.237875 0.14574
         vertex -0.00440812 -0.237875 0.14844
      endloop
   endfacet
   facet normal 0.870418 -0.492313 -4.38936e-17
      outer loop
         vertex -0.00565947 -0.238853 0.14574
         vertex -0.00513105 -0.238239 0.14574
         vertex -0.00513105 -0.238239 0.14844
      endloop
   endfacet
   facet normal 0.992562 -0.121743 -2.73308e-17
      outer loop
         vertex -0.00591291 -0.239622 0.14574
         vertex -0.00565947 -0.238853 0.14574
         vertex -0.00565947 -0.238853 0.14844
      endloop
   endfacet
   facet normal 0.963596 0.267361 -6.60714e-18
      outer loop
         vertex -0.00585281 -0.240429 0.14574
         vertex -0.00591291 -0.239622 0.14574
         vertex -0.00591291 -0.239622 0.14844
      endloop
   endfacet
   facet normal 0.787933 0.615762 1.51224e-17
      outer loop
         vertex -0.00548831 -0.241152 0.14574
         vertex -0.00585281 -0.240429 0.14574
         vertex -0.00585281 -0.240429 0.14844
      endloop
   endfacet
   facet normal 0.492313 0.870418 3.45497e-17
      outer loop
         vertex -0.0048749 -0.24168 0.14574
         vertex -0.00548831 -0.241152 0.14574
         vertex -0.00548831 -0.241152 0.14844
      endloop
   endfacet
   facet normal 0.121743 0.992562 4.87171e-17
      outer loop
         vertex -0.00410597 -0.241934 0.14574
         vertex -0.0048749 -0.24168 0.14574
         vertex -0.0048749 -0.24168 0.14844
      endloop
   endfacet
   facet normal -0.267361 0.963596 5.54677e-17
      outer loop
         vertex -0.00329857 -0.241874 0.14574
         vertex -0.00410597 -0.241934 0.14574
         vertex -0.00410597 -0.241934 0.14844
      endloop
   endfacet
   facet normal -0.615762 0.787933 5.37739e-17
      outer loop
         vertex -0.00257564 -0.241509 0.14574
         vertex -0.00329857 -0.241874 0.14574
         vertex -0.00329857 -0.241874 0.14844
      endloop
   endfacet
   facet normal -0.870418 0.492313 4.38936e-17
      outer loop
         vertex -0.00204723 -0.240896 0.14574
         vertex -0.00257564 -0.241509 0.14574
         vertex -0.00257564 -0.241509 0.14844
      endloop
   endfacet
   facet normal -0.992562 0.121743 2.73308e-17
      outer loop
         vertex -0.00179378 -0.240127 0.14574
         vertex -0.00204723 -0.240896 0.14574
         vertex -0.00204723 -0.240896 0.14844
      endloop
   endfacet
   facet normal -0.963596 -0.267361 6.60714e-18
      outer loop
         vertex -0.00185389 -0.23932 0.14574
         vertex -0.00179378 -0.240127 0.14574
         vertex -0.00179378 -0.240127 0.14844
      endloop
   endfacet
   facet normal -0.787933 -0.615762 -1.51224e-17
      outer loop
         vertex -0.00221839 -0.238597 0.14574
         vertex -0.00185389 -0.23932 0.14574
         vertex -0.00185389 -0.23932 0.14844
      endloop
   endfacet
   facet normal -0.492313 -0.870418 -3.45497e-17
      outer loop
         vertex -0.0028318 -0.238068 0.14574
         vertex -0.00221839 -0.238597 0.14574
         vertex -0.00221839 -0.238597 0.14844
      endloop
   endfacet
   facet normal -0.121743 -0.992562 -4.87171e-17
      outer loop
         vertex -0.00360073 -0.237815 0.14574
         vertex -0.0028318 -0.238068 0.14574
         vertex -0.0028318 -0.238068 0.14844
      endloop
   endfacet
   facet normal -0.492313 -0.870418 -3.45497e-17
      outer loop
         vertex -0.0028318 -0.238068 0.14844
         vertex -0.00360073 -0.237815 0.14844
         vertex -0.00360073 -0.237815 0.14574
      endloop
   endfacet
   facet normal -0.787933 -0.615762 -1.51224e-17
      outer loop
         vertex -0.00221839 -0.238597 0.14844
         vertex -0.0028318 -0.238068 0.14844
         vertex -0.0028318 -0.238068 0.14574
      endloop
   endfacet
   facet normal -0.963596 -0.267361 6.60714e-18
      outer loop
         vertex -0.00185389 -0.23932 0.14844
         vertex -0.00221839 -0.238597 0.14844
         vertex -0.00221839 -0.238597 0.14574
      endloop
   endfacet
   facet normal -0.992562 0.121743 2.73308e-17
      outer loop
         vertex -0.00179378 -0.240127 0.14844
         vertex -0.00185389 -0.23932 0.14844
         vertex -0.00185389 -0.23932 0.14574
      endloop
   endfacet
   facet normal -0.870418 0.492313 4.38936e-17
      outer loop
         vertex -0.00204723 -0.240896 0.14844
         vertex -0.00179378 -0.240127 0.14844
         vertex -0.00179378 -0.240127 0.14574
      endloop
   endfacet
   facet normal -0.615762 0.787933 5.37739e-17
      outer loop
         vertex -0.00257564 -0.241509 0.14844
         vertex -0.00204723 -0.240896 0.14844
         vertex -0.00204723 -0.240896 0.14574
      endloop
   endfacet
   facet normal -0.267361 0.963596 5.54677e-17
      outer loop
         vertex -0.00329857 -0.241874 0.14844
         vertex -0.00257564 -0.241509 0.14844
         vertex -0.00257564 -0.241509 0.14574
      endloop
   endfacet
   facet normal 0.121743 0.992562 4.87171e-17
      outer loop
         vertex -0.00410597 -0.241934 0.14844
         vertex -0.00329857 -0.241874 0.14844
         vertex -0.00329857 -0.241874 0.14574
      endloop
   endfacet
   facet normal 0.492313 0.870418 3.45497e-17
      outer loop
         vertex -0.0048749 -0.24168 0.14844
         vertex -0.00410597 -0.241934 0.14844
         vertex -0.00410597 -0.241934 0.14574
      endloop
   endfacet
   facet normal 0.787933 0.615762 1.51224e-17
      outer loop
         vertex -0.00548831 -0.241152 0.14844
         vertex -0.0048749 -0.24168 0.14844
         vertex -0.0048749 -0.24168 0.14574
      endloop
   endfacet
   facet normal 0.963596 0.267361 -6.60714e-18
      outer loop
         vertex -0.00585281 -0.240429 0.14844
         vertex -0.00548831 -0.241152 0.14844
         vertex -0.00548831 -0.241152 0.14574
      endloop
   endfacet
   facet normal 0.992562 -0.121743 -2.73308e-17
      outer loop
         vertex -0.00591291 -0.239622 0.14844
         vertex -0.00585281 -0.240429 0.14844
         vertex -0.00585281 -0.240429 0.14574
      endloop
   endfacet
   facet normal 0.870418 -0.492313 -4.38936e-17
      outer loop
         vertex -0.00565947 -0.238853 0.14844
         vertex -0.00591291 -0.239622 0.14844
         vertex -0.00591291 -0.239622 0.14574
      endloop
   endfacet
   facet normal 0.615762 -0.787933 -5.37739e-17
      outer loop
         vertex -0.00513105 -0.238239 0.14844
         vertex -0.00565947 -0.238853 0.14844
         vertex -0.00565947 -0.238853 0.14574
      endloop
   endfacet
   facet normal 0.267361 -0.963596 -5.54677e-17
      outer loop
         vertex -0.00440812 -0.237875 0.14844
         vertex -0.00513105 -0.238239 0.14844
         vertex -0.00513105 -0.238239 0.14574
      endloop
   endfacet
   facet normal -0.121743 -0.992562 -4.87171e-17
      outer loop
         vertex -0.00360073 -0.237815 0.14844
         vertex -0.00440812 -0.237875 0.14844
         vertex -0.00440812 -0.237875 0.14574
      endloop
   endfacet
   facet normal -0.0860854 -0.701847 -0.707107
      outer loop
         vertex -0.00356421 -0.237517 0.14544
         vertex -0.0026841 -0.237807 0.14544
         vertex -0.0028318 -0.238068 0.14574
      endloop
   endfacet
   facet normal -0.348118 -0.615479 -0.707107
      outer loop
         vertex -0.0026841 -0.237807 0.14544
         vertex -0.00198201 -0.238412 0.14544
         vertex -0.00221839 -0.238597 0.14574
      endloop
   endfacet
   facet normal -0.557152 -0.435409 -0.707107
      outer loop
         vertex -0.00198201 -0.238412 0.14544
         vertex -0.00156481 -0.239239 0.14544
         vertex -0.00185389 -0.23932 0.14574
      endloop
   endfacet
   facet normal -0.701847 0.0860854 -0.707107
      outer loop
         vertex -0.00179378 -0.240127 0.14574
         vertex -0.00185389 -0.23932 0.14574
         vertex -0.0015545 -0.239378 0.14544
      endloop
   endfacet
   facet normal -0.681366 -0.189053 -0.707107
      outer loop
         vertex -0.00185389 -0.23932 0.14574
         vertex -0.00156481 -0.239239 0.14544
         vertex -0.0015545 -0.239378 0.14544
      endloop
   endfacet
   facet normal -0.701847 0.0860854 -0.707107
      outer loop
         vertex -0.00149601 -0.240164 0.14544
         vertex -0.0017861 -0.241044 0.14544
         vertex -0.00204723 -0.240896 0.14574
      endloop
   endfacet
   facet normal -0.615479 0.348118 -0.707107
      outer loop
         vertex -0.0017861 -0.241044 0.14544
         vertex -0.00239091 -0.241746 0.14544
         vertex -0.00257564 -0.241509 0.14574
      endloop
   endfacet
   facet normal -0.435409 0.557152 -0.707107
      outer loop
         vertex -0.00239091 -0.241746 0.14544
         vertex -0.00321837 -0.242163 0.14544
         vertex -0.00329857 -0.241874 0.14574
      endloop
   endfacet
   facet normal -0.189053 0.681366 -0.707107
      outer loop
         vertex -0.00321837 -0.242163 0.14544
         vertex -0.00414249 -0.242232 0.14544
         vertex -0.00410597 -0.241934 0.14574
      endloop
   endfacet
   facet normal 0.089782 0.701384 -0.707107
      outer loop
         vertex -0.00415459 -0.242228 0.14544
         vertex -0.00502259 -0.241942 0.14544
         vertex -0.0048749 -0.24168 0.14574
      endloop
   endfacet
   facet normal 0.0860854 0.701847 -0.707107
      outer loop
         vertex -0.00410597 -0.241934 0.14574
         vertex -0.00414249 -0.242232 0.14544
         vertex -0.00415459 -0.242228 0.14544
      endloop
   endfacet
   facet normal 0.348118 0.615479 -0.707107
      outer loop
         vertex -0.00502259 -0.241942 0.14544
         vertex -0.00572469 -0.241337 0.14544
         vertex -0.00548831 -0.241152 0.14574
      endloop
   endfacet
   facet normal 0.557152 0.435409 -0.707107
      outer loop
         vertex -0.00572469 -0.241337 0.14544
         vertex -0.00614189 -0.240509 0.14544
         vertex -0.00585281 -0.240429 0.14574
      endloop
   endfacet
   facet normal 0.681366 0.189053 -0.707107
      outer loop
         vertex -0.00614189 -0.240509 0.14544
         vertex -0.00621068 -0.239585 0.14544
         vertex -0.00591291 -0.239622 0.14574
      endloop
   endfacet
   facet normal 0.701847 -0.0860854 -0.707107
      outer loop
         vertex -0.00591291 -0.239622 0.14574
         vertex -0.00621068 -0.239585 0.14544
         vertex -0.00596404 -0.238837 0.14544
      endloop
   endfacet
   facet normal 0.634594 -0.311913 -0.707107
      outer loop
         vertex -0.00596404 -0.238837 0.14544
         vertex -0.00565947 -0.238853 0.14574
         vertex -0.00591291 -0.239622 0.14574
      endloop
   endfacet
   facet normal 0.615479 -0.348118 -0.707107
      outer loop
         vertex -0.00592059 -0.238705 0.14544
         vertex -0.00531578 -0.238003 0.14544
         vertex -0.00513105 -0.238239 0.14574
      endloop
   endfacet
   facet normal 0.435409 -0.557152 -0.707107
      outer loop
         vertex -0.00531578 -0.238003 0.14544
         vertex -0.00448833 -0.237586 0.14544
         vertex -0.00440812 -0.237875 0.14574
      endloop
   endfacet
   facet normal -0.0823865 -0.702291 -0.707107
      outer loop
         vertex -0.00357692 -0.237518 0.14544
         vertex -0.00360073 -0.237815 0.14574
         vertex -0.00440812 -0.237875 0.14574
      endloop
   endfacet
   facet normal 0.189053 -0.681366 -0.707107
      outer loop
         vertex -0.00440812 -0.237875 0.14574
         vertex -0.00448833 -0.237586 0.14544
         vertex -0.00357692 -0.237518 0.14544
      endloop
   endfacet
   facet normal -0.0823865 -0.702291 -0.707107
      outer loop
         vertex -0.00357692 -0.237518 0.14544
         vertex -0.00356421 -0.237517 0.14544
         vertex -0.00360073 -0.237815 0.14574
      endloop
   endfacet
   facet normal 0.189053 -0.681366 -0.707107
      outer loop
         vertex -0.00440812 -0.237875 0.14574
         vertex -0.00513105 -0.238239 0.14574
         vertex -0.00531578 -0.238003 0.14544
      endloop
   endfacet
   facet normal 0.435409 -0.557152 -0.707107
      outer loop
         vertex -0.00513105 -0.238239 0.14574
         vertex -0.00565947 -0.238853 0.14574
         vertex -0.00592059 -0.238705 0.14544
      endloop
   endfacet
   facet normal 0.634594 -0.311913 -0.707107
      outer loop
         vertex -0.00596404 -0.238837 0.14544
         vertex -0.00592059 -0.238705 0.14544
         vertex -0.00565947 -0.238853 0.14574
      endloop
   endfacet
   facet normal 0.701847 -0.0860854 -0.707107
      outer loop
         vertex -0.00591291 -0.239622 0.14574
         vertex -0.00585281 -0.240429 0.14574
         vertex -0.00614189 -0.240509 0.14544
      endloop
   endfacet
   facet normal 0.681366 0.189053 -0.707107
      outer loop
         vertex -0.00585281 -0.240429 0.14574
         vertex -0.00548831 -0.241152 0.14574
         vertex -0.00572469 -0.241337 0.14544
      endloop
   endfacet
   facet normal 0.557152 0.435409 -0.707107
      outer loop
         vertex -0.00548831 -0.241152 0.14574
         vertex -0.0048749 -0.24168 0.14574
         vertex -0.00502259 -0.241942 0.14544
      endloop
   endfacet
   facet normal 0.348118 0.615479 -0.707107
      outer loop
         vertex -0.0048749 -0.24168 0.14574
         vertex -0.00410597 -0.241934 0.14574
         vertex -0.00415459 -0.242228 0.14544
      endloop
   endfacet
   facet normal 0.0860854 0.701847 -0.707107
      outer loop
         vertex -0.00410597 -0.241934 0.14574
         vertex -0.00329857 -0.241874 0.14574
         vertex -0.00321837 -0.242163 0.14544
      endloop
   endfacet
   facet normal -0.189053 0.681366 -0.707107
      outer loop
         vertex -0.00329857 -0.241874 0.14574
         vertex -0.00257564 -0.241509 0.14574
         vertex -0.00239091 -0.241746 0.14544
      endloop
   endfacet
   facet normal -0.435409 0.557152 -0.707107
      outer loop
         vertex -0.00257564 -0.241509 0.14574
         vertex -0.00204723 -0.240896 0.14574
         vertex -0.0017861 -0.241044 0.14544
      endloop
   endfacet
   facet normal -0.615479 0.348118 -0.707107
      outer loop
         vertex -0.00204723 -0.240896 0.14574
         vertex -0.00179378 -0.240127 0.14574
         vertex -0.00149601 -0.240164 0.14544
      endloop
   endfacet
   facet normal -0.691165 -0.149302 -0.707107
      outer loop
         vertex -0.0015545 -0.239378 0.14544
         vertex -0.00149601 -0.240164 0.14544
         vertex -0.00179378 -0.240127 0.14574
      endloop
   endfacet
   facet normal -0.681366 -0.189053 -0.707107
      outer loop
         vertex -0.00185389 -0.23932 0.14574
         vertex -0.00221839 -0.238597 0.14574
         vertex -0.00198201 -0.238412 0.14544
      endloop
   endfacet
   facet normal -0.557152 -0.435409 -0.707107
      outer loop
         vertex -0.00221839 -0.238597 0.14574
         vertex -0.0028318 -0.238068 0.14574
         vertex -0.0026841 -0.237807 0.14544
      endloop
   endfacet
   facet normal -0.348118 -0.615479 -0.707107
      outer loop
         vertex -0.0028318 -0.238068 0.14574
         vertex -0.00360073 -0.237815 0.14574
         vertex -0.00356421 -0.237517 0.14544
      endloop
   endfacet
   facet normal -1.71841e-17 8.43947e-17 -1
      outer loop
         vertex 0.00888406 -0.237131 0.14544
         vertex 0.00845783 -0.240606 0.14544
         vertex 0.00568247 -0.240265 0.14544
      endloop
   endfacet
   facet normal -1.71841e-17 8.43947e-17 -1
      outer loop
         vertex 0.00845783 -0.240606 0.14544
         vertex 0.00772585 -0.246574 0.14544
         vertex 0.00495049 -0.246233 0.14544
      endloop
   endfacet
   facet normal -1.71841e-17 8.43947e-17 -1
      outer loop
         vertex 0.00678676 -0.25423 0.14544
         vertex 0.00626645 -0.258472 0.14544
         vertex 0.0034911 -0.258132 0.14544
      endloop
   endfacet
   facet normal -1.71841e-17 8.43947e-17 -1
      outer loop
         vertex 0.00626645 -0.258472 0.14544
         vertex 0.00584021 -0.261947 0.14544
         vertex 0.00306486 -0.261607 0.14544
      endloop
   endfacet
   facet normal -1.71841e-17 8.43947e-17 -1
      outer loop
         vertex 0.00568247 -0.240265 0.14544
         vertex 0.00495049 -0.246233 0.14544
         vertex 0.000235824 -0.245655 0.14544
      endloop
   endfacet
   facet normal -1.71841e-17 8.43947e-17 -1
      outer loop
         vertex 0.00495049 -0.246233 0.14544
         vertex 0.00401141 -0.253889 0.14544
         vertex -0.000703257 -0.253311 0.14544
      endloop
   endfacet
   facet normal -1.71841e-17 8.43947e-17 -1
      outer loop
         vertex 0.00401141 -0.253889 0.14544
         vertex 0.0034911 -0.258132 0.14544
         vertex -0.00122357 -0.257553 0.14544
      endloop
   endfacet
   facet normal -1.71841e-17 8.43947e-17 -1
      outer loop
         vertex 0.000235824 -0.245655 0.14544
         vertex -0.000703257 -0.253311 0.14544
         vertex -0.00544274 -0.25273 0.14544
      endloop
   endfacet
   facet normal -1.71841e-17 8.43947e-17 -1
      outer loop
         vertex -0.00450366 -0.245074 0.14544
         vertex -0.00544274 -0.25273 0.14544
         vertex -0.00821809 -0.252389 0.14544
      endloop
   endfacet
   facet normal -1.71841e-17 8.43947e-17 -1
      outer loop
         vertex -0.0140657 -0.243901 0.14544
         vertex -0.00727901 -0.244733 0.14544
         vertex -0.0108936 -0.250927 0.14544
      endloop
   endfacet
   facet normal -1.71841e-17 8.43947e-17 -1
      outer loop
         vertex -0.0150047 -0.251557 0.14544
         vertex -0.0140657 -0.243901 0.14544
         vertex -0.0126636 -0.251418 0.14544
      endloop
   endfacet
   facet normal -1.71841e-17 8.43947e-17 -1
      outer loop
         vertex -0.0108936 -0.250927 0.14544
         vertex -0.0118274 -0.250996 0.14544
         vertex -0.0140657 -0.243901 0.14544
      endloop
   endfacet
   facet normal -1.71841e-17 8.43947e-17 -1
      outer loop
         vertex -0.00727901 -0.244733 0.14544
         vertex -0.00929472 -0.251831 0.14544
         vertex -0.0100042 -0.25122 0.14544
      endloop
   endfacet
   facet normal -1.71841e-17 8.43947e-17 -1
      outer loop
         vertex -0.00821809 -0.252389 0.14544
         vertex -0.00906558 -0.252286 0.14544
         vertex -0.00929472 -0.251831 0.14544
      endloop
   endfacet
   facet normal -1.71841e-17 8.43947e-17 -1
      outer loop
         vertex -0.0118274 -0.250996 0.14544
         vertex -0.0126636 -0.251418 0.14544
         vertex -0.0140657 -0.243901 0.14544
      endloop
   endfacet
   facet normal -1.71841e-17 8.43947e-17 -1
      outer loop
         vertex -0.00929472 -0.251831 0.14544
         vertex -0.00727901 -0.244733 0.14544
         vertex -0.00821809 -0.252389 0.14544
      endloop
   endfacet
   facet normal -1.71841e-17 8.43947e-17 -1
      outer loop
         vertex -0.0100042 -0.25122 0.14544
         vertex -0.0108936 -0.250927 0.14544
         vertex -0.00727901 -0.244733 0.14544
      endloop
   endfacet
   facet normal -1.71841e-17 8.43947e-17 -1
      outer loop
         vertex 0.00306486 -0.261607 0.14544
         vertex 0.000780939 -0.260822 0.14544
         vertex 0.000711422 -0.259888 0.14544
      endloop
   endfacet
   facet normal -1.71841e-17 8.43947e-17 -1
      outer loop
         vertex 0.000711422 -0.259888 0.14544
         vertex 0.0034911 -0.258132 0.14544
         vertex 0.00306486 -0.261607 0.14544
      endloop
   endfacet
   facet normal -1.71841e-17 8.43947e-17 -1
      outer loop
         vertex -0.00122357 -0.257553 0.14544
         vertex 0.0034911 -0.258132 0.14544
         vertex -0.000419658 -0.25844 0.14544
      endloop
   endfacet
   facet normal -1.71841e-17 8.43947e-17 -1
      outer loop
         vertex 0.000711422 -0.259888 0.14544
         vertex 0.000289829 -0.259052 0.14544
         vertex 0.0034911 -0.258132 0.14544
      endloop
   endfacet
   facet normal -1.71841e-17 8.43947e-17 -1
      outer loop
         vertex 0.000289829 -0.259052 0.14544
         vertex -0.000419658 -0.25844 0.14544
         vertex 0.0034911 -0.258132 0.14544
      endloop
   endfacet
   facet normal -1.71841e-17 8.43947e-17 -1
      outer loop
         vertex 0.00306486 -0.261607 0.14544
         vertex 0.000620993 -0.261307 0.14544
         vertex 0.000780939 -0.260822 0.14544
      endloop
   endfacet
   facet normal -1.71841e-17 8.43947e-17 -1
      outer loop
         vertex 0.00610871 -0.23679 0.14544
         vertex 0.00568247 -0.240265 0.14544
         vertex 0.00340963 -0.23789 0.14544
      endloop
   endfacet
   facet normal -1.71841e-17 8.43947e-17 -1
      outer loop
         vertex 0.00568247 -0.240265 0.14544
         vertex 0.00196229 -0.239021 0.14544
         vertex 0.00279846 -0.238599 0.14544
      endloop
   endfacet
   facet normal -1.71841e-17 8.43947e-17 -1
      outer loop
         vertex 0.00279846 -0.238599 0.14544
         vertex 0.00340963 -0.23789 0.14544
         vertex 0.00568247 -0.240265 0.14544
      endloop
   endfacet
   facet normal -1.71841e-17 8.43947e-17 -1
      outer loop
         vertex 0.00340963 -0.23789 0.14544
         vertex 0.00370278 -0.237 0.14544
         vertex 0.00610871 -0.23679 0.14544
      endloop
   endfacet
   facet normal -1.71841e-17 8.43947e-17 -1
      outer loop
         vertex 0.000967805 -0.239687 0.14544
         vertex 0.00104115 -0.239089 0.14544
         vertex 0.00196229 -0.239021 0.14544
      endloop
   endfacet
   facet normal -1.71841e-17 8.43947e-17 -1
      outer loop
         vertex 0.00196229 -0.239021 0.14544
         vertex 0.00568247 -0.240265 0.14544
         vertex 0.000967805 -0.239687 0.14544
      endloop
   endfacet
   facet normal -1.71841e-17 8.43947e-17 -1
      outer loop
         vertex -0.000570411 -0.238186 0.14544
         vertex -0.00156481 -0.239239 0.14544
         vertex -0.00198201 -0.238412 0.14544
      endloop
   endfacet
   facet normal -1.71841e-17 8.43947e-17 -1
      outer loop
         vertex -0.00198201 -0.238412 0.14544
         vertex -0.000992004 -0.23735 0.14544
         vertex -0.000570411 -0.238186 0.14544
      endloop
   endfacet
   facet normal -1.71841e-17 8.43947e-17 -1
      outer loop
         vertex -0.000570411 -0.238186 0.14544
         vertex 0.000139076 -0.238797 0.14544
         vertex -0.00156481 -0.239239 0.14544
      endloop
   endfacet
   facet normal -1.71841e-17 8.43947e-17 -1
      outer loop
         vertex -0.0026841 -0.237807 0.14544
         vertex -0.000901575 -0.235931 0.14544
         vertex -0.00106152 -0.236416 0.14544
      endloop
   endfacet
   facet normal -1.71841e-17 8.43947e-17 -1
      outer loop
         vertex -0.00106152 -0.236416 0.14544
         vertex -0.000992004 -0.23735 0.14544
         vertex -0.0026841 -0.237807 0.14544
      endloop
   endfacet
   facet normal -1.71841e-17 8.43947e-17 -1
      outer loop
         vertex -0.00334544 -0.235631 0.14544
         vertex -0.000901575 -0.235931 0.14544
         vertex -0.0026841 -0.237807 0.14544
      endloop
   endfacet
   facet normal -1.71841e-17 8.43947e-17 -1
      outer loop
         vertex 0.000139076 -0.238797 0.14544
         vertex -0.0015545 -0.239378 0.14544
         vertex -0.00156481 -0.239239 0.14544
      endloop
   endfacet
   facet normal -1.71841e-17 8.43947e-17 -1
      outer loop
         vertex 0.000967805 -0.239687 0.14544
         vertex -0.0015545 -0.239378 0.14544
         vertex 0.000139076 -0.238797 0.14544
      endloop
   endfacet
   facet normal -1.71841e-17 8.43947e-17 -1
      outer loop
         vertex -0.00198201 -0.238412 0.14544
         vertex -0.0026841 -0.237807 0.14544
         vertex -0.000992004 -0.23735 0.14544
      endloop
   endfacet
   facet normal -1.71841e-17 8.43947e-17 -1
      outer loop
         vertex -0.0026841 -0.237807 0.14544
         vertex -0.00356421 -0.237517 0.14544
         vertex -0.00334544 -0.235631 0.14544
      endloop
   endfacet
   facet normal -1.71841e-17 8.43947e-17 -1
      outer loop
         vertex 0.000139076 -0.238797 0.14544
         vertex 0.00102844 -0.23909 0.14544
         vertex 0.000967805 -0.239687 0.14544
      endloop
   endfacet
   facet normal -1.71841e-17 8.43947e-17 -1
      outer loop
         vertex 0.00102844 -0.23909 0.14544
         vertex 0.00104115 -0.239089 0.14544
         vertex 0.000967805 -0.239687 0.14544
      endloop
   endfacet
   facet normal -1.71841e-17 8.43947e-17 -1
      outer loop
         vertex -0.00612079 -0.23529 0.14544
         vertex -0.00531578 -0.238003 0.14544
         vertex -0.00592059 -0.238705 0.14544
      endloop
   endfacet
   facet normal -1.71841e-17 8.43947e-17 -1
      outer loop
         vertex -0.00612079 -0.23529 0.14544
         vertex -0.00448833 -0.237586 0.14544
         vertex -0.00531578 -0.238003 0.14544
      endloop
   endfacet
   facet normal -1.71841e-17 8.43947e-17 -1
      outer loop
         vertex -0.00334544 -0.235631 0.14544
         vertex -0.00357692 -0.237518 0.14544
         vertex -0.00448833 -0.237586 0.14544
      endloop
   endfacet
   facet normal -1.71841e-17 8.43947e-17 -1
      outer loop
         vertex -0.00448833 -0.237586 0.14544
         vertex -0.00612079 -0.23529 0.14544
         vertex -0.00334544 -0.235631 0.14544
      endloop
   endfacet
   facet normal -1.71841e-17 8.43947e-17 -1
      outer loop
         vertex -0.00592059 -0.238705 0.14544
         vertex -0.00654703 -0.238765 0.14544
         vertex -0.00612079 -0.23529 0.14544
      endloop
   endfacet
   facet normal -1.71841e-17 8.43947e-17 -1
      outer loop
         vertex -0.00450366 -0.245074 0.14544
         vertex -0.00727901 -0.244733 0.14544
         vertex -0.00502259 -0.241942 0.14544
      endloop
   endfacet
   facet normal -1.71841e-17 8.43947e-17 -1
      outer loop
         vertex -0.00727901 -0.244733 0.14544
         vertex -0.00572469 -0.241337 0.14544
         vertex -0.00502259 -0.241942 0.14544
      endloop
   endfacet
   facet normal -1.71841e-17 8.43947e-17 -1
      outer loop
         vertex -0.00727901 -0.244733 0.14544
         vertex -0.00614189 -0.240509 0.14544
         vertex -0.00572469 -0.241337 0.14544
      endloop
   endfacet
   facet normal -1.71841e-17 8.43947e-17 -1
      outer loop
         vertex -0.00727901 -0.244733 0.14544
         vertex -0.00654703 -0.238765 0.14544
         vertex -0.00621068 -0.239585 0.14544
      endloop
   endfacet
   facet normal -1.71841e-17 8.43947e-17 -1
      outer loop
         vertex -0.00621068 -0.239585 0.14544
         vertex -0.00614189 -0.240509 0.14544
         vertex -0.00727901 -0.244733 0.14544
      endloop
   endfacet
   facet normal -1.71841e-17 8.43947e-17 -1
      outer loop
         vertex -0.00654703 -0.238765 0.14544
         vertex -0.00596404 -0.238837 0.14544
         vertex -0.00621068 -0.239585 0.14544
      endloop
   endfacet
   facet normal -1.71841e-17 8.43947e-17 -1
      outer loop
         vertex -0.00450366 -0.245074 0.14544
         vertex -0.00415459 -0.242228 0.14544
         vertex -0.00414249 -0.242232 0.14544
      endloop
   endfacet
   facet normal -1.71841e-17 8.43947e-17 -1
      outer loop
         vertex -0.00414249 -0.242232 0.14544
         vertex 0.000235824 -0.245655 0.14544
         vertex -0.00450366 -0.245074 0.14544
      endloop
   endfacet
   facet normal -1.71841e-17 8.43947e-17 -1
      outer loop
         vertex 0.000967805 -0.239687 0.14544
         vertex 0.000235824 -0.245655 0.14544
         vertex -0.0017861 -0.241044 0.14544
      endloop
   endfacet
   facet normal -1.71841e-17 8.43947e-17 -1
      outer loop
         vertex -0.00414249 -0.242232 0.14544
         vertex -0.00321837 -0.242163 0.14544
         vertex 0.000235824 -0.245655 0.14544
      endloop
   endfacet
   facet normal -1.71841e-17 8.43947e-17 -1
      outer loop
         vertex -0.0017861 -0.241044 0.14544
         vertex -0.00149601 -0.240164 0.14544
         vertex 0.000967805 -0.239687 0.14544
      endloop
   endfacet
   facet normal -1.71841e-17 8.43947e-17 -1
      outer loop
         vertex -0.00321837 -0.242163 0.14544
         vertex -0.00239091 -0.241746 0.14544
         vertex 0.000235824 -0.245655 0.14544
      endloop
   endfacet
   facet normal -1.71841e-17 8.43947e-17 -1
      outer loop
         vertex -0.00239091 -0.241746 0.14544
         vertex -0.0017861 -0.241044 0.14544
         vertex 0.000235824 -0.245655 0.14544
      endloop
   endfacet
   facet normal -1.71841e-17 8.43947e-17 -1
      outer loop
         vertex -0.00122357 -0.257553 0.14544
         vertex -0.00349924 -0.256496 0.14544
         vertex -0.00356803 -0.255571 0.14544
      endloop
   endfacet
   facet normal -1.71841e-17 8.43947e-17 -1
      outer loop
         vertex -0.00544274 -0.25273 0.14544
         vertex -0.000703257 -0.253311 0.14544
         vertex -0.00468733 -0.254139 0.14544
      endloop
   endfacet
   facet normal -1.71841e-17 8.43947e-17 -1
      outer loop
         vertex -0.000703257 -0.253311 0.14544
         vertex -0.00356803 -0.255571 0.14544
         vertex -0.00398523 -0.254744 0.14544
      endloop
   endfacet
   facet normal -1.71841e-17 8.43947e-17 -1
      outer loop
         vertex -0.00122357 -0.257553 0.14544
         vertex -0.00374588 -0.257244 0.14544
         vertex -0.00349924 -0.256496 0.14544
      endloop
   endfacet
   facet normal -1.71841e-17 8.43947e-17 -1
      outer loop
         vertex -0.00468733 -0.254139 0.14544
         vertex -0.00556743 -0.253849 0.14544
         vertex -0.00544274 -0.25273 0.14544
      endloop
   endfacet
   facet normal -1.71841e-17 8.43947e-17 -1
      outer loop
         vertex -0.00356803 -0.255571 0.14544
         vertex -0.000703257 -0.253311 0.14544
         vertex -0.00122357 -0.257553 0.14544
      endloop
   endfacet
   facet normal -1.71841e-17 8.43947e-17 -1
      outer loop
         vertex -0.00398523 -0.254744 0.14544
         vertex -0.00468733 -0.254139 0.14544
         vertex -0.000703257 -0.253311 0.14544
      endloop
   endfacet
   facet normal -1.71841e-17 8.43947e-17 -1
      outer loop
         vertex -0.00821809 -0.252389 0.14544
         vertex -0.00792381 -0.255037 0.14544
         vertex -0.0082139 -0.255917 0.14544
      endloop
   endfacet
   facet normal -1.71841e-17 8.43947e-17 -1
      outer loop
         vertex -0.00821809 -0.252389 0.14544
         vertex -0.00649155 -0.253918 0.14544
         vertex -0.007319 -0.254335 0.14544
      endloop
   endfacet
   facet normal -1.71841e-17 8.43947e-17 -1
      outer loop
         vertex -0.00544274 -0.25273 0.14544
         vertex -0.00558014 -0.25385 0.14544
         vertex -0.00649155 -0.253918 0.14544
      endloop
   endfacet
   facet normal -1.71841e-17 8.43947e-17 -1
      outer loop
         vertex -0.0082139 -0.255917 0.14544
         vertex -0.00873841 -0.256632 0.14544
         vertex -0.00821809 -0.252389 0.14544
      endloop
   endfacet
   facet normal -1.71841e-17 8.43947e-17 -1
      outer loop
         vertex -0.00649155 -0.253918 0.14544
         vertex -0.00821809 -0.252389 0.14544
         vertex -0.00544274 -0.25273 0.14544
      endloop
   endfacet
   facet normal -1.71841e-17 8.43947e-17 -1
      outer loop
         vertex -0.007319 -0.254335 0.14544
         vertex -0.00792381 -0.255037 0.14544
         vertex -0.00821809 -0.252389 0.14544
      endloop
   endfacet
   facet normal -1.71841e-17 8.43947e-17 -1
      outer loop
         vertex -0.00916465 -0.260107 0.14544
         vertex -0.00873841 -0.256632 0.14544
         vertex -0.00814511 -0.256841 0.14544
      endloop
   endfacet
   facet normal -1.71841e-17 8.43947e-17 -1
      outer loop
         vertex -0.00638929 -0.260447 0.14544
         vertex -0.00916465 -0.260107 0.14544
         vertex -0.00702581 -0.258274 0.14544
      endloop
   endfacet
   facet normal -1.71841e-17 8.43947e-17 -1
      outer loop
         vertex -0.00814511 -0.256841 0.14544
         vertex -0.00772791 -0.257669 0.14544
         vertex -0.00916465 -0.260107 0.14544
      endloop
   endfacet
   facet normal -1.71841e-17 8.43947e-17 -1
      outer loop
         vertex -0.00772791 -0.257669 0.14544
         vertex -0.00702581 -0.258274 0.14544
         vertex -0.00916465 -0.260107 0.14544
      endloop
   endfacet
   facet normal -1.71841e-17 8.43947e-17 -1
      outer loop
         vertex -0.00873841 -0.256632 0.14544
         vertex -0.00815541 -0.256703 0.14544
         vertex -0.00814511 -0.256841 0.14544
      endloop
   endfacet
   facet normal -1.71841e-17 8.43947e-17 -1
      outer loop
         vertex -0.00522159 -0.258495 0.14544
         vertex -0.00369021 -0.259348 0.14544
         vertex -0.00398336 -0.260237 0.14544
      endloop
   endfacet
   facet normal -1.71841e-17 8.43947e-17 -1
      outer loop
         vertex -0.00374588 -0.257244 0.14544
         vertex -0.00122357 -0.257553 0.14544
         vertex -0.00224288 -0.258217 0.14544
      endloop
   endfacet
   facet normal -1.71841e-17 8.43947e-17 -1
      outer loop
         vertex -0.00307904 -0.258638 0.14544
         vertex -0.00369021 -0.259348 0.14544
         vertex -0.00439414 -0.258078 0.14544
      endloop
   endfacet
   facet normal -1.71841e-17 8.43947e-17 -1
      outer loop
         vertex -0.00638929 -0.260447 0.14544
         vertex -0.00614571 -0.258564 0.14544
         vertex -0.00522159 -0.258495 0.14544
      endloop
   endfacet
   facet normal -1.71841e-17 8.43947e-17 -1
      outer loop
         vertex -0.00122357 -0.257553 0.14544
         vertex -0.00130903 -0.258147 0.14544
         vertex -0.00224288 -0.258217 0.14544
      endloop
   endfacet
   facet normal -1.71841e-17 8.43947e-17 -1
      outer loop
         vertex -0.00378933 -0.257376 0.14544
         vertex -0.00224288 -0.258217 0.14544
         vertex -0.00307904 -0.258638 0.14544
      endloop
   endfacet
   facet normal -1.71841e-17 8.43947e-17 -1
      outer loop
         vertex -0.00638929 -0.260447 0.14544
         vertex -0.00615781 -0.25856 0.14544
         vertex -0.00614571 -0.258564 0.14544
      endloop
   endfacet
   facet normal -1.71841e-17 8.43947e-17 -1
      outer loop
         vertex -0.00122357 -0.257553 0.14544
         vertex -0.00129692 -0.258151 0.14544
         vertex -0.00130903 -0.258147 0.14544
      endloop
   endfacet
   facet normal -1.71841e-17 8.43947e-17 -1
      outer loop
         vertex -0.00369021 -0.259348 0.14544
         vertex -0.00522159 -0.258495 0.14544
         vertex -0.00439414 -0.258078 0.14544
      endloop
   endfacet
   facet normal -1.71841e-17 8.43947e-17 -1
      outer loop
         vertex -0.00398336 -0.260237 0.14544
         vertex -0.00638929 -0.260447 0.14544
         vertex -0.00522159 -0.258495 0.14544
      endloop
   endfacet
   facet normal -1.71841e-17 8.43947e-17 -1
      outer loop
         vertex -0.00439414 -0.258078 0.14544
         vertex -0.00378933 -0.257376 0.14544
         vertex -0.00307904 -0.258638 0.14544
      endloop
   endfacet
   facet normal -1.71841e-17 8.43947e-17 -1
      outer loop
         vertex -0.00224288 -0.258217 0.14544
         vertex -0.00378933 -0.257376 0.14544
         vertex -0.00374588 -0.257244 0.14544
      endloop
   endfacet
   facet normal -1.71841e-17 8.43947e-17 -1
      outer loop
         vertex 0.00401141 -0.253889 0.14544
         vertex 0.0070005 -0.25041 0.14544
         vertex 0.00720542 -0.250817 0.14544
      endloop
   endfacet
   facet normal -1.71841e-17 8.43947e-17 -1
      outer loop
         vertex 0.00401141 -0.253889 0.14544
         vertex 0.00495049 -0.246233 0.14544
         vertex 0.00693171 -0.249486 0.14544
      endloop
   endfacet
   facet normal -1.71841e-17 8.43947e-17 -1
      outer loop
         vertex 0.00693171 -0.249486 0.14544
         vertex 0.0070005 -0.25041 0.14544
         vertex 0.00401141 -0.253889 0.14544
      endloop
   endfacet
   facet normal -1.71841e-17 8.43947e-17 -1
      outer loop
         vertex 0.00495049 -0.246233 0.14544
         vertex 0.0072218 -0.248606 0.14544
         vertex 0.00693171 -0.249486 0.14544
      endloop
   endfacet
   facet normal -1.71841e-17 8.43947e-17 -1
      outer loop
         vertex 0.00495049 -0.246233 0.14544
         vertex 0.00772585 -0.246574 0.14544
         vertex 0.00751886 -0.248261 0.14544
      endloop
   endfacet
   facet normal -1.71841e-17 8.43947e-17 -1
      outer loop
         vertex 0.00751886 -0.248261 0.14544
         vertex 0.0072218 -0.248606 0.14544
         vertex 0.00495049 -0.246233 0.14544
      endloop
   endfacet
   facet normal -1.71841e-17 8.43947e-17 -1
      outer loop
         vertex -0.00638929 -0.260447 0.14544
         vertex -0.0080173 -0.262545 0.14544
         vertex -0.00932555 -0.261418 0.14544
      endloop
   endfacet
   facet normal -1.71841e-17 8.43947e-17 -1
      outer loop
         vertex -0.00638929 -0.260447 0.14544
         vertex -0.00669993 -0.26298 0.14544
         vertex -0.0080173 -0.262545 0.14544
      endloop
   endfacet
   facet normal -1.71841e-17 8.43947e-17 -1
      outer loop
         vertex -0.00873841 -0.256632 0.14544
         vertex -0.00916465 -0.260107 0.14544
         vertex -0.0111279 -0.259866 0.14544
      endloop
   endfacet
   facet normal -1.71841e-17 8.43947e-17 -1
      outer loop
         vertex -0.0111279 -0.259866 0.14544
         vertex -0.0127472 -0.258471 0.14544
         vertex -0.00873841 -0.256632 0.14544
      endloop
   endfacet
   facet normal -1.71841e-17 8.43947e-17 -1
      outer loop
         vertex -0.00873841 -0.256632 0.14544
         vertex -0.00909675 -0.25449 0.14544
         vertex -0.00880361 -0.253601 0.14544
      endloop
   endfacet
   facet normal -1.71841e-17 8.43947e-17 -1
      outer loop
         vertex -0.00873841 -0.256632 0.14544
         vertex -0.00970793 -0.2552 0.14544
         vertex -0.00909675 -0.25449 0.14544
      endloop
   endfacet
   facet normal -1.71841e-17 8.43947e-17 -1
      outer loop
         vertex -0.014 -0.255986 0.14544
         vertex -0.0152451 -0.253517 0.14544
         vertex -0.0134984 -0.253951 0.14544
      endloop
   endfacet
   facet normal -1.71841e-17 8.43947e-17 -1
      outer loop
         vertex -0.00880361 -0.253601 0.14544
         vertex -0.00821809 -0.252389 0.14544
         vertex -0.00873841 -0.256632 0.14544
      endloop
   endfacet
   facet normal -1.71841e-17 8.43947e-17 -1
      outer loop
         vertex -0.0134984 -0.253951 0.14544
         vertex -0.0130768 -0.254787 0.14544
         vertex -0.014 -0.255986 0.14544
      endloop
   endfacet
   facet normal -1.71841e-17 8.43947e-17 -1
      outer loop
         vertex -0.00880361 -0.253601 0.14544
         vertex -0.00887312 -0.252667 0.14544
         vertex -0.00821809 -0.252389 0.14544
      endloop
   endfacet
   facet normal -1.71841e-17 8.43947e-17 -1
      outer loop
         vertex -0.00873841 -0.256632 0.14544
         vertex -0.014 -0.255986 0.14544
         vertex -0.0114779 -0.255691 0.14544
      endloop
   endfacet
   facet normal -1.71841e-17 8.43947e-17 -1
      outer loop
         vertex -0.0152451 -0.253517 0.14544
         vertex -0.0135679 -0.253017 0.14544
         vertex -0.0134984 -0.253951 0.14544
      endloop
   endfacet
   facet normal -1.71841e-17 8.43947e-17 -1
      outer loop
         vertex -0.0150047 -0.251557 0.14544
         vertex -0.0132748 -0.252127 0.14544
         vertex -0.0135679 -0.253017 0.14544
      endloop
   endfacet
   facet normal -1.71841e-17 8.43947e-17 -1
      outer loop
         vertex -0.00873841 -0.256632 0.14544
         vertex -0.0105441 -0.255622 0.14544
         vertex -0.00970793 -0.2552 0.14544
      endloop
   endfacet
   facet normal -1.71841e-17 8.43947e-17 -1
      outer loop
         vertex -0.014 -0.255986 0.14544
         vertex -0.0123673 -0.255398 0.14544
         vertex -0.0114779 -0.255691 0.14544
      endloop
   endfacet
   facet normal -1.71841e-17 8.43947e-17 -1
      outer loop
         vertex -0.0135679 -0.253017 0.14544
         vertex -0.0152451 -0.253517 0.14544
         vertex -0.0150047 -0.251557 0.14544
      endloop
   endfacet
   facet normal -1.71841e-17 8.43947e-17 -1
      outer loop
         vertex -0.0114779 -0.255691 0.14544
         vertex -0.0105441 -0.255622 0.14544
         vertex -0.00873841 -0.256632 0.14544
      endloop
   endfacet
   facet normal -1.71841e-17 8.43947e-17 -1
      outer loop
         vertex -0.0150047 -0.251557 0.14544
         vertex -0.0129958 -0.251803 0.14544
         vertex -0.0132748 -0.252127 0.14544
      endloop
   endfacet
   facet normal -1.71841e-17 8.43947e-17 -1
      outer loop
         vertex -0.0130768 -0.254787 0.14544
         vertex -0.0123673 -0.255398 0.14544
         vertex -0.014 -0.255986 0.14544
      endloop
   endfacet
   facet normal -1.71841e-17 8.43947e-17 -1
      outer loop
         vertex -0.0150047 -0.251557 0.14544
         vertex -0.0152451 -0.253517 0.14544
         vertex -0.0155578 -0.252896 0.14544
      endloop
   endfacet
   facet normal -1.71841e-17 8.43947e-17 -1
      outer loop
         vertex -0.0150047 -0.251557 0.14544
         vertex -0.0156636 -0.251476 0.14544
         vertex -0.0160213 -0.246671 0.14544
      endloop
   endfacet
   facet normal -1.71841e-17 8.43947e-17 -1
      outer loop
         vertex -0.0160213 -0.246671 0.14544
         vertex -0.0140657 -0.243901 0.14544
         vertex -0.0150047 -0.251557 0.14544
      endloop
   endfacet
   facet normal -1.71841e-17 8.43947e-17 -1
      outer loop
         vertex -0.0140657 -0.243901 0.14544
         vertex -0.0150677 -0.243778 0.14544
         vertex -0.014067 -0.240742 0.14544
      endloop
   endfacet
   facet normal -1.71841e-17 8.43947e-17 -1
      outer loop
         vertex -0.00727901 -0.244733 0.14544
         vertex -0.00763583 -0.24258 0.14544
         vertex -0.00734269 -0.24169 0.14544
      endloop
   endfacet
   facet normal -1.71841e-17 8.43947e-17 -1
      outer loop
         vertex -0.00727901 -0.244733 0.14544
         vertex -0.00908317 -0.243711 0.14544
         vertex -0.00824701 -0.243289 0.14544
      endloop
   endfacet
   facet normal -1.71841e-17 8.43947e-17 -1
      outer loop
         vertex -0.0136136 -0.240215 0.14544
         vertex -0.012107 -0.241106 0.14544
         vertex -0.0120375 -0.24204 0.14544
      endloop
   endfacet
   facet normal -1.71841e-17 8.43947e-17 -1
      outer loop
         vertex -0.00824701 -0.243289 0.14544
         vertex -0.00763583 -0.24258 0.14544
         vertex -0.00727901 -0.244733 0.14544
      endloop
   endfacet
   facet normal -1.71841e-17 8.43947e-17 -1
      outer loop
         vertex -0.0140657 -0.243901 0.14544
         vertex -0.0109064 -0.243487 0.14544
         vertex -0.010017 -0.24378 0.14544
      endloop
   endfacet
   facet normal -1.71841e-17 8.43947e-17 -1
      outer loop
         vertex -0.0136136 -0.240215 0.14544
         vertex -0.0118138 -0.240217 0.14544
         vertex -0.012107 -0.241106 0.14544
      endloop
   endfacet
   facet normal -1.71841e-17 8.43947e-17 -1
      outer loop
         vertex -0.0118086 -0.23812 0.14544
         vertex -0.0112027 -0.239507 0.14544
         vertex -0.0118138 -0.240217 0.14544
      endloop
   endfacet
   facet normal -1.71841e-17 8.43947e-17 -1
      outer loop
         vertex -0.00654703 -0.238765 0.14544
         vertex -0.0074122 -0.240756 0.14544
         vertex -0.0078338 -0.23992 0.14544
      endloop
   endfacet
   facet normal -1.71841e-17 8.43947e-17 -1
      outer loop
         vertex -0.00734269 -0.24169 0.14544
         vertex -0.00654703 -0.238765 0.14544
         vertex -0.00727901 -0.244733 0.14544
      endloop
   endfacet
   facet normal -1.71841e-17 8.43947e-17 -1
      outer loop
         vertex -0.010017 -0.24378 0.14544
         vertex -0.00727901 -0.244733 0.14544
         vertex -0.0140657 -0.243901 0.14544
      endloop
   endfacet
   facet normal -1.71841e-17 8.43947e-17 -1
      outer loop
         vertex -0.0120375 -0.24204 0.14544
         vertex -0.0140657 -0.243901 0.14544
         vertex -0.0136136 -0.240215 0.14544
      endloop
   endfacet
   facet normal -1.71841e-17 8.43947e-17 -1
      outer loop
         vertex -0.0118086 -0.23812 0.14544
         vertex -0.0103665 -0.239086 0.14544
         vertex -0.0112027 -0.239507 0.14544
      endloop
   endfacet
   facet normal -1.71841e-17 8.43947e-17 -1
      outer loop
         vertex -0.00654703 -0.238765 0.14544
         vertex -0.00854328 -0.239309 0.14544
         vertex -0.00943265 -0.239016 0.14544
      endloop
   endfacet
   facet normal -1.71841e-17 8.43947e-17 -1
      outer loop
         vertex -0.00734269 -0.24169 0.14544
         vertex -0.0074122 -0.240756 0.14544
         vertex -0.00654703 -0.238765 0.14544
      endloop
   endfacet
   facet normal -1.71841e-17 8.43947e-17 -1
      outer loop
         vertex -0.0140657 -0.243901 0.14544
         vertex -0.0116159 -0.242876 0.14544
         vertex -0.0109064 -0.243487 0.14544
      endloop
   endfacet
   facet normal -1.71841e-17 8.43947e-17 -1
      outer loop
         vertex -0.0118138 -0.240217 0.14544
         vertex -0.0136136 -0.240215 0.14544
         vertex -0.0118086 -0.23812 0.14544
      endloop
   endfacet
   facet normal -1.71841e-17 8.43947e-17 -1
      outer loop
         vertex -0.0078338 -0.23992 0.14544
         vertex -0.00854328 -0.239309 0.14544
         vertex -0.00654703 -0.238765 0.14544
      endloop
   endfacet
   facet normal -1.71841e-17 8.43947e-17 -1
      outer loop
         vertex -0.0120375 -0.24204 0.14544
         vertex -0.0116159 -0.242876 0.14544
         vertex -0.0140657 -0.243901 0.14544
      endloop
   endfacet
   facet normal -1.71841e-17 8.43947e-17 -1
      outer loop
         vertex -0.010017 -0.24378 0.14544
         vertex -0.00908317 -0.243711 0.14544
         vertex -0.00727901 -0.244733 0.14544
      endloop
   endfacet
   facet normal -1.71841e-17 8.43947e-17 -1
      outer loop
         vertex -0.0118086 -0.23812 0.14544
         vertex -0.00943265 -0.239016 0.14544
         vertex -0.0103665 -0.239086 0.14544
      endloop
   endfacet
   facet normal -1.71841e-17 8.43947e-17 -1
      outer loop
         vertex -0.00654703 -0.238765 0.14544
         vertex -0.00999248 -0.236012 0.14544
         vertex -0.00808405 -0.23505 0.14544
      endloop
   endfacet
   facet normal -1.71841e-17 8.43947e-17 -1
      outer loop
         vertex -0.00654703 -0.238765 0.14544
         vertex -0.0118086 -0.23812 0.14544
         vertex -0.00999248 -0.236012 0.14544
      endloop
   endfacet
   facet normal -1.71841e-17 8.43947e-17 -1
      outer loop
         vertex -0.00334544 -0.235631 0.14544
         vertex -0.00612079 -0.23529 0.14544
         vertex -0.00595989 -0.233979 0.14544
      endloop
   endfacet
   facet normal -1.71841e-17 8.43947e-17 -1
      outer loop
         vertex -0.00595989 -0.233979 0.14544
         vertex -0.00441806 -0.233201 0.14544
         vertex -0.00334544 -0.235631 0.14544
      endloop
   endfacet
   facet normal -1.71841e-17 8.43947e-17 -1
      outer loop
         vertex 0.00161281 -0.234326 0.14544
         vertex 0.0018076 -0.232738 0.14544
         vertex 0.0018197 -0.232742 0.14544
      endloop
   endfacet
   facet normal -1.71841e-17 8.43947e-17 -1
      outer loop
         vertex -0.0030348 -0.233098 0.14544
         vertex 0.0018076 -0.232738 0.14544
         vertex 0.000678961 -0.234395 0.14544
      endloop
   endfacet
   facet normal -1.71841e-17 8.43947e-17 -1
      outer loop
         vertex 0.0018197 -0.232742 0.14544
         vertex 0.00162492 -0.23433 0.14544
         vertex 0.00161281 -0.234326 0.14544
      endloop
   endfacet
   facet normal -1.71841e-17 8.43947e-17 -1
      outer loop
         vertex 0.00161281 -0.234326 0.14544
         vertex 0.000678961 -0.234395 0.14544
         vertex 0.0018076 -0.232738 0.14544
      endloop
   endfacet
   facet normal -1.71841e-17 8.43947e-17 -1
      outer loop
         vertex -0.00334544 -0.235631 0.14544
         vertex -0.0030348 -0.233098 0.14544
         vertex -0.000768376 -0.235526 0.14544
      endloop
   endfacet
   facet normal -1.71841e-17 8.43947e-17 -1
      outer loop
         vertex 0.000678961 -0.234395 0.14544
         vertex -0.0001572 -0.234817 0.14544
         vertex -0.0030348 -0.233098 0.14544
      endloop
   endfacet
   facet normal -1.71841e-17 8.43947e-17 -1
      outer loop
         vertex -0.0001572 -0.234817 0.14544
         vertex -0.000768376 -0.235526 0.14544
         vertex -0.0030348 -0.233098 0.14544
      endloop
   endfacet
   facet normal -1.71841e-17 8.43947e-17 -1
      outer loop
         vertex 0.00641935 -0.234258 0.14544
         vertex 0.00321167 -0.23523 0.14544
         vertex 0.00250218 -0.234619 0.14544
      endloop
   endfacet
   facet normal -1.71841e-17 8.43947e-17 -1
      outer loop
         vertex 0.00610871 -0.23679 0.14544
         vertex 0.00366485 -0.236491 0.14544
         vertex 0.00363326 -0.236066 0.14544
      endloop
   endfacet
   facet normal -1.71841e-17 8.43947e-17 -1
      outer loop
         vertex 0.00250218 -0.234619 0.14544
         vertex 0.0018197 -0.232742 0.14544
         vertex 0.00641935 -0.234258 0.14544
      endloop
   endfacet
   facet normal -1.71841e-17 8.43947e-17 -1
      outer loop
         vertex 0.00363326 -0.236066 0.14544
         vertex 0.00641935 -0.234258 0.14544
         vertex 0.00610871 -0.23679 0.14544
      endloop
   endfacet
   facet normal -1.71841e-17 8.43947e-17 -1
      outer loop
         vertex 0.00363326 -0.236066 0.14544
         vertex 0.00321167 -0.23523 0.14544
         vertex 0.00641935 -0.234258 0.14544
      endloop
   endfacet
   facet normal -1.71841e-17 8.43947e-17 -1
      outer loop
         vertex 0.00610871 -0.23679 0.14544
         vertex 0.00773672 -0.234692 0.14544
         vertex 0.00904496 -0.235819 0.14544
      endloop
   endfacet
   facet normal -1.71841e-17 8.43947e-17 -1
      outer loop
         vertex 0.00610871 -0.23679 0.14544
         vertex 0.00641935 -0.234258 0.14544
         vertex 0.00773672 -0.234692 0.14544
      endloop
   endfacet
   facet normal -1.71841e-17 8.43947e-17 -1
      outer loop
         vertex 0.00845783 -0.240606 0.14544
         vertex 0.00888406 -0.237131 0.14544
         vertex 0.0108473 -0.237372 0.14544
      endloop
   endfacet
   facet normal -1.71841e-17 8.43947e-17 -1
      outer loop
         vertex 0.0108473 -0.237372 0.14544
         vertex 0.0124666 -0.238767 0.14544
         vertex 0.00845783 -0.240606 0.14544
      endloop
   endfacet
   facet normal -1.71841e-17 8.43947e-17 -1
      outer loop
         vertex 0.0155146 -0.247529 0.14544
         vertex 0.00772585 -0.246574 0.14544
         vertex 0.010613 -0.246311 0.14544
      endloop
   endfacet
   facet normal -1.71841e-17 8.43947e-17 -1
      outer loop
         vertex 0.010613 -0.246311 0.14544
         vertex 0.0115468 -0.246241 0.14544
         vertex 0.0155146 -0.247529 0.14544
      endloop
   endfacet
   facet normal -1.71841e-17 8.43947e-17 -1
      outer loop
         vertex 0.0137194 -0.241251 0.14544
         vertex 0.0152773 -0.244341 0.14544
         vertex 0.0132178 -0.243287 0.14544
      endloop
   endfacet
   facet normal -1.71841e-17 8.43947e-17 -1
      outer loop
         vertex 0.0152773 -0.244341 0.14544
         vertex 0.0155146 -0.247529 0.14544
         vertex 0.0129942 -0.24511 0.14544
      endloop
   endfacet
   facet normal -1.71841e-17 8.43947e-17 -1
      outer loop
         vertex 0.00772585 -0.246574 0.14544
         vertex 0.00972362 -0.246018 0.14544
         vertex 0.010613 -0.246311 0.14544
      endloop
   endfacet
   facet normal -1.71841e-17 8.43947e-17 -1
      outer loop
         vertex 0.00772585 -0.246574 0.14544
         vertex 0.00859254 -0.24457 0.14544
         vertex 0.00901413 -0.245406 0.14544
      endloop
   endfacet
   facet normal -1.71841e-17 8.43947e-17 -1
      outer loop
         vertex 0.0152773 -0.244341 0.14544
         vertex 0.0132873 -0.244221 0.14544
         vertex 0.0132178 -0.243287 0.14544
      endloop
   endfacet
   facet normal -1.71841e-17 8.43947e-17 -1
      outer loop
         vertex 0.0155146 -0.247529 0.14544
         vertex 0.012383 -0.24582 0.14544
         vertex 0.0129942 -0.24511 0.14544
      endloop
   endfacet
   facet normal -1.71841e-17 8.43947e-17 -1
      outer loop
         vertex 0.00901413 -0.245406 0.14544
         vertex 0.00972362 -0.246018 0.14544
         vertex 0.00772585 -0.246574 0.14544
      endloop
   endfacet
   facet normal -1.71841e-17 8.43947e-17 -1
      outer loop
         vertex 0.00772585 -0.246574 0.14544
         vertex 0.00845783 -0.240606 0.14544
         vertex 0.00852302 -0.243636 0.14544
      endloop
   endfacet
   facet normal -1.71841e-17 8.43947e-17 -1
      outer loop
         vertex 0.0129942 -0.24511 0.14544
         vertex 0.0132873 -0.244221 0.14544
         vertex 0.0152773 -0.244341 0.14544
      endloop
   endfacet
   facet normal -1.71841e-17 8.43947e-17 -1
      outer loop
         vertex 0.00852302 -0.243636 0.14544
         vertex 0.00859254 -0.24457 0.14544
         vertex 0.00772585 -0.246574 0.14544
      endloop
   endfacet
   facet normal -1.71841e-17 8.43947e-17 -1
      outer loop
         vertex 0.0115468 -0.246241 0.14544
         vertex 0.012383 -0.24582 0.14544
         vertex 0.0155146 -0.247529 0.14544
      endloop
   endfacet
   facet normal -1.71841e-17 8.43947e-17 -1
      outer loop
         vertex 0.00845783 -0.240606 0.14544
         vertex 0.00942734 -0.242037 0.14544
         vertex 0.00881617 -0.242747 0.14544
      endloop
   endfacet
   facet normal -1.71841e-17 8.43947e-17 -1
      outer loop
         vertex 0.0137194 -0.241251 0.14544
         vertex 0.0127962 -0.242451 0.14544
         vertex 0.0120867 -0.24184 0.14544
      endloop
   endfacet
   facet normal -1.71841e-17 8.43947e-17 -1
      outer loop
         vertex 0.00881617 -0.242747 0.14544
         vertex 0.00852302 -0.243636 0.14544
         vertex 0.00845783 -0.240606 0.14544
      endloop
   endfacet
   facet normal -1.71841e-17 8.43947e-17 -1
      outer loop
         vertex 0.00845783 -0.240606 0.14544
         vertex 0.0137194 -0.241251 0.14544
         vertex 0.0111974 -0.241546 0.14544
      endloop
   endfacet
   facet normal -1.71841e-17 8.43947e-17 -1
      outer loop
         vertex 0.0132178 -0.243287 0.14544
         vertex 0.0127962 -0.242451 0.14544
         vertex 0.0137194 -0.241251 0.14544
      endloop
   endfacet
   facet normal -1.71841e-17 8.43947e-17 -1
      outer loop
         vertex 0.0111974 -0.241546 0.14544
         vertex 0.0102635 -0.241616 0.14544
         vertex 0.00845783 -0.240606 0.14544
      endloop
   endfacet
   facet normal -1.71841e-17 8.43947e-17 -1
      outer loop
         vertex 0.0102635 -0.241616 0.14544
         vertex 0.00942734 -0.242037 0.14544
         vertex 0.00845783 -0.240606 0.14544
      endloop
   endfacet
   facet normal -1.71841e-17 8.43947e-17 -1
      outer loop
         vertex 0.00973644 -0.253457 0.14544
         vertex 0.0107515 -0.251647 0.14544
         vertex 0.0113563 -0.250945 0.14544
      endloop
   endfacet
   facet normal -1.71841e-17 8.43947e-17 -1
      outer loop
         vertex 0.0081198 -0.251843 0.14544
         vertex 0.0089999 -0.252133 0.14544
         vertex 0.00880259 -0.253527 0.14544
      endloop
   endfacet
   facet normal -1.71841e-17 8.43947e-17 -1
      outer loop
         vertex 0.0155146 -0.247529 0.14544
         vertex 0.0116464 -0.250064 0.14544
         vertex 0.0115776 -0.24914 0.14544
      endloop
   endfacet
   facet normal -1.71841e-17 8.43947e-17 -1
      outer loop
         vertex 0.00973644 -0.253457 0.14544
         vertex 0.00992403 -0.252064 0.14544
         vertex 0.0107515 -0.251647 0.14544
      endloop
   endfacet
   facet normal -1.71841e-17 8.43947e-17 -1
      outer loop
         vertex 0.00973644 -0.253457 0.14544
         vertex 0.00880259 -0.253527 0.14544
         vertex 0.0089999 -0.252133 0.14544
      endloop
   endfacet
   facet normal -1.71841e-17 8.43947e-17 -1
      outer loop
         vertex 0.00678676 -0.25423 0.14544
         vertex 0.0074177 -0.251238 0.14544
         vertex 0.00796643 -0.253948 0.14544
      endloop
   endfacet
   facet normal -1.71841e-17 8.43947e-17 -1
      outer loop
         vertex 0.00796643 -0.253948 0.14544
         vertex 0.0074177 -0.251238 0.14544
         vertex 0.0081198 -0.251843 0.14544
      endloop
   endfacet
   facet normal -1.71841e-17 8.43947e-17 -1
      outer loop
         vertex 0.0155146 -0.247529 0.14544
         vertex 0.0113563 -0.250945 0.14544
         vertex 0.0116464 -0.250064 0.14544
      endloop
   endfacet
   facet normal -1.71841e-17 8.43947e-17 -1
      outer loop
         vertex 0.0089999 -0.252133 0.14544
         vertex 0.00992403 -0.252064 0.14544
         vertex 0.00973644 -0.253457 0.14544
      endloop
   endfacet
   facet normal -1.71841e-17 8.43947e-17 -1
      outer loop
         vertex 0.00880259 -0.253527 0.14544
         vertex 0.00796643 -0.253948 0.14544
         vertex 0.0081198 -0.251843 0.14544
      endloop
   endfacet
   facet normal -1.71841e-17 8.43947e-17 -1
      outer loop
         vertex 0.0115776 -0.24914 0.14544
         vertex 0.0111604 -0.248313 0.14544
         vertex 0.0155146 -0.247529 0.14544
      endloop
   endfacet
   facet normal -1.71841e-17 8.43947e-17 -1
      outer loop
         vertex 0.00796643 -0.253948 0.14544
         vertex 0.00763425 -0.254334 0.14544
         vertex 0.00678676 -0.25423 0.14544
      endloop
   endfacet
   facet normal -1.71841e-17 8.43947e-17 -1
      outer loop
         vertex 0.0106258 -0.25375 0.14544
         vertex 0.0155146 -0.247529 0.14544
         vertex 0.0157407 -0.250567 0.14544
      endloop
   endfacet
   facet normal -1.71841e-17 8.43947e-17 -1
      outer loop
         vertex 0.0113563 -0.250945 0.14544
         vertex 0.0155146 -0.247529 0.14544
         vertex 0.00973644 -0.253457 0.14544
      endloop
   endfacet
   facet normal -1.71841e-17 8.43947e-17 -1
      outer loop
         vertex 0.0157407 -0.250567 0.14544
         vertex 0.0113353 -0.254361 0.14544
         vertex 0.0106258 -0.25375 0.14544
      endloop
   endfacet
   facet normal -1.71841e-17 8.43947e-17 -1
      outer loop
         vertex 0.0157407 -0.250567 0.14544
         vertex 0.0142322 -0.255143 0.14544
         vertex 0.0115644 -0.254816 0.14544
      endloop
   endfacet
   facet normal -1.71841e-17 8.43947e-17 -1
      outer loop
         vertex 0.0155146 -0.247529 0.14544
         vertex 0.0104583 -0.247708 0.14544
         vertex 0.00957818 -0.247418 0.14544
      endloop
   endfacet
   facet normal -1.71841e-17 8.43947e-17 -1
      outer loop
         vertex 0.00678676 -0.25423 0.14544
         vertex 0.00720542 -0.250817 0.14544
         vertex 0.0074177 -0.251238 0.14544
      endloop
   endfacet
   facet normal -1.71841e-17 8.43947e-17 -1
      outer loop
         vertex 0.0115644 -0.254816 0.14544
         vertex 0.0113353 -0.254361 0.14544
         vertex 0.0157407 -0.250567 0.14544
      endloop
   endfacet
   facet normal -1.71841e-17 8.43947e-17 -1
      outer loop
         vertex 0.00957818 -0.247418 0.14544
         vertex 0.00772585 -0.246574 0.14544
         vertex 0.0155146 -0.247529 0.14544
      endloop
   endfacet
   facet normal -1.71841e-17 8.43947e-17 -1
      outer loop
         vertex 0.0106258 -0.25375 0.14544
         vertex 0.00973644 -0.253457 0.14544
         vertex 0.0155146 -0.247529 0.14544
      endloop
   endfacet
   facet normal -1.71841e-17 8.43947e-17 -1
      outer loop
         vertex 0.00772585 -0.246574 0.14544
         vertex 0.00865406 -0.247487 0.14544
         vertex 0.00782661 -0.247904 0.14544
      endloop
   endfacet
   facet normal -1.71841e-17 8.43947e-17 -1
      outer loop
         vertex 0.0111604 -0.248313 0.14544
         vertex 0.0104583 -0.247708 0.14544
         vertex 0.0155146 -0.247529 0.14544
      endloop
   endfacet
   facet normal -1.71841e-17 8.43947e-17 -1
      outer loop
         vertex 0.00957818 -0.247418 0.14544
         vertex 0.00865406 -0.247487 0.14544
         vertex 0.00772585 -0.246574 0.14544
      endloop
   endfacet
   facet normal -1.71841e-17 8.43947e-17 -1
      outer loop
         vertex 0.011528 -0.259117 0.14544
         vertex 0.0109221 -0.25773 0.14544
         vertex 0.0115333 -0.257021 0.14544
      endloop
   endfacet
   facet normal -1.71841e-17 8.43947e-17 -1
      outer loop
         vertex 0.011528 -0.259117 0.14544
         vertex 0.0100859 -0.258152 0.14544
         vertex 0.0109221 -0.25773 0.14544
      endloop
   endfacet
   facet normal -1.71841e-17 8.43947e-17 -1
      outer loop
         vertex 0.00626645 -0.258472 0.14544
         vertex 0.0082627 -0.257928 0.14544
         vertex 0.00915207 -0.258221 0.14544
      endloop
   endfacet
   facet normal -1.71841e-17 8.43947e-17 -1
      outer loop
         vertex 0.00626645 -0.258472 0.14544
         vertex 0.00713162 -0.256481 0.14544
         vertex 0.00755321 -0.257317 0.14544
      endloop
   endfacet
   facet normal -1.71841e-17 8.43947e-17 -1
      outer loop
         vertex 0.0142322 -0.255143 0.14544
         vertex 0.0137864 -0.256496 0.14544
         vertex 0.0118264 -0.256131 0.14544
      endloop
   endfacet
   facet normal -1.71841e-17 8.43947e-17 -1
      outer loop
         vertex 0.0115333 -0.257021 0.14544
         vertex 0.0137864 -0.256496 0.14544
         vertex 0.011528 -0.259117 0.14544
      endloop
   endfacet
   facet normal -1.71841e-17 8.43947e-17 -1
      outer loop
         vertex 0.00755321 -0.257317 0.14544
         vertex 0.0082627 -0.257928 0.14544
         vertex 0.00626645 -0.258472 0.14544
      endloop
   endfacet
   facet normal -1.71841e-17 8.43947e-17 -1
      outer loop
         vertex 0.00626645 -0.258472 0.14544
         vertex 0.00678676 -0.25423 0.14544
         vertex 0.00706211 -0.255547 0.14544
      endloop
   endfacet
   facet normal -1.71841e-17 8.43947e-17 -1
      outer loop
         vertex 0.0118264 -0.256131 0.14544
         vertex 0.0117569 -0.255198 0.14544
         vertex 0.0142322 -0.255143 0.14544
      endloop
   endfacet
   facet normal -1.71841e-17 8.43947e-17 -1
      outer loop
         vertex 0.011528 -0.259117 0.14544
         vertex 0.00915207 -0.258221 0.14544
         vertex 0.0100859 -0.258152 0.14544
      endloop
   endfacet
   facet normal -1.71841e-17 8.43947e-17 -1
      outer loop
         vertex 0.00706211 -0.255547 0.14544
         vertex 0.00713162 -0.256481 0.14544
         vertex 0.00626645 -0.258472 0.14544
      endloop
   endfacet
   facet normal -1.71841e-17 8.43947e-17 -1
      outer loop
         vertex 0.00678676 -0.25423 0.14544
         vertex 0.00763425 -0.254334 0.14544
         vertex 0.00735525 -0.254658 0.14544
      endloop
   endfacet
   facet normal -1.71841e-17 8.43947e-17 -1
      outer loop
         vertex 0.0115333 -0.257021 0.14544
         vertex 0.0118264 -0.256131 0.14544
         vertex 0.0137864 -0.256496 0.14544
      endloop
   endfacet
   facet normal -1.71841e-17 8.43947e-17 -1
      outer loop
         vertex 0.00735525 -0.254658 0.14544
         vertex 0.00706211 -0.255547 0.14544
         vertex 0.00678676 -0.25423 0.14544
      endloop
   endfacet
   facet normal -1.71841e-17 8.43947e-17 -1
      outer loop
         vertex 0.00915207 -0.258221 0.14544
         vertex 0.011528 -0.259117 0.14544
         vertex 0.00626645 -0.258472 0.14544
      endloop
   endfacet
   facet normal -1.71841e-17 8.43947e-17 -1
      outer loop
         vertex 0.00626645 -0.258472 0.14544
         vertex 0.00971189 -0.261226 0.14544
         vertex 0.00780347 -0.262188 0.14544
      endloop
   endfacet
   facet normal -1.71841e-17 8.43947e-17 -1
      outer loop
         vertex 0.00626645 -0.258472 0.14544
         vertex 0.011528 -0.259117 0.14544
         vertex 0.00971189 -0.261226 0.14544
      endloop
   endfacet
   facet normal -1.71841e-17 8.43947e-17 -1
      outer loop
         vertex 0.00306486 -0.261607 0.14544
         vertex 0.00584021 -0.261947 0.14544
         vertex 0.00567931 -0.263259 0.14544
      endloop
   endfacet
   facet normal -1.71841e-17 8.43947e-17 -1
      outer loop
         vertex 0.00567931 -0.263259 0.14544
         vertex 0.00413748 -0.264036 0.14544
         vertex 0.00306486 -0.261607 0.14544
      endloop
   endfacet
   facet normal -1.71841e-17 8.43947e-17 -1
      outer loop
         vertex 0.00275422 -0.264139 0.14544
         vertex -0.00207547 -0.264499 0.14544
         vertex -0.000959543 -0.262842 0.14544
      endloop
   endfacet
   facet normal -1.71841e-17 8.43947e-17 -1
      outer loop
         vertex -0.00207547 -0.264499 0.14544
         vertex -0.00188068 -0.262911 0.14544
         vertex -0.000959543 -0.262842 0.14544
      endloop
   endfacet
   facet normal -1.71841e-17 8.43947e-17 -1
      outer loop
         vertex 0.00306486 -0.261607 0.14544
         vertex 0.00275422 -0.264139 0.14544
         vertex 0.000487795 -0.261711 0.14544
      endloop
   endfacet
   facet normal -1.71841e-17 8.43947e-17 -1
      outer loop
         vertex -0.000959543 -0.262842 0.14544
         vertex -0.000123381 -0.26242 0.14544
         vertex 0.00275422 -0.264139 0.14544
      endloop
   endfacet
   facet normal -1.71841e-17 8.43947e-17 -1
      outer loop
         vertex -0.000123381 -0.26242 0.14544
         vertex 0.000487795 -0.261711 0.14544
         vertex 0.00275422 -0.264139 0.14544
      endloop
   endfacet
   facet normal -1.71841e-17 8.43947e-17 -1
      outer loop
         vertex -0.00189339 -0.262912 0.14544
         vertex -0.00188068 -0.262911 0.14544
         vertex -0.00207547 -0.264499 0.14544
      endloop
   endfacet
   facet normal -1.71841e-17 8.43947e-17 -1
      outer loop
         vertex -0.00669993 -0.26298 0.14544
         vertex -0.00349225 -0.262007 0.14544
         vertex -0.00278276 -0.262618 0.14544
      endloop
   endfacet
   facet normal -1.71841e-17 8.43947e-17 -1
      outer loop
         vertex -0.00208818 -0.2645 0.14544
         vertex -0.00278276 -0.262618 0.14544
         vertex -0.00189339 -0.262912 0.14544
      endloop
   endfacet
   facet normal -1.71841e-17 8.43947e-17 -1
      outer loop
         vertex -0.00669993 -0.26298 0.14544
         vertex -0.00391384 -0.261171 0.14544
         vertex -0.00349225 -0.262007 0.14544
      endloop
   endfacet
   facet normal -1.71841e-17 8.43947e-17 -1
      outer loop
         vertex -0.00278276 -0.262618 0.14544
         vertex -0.00208818 -0.2645 0.14544
         vertex -0.00669993 -0.26298 0.14544
      endloop
   endfacet
   facet normal -1.71841e-17 8.43947e-17 -1
      outer loop
         vertex -0.00638929 -0.260447 0.14544
         vertex -0.00394543 -0.260747 0.14544
         vertex -0.00391384 -0.261171 0.14544
      endloop
   endfacet
   facet normal -1.71841e-17 8.43947e-17 -1
      outer loop
         vertex -0.00391384 -0.261171 0.14544
         vertex -0.00669993 -0.26298 0.14544
         vertex -0.00638929 -0.260447 0.14544
      endloop
   endfacet
   facet normal -1.71841e-17 8.43947e-17 -1
      outer loop
         vertex -0.00207547 -0.264499 0.14544
         vertex -0.00208818 -0.2645 0.14544
         vertex -0.00189339 -0.262912 0.14544
      endloop
   endfacet
   facet normal -1.71841e-17 8.43947e-17 -1
      outer loop
         vertex 0.000487795 -0.261711 0.14544
         vertex 0.000620993 -0.261307 0.14544
         vertex 0.00306486 -0.261607 0.14544
      endloop
   endfacet
   facet normal -1.71841e-17 8.43947e-17 -1
      outer loop
         vertex 0.00413748 -0.264036 0.14544
         vertex 0.00275422 -0.264139 0.14544
         vertex 0.00306486 -0.261607 0.14544
      endloop
   endfacet
   facet normal -1.71841e-17 8.43947e-17 -1
      outer loop
         vertex 0.00567931 -0.263259 0.14544
         vertex 0.00584021 -0.261947 0.14544
         vertex 0.00780347 -0.262188 0.14544
      endloop
   endfacet
   facet normal -1.71841e-17 8.43947e-17 -1
      outer loop
         vertex 0.00780347 -0.262188 0.14544
         vertex 0.00584021 -0.261947 0.14544
         vertex 0.00626645 -0.258472 0.14544
      endloop
   endfacet
   facet normal -1.71841e-17 8.43947e-17 -1
      outer loop
         vertex 0.0117569 -0.255198 0.14544
         vertex 0.0115644 -0.254816 0.14544
         vertex 0.0142322 -0.255143 0.14544
      endloop
   endfacet
   facet normal -1.71841e-17 8.43947e-17 -1
      outer loop
         vertex 0.00782661 -0.247904 0.14544
         vertex 0.00751886 -0.248261 0.14544
         vertex 0.00772585 -0.246574 0.14544
      endloop
   endfacet
   facet normal -1.71841e-17 8.43947e-17 -1
      outer loop
         vertex 0.0120867 -0.24184 0.14544
         vertex 0.0111974 -0.241546 0.14544
         vertex 0.0137194 -0.241251 0.14544
      endloop
   endfacet
   facet normal -1.71841e-17 8.43947e-17 -1
      outer loop
         vertex 0.0124666 -0.238767 0.14544
         vertex 0.0137194 -0.241251 0.14544
         vertex 0.00845783 -0.240606 0.14544
      endloop
   endfacet
   facet normal -1.71841e-17 8.43947e-17 -1
      outer loop
         vertex 0.0108473 -0.237372 0.14544
         vertex 0.00888406 -0.237131 0.14544
         vertex 0.00904496 -0.235819 0.14544
      endloop
   endfacet
   facet normal -1.71841e-17 8.43947e-17 -1
      outer loop
         vertex 0.00904496 -0.235819 0.14544
         vertex 0.00888406 -0.237131 0.14544
         vertex 0.00610871 -0.23679 0.14544
      endloop
   endfacet
   facet normal -1.71841e-17 8.43947e-17 -1
      outer loop
         vertex 0.00250218 -0.234619 0.14544
         vertex 0.00162492 -0.23433 0.14544
         vertex 0.0018197 -0.232742 0.14544
      endloop
   endfacet
   facet normal -1.71841e-17 8.43947e-17 -1
      outer loop
         vertex -0.000768376 -0.235526 0.14544
         vertex -0.000901575 -0.235931 0.14544
         vertex -0.00334544 -0.235631 0.14544
      endloop
   endfacet
   facet normal -1.71841e-17 8.43947e-17 -1
      outer loop
         vertex -0.00441806 -0.233201 0.14544
         vertex -0.0030348 -0.233098 0.14544
         vertex -0.00334544 -0.235631 0.14544
      endloop
   endfacet
   facet normal -1.71841e-17 8.43947e-17 -1
      outer loop
         vertex -0.00595989 -0.233979 0.14544
         vertex -0.00612079 -0.23529 0.14544
         vertex -0.00808405 -0.23505 0.14544
      endloop
   endfacet
   facet normal -1.71841e-17 8.43947e-17 -1
      outer loop
         vertex -0.00808405 -0.23505 0.14544
         vertex -0.00612079 -0.23529 0.14544
         vertex -0.00654703 -0.238765 0.14544
      endloop
   endfacet
   facet normal -1.71841e-17 8.43947e-17 -1
      outer loop
         vertex -0.00943265 -0.239016 0.14544
         vertex -0.0118086 -0.23812 0.14544
         vertex -0.00654703 -0.238765 0.14544
      endloop
   endfacet
   facet normal -1.71841e-17 8.43947e-17 -1
      outer loop
         vertex -0.014067 -0.240742 0.14544
         vertex -0.0136136 -0.240215 0.14544
         vertex -0.0140657 -0.243901 0.14544
      endloop
   endfacet
   facet normal -1.71841e-17 8.43947e-17 -1
      outer loop
         vertex -0.0160213 -0.246671 0.14544
         vertex -0.0150677 -0.243778 0.14544
         vertex -0.0140657 -0.243901 0.14544
      endloop
   endfacet
   facet normal -1.71841e-17 8.43947e-17 -1
      outer loop
         vertex -0.0155578 -0.252896 0.14544
         vertex -0.0156636 -0.251476 0.14544
         vertex -0.0150047 -0.251557 0.14544
      endloop
   endfacet
   facet normal -1.71841e-17 8.43947e-17 -1
      outer loop
         vertex -0.00887312 -0.252667 0.14544
         vertex -0.00906558 -0.252286 0.14544
         vertex -0.00821809 -0.252389 0.14544
      endloop
   endfacet
   facet normal -1.71841e-17 8.43947e-17 -1
      outer loop
         vertex -0.0127472 -0.258471 0.14544
         vertex -0.014 -0.255986 0.14544
         vertex -0.00873841 -0.256632 0.14544
      endloop
   endfacet
   facet normal -1.71841e-17 8.43947e-17 -1
      outer loop
         vertex -0.0111279 -0.259866 0.14544
         vertex -0.00916465 -0.260107 0.14544
         vertex -0.00932555 -0.261418 0.14544
      endloop
   endfacet
   facet normal -1.71841e-17 8.43947e-17 -1
      outer loop
         vertex -0.00932555 -0.261418 0.14544
         vertex -0.00916465 -0.260107 0.14544
         vertex -0.00638929 -0.260447 0.14544
      endloop
   endfacet
   facet normal -1.71841e-17 8.43947e-17 -1
      outer loop
         vertex 0.00720542 -0.250817 0.14544
         vertex 0.00678676 -0.25423 0.14544
         vertex 0.00401141 -0.253889 0.14544
      endloop
   endfacet
   facet normal -1.71841e-17 8.43947e-17 -1
      outer loop
         vertex -0.00398336 -0.260237 0.14544
         vertex -0.00394543 -0.260747 0.14544
         vertex -0.00638929 -0.260447 0.14544
      endloop
   endfacet
   facet normal -1.71841e-17 8.43947e-17 -1
      outer loop
         vertex -0.00702581 -0.258274 0.14544
         vertex -0.00615781 -0.25856 0.14544
         vertex -0.00638929 -0.260447 0.14544
      endloop
   endfacet
   facet normal -1.71841e-17 8.43947e-17 -1
      outer loop
         vertex -0.0082139 -0.255917 0.14544
         vertex -0.00815541 -0.256703 0.14544
         vertex -0.00873841 -0.256632 0.14544
      endloop
   endfacet
   facet normal -1.71841e-17 8.43947e-17 -1
      outer loop
         vertex -0.00556743 -0.253849 0.14544
         vertex -0.00558014 -0.25385 0.14544
         vertex -0.00544274 -0.25273 0.14544
      endloop
   endfacet
   facet normal -1.71841e-17 8.43947e-17 -1
      outer loop
         vertex -0.00149601 -0.240164 0.14544
         vertex -0.0015545 -0.239378 0.14544
         vertex 0.000967805 -0.239687 0.14544
      endloop
   endfacet
   facet normal -1.71841e-17 8.43947e-17 -1
      outer loop
         vertex -0.00502259 -0.241942 0.14544
         vertex -0.00415459 -0.242228 0.14544
         vertex -0.00450366 -0.245074 0.14544
      endloop
   endfacet
   facet normal -1.71841e-17 8.43947e-17 -1
      outer loop
         vertex -0.00592059 -0.238705 0.14544
         vertex -0.00596404 -0.238837 0.14544
         vertex -0.00654703 -0.238765 0.14544
      endloop
   endfacet
   facet normal -1.71841e-17 8.43947e-17 -1
      outer loop
         vertex -0.00356421 -0.237517 0.14544
         vertex -0.00357692 -0.237518 0.14544
         vertex -0.00334544 -0.235631 0.14544
      endloop
   endfacet
   facet normal -1.71841e-17 8.43947e-17 -1
      outer loop
         vertex 0.00370278 -0.237 0.14544
         vertex 0.00366485 -0.236491 0.14544
         vertex 0.00610871 -0.23679 0.14544
      endloop
   endfacet
   facet normal -1.71841e-17 8.43947e-17 -1
      outer loop
         vertex -0.000419658 -0.25844 0.14544
         vertex -0.00129692 -0.258151 0.14544
         vertex -0.00122357 -0.257553 0.14544
      endloop
   endfacet
   facet normal -1.71841e-17 8.43947e-17 -1
      outer loop
         vertex -0.0126636 -0.251418 0.14544
         vertex -0.0129958 -0.251803 0.14544
         vertex -0.0150047 -0.251557 0.14544
      endloop
   endfacet
   facet normal -1.71841e-17 8.43947e-17 -1
      outer loop
         vertex -0.00821809 -0.252389 0.14544
         vertex -0.00727901 -0.244733 0.14544
         vertex -0.00450366 -0.245074 0.14544
      endloop
   endfacet
   facet normal -1.71841e-17 8.43947e-17 -1
      outer loop
         vertex -0.00544274 -0.25273 0.14544
         vertex -0.00450366 -0.245074 0.14544
         vertex 0.000235824 -0.245655 0.14544
      endloop
   endfacet
   facet normal -1.71841e-17 8.43947e-17 -1
      outer loop
         vertex -0.00122357 -0.257553 0.14544
         vertex -0.000703257 -0.253311 0.14544
         vertex 0.00401141 -0.253889 0.14544
      endloop
   endfacet
   facet normal -1.71841e-17 8.43947e-17 -1
      outer loop
         vertex -0.000703257 -0.253311 0.14544
         vertex 0.000235824 -0.245655 0.14544
         vertex 0.00495049 -0.246233 0.14544
      endloop
   endfacet
   facet normal -1.71841e-17 8.43947e-17 -1
      outer loop
         vertex 0.000235824 -0.245655 0.14544
         vertex 0.000967805 -0.239687 0.14544
         vertex 0.00568247 -0.240265 0.14544
      endloop
   endfacet
   facet normal -1.71841e-17 8.43947e-17 -1
      outer loop
         vertex 0.00306486 -0.261607 0.14544
         vertex 0.0034911 -0.258132 0.14544
         vertex 0.00626645 -0.258472 0.14544
      endloop
   endfacet
   facet normal -1.71841e-17 8.43947e-17 -1
      outer loop
         vertex 0.0034911 -0.258132 0.14544
         vertex 0.00401141 -0.253889 0.14544
         vertex 0.00678676 -0.25423 0.14544
      endloop
   endfacet
   facet normal -1.71841e-17 8.43947e-17 -1
      outer loop
         vertex 0.00495049 -0.246233 0.14544
         vertex 0.00568247 -0.240265 0.14544
         vertex 0.00845783 -0.240606 0.14544
      endloop
   endfacet
   facet normal -1.71841e-17 8.43947e-17 -1
      outer loop
         vertex 0.00568247 -0.240265 0.14544
         vertex 0.00610871 -0.23679 0.14544
         vertex 0.00888406 -0.237131 0.14544
      endloop
   endfacet
   facet normal -0.0860854 -0.701847 -0.707107
      outer loop
         vertex -0.00556743 -0.253849 0.14544
         vertex -0.00468733 -0.254139 0.14544
         vertex -0.00483502 -0.2544 0.14574
      endloop
   endfacet
   facet normal -0.348118 -0.615479 -0.707107
      outer loop
         vertex -0.00468733 -0.254139 0.14544
         vertex -0.00398523 -0.254744 0.14544
         vertex -0.00422161 -0.254929 0.14574
      endloop
   endfacet
   facet normal -0.557152 -0.435409 -0.707107
      outer loop
         vertex -0.00398523 -0.254744 0.14544
         vertex -0.00356803 -0.255571 0.14544
         vertex -0.00385711 -0.255652 0.14574
      endloop
   endfacet
   facet normal -0.681366 -0.189053 -0.707107
      outer loop
         vertex -0.00356803 -0.255571 0.14544
         vertex -0.00349924 -0.256496 0.14544
         vertex -0.003797 -0.256459 0.14574
      endloop
   endfacet
   facet normal -0.701847 0.0860854 -0.707107
      outer loop
         vertex -0.003797 -0.256459 0.14574
         vertex -0.00349924 -0.256496 0.14544
         vertex -0.00374588 -0.257244 0.14544
      endloop
   endfacet
   facet normal -0.634594 0.311913 -0.707107
      outer loop
         vertex -0.00374588 -0.257244 0.14544
         vertex -0.00405045 -0.257228 0.14574
         vertex -0.003797 -0.256459 0.14574
      endloop
   endfacet
   facet normal -0.615479 0.348118 -0.707107
      outer loop
         vertex -0.00378933 -0.257376 0.14544
         vertex -0.00439414 -0.258078 0.14544
         vertex -0.00457886 -0.257841 0.14574
      endloop
   endfacet
   facet normal -0.435409 0.557152 -0.707107
      outer loop
         vertex -0.00439414 -0.258078 0.14544
         vertex -0.00522159 -0.258495 0.14544
         vertex -0.0053018 -0.258206 0.14574
      endloop
   endfacet
   facet normal -0.189053 0.681366 -0.707107
      outer loop
         vertex -0.00522159 -0.258495 0.14544
         vertex -0.00614571 -0.258564 0.14544
         vertex -0.00610919 -0.258266 0.14574
      endloop
   endfacet
   facet normal 0.089782 0.701384 -0.707107
      outer loop
         vertex -0.00615781 -0.25856 0.14544
         vertex -0.00702581 -0.258274 0.14544
         vertex -0.00687812 -0.258013 0.14574
      endloop
   endfacet
   facet normal 0.0860854 0.701847 -0.707107
      outer loop
         vertex -0.00610919 -0.258266 0.14574
         vertex -0.00614571 -0.258564 0.14544
         vertex -0.00615781 -0.25856 0.14544
      endloop
   endfacet
   facet normal 0.348118 0.615479 -0.707107
      outer loop
         vertex -0.00702581 -0.258274 0.14544
         vertex -0.00772791 -0.257669 0.14544
         vertex -0.00749153 -0.257484 0.14574
      endloop
   endfacet
   facet normal 0.557152 0.435409 -0.707107
      outer loop
         vertex -0.00772791 -0.257669 0.14544
         vertex -0.00814511 -0.256841 0.14544
         vertex -0.00785603 -0.256761 0.14574
      endloop
   endfacet
   facet normal 0.701847 -0.0860854 -0.707107
      outer loop
         vertex -0.00791613 -0.255954 0.14574
         vertex -0.00785603 -0.256761 0.14574
         vertex -0.00815541 -0.256703 0.14544
      endloop
   endfacet
   facet normal 0.681366 0.189053 -0.707107
      outer loop
         vertex -0.00785603 -0.256761 0.14574
         vertex -0.00814511 -0.256841 0.14544
         vertex -0.00815541 -0.256703 0.14544
      endloop
   endfacet
   facet normal 0.701847 -0.0860854 -0.707107
      outer loop
         vertex -0.0082139 -0.255917 0.14544
         vertex -0.00792381 -0.255037 0.14544
         vertex -0.00766269 -0.255185 0.14574
      endloop
   endfacet
   facet normal 0.615479 -0.348118 -0.707107
      outer loop
         vertex -0.00792381 -0.255037 0.14544
         vertex -0.007319 -0.254335 0.14544
         vertex -0.00713427 -0.254572 0.14574
      endloop
   endfacet
   facet normal 0.435409 -0.557152 -0.707107
      outer loop
         vertex -0.007319 -0.254335 0.14544
         vertex -0.00649155 -0.253918 0.14544
         vertex -0.00641134 -0.254207 0.14574
      endloop
   endfacet
   facet normal -0.0823865 -0.702291 -0.707107
      outer loop
         vertex -0.00558014 -0.25385 0.14544
         vertex -0.00560395 -0.254147 0.14574
         vertex -0.00641134 -0.254207 0.14574
      endloop
   endfacet
   facet normal 0.189053 -0.681366 -0.707107
      outer loop
         vertex -0.00641134 -0.254207 0.14574
         vertex -0.00649155 -0.253918 0.14544
         vertex -0.00558014 -0.25385 0.14544
      endloop
   endfacet
   facet normal -0.0823865 -0.702291 -0.707107
      outer loop
         vertex -0.00558014 -0.25385 0.14544
         vertex -0.00556743 -0.253849 0.14544
         vertex -0.00560395 -0.254147 0.14574
      endloop
   endfacet
   facet normal 0.189053 -0.681366 -0.707107
      outer loop
         vertex -0.00641134 -0.254207 0.14574
         vertex -0.00713427 -0.254572 0.14574
         vertex -0.007319 -0.254335 0.14544
      endloop
   endfacet
   facet normal 0.435409 -0.557152 -0.707107
      outer loop
         vertex -0.00713427 -0.254572 0.14574
         vertex -0.00766269 -0.255185 0.14574
         vertex -0.00792381 -0.255037 0.14544
      endloop
   endfacet
   facet normal 0.615479 -0.348118 -0.707107
      outer loop
         vertex -0.00766269 -0.255185 0.14574
         vertex -0.00791613 -0.255954 0.14574
         vertex -0.0082139 -0.255917 0.14544
      endloop
   endfacet
   facet normal 0.691165 0.149302 -0.707107
      outer loop
         vertex -0.00815541 -0.256703 0.14544
         vertex -0.0082139 -0.255917 0.14544
         vertex -0.00791613 -0.255954 0.14574
      endloop
   endfacet
   facet normal 0.681366 0.189053 -0.707107
      outer loop
         vertex -0.00785603 -0.256761 0.14574
         vertex -0.00749153 -0.257484 0.14574
         vertex -0.00772791 -0.257669 0.14544
      endloop
   endfacet
   facet normal 0.557152 0.435409 -0.707107
      outer loop
         vertex -0.00749153 -0.257484 0.14574
         vertex -0.00687812 -0.258013 0.14574
         vertex -0.00702581 -0.258274 0.14544
      endloop
   endfacet
   facet normal 0.348118 0.615479 -0.707107
      outer loop
         vertex -0.00687812 -0.258013 0.14574
         vertex -0.00610919 -0.258266 0.14574
         vertex -0.00615781 -0.25856 0.14544
      endloop
   endfacet
   facet normal 0.0860854 0.701847 -0.707107
      outer loop
         vertex -0.00610919 -0.258266 0.14574
         vertex -0.0053018 -0.258206 0.14574
         vertex -0.00522159 -0.258495 0.14544
      endloop
   endfacet
   facet normal -0.189053 0.681366 -0.707107
      outer loop
         vertex -0.0053018 -0.258206 0.14574
         vertex -0.00457886 -0.257841 0.14574
         vertex -0.00439414 -0.258078 0.14544
      endloop
   endfacet
   facet normal -0.435409 0.557152 -0.707107
      outer loop
         vertex -0.00457886 -0.257841 0.14574
         vertex -0.00405045 -0.257228 0.14574
         vertex -0.00378933 -0.257376 0.14544
      endloop
   endfacet
   facet normal -0.634594 0.311913 -0.707107
      outer loop
         vertex -0.00374588 -0.257244 0.14544
         vertex -0.00378933 -0.257376 0.14544
         vertex -0.00405045 -0.257228 0.14574
      endloop
   endfacet
   facet normal -0.701847 0.0860854 -0.707107
      outer loop
         vertex -0.003797 -0.256459 0.14574
         vertex -0.00385711 -0.255652 0.14574
         vertex -0.00356803 -0.255571 0.14544
      endloop
   endfacet
   facet normal -0.681366 -0.189053 -0.707107
      outer loop
         vertex -0.00385711 -0.255652 0.14574
         vertex -0.00422161 -0.254929 0.14574
         vertex -0.00398523 -0.254744 0.14544
      endloop
   endfacet
   facet normal -0.557152 -0.435409 -0.707107
      outer loop
         vertex -0.00422161 -0.254929 0.14574
         vertex -0.00483502 -0.2544 0.14574
         vertex -0.00468733 -0.254139 0.14544
      endloop
   endfacet
   facet normal -0.348118 -0.615479 -0.707107
      outer loop
         vertex -0.00483502 -0.2544 0.14574
         vertex -0.00560395 -0.254147 0.14574
         vertex -0.00556743 -0.253849 0.14544
      endloop
   endfacet
   facet normal 0.267361 -0.963596 -5.54677e-17
      outer loop
         vertex -0.00641134 -0.254207 0.14574
         vertex -0.00560395 -0.254147 0.14574
         vertex -0.00560395 -0.254147 0.14844
      endloop
   endfacet
   facet normal 0.615762 -0.787933 -5.37739e-17
      outer loop
         vertex -0.00713427 -0.254572 0.14574
         vertex -0.00641134 -0.254207 0.14574
         vertex -0.00641134 -0.254207 0.14844
      endloop
   endfacet
   facet normal 0.870418 -0.492313 -4.38936e-17
      outer loop
         vertex -0.00766269 -0.255185 0.14574
         vertex -0.00713427 -0.254572 0.14574
         vertex -0.00713427 -0.254572 0.14844
      endloop
   endfacet
   facet normal 0.992562 -0.121743 -2.73308e-17
      outer loop
         vertex -0.00791613 -0.255954 0.14574
         vertex -0.00766269 -0.255185 0.14574
         vertex -0.00766269 -0.255185 0.14844
      endloop
   endfacet
   facet normal 0.963596 0.267361 -6.60714e-18
      outer loop
         vertex -0.00785603 -0.256761 0.14574
         vertex -0.00791613 -0.255954 0.14574
         vertex -0.00791613 -0.255954 0.14844
      endloop
   endfacet
   facet normal 0.787933 0.615762 1.51224e-17
      outer loop
         vertex -0.00749153 -0.257484 0.14574
         vertex -0.00785603 -0.256761 0.14574
         vertex -0.00785603 -0.256761 0.14844
      endloop
   endfacet
   facet normal 0.492313 0.870418 3.45497e-17
      outer loop
         vertex -0.00687812 -0.258013 0.14574
         vertex -0.00749153 -0.257484 0.14574
         vertex -0.00749153 -0.257484 0.14844
      endloop
   endfacet
   facet normal 0.121743 0.992562 4.87171e-17
      outer loop
         vertex -0.00610919 -0.258266 0.14574
         vertex -0.00687812 -0.258013 0.14574
         vertex -0.00687812 -0.258013 0.14844
      endloop
   endfacet
   facet normal -0.267361 0.963596 5.54677e-17
      outer loop
         vertex -0.0053018 -0.258206 0.14574
         vertex -0.00610919 -0.258266 0.14574
         vertex -0.00610919 -0.258266 0.14844
      endloop
   endfacet
   facet normal -0.615762 0.787933 5.37739e-17
      outer loop
         vertex -0.00457886 -0.257841 0.14574
         vertex -0.0053018 -0.258206 0.14574
         vertex -0.0053018 -0.258206 0.14844
      endloop
   endfacet
   facet normal -0.870418 0.492313 4.38936e-17
      outer loop
         vertex -0.00405045 -0.257228 0.14574
         vertex -0.00457886 -0.257841 0.14574
         vertex -0.00457886 -0.257841 0.14844
      endloop
   endfacet
   facet normal -0.992562 0.121743 2.73308e-17
      outer loop
         vertex -0.003797 -0.256459 0.14574
         vertex -0.00405045 -0.257228 0.14574
         vertex -0.00405045 -0.257228 0.14844
      endloop
   endfacet
   facet normal -0.963596 -0.267361 6.60714e-18
      outer loop
         vertex -0.00385711 -0.255652 0.14574
         vertex -0.003797 -0.256459 0.14574
         vertex -0.003797 -0.256459 0.14844
      endloop
   endfacet
   facet normal -0.787933 -0.615762 -1.51224e-17
      outer loop
         vertex -0.00422161 -0.254929 0.14574
         vertex -0.00385711 -0.255652 0.14574
         vertex -0.00385711 -0.255652 0.14844
      endloop
   endfacet
   facet normal -0.492313 -0.870418 -3.45497e-17
      outer loop
         vertex -0.00483502 -0.2544 0.14574
         vertex -0.00422161 -0.254929 0.14574
         vertex -0.00422161 -0.254929 0.14844
      endloop
   endfacet
   facet normal -0.121743 -0.992562 -4.87171e-17
      outer loop
         vertex -0.00560395 -0.254147 0.14574
         vertex -0.00483502 -0.2544 0.14574
         vertex -0.00483502 -0.2544 0.14844
      endloop
   endfacet
   facet normal -0.492313 -0.870418 -3.45497e-17
      outer loop
         vertex -0.00483502 -0.2544 0.14844
         vertex -0.00560395 -0.254147 0.14844
         vertex -0.00560395 -0.254147 0.14574
      endloop
   endfacet
   facet normal -0.787933 -0.615762 -1.51224e-17
      outer loop
         vertex -0.00422161 -0.254929 0.14844
         vertex -0.00483502 -0.2544 0.14844
         vertex -0.00483502 -0.2544 0.14574
      endloop
   endfacet
   facet normal -0.963596 -0.267361 6.60714e-18
      outer loop
         vertex -0.00385711 -0.255652 0.14844
         vertex -0.00422161 -0.254929 0.14844
         vertex -0.00422161 -0.254929 0.14574
      endloop
   endfacet
   facet normal -0.992562 0.121743 2.73308e-17
      outer loop
         vertex -0.003797 -0.256459 0.14844
         vertex -0.00385711 -0.255652 0.14844
         vertex -0.00385711 -0.255652 0.14574
      endloop
   endfacet
   facet normal -0.870418 0.492313 4.38936e-17
      outer loop
         vertex -0.00405045 -0.257228 0.14844
         vertex -0.003797 -0.256459 0.14844
         vertex -0.003797 -0.256459 0.14574
      endloop
   endfacet
   facet normal -0.615762 0.787933 5.37739e-17
      outer loop
         vertex -0.00457886 -0.257841 0.14844
         vertex -0.00405045 -0.257228 0.14844
         vertex -0.00405045 -0.257228 0.14574
      endloop
   endfacet
   facet normal -0.267361 0.963596 5.54677e-17
      outer loop
         vertex -0.0053018 -0.258206 0.14844
         vertex -0.00457886 -0.257841 0.14844
         vertex -0.00457886 -0.257841 0.14574
      endloop
   endfacet
   facet normal 0.121743 0.992562 4.87171e-17
      outer loop
         vertex -0.00610919 -0.258266 0.14844
         vertex -0.0053018 -0.258206 0.14844
         vertex -0.0053018 -0.258206 0.14574
      endloop
   endfacet
   facet normal 0.492313 0.870418 3.45497e-17
      outer loop
         vertex -0.00687812 -0.258013 0.14844
         vertex -0.00610919 -0.258266 0.14844
         vertex -0.00610919 -0.258266 0.14574
      endloop
   endfacet
   facet normal 0.787933 0.615762 1.51224e-17
      outer loop
         vertex -0.00749153 -0.257484 0.14844
         vertex -0.00687812 -0.258013 0.14844
         vertex -0.00687812 -0.258013 0.14574
      endloop
   endfacet
   facet normal 0.963596 0.267361 -6.60714e-18
      outer loop
         vertex -0.00785603 -0.256761 0.14844
         vertex -0.00749153 -0.257484 0.14844
         vertex -0.00749153 -0.257484 0.14574
      endloop
   endfacet
   facet normal 0.992562 -0.121743 -2.73308e-17
      outer loop
         vertex -0.00791613 -0.255954 0.14844
         vertex -0.00785603 -0.256761 0.14844
         vertex -0.00785603 -0.256761 0.14574
      endloop
   endfacet
   facet normal 0.870418 -0.492313 -4.38936e-17
      outer loop
         vertex -0.00766269 -0.255185 0.14844
         vertex -0.00791613 -0.255954 0.14844
         vertex -0.00791613 -0.255954 0.14574
      endloop
   endfacet
   facet normal 0.615762 -0.787933 -5.37739e-17
      outer loop
         vertex -0.00713427 -0.254572 0.14844
         vertex -0.00766269 -0.255185 0.14844
         vertex -0.00766269 -0.255185 0.14574
      endloop
   endfacet
   facet normal 0.267361 -0.963596 -5.54677e-17
      outer loop
         vertex -0.00641134 -0.254207 0.14844
         vertex -0.00713427 -0.254572 0.14844
         vertex -0.00713427 -0.254572 0.14574
      endloop
   endfacet
   facet normal -0.121743 -0.992562 -4.87171e-17
      outer loop
         vertex -0.00560395 -0.254147 0.14844
         vertex -0.00641134 -0.254207 0.14844
         vertex -0.00641134 -0.254207 0.14574
      endloop
   endfacet
   facet normal -2.11965e-17 5.1682e-17 -1
      outer loop
         vertex -0.00585657 -0.256206 0.14844
         vertex -0.00483502 -0.2544 0.14844
         vertex -0.00422161 -0.254929 0.14844
      endloop
   endfacet
   facet normal -2.11965e-17 5.1682e-17 -1
      outer loop
         vertex -0.00422161 -0.254929 0.14844
         vertex -0.00385711 -0.255652 0.14844
         vertex -0.00585657 -0.256206 0.14844
      endloop
   endfacet
   facet normal -2.11965e-17 5.1682e-17 -1
      outer loop
         vertex -0.00385711 -0.255652 0.14844
         vertex -0.003797 -0.256459 0.14844
         vertex -0.00585657 -0.256206 0.14844
      endloop
   endfacet
   facet normal -2.11965e-17 5.1682e-17 -1
      outer loop
         vertex -0.003797 -0.256459 0.14844
         vertex -0.00405045 -0.257228 0.14844
         vertex -0.00585657 -0.256206 0.14844
      endloop
   endfacet
   facet normal -2.11965e-17 5.1682e-17 -1
      outer loop
         vertex -0.00405045 -0.257228 0.14844
         vertex -0.00457886 -0.257841 0.14844
         vertex -0.00585657 -0.256206 0.14844
      endloop
   endfacet
   facet normal -2.11965e-17 5.1682e-17 -1
      outer loop
         vertex -0.00457886 -0.257841 0.14844
         vertex -0.0053018 -0.258206 0.14844
         vertex -0.00585657 -0.256206 0.14844
      endloop
   endfacet
   facet normal -2.11965e-17 5.1682e-17 -1
      outer loop
         vertex -0.0053018 -0.258206 0.14844
         vertex -0.00610919 -0.258266 0.14844
         vertex -0.00585657 -0.256206 0.14844
      endloop
   endfacet
   facet normal -2.11965e-17 5.1682e-17 -1
      outer loop
         vertex -0.00610919 -0.258266 0.14844
         vertex -0.00687812 -0.258013 0.14844
         vertex -0.00585657 -0.256206 0.14844
      endloop
   endfacet
   facet normal -2.11965e-17 5.1682e-17 -1
      outer loop
         vertex -0.00687812 -0.258013 0.14844
         vertex -0.00749153 -0.257484 0.14844
         vertex -0.00585657 -0.256206 0.14844
      endloop
   endfacet
   facet normal -2.11965e-17 5.1682e-17 -1
      outer loop
         vertex -0.00749153 -0.257484 0.14844
         vertex -0.00785603 -0.256761 0.14844
         vertex -0.00585657 -0.256206 0.14844
      endloop
   endfacet
   facet normal -2.11965e-17 5.1682e-17 -1
      outer loop
         vertex -0.00785603 -0.256761 0.14844
         vertex -0.00791613 -0.255954 0.14844
         vertex -0.00585657 -0.256206 0.14844
      endloop
   endfacet
   facet normal -2.11965e-17 5.1682e-17 -1
      outer loop
         vertex -0.00791613 -0.255954 0.14844
         vertex -0.00766269 -0.255185 0.14844
         vertex -0.00585657 -0.256206 0.14844
      endloop
   endfacet
   facet normal -2.11965e-17 5.1682e-17 -1
      outer loop
         vertex -0.00766269 -0.255185 0.14844
         vertex -0.00713427 -0.254572 0.14844
         vertex -0.00585657 -0.256206 0.14844
      endloop
   endfacet
   facet normal -2.11965e-17 5.1682e-17 -1
      outer loop
         vertex -0.00713427 -0.254572 0.14844
         vertex -0.00641134 -0.254207 0.14844
         vertex -0.00585657 -0.256206 0.14844
      endloop
   endfacet
   facet normal -2.11965e-17 5.1682e-17 -1
      outer loop
         vertex -0.00641134 -0.254207 0.14844
         vertex -0.00560395 -0.254147 0.14844
         vertex -0.00585657 -0.256206 0.14844
      endloop
   endfacet
   facet normal -2.11965e-17 5.1682e-17 -1
      outer loop
         vertex -0.00560395 -0.254147 0.14844
         vertex -0.00483502 -0.2544 0.14844
         vertex -0.00585657 -0.256206 0.14844
      endloop
   endfacet
   facet normal -0.0860854 -0.701847 -0.707107
      outer loop
         vertex 0.00957818 -0.247418 0.14544
         vertex 0.0104583 -0.247708 0.14544
         vertex 0.0103106 -0.247969 0.14574
      endloop
   endfacet
   facet normal -0.348118 -0.615479 -0.707107
      outer loop
         vertex 0.0104583 -0.247708 0.14544
         vertex 0.0111604 -0.248313 0.14544
         vertex 0.010924 -0.248498 0.14574
      endloop
   endfacet
   facet normal -0.557152 -0.435409 -0.707107
      outer loop
         vertex 0.0111604 -0.248313 0.14544
         vertex 0.0115776 -0.24914 0.14544
         vertex 0.0112885 -0.24922 0.14574
      endloop
   endfacet
   facet normal -0.681366 -0.189053 -0.707107
      outer loop
         vertex 0.0115776 -0.24914 0.14544
         vertex 0.0116464 -0.250064 0.14544
         vertex 0.0113486 -0.250028 0.14574
      endloop
   endfacet
   facet normal -0.701847 0.0860854 -0.707107
      outer loop
         vertex 0.0116464 -0.250064 0.14544
         vertex 0.0113563 -0.250945 0.14544
         vertex 0.0110952 -0.250797 0.14574
      endloop
   endfacet
   facet normal -0.615479 0.348118 -0.707107
      outer loop
         vertex 0.0113563 -0.250945 0.14544
         vertex 0.0107515 -0.251647 0.14544
         vertex 0.0105667 -0.25141 0.14574
      endloop
   endfacet
   facet normal -0.435409 0.557152 -0.707107
      outer loop
         vertex 0.0107515 -0.251647 0.14544
         vertex 0.00992403 -0.252064 0.14544
         vertex 0.00984382 -0.251775 0.14574
      endloop
   endfacet
   facet normal -0.189053 0.681366 -0.707107
      outer loop
         vertex 0.00992403 -0.252064 0.14544
         vertex 0.0089999 -0.252133 0.14544
         vertex 0.00903643 -0.251835 0.14574
      endloop
   endfacet
   facet normal 0.0860854 0.701847 -0.707107
      outer loop
         vertex 0.0089999 -0.252133 0.14544
         vertex 0.0081198 -0.251843 0.14544
         vertex 0.0082675 -0.251581 0.14574
      endloop
   endfacet
   facet normal 0.348118 0.615479 -0.707107
      outer loop
         vertex 0.0081198 -0.251843 0.14544
         vertex 0.0074177 -0.251238 0.14544
         vertex 0.00765408 -0.251053 0.14574
      endloop
   endfacet
   facet normal 0.557152 0.435409 -0.707107
      outer loop
         vertex 0.00765408 -0.251053 0.14574
         vertex 0.0074177 -0.251238 0.14544
         vertex 0.00720542 -0.250817 0.14544
      endloop
   endfacet
   facet normal 0.632507 0.316125 -0.707107
      outer loop
         vertex 0.00720542 -0.250817 0.14544
         vertex 0.00728958 -0.25033 0.14574
         vertex 0.00765408 -0.251053 0.14574
      endloop
   endfacet
   facet normal 0.681366 0.189053 -0.707107
      outer loop
         vertex 0.0070005 -0.25041 0.14544
         vertex 0.00693171 -0.249486 0.14544
         vertex 0.00722948 -0.249523 0.14574
      endloop
   endfacet
   facet normal 0.701847 -0.0860854 -0.707107
      outer loop
         vertex 0.00693171 -0.249486 0.14544
         vertex 0.0072218 -0.248606 0.14544
         vertex 0.00748293 -0.248754 0.14574
      endloop
   endfacet
   facet normal 0.435409 -0.557152 -0.707107
      outer loop
         vertex 0.00801134 -0.24814 0.14574
         vertex 0.00748293 -0.248754 0.14574
         vertex 0.00751886 -0.248261 0.14544
      endloop
   endfacet
   facet normal 0.615479 -0.348118 -0.707107
      outer loop
         vertex 0.00748293 -0.248754 0.14574
         vertex 0.0072218 -0.248606 0.14544
         vertex 0.00751886 -0.248261 0.14544
      endloop
   endfacet
   facet normal 0.435409 -0.557152 -0.707107
      outer loop
         vertex 0.00782661 -0.247904 0.14544
         vertex 0.00865406 -0.247487 0.14544
         vertex 0.00873427 -0.247776 0.14574
      endloop
   endfacet
   facet normal 0.189053 -0.681366 -0.707107
      outer loop
         vertex 0.00865406 -0.247487 0.14544
         vertex 0.00957818 -0.247418 0.14544
         vertex 0.00954166 -0.247716 0.14574
      endloop
   endfacet
   facet normal -0.0860854 -0.701847 -0.707107
      outer loop
         vertex 0.00954166 -0.247716 0.14574
         vertex 0.00873427 -0.247776 0.14574
         vertex 0.00865406 -0.247487 0.14544
      endloop
   endfacet
   facet normal 0.189053 -0.681366 -0.707107
      outer loop
         vertex 0.00873427 -0.247776 0.14574
         vertex 0.00801134 -0.24814 0.14574
         vertex 0.00782661 -0.247904 0.14544
      endloop
   endfacet
   facet normal 0.537358 -0.459616 -0.707107
      outer loop
         vertex 0.00751886 -0.248261 0.14544
         vertex 0.00782661 -0.247904 0.14544
         vertex 0.00801134 -0.24814 0.14574
      endloop
   endfacet
   facet normal 0.615479 -0.348118 -0.707107
      outer loop
         vertex 0.00748293 -0.248754 0.14574
         vertex 0.00722948 -0.249523 0.14574
         vertex 0.00693171 -0.249486 0.14544
      endloop
   endfacet
   facet normal 0.701847 -0.0860854 -0.707107
      outer loop
         vertex 0.00722948 -0.249523 0.14574
         vertex 0.00728958 -0.25033 0.14574
         vertex 0.0070005 -0.25041 0.14544
      endloop
   endfacet
   facet normal 0.632507 0.316125 -0.707107
      outer loop
         vertex 0.00720542 -0.250817 0.14544
         vertex 0.0070005 -0.25041 0.14544
         vertex 0.00728958 -0.25033 0.14574
      endloop
   endfacet
   facet normal 0.557152 0.435409 -0.707107
      outer loop
         vertex 0.00765408 -0.251053 0.14574
         vertex 0.0082675 -0.251581 0.14574
         vertex 0.0081198 -0.251843 0.14544
      endloop
   endfacet
   facet normal 0.348118 0.615479 -0.707107
      outer loop
         vertex 0.0082675 -0.251581 0.14574
         vertex 0.00903643 -0.251835 0.14574
         vertex 0.0089999 -0.252133 0.14544
      endloop
   endfacet
   facet normal 0.0860854 0.701847 -0.707107
      outer loop
         vertex 0.00903643 -0.251835 0.14574
         vertex 0.00984382 -0.251775 0.14574
         vertex 0.00992403 -0.252064 0.14544
      endloop
   endfacet
   facet normal -0.189053 0.681366 -0.707107
      outer loop
         vertex 0.00984382 -0.251775 0.14574
         vertex 0.0105667 -0.25141 0.14574
         vertex 0.0107515 -0.251647 0.14544
      endloop
   endfacet
   facet normal -0.435409 0.557152 -0.707107
      outer loop
         vertex 0.0105667 -0.25141 0.14574
         vertex 0.0110952 -0.250797 0.14574
         vertex 0.0113563 -0.250945 0.14544
      endloop
   endfacet
   facet normal -0.615479 0.348118 -0.707107
      outer loop
         vertex 0.0110952 -0.250797 0.14574
         vertex 0.0113486 -0.250028 0.14574
         vertex 0.0116464 -0.250064 0.14544
      endloop
   endfacet
   facet normal -0.701847 0.0860854 -0.707107
      outer loop
         vertex 0.0113486 -0.250028 0.14574
         vertex 0.0112885 -0.24922 0.14574
         vertex 0.0115776 -0.24914 0.14544
      endloop
   endfacet
   facet normal -0.681366 -0.189053 -0.707107
      outer loop
         vertex 0.0112885 -0.24922 0.14574
         vertex 0.010924 -0.248498 0.14574
         vertex 0.0111604 -0.248313 0.14544
      endloop
   endfacet
   facet normal -0.557152 -0.435409 -0.707107
      outer loop
         vertex 0.010924 -0.248498 0.14574
         vertex 0.0103106 -0.247969 0.14574
         vertex 0.0104583 -0.247708 0.14544
      endloop
   endfacet
   facet normal -0.348118 -0.615479 -0.707107
      outer loop
         vertex 0.0103106 -0.247969 0.14574
         vertex 0.00954166 -0.247716 0.14574
         vertex 0.00957818 -0.247418 0.14544
      endloop
   endfacet
   facet normal 0.267361 -0.963596 -5.54677e-17
      outer loop
         vertex 0.00873427 -0.247776 0.14574
         vertex 0.00954166 -0.247716 0.14574
         vertex 0.00954166 -0.247716 0.14844
      endloop
   endfacet
   facet normal 0.615762 -0.787933 -5.37739e-17
      outer loop
         vertex 0.00801134 -0.24814 0.14574
         vertex 0.00873427 -0.247776 0.14574
         vertex 0.00873427 -0.247776 0.14844
      endloop
   endfacet
   facet normal 0.870418 -0.492313 -4.38936e-17
      outer loop
         vertex 0.00748293 -0.248754 0.14574
         vertex 0.00801134 -0.24814 0.14574
         vertex 0.00801134 -0.24814 0.14844
      endloop
   endfacet
   facet normal 0.992562 -0.121743 -2.73308e-17
      outer loop
         vertex 0.00722948 -0.249523 0.14574
         vertex 0.00748293 -0.248754 0.14574
         vertex 0.00748293 -0.248754 0.14844
      endloop
   endfacet
   facet normal 0.963596 0.267361 -6.60714e-18
      outer loop
         vertex 0.00728958 -0.25033 0.14574
         vertex 0.00722948 -0.249523 0.14574
         vertex 0.00722948 -0.249523 0.14844
      endloop
   endfacet
   facet normal 0.787933 0.615762 1.51224e-17
      outer loop
         vertex 0.00765408 -0.251053 0.14574
         vertex 0.00728958 -0.25033 0.14574
         vertex 0.00728958 -0.25033 0.14844
      endloop
   endfacet
   facet normal 0.492313 0.870418 3.45497e-17
      outer loop
         vertex 0.0082675 -0.251581 0.14574
         vertex 0.00765408 -0.251053 0.14574
         vertex 0.00765408 -0.251053 0.14844
      endloop
   endfacet
   facet normal 0.121743 0.992562 4.87171e-17
      outer loop
         vertex 0.00903643 -0.251835 0.14574
         vertex 0.0082675 -0.251581 0.14574
         vertex 0.0082675 -0.251581 0.14844
      endloop
   endfacet
   facet normal -0.267361 0.963596 5.54677e-17
      outer loop
         vertex 0.00984382 -0.251775 0.14574
         vertex 0.00903643 -0.251835 0.14574
         vertex 0.00903643 -0.251835 0.14844
      endloop
   endfacet
   facet normal -0.615762 0.787933 5.37739e-17
      outer loop
         vertex 0.0105667 -0.25141 0.14574
         vertex 0.00984382 -0.251775 0.14574
         vertex 0.00984382 -0.251775 0.14844
      endloop
   endfacet
   facet normal -0.870418 0.492313 4.38936e-17
      outer loop
         vertex 0.0110952 -0.250797 0.14574
         vertex 0.0105667 -0.25141 0.14574
         vertex 0.0105667 -0.25141 0.14844
      endloop
   endfacet
   facet normal -0.992562 0.121743 2.73308e-17
      outer loop
         vertex 0.0113486 -0.250028 0.14574
         vertex 0.0110952 -0.250797 0.14574
         vertex 0.0110952 -0.250797 0.14844
      endloop
   endfacet
   facet normal -0.963596 -0.267361 6.60714e-18
      outer loop
         vertex 0.0112885 -0.24922 0.14574
         vertex 0.0113486 -0.250028 0.14574
         vertex 0.0113486 -0.250028 0.14844
      endloop
   endfacet
   facet normal -0.787933 -0.615762 -1.51224e-17
      outer loop
         vertex 0.010924 -0.248498 0.14574
         vertex 0.0112885 -0.24922 0.14574
         vertex 0.0112885 -0.24922 0.14844
      endloop
   endfacet
   facet normal -0.492313 -0.870418 -3.45497e-17
      outer loop
         vertex 0.0103106 -0.247969 0.14574
         vertex 0.010924 -0.248498 0.14574
         vertex 0.010924 -0.248498 0.14844
      endloop
   endfacet
   facet normal -0.121743 -0.992562 -4.87171e-17
      outer loop
         vertex 0.00954166 -0.247716 0.14574
         vertex 0.0103106 -0.247969 0.14574
         vertex 0.0103106 -0.247969 0.14844
      endloop
   endfacet
   facet normal -0.492313 -0.870418 -3.45497e-17
      outer loop
         vertex 0.0103106 -0.247969 0.14844
         vertex 0.00954166 -0.247716 0.14844
         vertex 0.00954166 -0.247716 0.14574
      endloop
   endfacet
   facet normal -0.787933 -0.615762 -1.51224e-17
      outer loop
         vertex 0.010924 -0.248498 0.14844
         vertex 0.0103106 -0.247969 0.14844
         vertex 0.0103106 -0.247969 0.14574
      endloop
   endfacet
   facet normal -0.963596 -0.267361 6.60714e-18
      outer loop
         vertex 0.0112885 -0.24922 0.14844
         vertex 0.010924 -0.248498 0.14844
         vertex 0.010924 -0.248498 0.14574
      endloop
   endfacet
   facet normal -0.992562 0.121743 2.73308e-17
      outer loop
         vertex 0.0113486 -0.250028 0.14844
         vertex 0.0112885 -0.24922 0.14844
         vertex 0.0112885 -0.24922 0.14574
      endloop
   endfacet
   facet normal -0.870418 0.492313 4.38936e-17
      outer loop
         vertex 0.0110952 -0.250797 0.14844
         vertex 0.0113486 -0.250028 0.14844
         vertex 0.0113486 -0.250028 0.14574
      endloop
   endfacet
   facet normal -0.615762 0.787933 5.37739e-17
      outer loop
         vertex 0.0105667 -0.25141 0.14844
         vertex 0.0110952 -0.250797 0.14844
         vertex 0.0110952 -0.250797 0.14574
      endloop
   endfacet
   facet normal -0.267361 0.963596 5.54677e-17
      outer loop
         vertex 0.00984382 -0.251775 0.14844
         vertex 0.0105667 -0.25141 0.14844
         vertex 0.0105667 -0.25141 0.14574
      endloop
   endfacet
   facet normal 0.121743 0.992562 4.87171e-17
      outer loop
         vertex 0.00903643 -0.251835 0.14844
         vertex 0.00984382 -0.251775 0.14844
         vertex 0.00984382 -0.251775 0.14574
      endloop
   endfacet
   facet normal 0.492313 0.870418 3.45497e-17
      outer loop
         vertex 0.0082675 -0.251581 0.14844
         vertex 0.00903643 -0.251835 0.14844
         vertex 0.00903643 -0.251835 0.14574
      endloop
   endfacet
   facet normal 0.787933 0.615762 1.51224e-17
      outer loop
         vertex 0.00765408 -0.251053 0.14844
         vertex 0.0082675 -0.251581 0.14844
         vertex 0.0082675 -0.251581 0.14574
      endloop
   endfacet
   facet normal 0.963596 0.267361 -6.60714e-18
      outer loop
         vertex 0.00728958 -0.25033 0.14844
         vertex 0.00765408 -0.251053 0.14844
         vertex 0.00765408 -0.251053 0.14574
      endloop
   endfacet
   facet normal 0.992562 -0.121743 -2.73308e-17
      outer loop
         vertex 0.00722948 -0.249523 0.14844
         vertex 0.00728958 -0.25033 0.14844
         vertex 0.00728958 -0.25033 0.14574
      endloop
   endfacet
   facet normal 0.870418 -0.492313 -4.38936e-17
      outer loop
         vertex 0.00748293 -0.248754 0.14844
         vertex 0.00722948 -0.249523 0.14844
         vertex 0.00722948 -0.249523 0.14574
      endloop
   endfacet
   facet normal 0.615762 -0.787933 -5.37739e-17
      outer loop
         vertex 0.00801134 -0.24814 0.14844
         vertex 0.00748293 -0.248754 0.14844
         vertex 0.00748293 -0.248754 0.14574
      endloop
   endfacet
   facet normal 0.267361 -0.963596 -5.54677e-17
      outer loop
         vertex 0.00873427 -0.247776 0.14844
         vertex 0.00801134 -0.24814 0.14844
         vertex 0.00801134 -0.24814 0.14574
      endloop
   endfacet
   facet normal -0.121743 -0.992562 -4.87171e-17
      outer loop
         vertex 0.00954166 -0.247716 0.14844
         vertex 0.00873427 -0.247776 0.14844
         vertex 0.00873427 -0.247776 0.14574
      endloop
   endfacet
   facet normal -2.11965e-17 5.1682e-17 -1
      outer loop
         vertex 0.00928904 -0.249775 0.14844
         vertex 0.0103106 -0.247969 0.14844
         vertex 0.010924 -0.248498 0.14844
      endloop
   endfacet
   facet normal -2.11965e-17 5.1682e-17 -1
      outer loop
         vertex 0.010924 -0.248498 0.14844
         vertex 0.0112885 -0.24922 0.14844
         vertex 0.00928904 -0.249775 0.14844
      endloop
   endfacet
   facet normal -2.11965e-17 5.1682e-17 -1
      outer loop
         vertex 0.0112885 -0.24922 0.14844
         vertex 0.0113486 -0.250028 0.14844
         vertex 0.00928904 -0.249775 0.14844
      endloop
   endfacet
   facet normal -2.11965e-17 5.1682e-17 -1
      outer loop
         vertex 0.0113486 -0.250028 0.14844
         vertex 0.0110952 -0.250797 0.14844
         vertex 0.00928904 -0.249775 0.14844
      endloop
   endfacet
   facet normal -2.11965e-17 5.1682e-17 -1
      outer loop
         vertex 0.0110952 -0.250797 0.14844
         vertex 0.0105667 -0.25141 0.14844
         vertex 0.00928904 -0.249775 0.14844
      endloop
   endfacet
   facet normal -2.11965e-17 5.1682e-17 -1
      outer loop
         vertex 0.0105667 -0.25141 0.14844
         vertex 0.00984382 -0.251775 0.14844
         vertex 0.00928904 -0.249775 0.14844
      endloop
   endfacet
   facet normal -2.11965e-17 5.1682e-17 -1
      outer loop
         vertex 0.00984382 -0.251775 0.14844
         vertex 0.00903643 -0.251835 0.14844
         vertex 0.00928904 -0.249775 0.14844
      endloop
   endfacet
   facet normal -2.11965e-17 5.1682e-17 -1
      outer loop
         vertex 0.00903643 -0.251835 0.14844
         vertex 0.0082675 -0.251581 0.14844
         vertex 0.00928904 -0.249775 0.14844
      endloop
   endfacet
   facet normal -2.11965e-17 5.1682e-17 -1
      outer loop
         vertex 0.0082675 -0.251581 0.14844
         vertex 0.00765408 -0.251053 0.14844
         vertex 0.00928904 -0.249775 0.14844
      endloop
   endfacet
   facet normal -2.11965e-17 5.1682e-17 -1
      outer loop
         vertex 0.00765408 -0.251053 0.14844
         vertex 0.00728958 -0.25033 0.14844
         vertex 0.00928904 -0.249775 0.14844
      endloop
   endfacet
   facet normal -2.11965e-17 5.1682e-17 -1
      outer loop
         vertex 0.00728958 -0.25033 0.14844
         vertex 0.00722948 -0.249523 0.14844
         vertex 0.00928904 -0.249775 0.14844
      endloop
   endfacet
   facet normal -2.11965e-17 5.1682e-17 -1
      outer loop
         vertex 0.00722948 -0.249523 0.14844
         vertex 0.00748293 -0.248754 0.14844
         vertex 0.00928904 -0.249775 0.14844
      endloop
   endfacet
   facet normal -2.11965e-17 5.1682e-17 -1
      outer loop
         vertex 0.00748293 -0.248754 0.14844
         vertex 0.00801134 -0.24814 0.14844
         vertex 0.00928904 -0.249775 0.14844
      endloop
   endfacet
   facet normal -2.11965e-17 5.1682e-17 -1
      outer loop
         vertex 0.00801134 -0.24814 0.14844
         vertex 0.00873427 -0.247776 0.14844
         vertex 0.00928904 -0.249775 0.14844
      endloop
   endfacet
   facet normal -2.11965e-17 5.1682e-17 -1
      outer loop
         vertex 0.00873427 -0.247776 0.14844
         vertex 0.00954166 -0.247716 0.14844
         vertex 0.00928904 -0.249775 0.14844
      endloop
   endfacet
   facet normal -2.11965e-17 5.1682e-17 -1
      outer loop
         vertex 0.00954166 -0.247716 0.14844
         vertex 0.0103106 -0.247969 0.14844
         vertex 0.00928904 -0.249775 0.14844
      endloop
   endfacet
   facet normal 0.267361 -0.963596 -5.54677e-17
      outer loop
         vertex -0.0103665 -0.239086 0.14544
         vertex -0.00943265 -0.239016 0.14544
         vertex -0.00943265 -0.239016 0.16929
      endloop
   endfacet
   facet normal 0.615762 -0.787933 -5.37739e-17
      outer loop
         vertex -0.0112027 -0.239507 0.14544
         vertex -0.0103665 -0.239086 0.14544
         vertex -0.0103665 -0.239086 0.16929
      endloop
   endfacet
   facet normal 0.870418 -0.492313 -4.38936e-17
      outer loop
         vertex -0.0118138 -0.240217 0.14544
         vertex -0.0112027 -0.239507 0.14544
         vertex -0.0112027 -0.239507 0.16929
      endloop
   endfacet
   facet normal 0.992562 -0.121743 -2.73308e-17
      outer loop
         vertex -0.012107 -0.241106 0.14544
         vertex -0.0118138 -0.240217 0.14544
         vertex -0.0118138 -0.240217 0.16929
      endloop
   endfacet
   facet normal 0.963596 0.267361 -6.60714e-18
      outer loop
         vertex -0.0120375 -0.24204 0.14544
         vertex -0.012107 -0.241106 0.14544
         vertex -0.012107 -0.241106 0.16929
      endloop
   endfacet
   facet normal 0.787933 0.615762 1.51224e-17
      outer loop
         vertex -0.0116159 -0.242876 0.14544
         vertex -0.0120375 -0.24204 0.14544
         vertex -0.0120375 -0.24204 0.16929
      endloop
   endfacet
   facet normal 0.492313 0.870418 3.45497e-17
      outer loop
         vertex -0.0109064 -0.243487 0.14544
         vertex -0.0116159 -0.242876 0.14544
         vertex -0.0116159 -0.242876 0.16929
      endloop
   endfacet
   facet normal 0.121743 0.992562 4.87171e-17
      outer loop
         vertex -0.010017 -0.24378 0.14544
         vertex -0.0109064 -0.243487 0.14544
         vertex -0.0109064 -0.243487 0.16929
      endloop
   endfacet
   facet normal -0.267361 0.963596 5.54677e-17
      outer loop
         vertex -0.00908317 -0.243711 0.14544
         vertex -0.010017 -0.24378 0.14544
         vertex -0.010017 -0.24378 0.16929
      endloop
   endfacet
   facet normal -0.615762 0.787933 5.37739e-17
      outer loop
         vertex -0.00824701 -0.243289 0.14544
         vertex -0.00908317 -0.243711 0.14544
         vertex -0.00908317 -0.243711 0.16929
      endloop
   endfacet
   facet normal -0.870418 0.492313 4.38936e-17
      outer loop
         vertex -0.00763583 -0.24258 0.14544
         vertex -0.00824701 -0.243289 0.14544
         vertex -0.00824701 -0.243289 0.16929
      endloop
   endfacet
   facet normal -0.992562 0.121743 2.73308e-17
      outer loop
         vertex -0.00734269 -0.24169 0.14544
         vertex -0.00763583 -0.24258 0.14544
         vertex -0.00763583 -0.24258 0.16929
      endloop
   endfacet
   facet normal -0.963596 -0.267361 6.60714e-18
      outer loop
         vertex -0.0074122 -0.240756 0.14544
         vertex -0.00734269 -0.24169 0.14544
         vertex -0.00734269 -0.24169 0.16929
      endloop
   endfacet
   facet normal -0.787933 -0.615762 -1.51224e-17
      outer loop
         vertex -0.0078338 -0.23992 0.14544
         vertex -0.0074122 -0.240756 0.14544
         vertex -0.0074122 -0.240756 0.16929
      endloop
   endfacet
   facet normal -0.492313 -0.870418 -3.45497e-17
      outer loop
         vertex -0.00854328 -0.239309 0.14544
         vertex -0.0078338 -0.23992 0.14544
         vertex -0.0078338 -0.23992 0.16929
      endloop
   endfacet
   facet normal -0.121743 -0.992562 -4.87171e-17
      outer loop
         vertex -0.00943265 -0.239016 0.14544
         vertex -0.00854328 -0.239309 0.14544
         vertex -0.00854328 -0.239309 0.16929
      endloop
   endfacet
   facet normal -0.492313 -0.870418 -3.45497e-17
      outer loop
         vertex -0.00854328 -0.239309 0.16929
         vertex -0.00943265 -0.239016 0.16929
         vertex -0.00943265 -0.239016 0.14544
      endloop
   endfacet
   facet normal -0.787933 -0.615762 -1.51224e-17
      outer loop
         vertex -0.0078338 -0.23992 0.16929
         vertex -0.00854328 -0.239309 0.16929
         vertex -0.00854328 -0.239309 0.14544
      endloop
   endfacet
   facet normal -0.963596 -0.267361 6.60714e-18
      outer loop
         vertex -0.0074122 -0.240756 0.16929
         vertex -0.0078338 -0.23992 0.16929
         vertex -0.0078338 -0.23992 0.14544
      endloop
   endfacet
   facet normal -0.992562 0.121743 2.73308e-17
      outer loop
         vertex -0.00734269 -0.24169 0.16929
         vertex -0.0074122 -0.240756 0.16929
         vertex -0.0074122 -0.240756 0.14544
      endloop
   endfacet
   facet normal -0.870418 0.492313 4.38936e-17
      outer loop
         vertex -0.00763583 -0.24258 0.16929
         vertex -0.00734269 -0.24169 0.16929
         vertex -0.00734269 -0.24169 0.14544
      endloop
   endfacet
   facet normal -0.615762 0.787933 5.37739e-17
      outer loop
         vertex -0.00824701 -0.243289 0.16929
         vertex -0.00763583 -0.24258 0.16929
         vertex -0.00763583 -0.24258 0.14544
      endloop
   endfacet
   facet normal -0.267361 0.963596 5.54677e-17
      outer loop
         vertex -0.00908317 -0.243711 0.16929
         vertex -0.00824701 -0.243289 0.16929
         vertex -0.00824701 -0.243289 0.14544
      endloop
   endfacet
   facet normal 0.121743 0.992562 4.87171e-17
      outer loop
         vertex -0.010017 -0.24378 0.16929
         vertex -0.00908317 -0.243711 0.16929
         vertex -0.00908317 -0.243711 0.14544
      endloop
   endfacet
   facet normal 0.492313 0.870418 3.45497e-17
      outer loop
         vertex -0.0109064 -0.243487 0.16929
         vertex -0.010017 -0.24378 0.16929
         vertex -0.010017 -0.24378 0.14544
      endloop
   endfacet
   facet normal 0.787933 0.615762 1.51224e-17
      outer loop
         vertex -0.0116159 -0.242876 0.16929
         vertex -0.0109064 -0.243487 0.16929
         vertex -0.0109064 -0.243487 0.14544
      endloop
   endfacet
   facet normal 0.963596 0.267361 -6.60714e-18
      outer loop
         vertex -0.0120375 -0.24204 0.16929
         vertex -0.0116159 -0.242876 0.16929
         vertex -0.0116159 -0.242876 0.14544
      endloop
   endfacet
   facet normal 0.992562 -0.121743 -2.73308e-17
      outer loop
         vertex -0.012107 -0.241106 0.16929
         vertex -0.0120375 -0.24204 0.16929
         vertex -0.0120375 -0.24204 0.14544
      endloop
   endfacet
   facet normal 0.870418 -0.492313 -4.38936e-17
      outer loop
         vertex -0.0118138 -0.240217 0.16929
         vertex -0.012107 -0.241106 0.16929
         vertex -0.012107 -0.241106 0.14544
      endloop
   endfacet
   facet normal 0.615762 -0.787933 -5.37739e-17
      outer loop
         vertex -0.0112027 -0.239507 0.16929
         vertex -0.0118138 -0.240217 0.16929
         vertex -0.0118138 -0.240217 0.14544
      endloop
   endfacet
   facet normal 0.267361 -0.963596 -5.54677e-17
      outer loop
         vertex -0.0103665 -0.239086 0.16929
         vertex -0.0112027 -0.239507 0.16929
         vertex -0.0112027 -0.239507 0.14544
      endloop
   endfacet
   facet normal -0.121743 -0.992562 -4.87171e-17
      outer loop
         vertex -0.00943265 -0.239016 0.16929
         vertex -0.0103665 -0.239086 0.16929
         vertex -0.0103665 -0.239086 0.14544
      endloop
   endfacet
   facet normal 0.267361 -0.963596 -5.54677e-17
      outer loop
         vertex 0.000678961 -0.234395 0.14544
         vertex 0.00161281 -0.234326 0.14544
         vertex 0.00161281 -0.234326 0.16929
      endloop
   endfacet
   facet normal 0.615762 -0.787933 -5.37739e-17
      outer loop
         vertex -0.0001572 -0.234817 0.14544
         vertex 0.000678961 -0.234395 0.14544
         vertex 0.000678961 -0.234395 0.16929
      endloop
   endfacet
   facet normal 0.870418 -0.492313 -4.38936e-17
      outer loop
         vertex -0.000768376 -0.235526 0.14544
         vertex -0.0001572 -0.234817 0.14544
         vertex -0.0001572 -0.234817 0.16929
      endloop
   endfacet
   facet normal 0.992562 -0.121743 -2.73308e-17
      outer loop
         vertex -0.00106152 -0.236416 0.16929
         vertex -0.00106152 -0.236416 0.14544
         vertex -0.000901575 -0.235931 0.14544
      endloop
   endfacet
   facet normal 0.943902 -0.330226 0
      outer loop
         vertex -0.000901575 -0.235931 0.14544
         vertex -0.000768376 -0.235526 0.16929
         vertex -0.00106152 -0.236416 0.16929
      endloop
   endfacet
   facet normal 0.963596 0.267361 -6.60714e-18
      outer loop
         vertex -0.000992004 -0.23735 0.14544
         vertex -0.00106152 -0.236416 0.14544
         vertex -0.00106152 -0.236416 0.16929
      endloop
   endfacet
   facet normal 0.787933 0.615762 1.51224e-17
      outer loop
         vertex -0.000570411 -0.238186 0.14544
         vertex -0.000992004 -0.23735 0.14544
         vertex -0.000992004 -0.23735 0.16929
      endloop
   endfacet
   facet normal 0.492313 0.870418 3.45497e-17
      outer loop
         vertex 0.000139076 -0.238797 0.14544
         vertex -0.000570411 -0.238186 0.14544
         vertex -0.000570411 -0.238186 0.16929
      endloop
   endfacet
   facet normal 0.121743 0.992562 4.87171e-17
      outer loop
         vertex 0.00102844 -0.23909 0.14544
         vertex 0.000139076 -0.238797 0.14544
         vertex 0.000139076 -0.238797 0.16929
      endloop
   endfacet
   facet normal -0.267361 0.963596 5.54677e-17
      outer loop
         vertex 0.00196229 -0.239021 0.16929
         vertex 0.00196229 -0.239021 0.14544
         vertex 0.00104115 -0.239089 0.14544
      endloop
   endfacet
   facet normal 0.116567 0.993183 0
      outer loop
         vertex 0.00104115 -0.239089 0.14544
         vertex 0.00102844 -0.23909 0.16929
         vertex 0.00196229 -0.239021 0.16929
      endloop
   endfacet
   facet normal -0.615762 0.787933 5.37739e-17
      outer loop
         vertex 0.00279846 -0.238599 0.14544
         vertex 0.00196229 -0.239021 0.14544
         vertex 0.00196229 -0.239021 0.16929
      endloop
   endfacet
   facet normal -0.870418 0.492313 4.38936e-17
      outer loop
         vertex 0.00340963 -0.23789 0.14544
         vertex 0.00279846 -0.238599 0.14544
         vertex 0.00279846 -0.238599 0.16929
      endloop
   endfacet
   facet normal -0.992562 0.121743 2.73308e-17
      outer loop
         vertex 0.00370278 -0.237 0.14544
         vertex 0.00340963 -0.23789 0.14544
         vertex 0.00340963 -0.23789 0.16929
      endloop
   endfacet
   facet normal -0.992562 0.121743 2.73308e-17
      outer loop
         vertex 0.00370278 -0.237 0.16929
         vertex 0.00363326 -0.236066 0.16929
         vertex 0.00366485 -0.236491 0.14544
      endloop
   endfacet
   facet normal -0.963596 -0.267361 6.60714e-18
      outer loop
         vertex 0.00363326 -0.236066 0.16929
         vertex 0.00363326 -0.236066 0.14544
         vertex 0.00366485 -0.236491 0.14544
      endloop
   endfacet
   facet normal -0.787933 -0.615762 -1.51224e-17
      outer loop
         vertex 0.00321167 -0.23523 0.14544
         vertex 0.00363326 -0.236066 0.14544
         vertex 0.00363326 -0.236066 0.16929
      endloop
   endfacet
   facet normal -0.492313 -0.870418 -3.45497e-17
      outer loop
         vertex 0.00250218 -0.234619 0.14544
         vertex 0.00321167 -0.23523 0.14544
         vertex 0.00321167 -0.23523 0.16929
      endloop
   endfacet
   facet normal -0.121743 -0.992562 -4.87171e-17
      outer loop
         vertex 0.00161281 -0.234326 0.16929
         vertex 0.00161281 -0.234326 0.14544
         vertex 0.00162492 -0.23433 0.14544
      endloop
   endfacet
   facet normal -0.126916 -0.991913 0
      outer loop
         vertex 0.00162492 -0.23433 0.14544
         vertex 0.00250218 -0.234619 0.16929
         vertex 0.00161281 -0.234326 0.16929
      endloop
   endfacet
   facet normal -0.126916 -0.991913 0
      outer loop
         vertex 0.00162492 -0.23433 0.14544
         vertex 0.00250218 -0.234619 0.14544
         vertex 0.00250218 -0.234619 0.16929
      endloop
   endfacet
   facet normal -0.787933 -0.615762 -1.51224e-17
      outer loop
         vertex 0.00321167 -0.23523 0.16929
         vertex 0.00250218 -0.234619 0.16929
         vertex 0.00250218 -0.234619 0.14544
      endloop
   endfacet
   facet normal -0.963596 -0.267361 6.60714e-18
      outer loop
         vertex 0.00363326 -0.236066 0.16929
         vertex 0.00321167 -0.23523 0.16929
         vertex 0.00321167 -0.23523 0.14544
      endloop
   endfacet
   facet normal -0.995729 -0.0923193 0
      outer loop
         vertex 0.00366485 -0.236491 0.14544
         vertex 0.00370278 -0.237 0.14544
         vertex 0.00370278 -0.237 0.16929
      endloop
   endfacet
   facet normal -0.870418 0.492313 4.38936e-17
      outer loop
         vertex 0.00340963 -0.23789 0.16929
         vertex 0.00370278 -0.237 0.16929
         vertex 0.00370278 -0.237 0.14544
      endloop
   endfacet
   facet normal -0.615762 0.787933 5.37739e-17
      outer loop
         vertex 0.00279846 -0.238599 0.16929
         vertex 0.00340963 -0.23789 0.16929
         vertex 0.00340963 -0.23789 0.14544
      endloop
   endfacet
   facet normal -0.267361 0.963596 5.54677e-17
      outer loop
         vertex 0.00196229 -0.239021 0.16929
         vertex 0.00279846 -0.238599 0.16929
         vertex 0.00279846 -0.238599 0.14544
      endloop
   endfacet
   facet normal 0.116567 0.993183 0
      outer loop
         vertex 0.00104115 -0.239089 0.14544
         vertex 0.00102844 -0.23909 0.14544
         vertex 0.00102844 -0.23909 0.16929
      endloop
   endfacet
   facet normal 0.492313 0.870418 3.45497e-17
      outer loop
         vertex 0.000139076 -0.238797 0.16929
         vertex 0.00102844 -0.23909 0.16929
         vertex 0.00102844 -0.23909 0.14544
      endloop
   endfacet
   facet normal 0.787933 0.615762 1.51224e-17
      outer loop
         vertex -0.000570411 -0.238186 0.16929
         vertex 0.000139076 -0.238797 0.16929
         vertex 0.000139076 -0.238797 0.14544
      endloop
   endfacet
   facet normal 0.963596 0.267361 -6.60714e-18
      outer loop
         vertex -0.000992004 -0.23735 0.16929
         vertex -0.000570411 -0.238186 0.16929
         vertex -0.000570411 -0.238186 0.14544
      endloop
   endfacet
   facet normal 0.992562 -0.121743 -2.73308e-17
      outer loop
         vertex -0.00106152 -0.236416 0.16929
         vertex -0.000992004 -0.23735 0.16929
         vertex -0.000992004 -0.23735 0.14544
      endloop
   endfacet
   facet normal 0.943902 -0.330226 0
      outer loop
         vertex -0.000901575 -0.235931 0.14544
         vertex -0.000768376 -0.235526 0.14544
         vertex -0.000768376 -0.235526 0.16929
      endloop
   endfacet
   facet normal 0.615762 -0.787933 -5.37739e-17
      outer loop
         vertex -0.0001572 -0.234817 0.16929
         vertex -0.000768376 -0.235526 0.16929
         vertex -0.000768376 -0.235526 0.14544
      endloop
   endfacet
   facet normal 0.267361 -0.963596 -5.54677e-17
      outer loop
         vertex 0.000678961 -0.234395 0.16929
         vertex -0.0001572 -0.234817 0.16929
         vertex -0.0001572 -0.234817 0.14544
      endloop
   endfacet
   facet normal -0.121743 -0.992562 -4.87171e-17
      outer loop
         vertex 0.00161281 -0.234326 0.16929
         vertex 0.000678961 -0.234395 0.16929
         vertex 0.000678961 -0.234395 0.14544
      endloop
   endfacet
   facet normal 0.267361 -0.963596 -5.54677e-17
      outer loop
         vertex 0.0102635 -0.241616 0.14544
         vertex 0.0111974 -0.241546 0.14544
         vertex 0.0111974 -0.241546 0.16929
      endloop
   endfacet
   facet normal 0.615762 -0.787933 -5.37739e-17
      outer loop
         vertex 0.00942734 -0.242037 0.14544
         vertex 0.0102635 -0.241616 0.14544
         vertex 0.0102635 -0.241616 0.16929
      endloop
   endfacet
   facet normal 0.870418 -0.492313 -4.38936e-17
      outer loop
         vertex 0.00881617 -0.242747 0.14544
         vertex 0.00942734 -0.242037 0.14544
         vertex 0.00942734 -0.242037 0.16929
      endloop
   endfacet
   facet normal 0.992562 -0.121743 -2.73308e-17
      outer loop
         vertex 0.00852302 -0.243636 0.14544
         vertex 0.00881617 -0.242747 0.14544
         vertex 0.00881617 -0.242747 0.16929
      endloop
   endfacet
   facet normal 0.963596 0.267361 -6.60714e-18
      outer loop
         vertex 0.00859254 -0.24457 0.14544
         vertex 0.00852302 -0.243636 0.14544
         vertex 0.00852302 -0.243636 0.16929
      endloop
   endfacet
   facet normal 0.787933 0.615762 1.51224e-17
      outer loop
         vertex 0.00901413 -0.245406 0.14544
         vertex 0.00859254 -0.24457 0.14544
         vertex 0.00859254 -0.24457 0.16929
      endloop
   endfacet
   facet normal 0.492313 0.870418 3.45497e-17
      outer loop
         vertex 0.00972362 -0.246018 0.14544
         vertex 0.00901413 -0.245406 0.14544
         vertex 0.00901413 -0.245406 0.16929
      endloop
   endfacet
   facet normal 0.121743 0.992562 4.87171e-17
      outer loop
         vertex 0.010613 -0.246311 0.14544
         vertex 0.00972362 -0.246018 0.14544
         vertex 0.00972362 -0.246018 0.16929
      endloop
   endfacet
   facet normal -0.267361 0.963596 5.54677e-17
      outer loop
         vertex 0.0115468 -0.246241 0.14544
         vertex 0.010613 -0.246311 0.14544
         vertex 0.010613 -0.246311 0.16929
      endloop
   endfacet
   facet normal -0.615762 0.787933 5.37739e-17
      outer loop
         vertex 0.012383 -0.24582 0.14544
         vertex 0.0115468 -0.246241 0.14544
         vertex 0.0115468 -0.246241 0.16929
      endloop
   endfacet
   facet normal -0.870418 0.492313 4.38936e-17
      outer loop
         vertex 0.0129942 -0.24511 0.14544
         vertex 0.012383 -0.24582 0.14544
         vertex 0.012383 -0.24582 0.16929
      endloop
   endfacet
   facet normal -0.992562 0.121743 2.73308e-17
      outer loop
         vertex 0.0132873 -0.244221 0.14544
         vertex 0.0129942 -0.24511 0.14544
         vertex 0.0129942 -0.24511 0.16929
      endloop
   endfacet
   facet normal -0.963596 -0.267361 6.60714e-18
      outer loop
         vertex 0.0132178 -0.243287 0.14544
         vertex 0.0132873 -0.244221 0.14544
         vertex 0.0132873 -0.244221 0.16929
      endloop
   endfacet
   facet normal -0.787933 -0.615762 -1.51224e-17
      outer loop
         vertex 0.0127962 -0.242451 0.14544
         vertex 0.0132178 -0.243287 0.14544
         vertex 0.0132178 -0.243287 0.16929
      endloop
   endfacet
   facet normal -0.492313 -0.870418 -3.45497e-17
      outer loop
         vertex 0.0120867 -0.24184 0.14544
         vertex 0.0127962 -0.242451 0.14544
         vertex 0.0127962 -0.242451 0.16929
      endloop
   endfacet
   facet normal -0.121743 -0.992562 -4.87171e-17
      outer loop
         vertex 0.0111974 -0.241546 0.14544
         vertex 0.0120867 -0.24184 0.14544
         vertex 0.0120867 -0.24184 0.16929
      endloop
   endfacet
   facet normal -0.492313 -0.870418 -3.45497e-17
      outer loop
         vertex 0.0120867 -0.24184 0.16929
         vertex 0.0111974 -0.241546 0.16929
         vertex 0.0111974 -0.241546 0.14544
      endloop
   endfacet
   facet normal -0.787933 -0.615762 -1.51224e-17
      outer loop
         vertex 0.0127962 -0.242451 0.16929
         vertex 0.0120867 -0.24184 0.16929
         vertex 0.0120867 -0.24184 0.14544
      endloop
   endfacet
   facet normal -0.963596 -0.267361 6.60714e-18
      outer loop
         vertex 0.0132178 -0.243287 0.16929
         vertex 0.0127962 -0.242451 0.16929
         vertex 0.0127962 -0.242451 0.14544
      endloop
   endfacet
   facet normal -0.992562 0.121743 2.73308e-17
      outer loop
         vertex 0.0132873 -0.244221 0.16929
         vertex 0.0132178 -0.243287 0.16929
         vertex 0.0132178 -0.243287 0.14544
      endloop
   endfacet
   facet normal -0.870418 0.492313 4.38936e-17
      outer loop
         vertex 0.0129942 -0.24511 0.16929
         vertex 0.0132873 -0.244221 0.16929
         vertex 0.0132873 -0.244221 0.14544
      endloop
   endfacet
   facet normal -0.615762 0.787933 5.37739e-17
      outer loop
         vertex 0.012383 -0.24582 0.16929
         vertex 0.0129942 -0.24511 0.16929
         vertex 0.0129942 -0.24511 0.14544
      endloop
   endfacet
   facet normal -0.267361 0.963596 5.54677e-17
      outer loop
         vertex 0.0115468 -0.246241 0.16929
         vertex 0.012383 -0.24582 0.16929
         vertex 0.012383 -0.24582 0.14544
      endloop
   endfacet
   facet normal 0.121743 0.992562 4.87171e-17
      outer loop
         vertex 0.010613 -0.246311 0.16929
         vertex 0.0115468 -0.246241 0.16929
         vertex 0.0115468 -0.246241 0.14544
      endloop
   endfacet
   facet normal 0.492313 0.870418 3.45497e-17
      outer loop
         vertex 0.00972362 -0.246018 0.16929
         vertex 0.010613 -0.246311 0.16929
         vertex 0.010613 -0.246311 0.14544
      endloop
   endfacet
   facet normal 0.787933 0.615762 1.51224e-17
      outer loop
         vertex 0.00901413 -0.245406 0.16929
         vertex 0.00972362 -0.246018 0.16929
         vertex 0.00972362 -0.246018 0.14544
      endloop
   endfacet
   facet normal 0.963596 0.267361 -6.60714e-18
      outer loop
         vertex 0.00859254 -0.24457 0.16929
         vertex 0.00901413 -0.245406 0.16929
         vertex 0.00901413 -0.245406 0.14544
      endloop
   endfacet
   facet normal 0.992562 -0.121743 -2.73308e-17
      outer loop
         vertex 0.00852302 -0.243636 0.16929
         vertex 0.00859254 -0.24457 0.16929
         vertex 0.00859254 -0.24457 0.14544
      endloop
   endfacet
   facet normal 0.870418 -0.492313 -4.38936e-17
      outer loop
         vertex 0.00881617 -0.242747 0.16929
         vertex 0.00852302 -0.243636 0.16929
         vertex 0.00852302 -0.243636 0.14544
      endloop
   endfacet
   facet normal 0.615762 -0.787933 -5.37739e-17
      outer loop
         vertex 0.00942734 -0.242037 0.16929
         vertex 0.00881617 -0.242747 0.16929
         vertex 0.00881617 -0.242747 0.14544
      endloop
   endfacet
   facet normal 0.267361 -0.963596 -5.54677e-17
      outer loop
         vertex 0.0102635 -0.241616 0.16929
         vertex 0.00942734 -0.242037 0.16929
         vertex 0.00942734 -0.242037 0.14544
      endloop
   endfacet
   facet normal -0.121743 -0.992562 -4.87171e-17
      outer loop
         vertex 0.0111974 -0.241546 0.16929
         vertex 0.0102635 -0.241616 0.16929
         vertex 0.0102635 -0.241616 0.14544
      endloop
   endfacet
   facet normal 0.267361 -0.963596 -5.54677e-17
      outer loop
         vertex 0.00880259 -0.253527 0.14544
         vertex 0.00973644 -0.253457 0.14544
         vertex 0.00973644 -0.253457 0.16929
      endloop
   endfacet
   facet normal 0.615762 -0.787933 -5.37739e-17
      outer loop
         vertex 0.00796643 -0.253948 0.14544
         vertex 0.00880259 -0.253527 0.14544
         vertex 0.00880259 -0.253527 0.16929
      endloop
   endfacet
   facet normal 0.615762 -0.787933 -5.37739e-17
      outer loop
         vertex 0.00796643 -0.253948 0.16929
         vertex 0.00735525 -0.254658 0.16929
         vertex 0.00763425 -0.254334 0.14544
      endloop
   endfacet
   facet normal 0.870418 -0.492313 -4.38936e-17
      outer loop
         vertex 0.00735525 -0.254658 0.16929
         vertex 0.00735525 -0.254658 0.14544
         vertex 0.00763425 -0.254334 0.14544
      endloop
   endfacet
   facet normal 0.992562 -0.121743 -2.73308e-17
      outer loop
         vertex 0.00706211 -0.255547 0.14544
         vertex 0.00735525 -0.254658 0.14544
         vertex 0.00735525 -0.254658 0.16929
      endloop
   endfacet
   facet normal 0.963596 0.267361 -6.60714e-18
      outer loop
         vertex 0.00713162 -0.256481 0.14544
         vertex 0.00706211 -0.255547 0.14544
         vertex 0.00706211 -0.255547 0.16929
      endloop
   endfacet
   facet normal 0.787933 0.615762 1.51224e-17
      outer loop
         vertex 0.00755321 -0.257317 0.14544
         vertex 0.00713162 -0.256481 0.14544
         vertex 0.00713162 -0.256481 0.16929
      endloop
   endfacet
   facet normal 0.492313 0.870418 3.45497e-17
      outer loop
         vertex 0.0082627 -0.257928 0.14544
         vertex 0.00755321 -0.257317 0.14544
         vertex 0.00755321 -0.257317 0.16929
      endloop
   endfacet
   facet normal 0.121743 0.992562 4.87171e-17
      outer loop
         vertex 0.00915207 -0.258221 0.14544
         vertex 0.0082627 -0.257928 0.14544
         vertex 0.0082627 -0.257928 0.16929
      endloop
   endfacet
   facet normal -0.267361 0.963596 5.54677e-17
      outer loop
         vertex 0.0100859 -0.258152 0.14544
         vertex 0.00915207 -0.258221 0.14544
         vertex 0.00915207 -0.258221 0.16929
      endloop
   endfacet
   facet normal -0.615762 0.787933 5.37739e-17
      outer loop
         vertex 0.0109221 -0.25773 0.14544
         vertex 0.0100859 -0.258152 0.14544
         vertex 0.0100859 -0.258152 0.16929
      endloop
   endfacet
   facet normal -0.870418 0.492313 4.38936e-17
      outer loop
         vertex 0.0115333 -0.257021 0.14544
         vertex 0.0109221 -0.25773 0.14544
         vertex 0.0109221 -0.25773 0.16929
      endloop
   endfacet
   facet normal -0.992562 0.121743 2.73308e-17
      outer loop
         vertex 0.0118264 -0.256131 0.14544
         vertex 0.0115333 -0.257021 0.14544
         vertex 0.0115333 -0.257021 0.16929
      endloop
   endfacet
   facet normal -0.963596 -0.267361 6.60714e-18
      outer loop
         vertex 0.0117569 -0.255198 0.14544
         vertex 0.0118264 -0.256131 0.14544
         vertex 0.0118264 -0.256131 0.16929
      endloop
   endfacet
   facet normal -0.787933 -0.615762 -1.51224e-17
      outer loop
         vertex 0.0113353 -0.254361 0.16929
         vertex 0.0113353 -0.254361 0.14544
         vertex 0.0115644 -0.254816 0.14544
      endloop
   endfacet
   facet normal -0.900578 -0.434695 0
      outer loop
         vertex 0.0115644 -0.254816 0.14544
         vertex 0.0117569 -0.255198 0.16929
         vertex 0.0113353 -0.254361 0.16929
      endloop
   endfacet
   facet normal -0.492313 -0.870418 -3.45497e-17
      outer loop
         vertex 0.0106258 -0.25375 0.14544
         vertex 0.0113353 -0.254361 0.14544
         vertex 0.0113353 -0.254361 0.16929
      endloop
   endfacet
   facet normal -0.121743 -0.992562 -4.87171e-17
      outer loop
         vertex 0.00973644 -0.253457 0.14544
         vertex 0.0106258 -0.25375 0.14544
         vertex 0.0106258 -0.25375 0.16929
      endloop
   endfacet
   facet normal -0.492313 -0.870418 -3.45497e-17
      outer loop
         vertex 0.0106258 -0.25375 0.16929
         vertex 0.00973644 -0.253457 0.16929
         vertex 0.00973644 -0.253457 0.14544
      endloop
   endfacet
   facet normal -0.787933 -0.615762 -1.51224e-17
      outer loop
         vertex 0.0113353 -0.254361 0.16929
         vertex 0.0106258 -0.25375 0.16929
         vertex 0.0106258 -0.25375 0.14544
      endloop
   endfacet
   facet normal -0.900578 -0.434695 0
      outer loop
         vertex 0.0115644 -0.254816 0.14544
         vertex 0.0117569 -0.255198 0.14544
         vertex 0.0117569 -0.255198 0.16929
      endloop
   endfacet
   facet normal -0.992562 0.121743 2.73308e-17
      outer loop
         vertex 0.0118264 -0.256131 0.16929
         vertex 0.0117569 -0.255198 0.16929
         vertex 0.0117569 -0.255198 0.14544
      endloop
   endfacet
   facet normal -0.870418 0.492313 4.38936e-17
      outer loop
         vertex 0.0115333 -0.257021 0.16929
         vertex 0.0118264 -0.256131 0.16929
         vertex 0.0118264 -0.256131 0.14544
      endloop
   endfacet
   facet normal -0.615762 0.787933 5.37739e-17
      outer loop
         vertex 0.0109221 -0.25773 0.16929
         vertex 0.0115333 -0.257021 0.16929
         vertex 0.0115333 -0.257021 0.14544
      endloop
   endfacet
   facet normal -0.267361 0.963596 5.54677e-17
      outer loop
         vertex 0.0100859 -0.258152 0.16929
         vertex 0.0109221 -0.25773 0.16929
         vertex 0.0109221 -0.25773 0.14544
      endloop
   endfacet
   facet normal 0.121743 0.992562 4.87171e-17
      outer loop
         vertex 0.00915207 -0.258221 0.16929
         vertex 0.0100859 -0.258152 0.16929
         vertex 0.0100859 -0.258152 0.14544
      endloop
   endfacet
   facet normal 0.492313 0.870418 3.45497e-17
      outer loop
         vertex 0.0082627 -0.257928 0.16929
         vertex 0.00915207 -0.258221 0.16929
         vertex 0.00915207 -0.258221 0.14544
      endloop
   endfacet
   facet normal 0.787933 0.615762 1.51224e-17
      outer loop
         vertex 0.00755321 -0.257317 0.16929
         vertex 0.0082627 -0.257928 0.16929
         vertex 0.0082627 -0.257928 0.14544
      endloop
   endfacet
   facet normal 0.963596 0.267361 -6.60714e-18
      outer loop
         vertex 0.00713162 -0.256481 0.16929
         vertex 0.00755321 -0.257317 0.16929
         vertex 0.00755321 -0.257317 0.14544
      endloop
   endfacet
   facet normal 0.992562 -0.121743 -2.73308e-17
      outer loop
         vertex 0.00706211 -0.255547 0.16929
         vertex 0.00713162 -0.256481 0.16929
         vertex 0.00713162 -0.256481 0.14544
      endloop
   endfacet
   facet normal 0.870418 -0.492313 -4.38936e-17
      outer loop
         vertex 0.00735525 -0.254658 0.16929
         vertex 0.00706211 -0.255547 0.16929
         vertex 0.00706211 -0.255547 0.14544
      endloop
   endfacet
   facet normal 0.768827 -0.639457 0
      outer loop
         vertex 0.00763425 -0.254334 0.14544
         vertex 0.00796643 -0.253948 0.14544
         vertex 0.00796643 -0.253948 0.16929
      endloop
   endfacet
   facet normal 0.267361 -0.963596 -5.54677e-17
      outer loop
         vertex 0.00880259 -0.253527 0.16929
         vertex 0.00796643 -0.253948 0.16929
         vertex 0.00796643 -0.253948 0.14544
      endloop
   endfacet
   facet normal -0.121743 -0.992562 -4.87171e-17
      outer loop
         vertex 0.00973644 -0.253457 0.16929
         vertex 0.00880259 -0.253527 0.16929
         vertex 0.00880259 -0.253527 0.14544
      endloop
   endfacet
   facet normal 0.267361 -0.963596 -5.54677e-17
      outer loop
         vertex -0.00224288 -0.258217 0.14544
         vertex -0.00130903 -0.258147 0.14544
         vertex -0.00130903 -0.258147 0.16929
      endloop
   endfacet
   facet normal 0.615762 -0.787933 -5.37739e-17
      outer loop
         vertex -0.00307904 -0.258638 0.14544
         vertex -0.00224288 -0.258217 0.14544
         vertex -0.00224288 -0.258217 0.16929
      endloop
   endfacet
   facet normal 0.870418 -0.492313 -4.38936e-17
      outer loop
         vertex -0.00369021 -0.259348 0.14544
         vertex -0.00307904 -0.258638 0.14544
         vertex -0.00307904 -0.258638 0.16929
      endloop
   endfacet
   facet normal 0.992562 -0.121743 -2.73308e-17
      outer loop
         vertex -0.00398336 -0.260237 0.14544
         vertex -0.00369021 -0.259348 0.14544
         vertex -0.00369021 -0.259348 0.16929
      endloop
   endfacet
   facet normal 0.992562 -0.121743 -2.73308e-17
      outer loop
         vertex -0.00398336 -0.260237 0.16929
         vertex -0.00391384 -0.261171 0.16929
         vertex -0.00394543 -0.260747 0.14544
      endloop
   endfacet
   facet normal 0.963596 0.267361 -6.60714e-18
      outer loop
         vertex -0.00391384 -0.261171 0.16929
         vertex -0.00391384 -0.261171 0.14544
         vertex -0.00394543 -0.260747 0.14544
      endloop
   endfacet
   facet normal 0.787933 0.615762 1.51224e-17
      outer loop
         vertex -0.00349225 -0.262007 0.14544
         vertex -0.00391384 -0.261171 0.14544
         vertex -0.00391384 -0.261171 0.16929
      endloop
   endfacet
   facet normal 0.492313 0.870418 3.45497e-17
      outer loop
         vertex -0.00278276 -0.262618 0.14544
         vertex -0.00349225 -0.262007 0.14544
         vertex -0.00349225 -0.262007 0.16929
      endloop
   endfacet
   facet normal 0.121743 0.992562 4.87171e-17
      outer loop
         vertex -0.00189339 -0.262912 0.14544
         vertex -0.00278276 -0.262618 0.14544
         vertex -0.00278276 -0.262618 0.16929
      endloop
   endfacet
   facet normal -0.267361 0.963596 5.54677e-17
      outer loop
         vertex -0.000959543 -0.262842 0.16929
         vertex -0.000959543 -0.262842 0.14544
         vertex -0.00188068 -0.262911 0.14544
      endloop
   endfacet
   facet normal 0.116567 0.993183 0
      outer loop
         vertex -0.00188068 -0.262911 0.14544
         vertex -0.00189339 -0.262912 0.16929
         vertex -0.000959543 -0.262842 0.16929
      endloop
   endfacet
   facet normal -0.615762 0.787933 5.37739e-17
      outer loop
         vertex -0.000123381 -0.26242 0.14544
         vertex -0.000959543 -0.262842 0.14544
         vertex -0.000959543 -0.262842 0.16929
      endloop
   endfacet
   facet normal -0.870418 0.492313 4.38936e-17
      outer loop
         vertex 0.000487795 -0.261711 0.14544
         vertex -0.000123381 -0.26242 0.14544
         vertex -0.000123381 -0.26242 0.16929
      endloop
   endfacet
   facet normal -0.992562 0.121743 2.73308e-17
      outer loop
         vertex 0.000780939 -0.260822 0.16929
         vertex 0.000780939 -0.260822 0.14544
         vertex 0.000620993 -0.261307 0.14544
      endloop
   endfacet
   facet normal -0.943902 0.330226 0
      outer loop
         vertex 0.000620993 -0.261307 0.14544
         vertex 0.000487795 -0.261711 0.16929
         vertex 0.000780939 -0.260822 0.16929
      endloop
   endfacet
   facet normal -0.963596 -0.267361 6.60714e-18
      outer loop
         vertex 0.000711422 -0.259888 0.14544
         vertex 0.000780939 -0.260822 0.14544
         vertex 0.000780939 -0.260822 0.16929
      endloop
   endfacet
   facet normal -0.787933 -0.615762 -1.51224e-17
      outer loop
         vertex 0.000289829 -0.259052 0.14544
         vertex 0.000711422 -0.259888 0.14544
         vertex 0.000711422 -0.259888 0.16929
      endloop
   endfacet
   facet normal -0.492313 -0.870418 -3.45497e-17
      outer loop
         vertex -0.000419658 -0.25844 0.14544
         vertex 0.000289829 -0.259052 0.14544
         vertex 0.000289829 -0.259052 0.16929
      endloop
   endfacet
   facet normal -0.121743 -0.992562 -4.87171e-17
      outer loop
         vertex -0.00130903 -0.258147 0.16929
         vertex -0.00130903 -0.258147 0.14544
         vertex -0.00129692 -0.258151 0.14544
      endloop
   endfacet
   facet normal -0.126916 -0.991913 0
      outer loop
         vertex -0.00129692 -0.258151 0.14544
         vertex -0.000419658 -0.25844 0.16929
         vertex -0.00130903 -0.258147 0.16929
      endloop
   endfacet
   facet normal -0.126916 -0.991913 0
      outer loop
         vertex -0.00129692 -0.258151 0.14544
         vertex -0.000419658 -0.25844 0.14544
         vertex -0.000419658 -0.25844 0.16929
      endloop
   endfacet
   facet normal -0.787933 -0.615762 -1.51224e-17
      outer loop
         vertex 0.000289829 -0.259052 0.16929
         vertex -0.000419658 -0.25844 0.16929
         vertex -0.000419658 -0.25844 0.14544
      endloop
   endfacet
   facet normal -0.963596 -0.267361 6.60714e-18
      outer loop
         vertex 0.000711422 -0.259888 0.16929
         vertex 0.000289829 -0.259052 0.16929
         vertex 0.000289829 -0.259052 0.14544
      endloop
   endfacet
   facet normal -0.992562 0.121743 2.73308e-17
      outer loop
         vertex 0.000780939 -0.260822 0.16929
         vertex 0.000711422 -0.259888 0.16929
         vertex 0.000711422 -0.259888 0.14544
      endloop
   endfacet
   facet normal -0.943902 0.330226 0
      outer loop
         vertex 0.000620993 -0.261307 0.14544
         vertex 0.000487795 -0.261711 0.14544
         vertex 0.000487795 -0.261711 0.16929
      endloop
   endfacet
   facet normal -0.615762 0.787933 5.37739e-17
      outer loop
         vertex -0.000123381 -0.26242 0.16929
         vertex 0.000487795 -0.261711 0.16929
         vertex 0.000487795 -0.261711 0.14544
      endloop
   endfacet
   facet normal -0.267361 0.963596 5.54677e-17
      outer loop
         vertex -0.000959543 -0.262842 0.16929
         vertex -0.000123381 -0.26242 0.16929
         vertex -0.000123381 -0.26242 0.14544
      endloop
   endfacet
   facet normal 0.116567 0.993183 0
      outer loop
         vertex -0.00188068 -0.262911 0.14544
         vertex -0.00189339 -0.262912 0.14544
         vertex -0.00189339 -0.262912 0.16929
      endloop
   endfacet
   facet normal 0.492313 0.870418 3.45497e-17
      outer loop
         vertex -0.00278276 -0.262618 0.16929
         vertex -0.00189339 -0.262912 0.16929
         vertex -0.00189339 -0.262912 0.14544
      endloop
   endfacet
   facet normal 0.787933 0.615762 1.51224e-17
      outer loop
         vertex -0.00349225 -0.262007 0.16929
         vertex -0.00278276 -0.262618 0.16929
         vertex -0.00278276 -0.262618 0.14544
      endloop
   endfacet
   facet normal 0.963596 0.267361 -6.60714e-18
      outer loop
         vertex -0.00391384 -0.261171 0.16929
         vertex -0.00349225 -0.262007 0.16929
         vertex -0.00349225 -0.262007 0.14544
      endloop
   endfacet
   facet normal 0.995729 0.0923193 0
      outer loop
         vertex -0.00394543 -0.260747 0.14544
         vertex -0.00398336 -0.260237 0.14544
         vertex -0.00398336 -0.260237 0.16929
      endloop
   endfacet
   facet normal 0.870418 -0.492313 -4.38936e-17
      outer loop
         vertex -0.00369021 -0.259348 0.16929
         vertex -0.00398336 -0.260237 0.16929
         vertex -0.00398336 -0.260237 0.14544
      endloop
   endfacet
   facet normal 0.615762 -0.787933 -5.37739e-17
      outer loop
         vertex -0.00307904 -0.258638 0.16929
         vertex -0.00369021 -0.259348 0.16929
         vertex -0.00369021 -0.259348 0.14544
      endloop
   endfacet
   facet normal 0.267361 -0.963596 -5.54677e-17
      outer loop
         vertex -0.00224288 -0.258217 0.16929
         vertex -0.00307904 -0.258638 0.16929
         vertex -0.00307904 -0.258638 0.14544
      endloop
   endfacet
   facet normal -0.121743 -0.992562 -4.87171e-17
      outer loop
         vertex -0.00130903 -0.258147 0.16929
         vertex -0.00224288 -0.258217 0.16929
         vertex -0.00224288 -0.258217 0.14544
      endloop
   endfacet
   facet normal 0.267361 -0.963596 -5.54677e-17
      outer loop
         vertex -0.0118274 -0.250996 0.14544
         vertex -0.0108936 -0.250927 0.14544
         vertex -0.0108936 -0.250927 0.16929
      endloop
   endfacet
   facet normal 0.615762 -0.787933 -5.37739e-17
      outer loop
         vertex -0.0126636 -0.251418 0.14544
         vertex -0.0118274 -0.250996 0.14544
         vertex -0.0118274 -0.250996 0.16929
      endloop
   endfacet
   facet normal 0.615762 -0.787933 -5.37739e-17
      outer loop
         vertex -0.0126636 -0.251418 0.16929
         vertex -0.0132748 -0.252127 0.16929
         vertex -0.0129958 -0.251803 0.14544
      endloop
   endfacet
   facet normal 0.870418 -0.492313 -4.38936e-17
      outer loop
         vertex -0.0132748 -0.252127 0.16929
         vertex -0.0132748 -0.252127 0.14544
         vertex -0.0129958 -0.251803 0.14544
      endloop
   endfacet
   facet normal 0.992562 -0.121743 -2.73308e-17
      outer loop
         vertex -0.0135679 -0.253017 0.14544
         vertex -0.0132748 -0.252127 0.14544
         vertex -0.0132748 -0.252127 0.16929
      endloop
   endfacet
   facet normal 0.963596 0.267361 -6.60714e-18
      outer loop
         vertex -0.0134984 -0.253951 0.14544
         vertex -0.0135679 -0.253017 0.14544
         vertex -0.0135679 -0.253017 0.16929
      endloop
   endfacet
   facet normal 0.787933 0.615762 1.51224e-17
      outer loop
         vertex -0.0130768 -0.254787 0.14544
         vertex -0.0134984 -0.253951 0.14544
         vertex -0.0134984 -0.253951 0.16929
      endloop
   endfacet
   facet normal 0.492313 0.870418 3.45497e-17
      outer loop
         vertex -0.0123673 -0.255398 0.14544
         vertex -0.0130768 -0.254787 0.14544
         vertex -0.0130768 -0.254787 0.16929
      endloop
   endfacet
   facet normal 0.121743 0.992562 4.87171e-17
      outer loop
         vertex -0.0114779 -0.255691 0.14544
         vertex -0.0123673 -0.255398 0.14544
         vertex -0.0123673 -0.255398 0.16929
      endloop
   endfacet
   facet normal -0.267361 0.963596 5.54677e-17
      outer loop
         vertex -0.0105441 -0.255622 0.14544
         vertex -0.0114779 -0.255691 0.14544
         vertex -0.0114779 -0.255691 0.16929
      endloop
   endfacet
   facet normal -0.615762 0.787933 5.37739e-17
      outer loop
         vertex -0.00970793 -0.2552 0.14544
         vertex -0.0105441 -0.255622 0.14544
         vertex -0.0105441 -0.255622 0.16929
      endloop
   endfacet
   facet normal -0.870418 0.492313 4.38936e-17
      outer loop
         vertex -0.00909675 -0.25449 0.14544
         vertex -0.00970793 -0.2552 0.14544
         vertex -0.00970793 -0.2552 0.16929
      endloop
   endfacet
   facet normal -0.992562 0.121743 2.73308e-17
      outer loop
         vertex -0.00880361 -0.253601 0.14544
         vertex -0.00909675 -0.25449 0.14544
         vertex -0.00909675 -0.25449 0.16929
      endloop
   endfacet
   facet normal -0.963596 -0.267361 6.60714e-18
      outer loop
         vertex -0.00887312 -0.252667 0.14544
         vertex -0.00880361 -0.253601 0.14544
         vertex -0.00880361 -0.253601 0.16929
      endloop
   endfacet
   facet normal -0.787933 -0.615762 -1.51224e-17
      outer loop
         vertex -0.00929472 -0.251831 0.16929
         vertex -0.00929472 -0.251831 0.14544
         vertex -0.00906558 -0.252286 0.14544
      endloop
   endfacet
   facet normal -0.900578 -0.434695 0
      outer loop
         vertex -0.00906558 -0.252286 0.14544
         vertex -0.00887312 -0.252667 0.16929
         vertex -0.00929472 -0.251831 0.16929
      endloop
   endfacet
   facet normal -0.492313 -0.870418 -3.45497e-17
      outer loop
         vertex -0.0100042 -0.25122 0.14544
         vertex -0.00929472 -0.251831 0.14544
         vertex -0.00929472 -0.251831 0.16929
      endloop
   endfacet
   facet normal -0.121743 -0.992562 -4.87171e-17
      outer loop
         vertex -0.0108936 -0.250927 0.14544
         vertex -0.0100042 -0.25122 0.14544
         vertex -0.0100042 -0.25122 0.16929
      endloop
   endfacet
   facet normal -0.492313 -0.870418 -3.45497e-17
      outer loop
         vertex -0.0100042 -0.25122 0.16929
         vertex -0.0108936 -0.250927 0.16929
         vertex -0.0108936 -0.250927 0.14544
      endloop
   endfacet
   facet normal -0.787933 -0.615762 -1.51224e-17
      outer loop
         vertex -0.00929472 -0.251831 0.16929
         vertex -0.0100042 -0.25122 0.16929
         vertex -0.0100042 -0.25122 0.14544
      endloop
   endfacet
   facet normal -0.900578 -0.434695 0
      outer loop
         vertex -0.00906558 -0.252286 0.14544
         vertex -0.00887312 -0.252667 0.14544
         vertex -0.00887312 -0.252667 0.16929
      endloop
   endfacet
   facet normal -0.992562 0.121743 2.73308e-17
      outer loop
         vertex -0.00880361 -0.253601 0.16929
         vertex -0.00887312 -0.252667 0.16929
         vertex -0.00887312 -0.252667 0.14544
      endloop
   endfacet
   facet normal -0.870418 0.492313 4.38936e-17
      outer loop
         vertex -0.00909675 -0.25449 0.16929
         vertex -0.00880361 -0.253601 0.16929
         vertex -0.00880361 -0.253601 0.14544
      endloop
   endfacet
   facet normal -0.615762 0.787933 5.37739e-17
      outer loop
         vertex -0.00970793 -0.2552 0.16929
         vertex -0.00909675 -0.25449 0.16929
         vertex -0.00909675 -0.25449 0.14544
      endloop
   endfacet
   facet normal -0.267361 0.963596 5.54677e-17
      outer loop
         vertex -0.0105441 -0.255622 0.16929
         vertex -0.00970793 -0.2552 0.16929
         vertex -0.00970793 -0.2552 0.14544
      endloop
   endfacet
   facet normal 0.121743 0.992562 4.87171e-17
      outer loop
         vertex -0.0114779 -0.255691 0.16929
         vertex -0.0105441 -0.255622 0.16929
         vertex -0.0105441 -0.255622 0.14544
      endloop
   endfacet
   facet normal 0.492313 0.870418 3.45497e-17
      outer loop
         vertex -0.0123673 -0.255398 0.16929
         vertex -0.0114779 -0.255691 0.16929
         vertex -0.0114779 -0.255691 0.14544
      endloop
   endfacet
   facet normal 0.787933 0.615762 1.51224e-17
      outer loop
         vertex -0.0130768 -0.254787 0.16929
         vertex -0.0123673 -0.255398 0.16929
         vertex -0.0123673 -0.255398 0.14544
      endloop
   endfacet
   facet normal 0.963596 0.267361 -6.60714e-18
      outer loop
         vertex -0.0134984 -0.253951 0.16929
         vertex -0.0130768 -0.254787 0.16929
         vertex -0.0130768 -0.254787 0.14544
      endloop
   endfacet
   facet normal 0.992562 -0.121743 -2.73308e-17
      outer loop
         vertex -0.0135679 -0.253017 0.16929
         vertex -0.0134984 -0.253951 0.16929
         vertex -0.0134984 -0.253951 0.14544
      endloop
   endfacet
   facet normal 0.870418 -0.492313 -4.38936e-17
      outer loop
         vertex -0.0132748 -0.252127 0.16929
         vertex -0.0135679 -0.253017 0.16929
         vertex -0.0135679 -0.253017 0.14544
      endloop
   endfacet
   facet normal 0.768827 -0.639457 0
      outer loop
         vertex -0.0129958 -0.251803 0.14544
         vertex -0.0126636 -0.251418 0.14544
         vertex -0.0126636 -0.251418 0.16929
      endloop
   endfacet
   facet normal 0.267361 -0.963596 -5.54677e-17
      outer loop
         vertex -0.0118274 -0.250996 0.16929
         vertex -0.0126636 -0.251418 0.16929
         vertex -0.0126636 -0.251418 0.14544
      endloop
   endfacet
   facet normal -0.121743 -0.992562 -4.87171e-17
      outer loop
         vertex -0.0108936 -0.250927 0.16929
         vertex -0.0118274 -0.250996 0.16929
         vertex -0.0118274 -0.250996 0.14544
      endloop
   endfacet
   facet normal 2.11965e-17 -5.1682e-17 1
      outer loop
         vertex -0.0137796 -0.242156 0.16929
         vertex -0.0120375 -0.24204 0.16929
         vertex -0.012107 -0.241106 0.16929
      endloop
   endfacet
   facet normal 2.11965e-17 -5.1682e-17 1
      outer loop
         vertex -0.012107 -0.241106 0.16929
         vertex -0.0129521 -0.239788 0.16929
         vertex -0.0137671 -0.24018 0.16929
      endloop
   endfacet
   facet normal 2.11965e-17 -5.1682e-17 1
      outer loop
         vertex -0.012107 -0.241106 0.16929
         vertex -0.012163 -0.23874 0.16929
         vertex -0.0123031 -0.239011 0.16929
      endloop
   endfacet
   facet normal 2.11965e-17 -5.1682e-17 1
      outer loop
         vertex -0.012107 -0.241106 0.16929
         vertex -0.0120107 -0.237849 0.16929
         vertex -0.0121332 -0.238437 0.16929
      endloop
   endfacet
   facet normal 2.11965e-17 -5.1682e-17 1
      outer loop
         vertex -0.0137671 -0.24018 0.16929
         vertex -0.0137673 -0.240577 0.16929
         vertex -0.012107 -0.241106 0.16929
      endloop
   endfacet
   facet normal 2.11965e-17 -5.1682e-17 1
      outer loop
         vertex -0.0123031 -0.239011 0.16929
         vertex -0.012731 -0.239579 0.16929
         vertex -0.012107 -0.241106 0.16929
      endloop
   endfacet
   facet normal 2.11965e-17 -5.1682e-17 1
      outer loop
         vertex -0.0120107 -0.237849 0.16929
         vertex -0.0122181 -0.238145 0.16929
         vertex -0.0121332 -0.238437 0.16929
      endloop
   endfacet
   facet normal 2.11965e-17 -5.1682e-17 1
      outer loop
         vertex -0.0120107 -0.237849 0.16929
         vertex -0.0124048 -0.237801 0.16929
         vertex -0.0124054 -0.237905 0.16929
      endloop
   endfacet
   facet normal 2.11965e-17 -5.1682e-17 1
      outer loop
         vertex -0.012731 -0.239579 0.16929
         vertex -0.0129521 -0.239788 0.16929
         vertex -0.012107 -0.241106 0.16929
      endloop
   endfacet
   facet normal 2.11965e-17 -5.1682e-17 1
      outer loop
         vertex -0.0124054 -0.237905 0.16929
         vertex -0.0122181 -0.238145 0.16929
         vertex -0.0120107 -0.237849 0.16929
      endloop
   endfacet
   facet normal 2.11965e-17 -5.1682e-17 1
      outer loop
         vertex -0.00573896 -0.24246 0.16929
         vertex -0.00734269 -0.24169 0.16929
         vertex -0.00763583 -0.24258 0.16929
      endloop
   endfacet
   facet normal 2.11965e-17 -5.1682e-17 1
      outer loop
         vertex -0.00563188 -0.240885 0.16929
         vertex -0.0074122 -0.240756 0.16929
         vertex -0.00734269 -0.24169 0.16929
      endloop
   endfacet
   facet normal 2.11965e-17 -5.1682e-17 1
      outer loop
         vertex -0.0116293 -0.237739 0.16929
         vertex -0.0112027 -0.239507 0.16929
         vertex -0.0103665 -0.239086 0.16929
      endloop
   endfacet
   facet normal 2.11965e-17 -5.1682e-17 1
      outer loop
         vertex -0.0121332 -0.238437 0.16929
         vertex -0.012163 -0.23874 0.16929
         vertex -0.012107 -0.241106 0.16929
      endloop
   endfacet
   facet normal 2.11965e-17 -5.1682e-17 1
      outer loop
         vertex -0.0131977 -0.243624 0.16929
         vertex -0.0116159 -0.242876 0.16929
         vertex -0.0120375 -0.24204 0.16929
      endloop
   endfacet
   facet normal 2.11965e-17 -5.1682e-17 1
      outer loop
         vertex -0.00734269 -0.24169 0.16929
         vertex -0.00573896 -0.24246 0.16929
         vertex -0.00563188 -0.240885 0.16929
      endloop
   endfacet
   facet normal 2.11965e-17 -5.1682e-17 1
      outer loop
         vertex -0.00612461 -0.239385 0.16929
         vertex -0.0078338 -0.23992 0.16929
         vertex -0.0074122 -0.240756 0.16929
      endloop
   endfacet
   facet normal 2.11965e-17 -5.1682e-17 1
      outer loop
         vertex -0.0101149 -0.237292 0.16929
         vertex -0.0103665 -0.239086 0.16929
         vertex -0.00943265 -0.239016 0.16929
      endloop
   endfacet
   facet normal 2.11965e-17 -5.1682e-17 1
      outer loop
         vertex -0.0103665 -0.239086 0.16929
         vertex -0.0101149 -0.237292 0.16929
         vertex -0.0116293 -0.237739 0.16929
      endloop
   endfacet
   facet normal 2.11965e-17 -5.1682e-17 1
      outer loop
         vertex -0.0120375 -0.24204 0.16929
         vertex -0.0137796 -0.242156 0.16929
         vertex -0.0131977 -0.243624 0.16929
      endloop
   endfacet
   facet normal 2.11965e-17 -5.1682e-17 1
      outer loop
         vertex -0.0121068 -0.244766 0.16929
         vertex -0.0109064 -0.243487 0.16929
         vertex -0.0116159 -0.242876 0.16929
      endloop
   endfacet
   facet normal 2.11965e-17 -5.1682e-17 1
      outer loop
         vertex -0.0074122 -0.240756 0.16929
         vertex -0.00563188 -0.240885 0.16929
         vertex -0.00612461 -0.239385 0.16929
      endloop
   endfacet
   facet normal 2.11965e-17 -5.1682e-17 1
      outer loop
         vertex -0.00714493 -0.238179 0.16929
         vertex -0.00854328 -0.239309 0.16929
         vertex -0.0078338 -0.23992 0.16929
      endloop
   endfacet
   facet normal 2.11965e-17 -5.1682e-17 1
      outer loop
         vertex -0.00854333 -0.237446 0.16929
         vertex -0.00943265 -0.239016 0.16929
         vertex -0.00854328 -0.239309 0.16929
      endloop
   endfacet
   facet normal 2.11965e-17 -5.1682e-17 1
      outer loop
         vertex -0.0116293 -0.237739 0.16929
         vertex -0.0120107 -0.237849 0.16929
         vertex -0.0112027 -0.239507 0.16929
      endloop
   endfacet
   facet normal 2.11965e-17 -5.1682e-17 1
      outer loop
         vertex -0.0116159 -0.242876 0.16929
         vertex -0.0131977 -0.243624 0.16929
         vertex -0.0121068 -0.244766 0.16929
      endloop
   endfacet
   facet normal 2.11965e-17 -5.1682e-17 1
      outer loop
         vertex -0.0106669 -0.245414 0.16929
         vertex -0.010017 -0.24378 0.16929
         vertex -0.0109064 -0.243487 0.16929
      endloop
   endfacet
   facet normal 2.11965e-17 -5.1682e-17 1
      outer loop
         vertex -0.00760416 -0.244936 0.16929
         vertex -0.00824701 -0.243289 0.16929
         vertex -0.00908317 -0.243711 0.16929
      endloop
   endfacet
   facet normal 2.11965e-17 -5.1682e-17 1
      outer loop
         vertex -0.00643015 -0.24388 0.16929
         vertex -0.00763583 -0.24258 0.16929
         vertex -0.00824701 -0.243289 0.16929
      endloop
   endfacet
   facet normal 2.11965e-17 -5.1682e-17 1
      outer loop
         vertex -0.0078338 -0.23992 0.16929
         vertex -0.00612461 -0.239385 0.16929
         vertex -0.00714493 -0.238179 0.16929
      endloop
   endfacet
   facet normal 2.11965e-17 -5.1682e-17 1
      outer loop
         vertex -0.00943265 -0.239016 0.16929
         vertex -0.00854333 -0.237446 0.16929
         vertex -0.0101149 -0.237292 0.16929
      endloop
   endfacet
   facet normal 2.11965e-17 -5.1682e-17 1
      outer loop
         vertex -0.0109064 -0.243487 0.16929
         vertex -0.0121068 -0.244766 0.16929
         vertex -0.0106669 -0.245414 0.16929
      endloop
   endfacet
   facet normal 2.11965e-17 -5.1682e-17 1
      outer loop
         vertex -0.0137671 -0.24018 0.16929
         vertex -0.0132351 -0.2399 0.16929
         vertex -0.0135395 -0.239899 0.16929
      endloop
   endfacet
   facet normal 2.11965e-17 -5.1682e-17 1
      outer loop
         vertex -0.00824701 -0.243289 0.16929
         vertex -0.00760416 -0.244936 0.16929
         vertex -0.00643015 -0.24388 0.16929
      endloop
   endfacet
   facet normal 2.11965e-17 -5.1682e-17 1
      outer loop
         vertex -0.00854328 -0.239309 0.16929
         vertex -0.00714493 -0.238179 0.16929
         vertex -0.00854333 -0.237446 0.16929
      endloop
   endfacet
   facet normal 2.11965e-17 -5.1682e-17 1
      outer loop
         vertex -0.012107 -0.241106 0.16929
         vertex -0.0137673 -0.240577 0.16929
         vertex -0.0137796 -0.242156 0.16929
      endloop
   endfacet
   facet normal 2.11965e-17 -5.1682e-17 1
      outer loop
         vertex -0.0137671 -0.24018 0.16929
         vertex -0.0129521 -0.239788 0.16929
         vertex -0.0132351 -0.2399 0.16929
      endloop
   endfacet
   facet normal 2.11965e-17 -5.1682e-17 1
      outer loop
         vertex -0.00908894 -0.245474 0.16929
         vertex -0.00908317 -0.243711 0.16929
         vertex -0.010017 -0.24378 0.16929
      endloop
   endfacet
   facet normal 2.11965e-17 -5.1682e-17 1
      outer loop
         vertex -0.00763583 -0.24258 0.16929
         vertex -0.00643015 -0.24388 0.16929
         vertex -0.00573896 -0.24246 0.16929
      endloop
   endfacet
   facet normal 2.11965e-17 -5.1682e-17 1
      outer loop
         vertex -0.0135395 -0.239899 0.16929
         vertex -0.0139213 -0.239814 0.16929
         vertex -0.0137671 -0.24018 0.16929
      endloop
   endfacet
   facet normal 2.11965e-17 -5.1682e-17 1
      outer loop
         vertex -0.0139213 -0.239814 0.16929
         vertex -0.0135395 -0.239899 0.16929
         vertex -0.0138218 -0.239785 0.16929
      endloop
   endfacet
   facet normal 2.11965e-17 -5.1682e-17 1
      outer loop
         vertex -0.00908317 -0.243711 0.16929
         vertex -0.00908894 -0.245474 0.16929
         vertex -0.00760416 -0.244936 0.16929
      endloop
   endfacet
   facet normal 2.11965e-17 -5.1682e-17 1
      outer loop
         vertex -0.0120107 -0.237849 0.16929
         vertex -0.012107 -0.241106 0.16929
         vertex -0.0118138 -0.240217 0.16929
      endloop
   endfacet
   facet normal 2.11965e-17 -5.1682e-17 1
      outer loop
         vertex -0.0138218 -0.239785 0.16929
         vertex -0.0142056 -0.239537 0.16929
         vertex -0.0139213 -0.239814 0.16929
      endloop
   endfacet
   facet normal 2.11965e-17 -5.1682e-17 1
      outer loop
         vertex -0.0118138 -0.240217 0.16929
         vertex -0.0112027 -0.239507 0.16929
         vertex -0.0120107 -0.237849 0.16929
      endloop
   endfacet
   facet normal 2.11965e-17 -5.1682e-17 1
      outer loop
         vertex -0.010017 -0.24378 0.16929
         vertex -0.0106669 -0.245414 0.16929
         vertex -0.00908894 -0.245474 0.16929
      endloop
   endfacet
   facet normal 2.11965e-17 -5.1682e-17 1
      outer loop
         vertex -0.0124048 -0.237801 0.16929
         vertex -0.0127494 -0.237605 0.16929
         vertex -0.0124054 -0.237905 0.16929
      endloop
   endfacet
   facet normal -0.784697 0.61988 4.86695e-17
      outer loop
         vertex -0.0123031 -0.239011 0.16929
         vertex -0.0123031 -0.239011 0.16059
         vertex -0.012731 -0.239579 0.16059
      endloop
   endfacet
   facet normal -0.812307 0.58323 4.73606e-17
      outer loop
         vertex -0.012731 -0.239579 0.16059
         vertex -0.012731 -0.239579 0.16929
         vertex -0.0123031 -0.239011 0.16929
      endloop
   endfacet
   facet normal 2.11965e-17 -5.1682e-17 1
      outer loop
         vertex -0.0122181 -0.238145 0.16059
         vertex -0.0123031 -0.239011 0.16059
         vertex -0.012163 -0.23874 0.16059
      endloop
   endfacet
   facet normal 2.11965e-17 -5.1682e-17 1
      outer loop
         vertex -0.012163 -0.23874 0.16059
         vertex -0.0121332 -0.238437 0.16059
         vertex -0.0122181 -0.238145 0.16059
      endloop
   endfacet
   facet normal 2.11965e-17 -5.1682e-17 1
      outer loop
         vertex -0.0122248 -0.238132 0.16059
         vertex -0.0135537 -0.239896 0.16059
         vertex -0.012731 -0.239579 0.16059
      endloop
   endfacet
   facet normal 2.11965e-17 -5.1682e-17 1
      outer loop
         vertex -0.012731 -0.239579 0.16059
         vertex -0.0135395 -0.239899 0.16059
         vertex -0.0132351 -0.2399 0.16059
      endloop
   endfacet
   facet normal 2.11965e-17 -5.1682e-17 1
      outer loop
         vertex -0.012731 -0.239579 0.16059
         vertex -0.0123031 -0.239011 0.16059
         vertex -0.0122248 -0.238132 0.16059
      endloop
   endfacet
   facet normal 2.11965e-17 -5.1682e-17 1
      outer loop
         vertex -0.012731 -0.239579 0.16059
         vertex -0.0135537 -0.239896 0.16059
         vertex -0.0135395 -0.239899 0.16059
      endloop
   endfacet
   facet normal 2.11965e-17 -5.1682e-17 1
      outer loop
         vertex -0.0132351 -0.2399 0.16059
         vertex -0.0129521 -0.239788 0.16059
         vertex -0.012731 -0.239579 0.16059
      endloop
   endfacet
   facet normal 2.11965e-17 -5.1682e-17 1
      outer loop
         vertex -0.0122181 -0.238145 0.16059
         vertex -0.0122248 -0.238132 0.16059
         vertex -0.0123031 -0.239011 0.16059
      endloop
   endfacet
   facet normal -0.537659 0.843162 5.49728e-17
      outer loop
         vertex -0.0129521 -0.239788 0.16929
         vertex -0.012731 -0.239579 0.16929
         vertex -0.012731 -0.239579 0.16059
      endloop
   endfacet
   facet normal -0.186129 0.982525 5.47242e-17
      outer loop
         vertex -0.0132351 -0.2399 0.16929
         vertex -0.0129521 -0.239788 0.16929
         vertex -0.0129521 -0.239788 0.16059
      endloop
   endfacet
   facet normal 0.192017 0.981392 4.66502e-17
      outer loop
         vertex -0.0135395 -0.239899 0.16929
         vertex -0.0132351 -0.2399 0.16929
         vertex -0.0132351 -0.2399 0.16059
      endloop
   endfacet
   facet normal 0.192017 0.981392 4.66502e-17
      outer loop
         vertex -0.0135395 -0.239899 0.16929
         vertex -0.0135395 -0.239899 0.16059
         vertex -0.0135537 -0.239896 0.16059
      endloop
   endfacet
   facet normal 0.209619 0.977783 4.60906e-17
      outer loop
         vertex -0.0135537 -0.239896 0.16059
         vertex -0.0138218 -0.239785 0.16929
         vertex -0.0135395 -0.239899 0.16929
      endloop
   endfacet
   facet normal 0.209619 0.977783 4.60906e-17
      outer loop
         vertex -0.0135537 -0.239896 0.16059
         vertex -0.0138218 -0.239785 0.16059
         vertex -0.0138218 -0.239785 0.16929
      endloop
   endfacet
   facet normal -0.186129 0.982525 5.47242e-17
      outer loop
         vertex -0.0132351 -0.2399 0.16059
         vertex -0.0135395 -0.239899 0.16059
         vertex -0.0135395 -0.239899 0.16929
      endloop
   endfacet
   facet normal -0.537659 0.843162 5.49728e-17
      outer loop
         vertex -0.0129521 -0.239788 0.16059
         vertex -0.0132351 -0.2399 0.16059
         vertex -0.0132351 -0.2399 0.16929
      endloop
   endfacet
   facet normal -0.812307 0.58323 4.73606e-17
      outer loop
         vertex -0.012731 -0.239579 0.16059
         vertex -0.0129521 -0.239788 0.16059
         vertex -0.0129521 -0.239788 0.16929
      endloop
   endfacet
   facet normal -0.657605 -0.753363 -2.49964e-17
      outer loop
         vertex -0.0124054 -0.237905 0.16929
         vertex -0.0124054 -0.237905 0.16059
         vertex -0.0122248 -0.238132 0.16059
      endloop
   endfacet
   facet normal -0.882007 -0.471236 -5.65895e-18
      outer loop
         vertex -0.0122248 -0.238132 0.16059
         vertex -0.0122181 -0.238145 0.16929
         vertex -0.0124054 -0.237905 0.16929
      endloop
   endfacet
   facet normal -0.995745 -0.092155 1.63436e-17
      outer loop
         vertex -0.0121332 -0.238437 0.16929
         vertex -0.0122181 -0.238145 0.16929
         vertex -0.0122181 -0.238145 0.16059
      endloop
   endfacet
   facet normal -0.958771 0.284181 3.50096e-17
      outer loop
         vertex -0.012163 -0.23874 0.16929
         vertex -0.0121332 -0.238437 0.16929
         vertex -0.0121332 -0.238437 0.16059
      endloop
   endfacet
   facet normal -0.784697 0.61988 4.86695e-17
      outer loop
         vertex -0.0123031 -0.239011 0.16929
         vertex -0.012163 -0.23874 0.16929
         vertex -0.012163 -0.23874 0.16059
      endloop
   endfacet
   facet normal -0.958771 0.284181 3.50096e-17
      outer loop
         vertex -0.012163 -0.23874 0.16059
         vertex -0.0123031 -0.239011 0.16059
         vertex -0.0123031 -0.239011 0.16929
      endloop
   endfacet
   facet normal -0.995745 -0.092155 1.63436e-17
      outer loop
         vertex -0.0121332 -0.238437 0.16059
         vertex -0.012163 -0.23874 0.16059
         vertex -0.012163 -0.23874 0.16929
      endloop
   endfacet
   facet normal -0.890331 -0.455313 -4.65958e-18
      outer loop
         vertex -0.0122181 -0.238145 0.16059
         vertex -0.0121332 -0.238437 0.16059
         vertex -0.0121332 -0.238437 0.16929
      endloop
   endfacet
   facet normal -0.882007 -0.471236 -5.65895e-18
      outer loop
         vertex -0.0122248 -0.238132 0.16059
         vertex -0.0122181 -0.238145 0.16059
         vertex -0.0122181 -0.238145 0.16929
      endloop
   endfacet
   facet normal 0.982971 0.183762 -1.13384e-17
      outer loop
         vertex -0.0137796 -0.242156 0.16929
         vertex -0.0137673 -0.240577 0.16929
         vertex -0.0137673 -0.240577 0.17329
      endloop
   endfacet
   facet normal 0.8419 0.539633 1.0044e-17
      outer loop
         vertex -0.0131977 -0.243624 0.16929
         vertex -0.0137796 -0.242156 0.16929
         vertex -0.0137796 -0.242156 0.17329
      endloop
   endfacet
   facet normal 0.577453 0.816424 2.99544e-17
      outer loop
         vertex -0.0121068 -0.244766 0.16929
         vertex -0.0131977 -0.243624 0.16929
         vertex -0.0131977 -0.243624 0.17329
      endloop
   endfacet
   facet normal 0.228383 0.973571 4.54752e-17
      outer loop
         vertex -0.0106669 -0.245414 0.16929
         vertex -0.0121068 -0.244766 0.16929
         vertex -0.0121068 -0.244766 0.17329
      endloop
   endfacet
   facet normal -0.154156 0.988047 5.43318e-17
      outer loop
         vertex -0.00908894 -0.245474 0.16929
         vertex -0.0106669 -0.245414 0.16929
         vertex -0.0106669 -0.245414 0.17329
      endloop
   endfacet
   facet normal -0.514104 0.857728 5.52263e-17
      outer loop
         vertex -0.00760416 -0.244936 0.16929
         vertex -0.00908894 -0.245474 0.16929
         vertex -0.00908894 -0.245474 0.17329
      endloop
   endfacet
   facet normal -0.798712 0.601714 4.80277e-17
      outer loop
         vertex -0.00643015 -0.24388 0.16929
         vertex -0.00760416 -0.244936 0.16929
         vertex -0.00760416 -0.244936 0.17329
      endloop
   endfacet
   facet normal -0.966273 0.257521 3.37908e-17
      outer loop
         vertex -0.00573896 -0.24246 0.16929
         vertex -0.00643015 -0.24388 0.16929
         vertex -0.00643015 -0.24388 0.17329
      endloop
   endfacet
   facet normal -0.992231 -0.124411 1.4602e-17
      outer loop
         vertex -0.00563188 -0.240885 0.16929
         vertex -0.00573896 -0.24246 0.16929
         vertex -0.00573896 -0.24246 0.17329
      endloop
   endfacet
   facet normal -0.872782 -0.48811 -6.72659e-18
      outer loop
         vertex -0.00612461 -0.239385 0.16929
         vertex -0.00563188 -0.240885 0.16929
         vertex -0.00563188 -0.240885 0.17329
      endloop
   endfacet
   facet normal -0.625431 -0.78028 -2.70695e-17
      outer loop
         vertex -0.00714493 -0.238179 0.16929
         vertex -0.00612461 -0.239385 0.16929
         vertex -0.00612461 -0.239385 0.17329
      endloop
   endfacet
   facet normal -0.286426 -0.958102 -4.34454e-17
      outer loop
         vertex -0.00854333 -0.237446 0.16929
         vertex -0.00714493 -0.238179 0.16929
         vertex -0.00714493 -0.238179 0.17329
      endloop
   endfacet
   facet normal 0.0945536 -0.99552 -5.34547e-17
      outer loop
         vertex -0.0101149 -0.237292 0.16929
         vertex -0.00854333 -0.237446 0.16929
         vertex -0.00854333 -0.237446 0.17329
      endloop
   endfacet
   facet normal 0.461677 -0.887048 -5.56304e-17
      outer loop
         vertex -0.0116293 -0.237739 0.16929
         vertex -0.0101149 -0.237292 0.16929
         vertex -0.0101149 -0.237292 0.17329
      endloop
   endfacet
   facet normal 0.0945536 -0.99552 -5.34547e-17
      outer loop
         vertex -0.0101149 -0.237292 0.17329
         vertex -0.0116293 -0.237739 0.17329
         vertex -0.0116293 -0.237739 0.16929
      endloop
   endfacet
   facet normal -0.286426 -0.958102 -4.34454e-17
      outer loop
         vertex -0.00854333 -0.237446 0.17329
         vertex -0.0101149 -0.237292 0.17329
         vertex -0.0101149 -0.237292 0.16929
      endloop
   endfacet
   facet normal -0.625431 -0.78028 -2.70695e-17
      outer loop
         vertex -0.00714493 -0.238179 0.17329
         vertex -0.00854333 -0.237446 0.17329
         vertex -0.00854333 -0.237446 0.16929
      endloop
   endfacet
   facet normal -0.872782 -0.48811 -6.72659e-18
      outer loop
         vertex -0.00612461 -0.239385 0.17329
         vertex -0.00714493 -0.238179 0.17329
         vertex -0.00714493 -0.238179 0.16929
      endloop
   endfacet
   facet normal -0.992231 -0.124411 1.4602e-17
      outer loop
         vertex -0.00563188 -0.240885 0.17329
         vertex -0.00612461 -0.239385 0.17329
         vertex -0.00612461 -0.239385 0.16929
      endloop
   endfacet
   facet normal -0.966273 0.257521 3.37908e-17
      outer loop
         vertex -0.00573896 -0.24246 0.17329
         vertex -0.00563188 -0.240885 0.17329
         vertex -0.00563188 -0.240885 0.16929
      endloop
   endfacet
   facet normal -0.798712 0.601714 4.80277e-17
      outer loop
         vertex -0.00643015 -0.24388 0.17329
         vertex -0.00573896 -0.24246 0.17329
         vertex -0.00573896 -0.24246 0.16929
      endloop
   endfacet
   facet normal -0.514104 0.857728 5.52263e-17
      outer loop
         vertex -0.00760416 -0.244936 0.17329
         vertex -0.00643015 -0.24388 0.17329
         vertex -0.00643015 -0.24388 0.16929
      endloop
   endfacet
   facet normal -0.154156 0.988047 5.43318e-17
      outer loop
         vertex -0.00908894 -0.245474 0.17329
         vertex -0.00760416 -0.244936 0.17329
         vertex -0.00760416 -0.244936 0.16929
      endloop
   endfacet
   facet normal 0.228383 0.973571 4.54752e-17
      outer loop
         vertex -0.0106669 -0.245414 0.17329
         vertex -0.00908894 -0.245474 0.17329
         vertex -0.00908894 -0.245474 0.16929
      endloop
   endfacet
   facet normal 0.577453 0.816424 2.99544e-17
      outer loop
         vertex -0.0121068 -0.244766 0.17329
         vertex -0.0106669 -0.245414 0.17329
         vertex -0.0106669 -0.245414 0.16929
      endloop
   endfacet
   facet normal 0.8419 0.539633 1.0044e-17
      outer loop
         vertex -0.0131977 -0.243624 0.17329
         vertex -0.0121068 -0.244766 0.17329
         vertex -0.0121068 -0.244766 0.16929
      endloop
   endfacet
   facet normal 0.982971 0.183762 -1.13384e-17
      outer loop
         vertex -0.0137796 -0.242156 0.17329
         vertex -0.0131977 -0.243624 0.17329
         vertex -0.0131977 -0.243624 0.16929
      endloop
   endfacet
   facet normal 0.979992 -0.199039 -3.10592e-17
      outer loop
         vertex -0.0137673 -0.240577 0.17329
         vertex -0.0137796 -0.242156 0.17329
         vertex -0.0137796 -0.242156 0.16929
      endloop
   endfacet
   facet normal 0.979992 -0.199039 -3.10592e-17
      outer loop
         vertex -0.0137673 -0.240577 0.17329
         vertex -0.0137673 -0.240577 0.16929
         vertex -0.0137671 -0.24018 0.16929
      endloop
   endfacet
   facet normal 0.980226 0.197879 -1.05506e-17
      outer loop
         vertex -0.0137671 -0.24018 0.17329
         vertex -0.0137671 -0.24018 0.16929
         vertex -0.0139213 -0.239814 0.16929
      endloop
   endfacet
   facet normal 0.826032 0.563623 1.16202e-17
      outer loop
         vertex -0.0139213 -0.239814 0.17329
         vertex -0.0139213 -0.239814 0.16929
         vertex -0.0142056 -0.239537 0.16929
      endloop
   endfacet
   facet normal 0.541701 0.840571 3.19602e-17
      outer loop
         vertex -0.0142056 -0.239537 0.16929
         vertex -0.0142056 -0.239537 0.17329
         vertex -0.0139213 -0.239814 0.17329
      endloop
   endfacet
   facet normal 0.826032 0.563623 1.16202e-17
      outer loop
         vertex -0.0139213 -0.239814 0.16929
         vertex -0.0139213 -0.239814 0.17329
         vertex -0.0137671 -0.24018 0.17329
      endloop
   endfacet
   facet normal 0.980226 0.197879 -1.05506e-17
      outer loop
         vertex -0.0137671 -0.24018 0.16929
         vertex -0.0137671 -0.24018 0.17329
         vertex -0.0137673 -0.240577 0.17329
      endloop
   endfacet
   facet normal -0.658504 -0.752577 -2.49367e-17
      outer loop
         vertex -0.0127494 -0.237605 0.17329
         vertex -0.0127494 -0.237605 0.16929
         vertex -0.0124048 -0.237801 0.16929
      endloop
   endfacet
   facet normal -0.313862 -0.949468 -4.24177e-17
      outer loop
         vertex -0.0124048 -0.237801 0.17329
         vertex -0.0124048 -0.237801 0.16929
         vertex -0.0120107 -0.237849 0.16929
      endloop
   endfacet
   facet normal 0.0802268 -0.996777 -5.32159e-17
      outer loop
         vertex -0.0120107 -0.237849 0.17329
         vertex -0.0120107 -0.237849 0.16929
         vertex -0.0116293 -0.237739 0.16929
      endloop
   endfacet
   facet normal 0.461677 -0.887048 -5.56304e-17
      outer loop
         vertex -0.0116293 -0.237739 0.16929
         vertex -0.0116293 -0.237739 0.17329
         vertex -0.0120107 -0.237849 0.17329
      endloop
   endfacet
   facet normal 0.0802268 -0.996777 -5.32159e-17
      outer loop
         vertex -0.0120107 -0.237849 0.16929
         vertex -0.0120107 -0.237849 0.17329
         vertex -0.0124048 -0.237801 0.17329
      endloop
   endfacet
   facet normal -0.313862 -0.949468 -4.24177e-17
      outer loop
         vertex -0.0124048 -0.237801 0.16929
         vertex -0.0124048 -0.237801 0.17329
         vertex -0.0127494 -0.237605 0.17329
      endloop
   endfacet
   facet normal 0.354257 0.935148 4.08213e-17
      outer loop
         vertex -0.0146925 -0.239287 0.16059
         vertex -0.0146925 -0.239287 0.17329
         vertex -0.0145954 -0.239325 0.17329
      endloop
   endfacet
   facet normal 0.0630516 0.99801 5.02427e-17
      outer loop
         vertex -0.016477 -0.23894 0.16059
         vertex -0.016477 -0.23894 0.17329
         vertex -0.0146925 -0.239287 0.17329
      endloop
   endfacet
   facet normal -0.0583449 0.998296 5.28307e-17
      outer loop
         vertex -0.017642 -0.238939 0.16059
         vertex -0.017642 -0.238939 0.17329
         vertex -0.016477 -0.23894 0.17329
      endloop
   endfacet
   facet normal 0.542705 0.839923 3.19055e-17
      outer loop
         vertex -0.0138218 -0.239785 0.16059
         vertex -0.0145954 -0.239325 0.16059
         vertex -0.0142056 -0.239537 0.16929
      endloop
   endfacet
   facet normal 0.383649 0.923479 3.95952e-17
      outer loop
         vertex -0.0145954 -0.239325 0.17329
         vertex -0.0142056 -0.239537 0.17329
         vertex -0.0142056 -0.239537 0.16929
      endloop
   endfacet
   facet normal 0.541701 0.840571 3.19602e-17
      outer loop
         vertex -0.0142056 -0.239537 0.16929
         vertex -0.0145954 -0.239325 0.16059
         vertex -0.0145954 -0.239325 0.17329
      endloop
   endfacet
   facet normal 0.541701 0.840571 3.19602e-17
      outer loop
         vertex -0.0142056 -0.239537 0.16929
         vertex -0.0138218 -0.239785 0.16929
         vertex -0.0138218 -0.239785 0.16059
      endloop
   endfacet
   facet normal 0.0630516 0.99801 5.02427e-17
      outer loop
         vertex -0.016477 -0.23894 0.17329
         vertex -0.016477 -0.23894 0.16059
         vertex -0.017642 -0.238939 0.16059
      endloop
   endfacet
   facet normal 0.354257 0.935148 4.08213e-17
      outer loop
         vertex -0.0146925 -0.239287 0.17329
         vertex -0.0146925 -0.239287 0.16059
         vertex -0.016477 -0.23894 0.16059
      endloop
   endfacet
   facet normal 0.383649 0.923479 3.95952e-17
      outer loop
         vertex -0.0145954 -0.239325 0.17329
         vertex -0.0145954 -0.239325 0.16059
         vertex -0.0146925 -0.239287 0.16059
      endloop
   endfacet
   facet normal -0.941884 -0.335937 2.60274e-18
      outer loop
         vertex -0.0139506 -0.235586 0.16059
         vertex -0.0139506 -0.235586 0.17329
         vertex -0.0142724 -0.234467 0.17329
      endloop
   endfacet
   facet normal -0.801123 -0.598499 -1.39506e-17
      outer loop
         vertex -0.013125 -0.237206 0.16059
         vertex -0.013125 -0.237206 0.17329
         vertex -0.0139506 -0.235586 0.17329
      endloop
   endfacet
   facet normal -0.781799 -0.623531 -1.56539e-17
      outer loop
         vertex -0.0130612 -0.237289 0.16059
         vertex -0.0130612 -0.237289 0.17329
         vertex -0.013125 -0.237206 0.17329
      endloop
   endfacet
   facet normal -0.781799 -0.623531 -1.56539e-17
      outer loop
         vertex -0.0130612 -0.237289 0.17329
         vertex -0.0130612 -0.237289 0.16059
         vertex -0.0127494 -0.237605 0.16929
      endloop
   endfacet
   facet normal -0.657605 -0.753363 -2.49964e-17
      outer loop
         vertex -0.0124054 -0.237905 0.16059
         vertex -0.0124054 -0.237905 0.16929
         vertex -0.0127494 -0.237605 0.16929
      endloop
   endfacet
   facet normal -0.658504 -0.752577 -2.49367e-17
      outer loop
         vertex -0.0127494 -0.237605 0.16929
         vertex -0.0130612 -0.237289 0.16059
         vertex -0.0124054 -0.237905 0.16059
      endloop
   endfacet
   facet normal -0.658504 -0.752577 -2.49367e-17
      outer loop
         vertex -0.0127494 -0.237605 0.16929
         vertex -0.0127494 -0.237605 0.17329
         vertex -0.0130612 -0.237289 0.17329
      endloop
   endfacet
   facet normal -0.801123 -0.598499 -1.39506e-17
      outer loop
         vertex -0.013125 -0.237206 0.17329
         vertex -0.013125 -0.237206 0.16059
         vertex -0.0130612 -0.237289 0.16059
      endloop
   endfacet
   facet normal -0.941884 -0.335937 2.60274e-18
      outer loop
         vertex -0.0139506 -0.235586 0.17329
         vertex -0.0139506 -0.235586 0.16059
         vertex -0.013125 -0.237206 0.16059
      endloop
   endfacet
   facet normal -0.97565 -0.219331 9.34492e-18
      outer loop
         vertex -0.0142724 -0.234467 0.17329
         vertex -0.0142724 -0.234467 0.16059
         vertex -0.0139506 -0.235586 0.16059
      endloop
   endfacet
   facet normal -0.656785 0.754078 5.28938e-17
      outer loop
         vertex -0.013276 -0.233537 0.17329
         vertex -0.013276 -0.233537 0.16059
         vertex -0.0142724 -0.234467 0.16059
      endloop
   endfacet
   facet normal -0.706606 0.707608 5.15482e-17
      outer loop
         vertex -0.0142724 -0.234467 0.16059
         vertex -0.0142724 -0.234467 0.17329
         vertex -0.013276 -0.233537 0.17329
      endloop
   endfacet
   facet normal -2.11965e-17 5.1682e-17 -1
      outer loop
         vertex -0.0121814 -0.233936 0.16059
         vertex -0.0139506 -0.235586 0.16059
         vertex -0.0142724 -0.234467 0.16059
      endloop
   endfacet
   facet normal -2.11965e-17 5.1682e-17 -1
      outer loop
         vertex -0.0121814 -0.233936 0.16059
         vertex -0.013125 -0.237206 0.16059
         vertex -0.0139506 -0.235586 0.16059
      endloop
   endfacet
   facet normal -2.11965e-17 5.1682e-17 -1
      outer loop
         vertex -0.0142724 -0.234467 0.16059
         vertex -0.013276 -0.233537 0.16059
         vertex -0.0121814 -0.233936 0.16059
      endloop
   endfacet
   facet normal -2.11965e-17 5.1682e-17 -1
      outer loop
         vertex -0.0106231 -0.234872 0.16059
         vertex -0.0130612 -0.237289 0.16059
         vertex -0.013125 -0.237206 0.16059
      endloop
   endfacet
   facet normal -2.11965e-17 5.1682e-17 -1
      outer loop
         vertex -0.0124054 -0.237905 0.16059
         vertex -0.00997548 -0.235639 0.16059
         vertex -0.00999248 -0.236012 0.16059
      endloop
   endfacet
   facet normal -2.11965e-17 5.1682e-17 -1
      outer loop
         vertex -0.0121814 -0.233936 0.16059
         vertex -0.0106231 -0.234872 0.16059
         vertex -0.013125 -0.237206 0.16059
      endloop
   endfacet
   facet normal -2.11965e-17 5.1682e-17 -1
      outer loop
         vertex -0.0130612 -0.237289 0.16059
         vertex -0.010545 -0.234942 0.16059
         vertex -0.00997548 -0.235639 0.16059
      endloop
   endfacet
   facet normal -2.11965e-17 5.1682e-17 -1
      outer loop
         vertex -0.00997548 -0.235639 0.16059
         vertex -0.00976148 -0.235835 0.16059
         vertex -0.00999248 -0.236012 0.16059
      endloop
   endfacet
   facet normal -2.11965e-17 5.1682e-17 -1
      outer loop
         vertex -0.00997548 -0.235639 0.16059
         vertex -0.0124054 -0.237905 0.16059
         vertex -0.0130612 -0.237289 0.16059
      endloop
   endfacet
   facet normal -2.11965e-17 5.1682e-17 -1
      outer loop
         vertex -0.0106231 -0.234872 0.16059
         vertex -0.010545 -0.234942 0.16059
         vertex -0.0130612 -0.237289 0.16059
      endloop
   endfacet
   facet normal -2.11965e-17 5.1682e-17 -1
      outer loop
         vertex -0.00999248 -0.236012 0.16059
         vertex -0.0122248 -0.238132 0.16059
         vertex -0.0124054 -0.237905 0.16059
      endloop
   endfacet
   facet normal 0.676361 0.736571 2.3731e-17
      outer loop
         vertex -0.010545 -0.234942 0.16059
         vertex -0.010545 -0.234942 0.17329
         vertex -0.00997548 -0.235639 0.17329
      endloop
   endfacet
   facet normal 0.652732 0.757589 2.53181e-17
      outer loop
         vertex -0.0106231 -0.234872 0.16059
         vertex -0.0106231 -0.234872 0.17329
         vertex -0.010545 -0.234942 0.17329
      endloop
   endfacet
   facet normal 0.400589 0.916258 3.8863e-17
      outer loop
         vertex -0.0121814 -0.233936 0.16059
         vertex -0.0121814 -0.233936 0.17329
         vertex -0.0106231 -0.234872 0.17329
      endloop
   endfacet
   facet normal 0.286611 0.958047 4.34386e-17
      outer loop
         vertex -0.013276 -0.233537 0.16059
         vertex -0.013276 -0.233537 0.17329
         vertex -0.0121814 -0.233936 0.17329
      endloop
   endfacet
   facet normal 0.400589 0.916258 3.8863e-17
      outer loop
         vertex -0.0121814 -0.233936 0.17329
         vertex -0.0121814 -0.233936 0.16059
         vertex -0.013276 -0.233537 0.16059
      endloop
   endfacet
   facet normal 0.652732 0.757589 2.53181e-17
      outer loop
         vertex -0.0106231 -0.234872 0.17329
         vertex -0.0106231 -0.234872 0.16059
         vertex -0.0121814 -0.233936 0.16059
      endloop
   endfacet
   facet normal 0.676361 0.736571 2.3731e-17
      outer loop
         vertex -0.010545 -0.234942 0.17329
         vertex -0.010545 -0.234942 0.16059
         vertex -0.0106231 -0.234872 0.16059
      endloop
   endfacet
   facet normal 0.797247 0.603653 1.42992e-17
      outer loop
         vertex -0.00997548 -0.235639 0.17329
         vertex -0.00997548 -0.235639 0.16059
         vertex -0.010545 -0.234942 0.16059
      endloop
   endfacet
   facet normal -0.875086 0.483968 4.35612e-17
      outer loop
         vertex -0.017642 -0.238939 0.17329
         vertex -0.017642 -0.238939 0.16059
         vertex -0.0182605 -0.240153 0.16059
      endloop
   endfacet
   facet normal -0.906008 0.42326 4.10792e-17
      outer loop
         vertex -0.0182605 -0.240153 0.16059
         vertex -0.0182605 -0.240153 0.17329
         vertex -0.017642 -0.238939 0.17329
      endloop
   endfacet
   facet normal -2.11965e-17 5.1682e-17 -1
      outer loop
         vertex -0.0175751 -0.241096 0.16059
         vertex -0.0182605 -0.240153 0.16059
         vertex -0.017642 -0.238939 0.16059
      endloop
   endfacet
   facet normal -2.11965e-17 5.1682e-17 -1
      outer loop
         vertex -0.017642 -0.238939 0.16059
         vertex -0.016477 -0.23894 0.16059
         vertex -0.0175751 -0.241096 0.16059
      endloop
   endfacet
   facet normal -2.11965e-17 5.1682e-17 -1
      outer loop
         vertex -0.0146925 -0.239287 0.16059
         vertex -0.0162453 -0.242335 0.16059
         vertex -0.0175751 -0.241096 0.16059
      endloop
   endfacet
   facet normal -2.11965e-17 5.1682e-17 -1
      outer loop
         vertex -0.0146925 -0.239287 0.16059
         vertex -0.0161571 -0.242391 0.16059
         vertex -0.0162453 -0.242335 0.16059
      endloop
   endfacet
   facet normal -2.11965e-17 5.1682e-17 -1
      outer loop
         vertex -0.016477 -0.23894 0.16059
         vertex -0.0146925 -0.239287 0.16059
         vertex -0.0175751 -0.241096 0.16059
      endloop
   endfacet
   facet normal -2.11965e-17 5.1682e-17 -1
      outer loop
         vertex -0.0161571 -0.242391 0.16059
         vertex -0.0145954 -0.239325 0.16059
         vertex -0.0138218 -0.239785 0.16059
      endloop
   endfacet
   facet normal -2.11965e-17 5.1682e-17 -1
      outer loop
         vertex -0.01533 -0.242746 0.16059
         vertex -0.0138218 -0.239785 0.16059
         vertex -0.014067 -0.240742 0.16059
      endloop
   endfacet
   facet normal -2.11965e-17 5.1682e-17 -1
      outer loop
         vertex -0.0138218 -0.239785 0.16059
         vertex -0.01533 -0.242746 0.16059
         vertex -0.0161571 -0.242391 0.16059
      endloop
   endfacet
   facet normal -2.11965e-17 5.1682e-17 -1
      outer loop
         vertex -0.0138218 -0.239785 0.16059
         vertex -0.0135537 -0.239896 0.16059
         vertex -0.014067 -0.240742 0.16059
      endloop
   endfacet
   facet normal -2.11965e-17 5.1682e-17 -1
      outer loop
         vertex -0.014067 -0.240742 0.16059
         vertex -0.0150826 -0.242898 0.16059
         vertex -0.01533 -0.242746 0.16059
      endloop
   endfacet
   facet normal -2.11965e-17 5.1682e-17 -1
      outer loop
         vertex -0.0146925 -0.239287 0.16059
         vertex -0.0145954 -0.239325 0.16059
         vertex -0.0161571 -0.242391 0.16059
      endloop
   endfacet
   facet normal -0.770184 -0.637821 -1.66387e-17
      outer loop
         vertex -0.0175751 -0.241096 0.16059
         vertex -0.0175751 -0.241096 0.17329
         vertex -0.0182605 -0.240153 0.17329
      endloop
   endfacet
   facet normal -0.548111 -0.836406 -3.16091e-17
      outer loop
         vertex -0.0162453 -0.242335 0.16059
         vertex -0.0162453 -0.242335 0.17329
         vertex -0.0175751 -0.241096 0.17329
      endloop
   endfacet
   facet normal -0.52139 -0.853318 -3.30496e-17
      outer loop
         vertex -0.0161571 -0.242391 0.16059
         vertex -0.0161571 -0.242391 0.17329
         vertex -0.0162453 -0.242335 0.17329
      endloop
   endfacet
   facet normal -0.360281 -0.932844 -4.05746e-17
      outer loop
         vertex -0.01533 -0.242746 0.16059
         vertex -0.01533 -0.242746 0.17329
         vertex -0.0161571 -0.242391 0.17329
      endloop
   endfacet
   facet normal -0.52139 -0.853318 -3.30496e-17
      outer loop
         vertex -0.0161571 -0.242391 0.17329
         vertex -0.0161571 -0.242391 0.16059
         vertex -0.01533 -0.242746 0.16059
      endloop
   endfacet
   facet normal -0.548111 -0.836406 -3.16091e-17
      outer loop
         vertex -0.0162453 -0.242335 0.17329
         vertex -0.0162453 -0.242335 0.16059
         vertex -0.0161571 -0.242391 0.16059
      endloop
   endfacet
   facet normal -0.770184 -0.637821 -1.66387e-17
      outer loop
         vertex -0.0175751 -0.241096 0.17329
         vertex -0.0175751 -0.241096 0.16059
         vertex -0.0162453 -0.242335 0.16059
      endloop
   endfacet
   facet normal -0.841796 -0.539796 -1.00546e-17
      outer loop
         vertex -0.0182605 -0.240153 0.17329
         vertex -0.0182605 -0.240153 0.16059
         vertex -0.0175751 -0.241096 0.16059
      endloop
   endfacet
   facet normal -0.360281 -0.932844 -4.05746e-17
      outer loop
         vertex -0.01533 -0.242746 0.17329
         vertex -0.01533 -0.242746 0.16059
         vertex -0.0150826 -0.242898 0.16059
      endloop
   endfacet
   facet normal -0.667643 -0.744481 -2.43246e-17
      outer loop
         vertex -0.0150826 -0.242898 0.16059
         vertex -0.0150719 -0.242908 0.17329
         vertex -0.01533 -0.242746 0.17329
      endloop
   endfacet
   facet normal -0.904175 -0.427162 -2.91124e-18
      outer loop
         vertex -0.0148922 -0.243153 0.17329
         vertex -0.0150719 -0.242908 0.17329
         vertex -0.0150719 -0.242908 0.16059
      endloop
   endfacet
   facet normal -0.998145 -0.0608763 1.8011e-17
      outer loop
         vertex -0.0148165 -0.243448 0.17329
         vertex -0.0148922 -0.243153 0.17329
         vertex -0.0148922 -0.243153 0.16059
      endloop
   endfacet
   facet normal -0.949385 0.314115 3.63577e-17
      outer loop
         vertex -0.0148558 -0.24375 0.17329
         vertex -0.0148165 -0.243448 0.17329
         vertex -0.0148165 -0.243448 0.16059
      endloop
   endfacet
   facet normal -0.998145 -0.0608763 1.8011e-17
      outer loop
         vertex -0.0148165 -0.243448 0.16059
         vertex -0.0148558 -0.24375 0.16059
         vertex -0.0148558 -0.24375 0.17329
      endloop
   endfacet
   facet normal -0.904175 -0.427162 -2.91124e-18
      outer loop
         vertex -0.0148922 -0.243153 0.16059
         vertex -0.0148165 -0.243448 0.16059
         vertex -0.0148165 -0.243448 0.17329
      endloop
   endfacet
   facet normal -0.680912 -0.732366 -2.34172e-17
      outer loop
         vertex -0.0150719 -0.242908 0.16059
         vertex -0.0148922 -0.243153 0.16059
         vertex -0.0148922 -0.243153 0.17329
      endloop
   endfacet
   facet normal -0.667643 -0.744481 -2.43246e-17
      outer loop
         vertex -0.0150826 -0.242898 0.16059
         vertex -0.0150719 -0.242908 0.16059
         vertex -0.0150719 -0.242908 0.17329
      endloop
   endfacet
   facet normal -0.949385 0.314115 3.63577e-17
      outer loop
         vertex -0.0148558 -0.24375 0.17329
         vertex -0.0148558 -0.24375 0.16059
         vertex -0.0150636 -0.24443 0.16059
      endloop
   endfacet
   facet normal -0.962795 0.270232 3.4374e-17
      outer loop
         vertex -0.0150636 -0.24443 0.16059
         vertex -0.0150636 -0.24443 0.17329
         vertex -0.0148558 -0.24375 0.17329
      endloop
   endfacet
   facet normal 2.11965e-17 -5.1682e-17 1
      outer loop
         vertex -0.0150719 -0.242908 0.16059
         vertex -0.0148558 -0.24375 0.16059
         vertex -0.0148165 -0.243448 0.16059
      endloop
   endfacet
   facet normal 2.11965e-17 -5.1682e-17 1
      outer loop
         vertex -0.0148165 -0.243448 0.16059
         vertex -0.0148922 -0.243153 0.16059
         vertex -0.0150719 -0.242908 0.16059
      endloop
   endfacet
   facet normal 2.11965e-17 -5.1682e-17 1
      outer loop
         vertex -0.0150826 -0.242898 0.16059
         vertex -0.015728 -0.24501 0.16059
         vertex -0.0150636 -0.24443 0.16059
      endloop
   endfacet
   facet normal 2.11965e-17 -5.1682e-17 1
      outer loop
         vertex -0.0157137 -0.245008 0.16059
         vertex -0.0154273 -0.244905 0.16059
         vertex -0.0151998 -0.244702 0.16059
      endloop
   endfacet
   facet normal 2.11965e-17 -5.1682e-17 1
      outer loop
         vertex -0.0150636 -0.24443 0.16059
         vertex -0.0148558 -0.24375 0.16059
         vertex -0.0150826 -0.242898 0.16059
      endloop
   endfacet
   facet normal 2.11965e-17 -5.1682e-17 1
      outer loop
         vertex -0.0150636 -0.24443 0.16059
         vertex -0.015728 -0.24501 0.16059
         vertex -0.0157137 -0.245008 0.16059
      endloop
   endfacet
   facet normal 2.11965e-17 -5.1682e-17 1
      outer loop
         vertex -0.0151998 -0.244702 0.16059
         vertex -0.0150636 -0.24443 0.16059
         vertex -0.0157137 -0.245008 0.16059
      endloop
   endfacet
   facet normal 2.11965e-17 -5.1682e-17 1
      outer loop
         vertex -0.0150719 -0.242908 0.16059
         vertex -0.0150826 -0.242898 0.16059
         vertex -0.0148558 -0.24375 0.16059
      endloop
   endfacet
   facet normal -0.793613 0.608423 4.82663e-17
      outer loop
         vertex -0.0151998 -0.244702 0.17329
         vertex -0.0150636 -0.24443 0.17329
         vertex -0.0150636 -0.24443 0.16059
      endloop
   endfacet
   facet normal -0.510948 0.859612 5.52568e-17
      outer loop
         vertex -0.0154273 -0.244905 0.17329
         vertex -0.0151998 -0.244702 0.17329
         vertex -0.0151998 -0.244702 0.16059
      endloop
   endfacet
   facet normal -0.155219 0.98788 5.43457e-17
      outer loop
         vertex -0.0157137 -0.245008 0.17329
         vertex -0.0154273 -0.244905 0.17329
         vertex -0.0154273 -0.244905 0.16059
      endloop
   endfacet
   facet normal -0.155219 0.98788 5.43457e-17
      outer loop
         vertex -0.0157137 -0.245008 0.17329
         vertex -0.0157137 -0.245008 0.16059
         vertex -0.015728 -0.24501 0.16059
      endloop
   endfacet
   facet normal -0.137445 0.990509 5.41049e-17
      outer loop
         vertex -0.015728 -0.24501 0.16059
         vertex -0.0160179 -0.244997 0.17329
         vertex -0.0157137 -0.245008 0.17329
      endloop
   endfacet
   facet normal -0.137445 0.990509 5.41049e-17
      outer loop
         vertex -0.015728 -0.24501 0.16059
         vertex -0.0160179 -0.244997 0.16059
         vertex -0.0160179 -0.244997 0.17329
      endloop
   endfacet
   facet normal -0.510948 0.859612 5.52568e-17
      outer loop
         vertex -0.0154273 -0.244905 0.16059
         vertex -0.0157137 -0.245008 0.16059
         vertex -0.0157137 -0.245008 0.17329
      endloop
   endfacet
   facet normal -0.793613 0.608423 4.82663e-17
      outer loop
         vertex -0.0151998 -0.244702 0.16059
         vertex -0.0154273 -0.244905 0.16059
         vertex -0.0154273 -0.244905 0.17329
      endloop
   endfacet
   facet normal -0.962795 0.270232 3.4374e-17
      outer loop
         vertex -0.0150636 -0.24443 0.16059
         vertex -0.0151998 -0.244702 0.16059
         vertex -0.0151998 -0.244702 0.17329
      endloop
   endfacet
   facet normal 0.0446637 0.999002 5.06837e-17
      outer loop
         vertex -0.0169023 -0.244829 0.17329
         vertex -0.0160179 -0.244997 0.17329
         vertex -0.0160179 -0.244997 0.16059
      endloop
   endfacet
   facet normal 0.0130534 0.999915 5.14009e-17
      outer loop
         vertex -0.0170067 -0.244827 0.16059
         vertex -0.0170067 -0.244827 0.17329
         vertex -0.0169023 -0.244829 0.17329
      endloop
   endfacet
   facet normal -0.28209 0.959388 5.55624e-17
      outer loop
         vertex -0.0188021 -0.245111 0.16059
         vertex -0.0188021 -0.245111 0.17329
         vertex -0.0170067 -0.244827 0.17329
      endloop
   endfacet
   facet normal -0.396264 0.918137 5.58506e-17
      outer loop
         vertex -0.0198971 -0.245509 0.16059
         vertex -0.0198971 -0.245509 0.17329
         vertex -0.0188021 -0.245111 0.17329
      endloop
   endfacet
   facet normal -0.28209 0.959388 5.55624e-17
      outer loop
         vertex -0.0188021 -0.245111 0.17329
         vertex -0.0188021 -0.245111 0.16059
         vertex -0.0198971 -0.245509 0.16059
      endloop
   endfacet
   facet normal 0.0130534 0.999915 5.14009e-17
      outer loop
         vertex -0.0170067 -0.244827 0.17329
         vertex -0.0170067 -0.244827 0.16059
         vertex -0.0188021 -0.245111 0.16059
      endloop
   endfacet
   facet normal 0.0446637 0.999002 5.06837e-17
      outer loop
         vertex -0.0169023 -0.244829 0.17329
         vertex -0.0169023 -0.244829 0.16059
         vertex -0.0170067 -0.244827 0.16059
      endloop
   endfacet
   facet normal 0.222706 0.974886 4.56635e-17
      outer loop
         vertex -0.0160179 -0.244997 0.16059
         vertex -0.0169023 -0.244829 0.16059
         vertex -0.0169023 -0.244829 0.17329
      endloop
   endfacet
   facet normal -0.987838 0.155484 2.89744e-17
      outer loop
         vertex -0.0198971 -0.245509 0.17329
         vertex -0.0198971 -0.245509 0.16059
         vertex -0.0200629 -0.246861 0.16059
      endloop
   endfacet
   facet normal -0.996133 0.0878614 2.56554e-17
      outer loop
         vertex -0.0200629 -0.246861 0.16059
         vertex -0.0200629 -0.246861 0.17329
         vertex -0.0198971 -0.245509 0.17329
      endloop
   endfacet
   facet normal -2.11965e-17 5.1682e-17 -1
      outer loop
         vertex -0.0188021 -0.245111 0.16059
         vertex -0.0190967 -0.247512 0.16059
         vertex -0.0200629 -0.246861 0.16059
      endloop
   endfacet
   facet normal -2.11965e-17 5.1682e-17 -1
      outer loop
         vertex -0.0188021 -0.245111 0.16059
         vertex -0.0174232 -0.248222 0.16059
         vertex -0.0190967 -0.247512 0.16059
      endloop
   endfacet
   facet normal -2.11965e-17 5.1682e-17 -1
      outer loop
         vertex -0.0200629 -0.246861 0.16059
         vertex -0.0198971 -0.245509 0.16059
         vertex -0.0188021 -0.245111 0.16059
      endloop
   endfacet
   facet normal -2.11965e-17 5.1682e-17 -1
      outer loop
         vertex -0.0170067 -0.244827 0.16059
         vertex -0.0173211 -0.248245 0.16059
         vertex -0.0174232 -0.248222 0.16059
      endloop
   endfacet
   facet normal -2.11965e-17 5.1682e-17 -1
      outer loop
         vertex -0.0164224 -0.248295 0.16059
         vertex -0.0160179 -0.244997 0.16059
         vertex -0.0160213 -0.246671 0.16059
      endloop
   endfacet
   facet normal -2.11965e-17 5.1682e-17 -1
      outer loop
         vertex -0.0188021 -0.245111 0.16059
         vertex -0.0170067 -0.244827 0.16059
         vertex -0.0174232 -0.248222 0.16059
      endloop
   endfacet
   facet normal -2.11965e-17 5.1682e-17 -1
      outer loop
         vertex -0.0173211 -0.248245 0.16059
         vertex -0.0169023 -0.244829 0.16059
         vertex -0.0160179 -0.244997 0.16059
      endloop
   endfacet
   facet normal -2.11965e-17 5.1682e-17 -1
      outer loop
         vertex -0.0160179 -0.244997 0.16059
         vertex -0.015728 -0.24501 0.16059
         vertex -0.0160213 -0.246671 0.16059
      endloop
   endfacet
   facet normal -2.11965e-17 5.1682e-17 -1
      outer loop
         vertex -0.0160179 -0.244997 0.16059
         vertex -0.0164224 -0.248295 0.16059
         vertex -0.0173211 -0.248245 0.16059
      endloop
   endfacet
   facet normal -2.11965e-17 5.1682e-17 -1
      outer loop
         vertex -0.0170067 -0.244827 0.16059
         vertex -0.0169023 -0.244829 0.16059
         vertex -0.0173211 -0.248245 0.16059
      endloop
   endfacet
   facet normal -2.11965e-17 5.1682e-17 -1
      outer loop
         vertex -0.0160213 -0.246671 0.16059
         vertex -0.0161381 -0.248353 0.16059
         vertex -0.0164224 -0.248295 0.16059
      endloop
   endfacet
   facet normal -0.505589 -0.862775 -3.38732e-17
      outer loop
         vertex -0.0190967 -0.247512 0.16059
         vertex -0.0190967 -0.247512 0.17329
         vertex -0.0200629 -0.246861 0.17329
      endloop
   endfacet
   facet normal -0.228988 -0.973429 -4.5455e-17
      outer loop
         vertex -0.0174232 -0.248222 0.16059
         vertex -0.0174232 -0.248222 0.17329
         vertex -0.0190967 -0.247512 0.17329
      endloop
   endfacet
   facet normal -0.198094 -0.980183 -4.64589e-17
      outer loop
         vertex -0.0173211 -0.248245 0.16059
         vertex -0.0173211 -0.248245 0.17329
         vertex -0.0174232 -0.248222 0.17329
      endloop
   endfacet
   facet normal -0.0195017 -0.99981 -5.12588e-17
      outer loop
         vertex -0.0164224 -0.248295 0.16059
         vertex -0.0164224 -0.248295 0.17329
         vertex -0.0173211 -0.248245 0.17329
      endloop
   endfacet
   facet normal -0.198094 -0.980183 -4.64589e-17
      outer loop
         vertex -0.0173211 -0.248245 0.17329
         vertex -0.0173211 -0.248245 0.16059
         vertex -0.0164224 -0.248295 0.16059
      endloop
   endfacet
   facet normal -0.228988 -0.973429 -4.5455e-17
      outer loop
         vertex -0.0174232 -0.248222 0.17329
         vertex -0.0174232 -0.248222 0.16059
         vertex -0.0173211 -0.248245 0.16059
      endloop
   endfacet
   facet normal -0.505589 -0.862775 -3.38732e-17
      outer loop
         vertex -0.0190967 -0.247512 0.17329
         vertex -0.0190967 -0.247512 0.16059
         vertex -0.0174232 -0.248222 0.16059
      endloop
   endfacet
   facet normal -0.606408 -0.795153 -2.82414e-17
      outer loop
         vertex -0.0200629 -0.246861 0.17329
         vertex -0.0200629 -0.246861 0.16059
         vertex -0.0190967 -0.247512 0.16059
      endloop
   endfacet
   facet normal -0.216856 0.976204 5.50488e-17
      outer loop
         vertex -0.00915916 -0.235939 0.17329
         vertex -0.00887985 -0.235818 0.17329
         vertex -0.00887985 -0.235818 0.16059
      endloop
   endfacet
   facet normal 0.161139 0.986932 4.7591e-17
      outer loop
         vertex -0.00946343 -0.235947 0.17329
         vertex -0.00915916 -0.235939 0.17329
         vertex -0.00915916 -0.235939 0.16059
      endloop
   endfacet
   facet normal 0.516093 0.856533 3.3328e-17
      outer loop
         vertex -0.00974916 -0.235842 0.17329
         vertex -0.00946343 -0.235947 0.17329
         vertex -0.00946343 -0.235947 0.16059
      endloop
   endfacet
   facet normal 0.516093 0.856533 3.3328e-17
      outer loop
         vertex -0.00974916 -0.235842 0.17329
         vertex -0.00974916 -0.235842 0.16059
         vertex -0.00976148 -0.235835 0.16059
      endloop
   endfacet
   facet normal 0.531399 0.847122 3.25172e-17
      outer loop
         vertex -0.00976148 -0.235835 0.16059
         vertex -0.00997548 -0.235639 0.17329
         vertex -0.00974916 -0.235842 0.17329
      endloop
   endfacet
   facet normal 0.531399 0.847122 3.25172e-17
      outer loop
         vertex -0.00976148 -0.235835 0.16059
         vertex -0.00997548 -0.235639 0.16059
         vertex -0.00997548 -0.235639 0.17329
      endloop
   endfacet
   facet normal 0.161139 0.986932 4.7591e-17
      outer loop
         vertex -0.00946343 -0.235947 0.16059
         vertex -0.00974916 -0.235842 0.16059
         vertex -0.00974916 -0.235842 0.17329
      endloop
   endfacet
   facet normal -0.216856 0.976204 5.50488e-17
      outer loop
         vertex -0.00915916 -0.235939 0.16059
         vertex -0.00946343 -0.235947 0.16059
         vertex -0.00946343 -0.235947 0.17329
      endloop
   endfacet
   facet normal -0.563842 0.825882 5.46348e-17
      outer loop
         vertex -0.00887985 -0.235818 0.16059
         vertex -0.00915916 -0.235939 0.16059
         vertex -0.00915916 -0.235939 0.17329
      endloop
   endfacet
   facet normal -0.525362 0.850879 5.5111e-17
      outer loop
         vertex -0.0082834 -0.23543 0.17329
         vertex -0.0082834 -0.23543 0.16059
         vertex -0.00887985 -0.235818 0.16059
      endloop
   endfacet
   facet normal -0.563842 0.825882 5.46348e-17
      outer loop
         vertex -0.00887985 -0.235818 0.16059
         vertex -0.00887985 -0.235818 0.17329
         vertex -0.0082834 -0.23543 0.17329
      endloop
   endfacet
   facet normal 2.11965e-17 -5.1682e-17 1
      outer loop
         vertex -0.00974916 -0.235842 0.16059
         vertex -0.00946343 -0.235947 0.16059
         vertex -0.00915916 -0.235939 0.16059
      endloop
   endfacet
   facet normal 2.11965e-17 -5.1682e-17 1
      outer loop
         vertex -0.00790748 -0.234646 0.16059
         vertex -0.0082834 -0.23543 0.16059
         vertex -0.00805931 -0.235224 0.16059
      endloop
   endfacet
   facet normal 2.11965e-17 -5.1682e-17 1
      outer loop
         vertex -0.00976148 -0.235835 0.16059
         vertex -0.00887985 -0.235818 0.16059
         vertex -0.0082834 -0.23543 0.16059
      endloop
   endfacet
   facet normal 2.11965e-17 -5.1682e-17 1
      outer loop
         vertex -0.00887985 -0.235818 0.16059
         vertex -0.00976148 -0.235835 0.16059
         vertex -0.00974916 -0.235842 0.16059
      endloop
   endfacet
   facet normal 2.11965e-17 -5.1682e-17 1
      outer loop
         vertex -0.00805931 -0.235224 0.16059
         vertex -0.00792773 -0.23495 0.16059
         vertex -0.00790748 -0.234646 0.16059
      endloop
   endfacet
   facet normal 2.11965e-17 -5.1682e-17 1
      outer loop
         vertex -0.00915916 -0.235939 0.16059
         vertex -0.00887985 -0.235818 0.16059
         vertex -0.00974916 -0.235842 0.16059
      endloop
   endfacet
   facet normal 2.11965e-17 -5.1682e-17 1
      outer loop
         vertex -0.0082834 -0.23543 0.16059
         vertex -0.0079094 -0.234632 0.16059
         vertex -0.00976148 -0.235835 0.16059
      endloop
   endfacet
   facet normal 2.11965e-17 -5.1682e-17 1
      outer loop
         vertex -0.00790748 -0.234646 0.16059
         vertex -0.0079094 -0.234632 0.16059
         vertex -0.0082834 -0.23543 0.16059
      endloop
   endfacet
   facet normal -0.875612 -0.483016 -6.40332e-18
      outer loop
         vertex -0.00800147 -0.234356 0.17329
         vertex -0.00800147 -0.234356 0.16059
         vertex -0.0079094 -0.234632 0.16059
      endloop
   endfacet
   facet normal -0.989988 -0.141153 1.36892e-17
      outer loop
         vertex -0.0079094 -0.234632 0.16059
         vertex -0.00790748 -0.234646 0.17329
         vertex -0.00800147 -0.234356 0.17329
      endloop
   endfacet
   facet normal -0.967213 0.253967 3.36271e-17
      outer loop
         vertex -0.00792773 -0.23495 0.17329
         vertex -0.00790748 -0.234646 0.17329
         vertex -0.00790748 -0.234646 0.16059
      endloop
   endfacet
   facet normal -0.803754 0.594962 4.77856e-17
      outer loop
         vertex -0.00805931 -0.235224 0.17329
         vertex -0.00792773 -0.23495 0.17329
         vertex -0.00792773 -0.23495 0.16059
      endloop
   endfacet
   facet normal -0.525362 0.850879 5.5111e-17
      outer loop
         vertex -0.0082834 -0.23543 0.17329
         vertex -0.00805931 -0.235224 0.17329
         vertex -0.00805931 -0.235224 0.16059
      endloop
   endfacet
   facet normal -0.803754 0.594962 4.77856e-17
      outer loop
         vertex -0.00805931 -0.235224 0.16059
         vertex -0.0082834 -0.23543 0.16059
         vertex -0.0082834 -0.23543 0.17329
      endloop
   endfacet
   facet normal -0.967213 0.253967 3.36271e-17
      outer loop
         vertex -0.00792773 -0.23495 0.16059
         vertex -0.00805931 -0.235224 0.16059
         vertex -0.00805931 -0.235224 0.17329
      endloop
   endfacet
   facet normal -0.992364 -0.123343 1.466e-17
      outer loop
         vertex -0.00790748 -0.234646 0.16059
         vertex -0.00792773 -0.23495 0.16059
         vertex -0.00792773 -0.23495 0.17329
      endloop
   endfacet
   facet normal -0.989988 -0.141153 1.36892e-17
      outer loop
         vertex -0.0079094 -0.234632 0.16059
         vertex -0.00790748 -0.234646 0.16059
         vertex -0.00790748 -0.234646 0.17329
      endloop
   endfacet
   facet normal -0.999979 0.00646549 2.15302e-17
      outer loop
         vertex -0.00866033 -0.231649 0.16059
         vertex -0.00866033 -0.231649 0.17329
         vertex -0.00857981 -0.230487 0.17329
      endloop
   endfacet
   facet normal -0.957509 -0.288405 5.39049e-18
      outer loop
         vertex -0.00843845 -0.233453 0.16059
         vertex -0.00843845 -0.233453 0.17329
         vertex -0.00866033 -0.231649 0.17329
      endloop
   endfacet
   facet normal -0.947911 -0.318537 3.62978e-18
      outer loop
         vertex -0.00840678 -0.233553 0.16059
         vertex -0.00840678 -0.233553 0.17329
         vertex -0.00843845 -0.233453 0.17329
      endloop
   endfacet
   facet normal -0.875612 -0.483016 -6.40332e-18
      outer loop
         vertex -0.00800147 -0.234356 0.16059
         vertex -0.00800147 -0.234356 0.17329
         vertex -0.00840678 -0.233553 0.17329
      endloop
   endfacet
   facet normal -0.947911 -0.318537 3.62978e-18
      outer loop
         vertex -0.00840678 -0.233553 0.17329
         vertex -0.00840678 -0.233553 0.16059
         vertex -0.00800147 -0.234356 0.16059
      endloop
   endfacet
   facet normal -0.957509 -0.288405 5.39049e-18
      outer loop
         vertex -0.00843845 -0.233453 0.17329
         vertex -0.00843845 -0.233453 0.16059
         vertex -0.00840678 -0.233553 0.16059
      endloop
   endfacet
   facet normal -0.999979 0.00646549 2.15302e-17
      outer loop
         vertex -0.00866033 -0.231649 0.17329
         vertex -0.00866033 -0.231649 0.16059
         vertex -0.00843845 -0.233453 0.16059
      endloop
   endfacet
   facet normal -0.991827 0.127588 2.76173e-17
      outer loop
         vertex -0.00857981 -0.230487 0.17329
         vertex -0.00857981 -0.230487 0.16059
         vertex -0.00866033 -0.231649 0.16059
      endloop
   endfacet
   facet normal -0.359266 0.933235 5.58467e-17
      outer loop
         vertex -0.00732562 -0.229954 0.17329
         vertex -0.00732562 -0.229954 0.16059
         vertex -0.00857981 -0.230487 0.16059
      endloop
   endfacet
   facet normal -0.421976 0.906607 5.57997e-17
      outer loop
         vertex -0.00857981 -0.230487 0.16059
         vertex -0.00857981 -0.230487 0.17329
         vertex -0.00732562 -0.229954 0.17329
      endloop
   endfacet
   facet normal -2.11965e-17 5.1682e-17 -1
      outer loop
         vertex -0.00643346 -0.230703 0.16059
         vertex -0.00866033 -0.231649 0.16059
         vertex -0.00857981 -0.230487 0.16059
      endloop
   endfacet
   facet normal -2.11965e-17 5.1682e-17 -1
      outer loop
         vertex -0.00643346 -0.230703 0.16059
         vertex -0.00843845 -0.233453 0.16059
         vertex -0.00866033 -0.231649 0.16059
      endloop
   endfacet
   facet normal -2.11965e-17 5.1682e-17 -1
      outer loop
         vertex -0.00857981 -0.230487 0.16059
         vertex -0.00732562 -0.229954 0.16059
         vertex -0.00643346 -0.230703 0.16059
      endloop
   endfacet
   facet normal -2.11965e-17 5.1682e-17 -1
      outer loop
         vertex -0.00643346 -0.230703 0.16059
         vertex -0.00528935 -0.232116 0.16059
         vertex -0.00843845 -0.233453 0.16059
      endloop
   endfacet
   facet normal -2.11965e-17 5.1682e-17 -1
      outer loop
         vertex -0.00840678 -0.233553 0.16059
         vertex -0.00523971 -0.232208 0.16059
         vertex -0.0049429 -0.233058 0.16059
      endloop
   endfacet
   facet normal -2.11965e-17 5.1682e-17 -1
      outer loop
         vertex -0.00523971 -0.232208 0.16059
         vertex -0.00840678 -0.233553 0.16059
         vertex -0.00843845 -0.233453 0.16059
      endloop
   endfacet
   facet normal -2.11965e-17 5.1682e-17 -1
      outer loop
         vertex -0.00528935 -0.232116 0.16059
         vertex -0.00523971 -0.232208 0.16059
         vertex -0.00843845 -0.233453 0.16059
      endloop
   endfacet
   facet normal -2.11965e-17 5.1682e-17 -1
      outer loop
         vertex -0.00480884 -0.233315 0.16059
         vertex -0.0079094 -0.234632 0.16059
         vertex -0.00800147 -0.234356 0.16059
      endloop
   endfacet
   facet normal -2.11965e-17 5.1682e-17 -1
      outer loop
         vertex -0.00800147 -0.234356 0.16059
         vertex -0.0049429 -0.233058 0.16059
         vertex -0.00480884 -0.233315 0.16059
      endloop
   endfacet
   facet normal -2.11965e-17 5.1682e-17 -1
      outer loop
         vertex -0.0049429 -0.233058 0.16059
         vertex -0.00800147 -0.234356 0.16059
         vertex -0.00840678 -0.233553 0.16059
      endloop
   endfacet
   facet normal 0.887493 0.460821 5.00441e-18
      outer loop
         vertex -0.00523971 -0.232208 0.16059
         vertex -0.00523971 -0.232208 0.17329
         vertex -0.0049429 -0.233058 0.17329
      endloop
   endfacet
   facet normal 0.872478 0.488653 6.76106e-18
      outer loop
         vertex -0.00528935 -0.232116 0.16059
         vertex -0.00528935 -0.232116 0.17329
         vertex -0.00523971 -0.232208 0.17329
      endloop
   endfacet
   facet normal 0.689809 0.723991 2.27958e-17
      outer loop
         vertex -0.00643346 -0.230703 0.16059
         vertex -0.00643346 -0.230703 0.17329
         vertex -0.00528935 -0.232116 0.17329
      endloop
   endfacet
   facet normal 0.596998 0.802243 2.88073e-17
      outer loop
         vertex -0.00732562 -0.229954 0.16059
         vertex -0.00732562 -0.229954 0.17329
         vertex -0.00643346 -0.230703 0.17329
      endloop
   endfacet
   facet normal 0.689809 0.723991 2.27958e-17
      outer loop
         vertex -0.00643346 -0.230703 0.17329
         vertex -0.00643346 -0.230703 0.16059
         vertex -0.00732562 -0.229954 0.16059
      endloop
   endfacet
   facet normal 0.872478 0.488653 6.76106e-18
      outer loop
         vertex -0.00528935 -0.232116 0.17329
         vertex -0.00528935 -0.232116 0.16059
         vertex -0.00643346 -0.230703 0.16059
      endloop
   endfacet
   facet normal 0.887493 0.460821 5.00441e-18
      outer loop
         vertex -0.00523971 -0.232208 0.17329
         vertex -0.00523971 -0.232208 0.16059
         vertex -0.00528935 -0.232116 0.16059
      endloop
   endfacet
   facet normal 0.955629 0.294574 -5.03181e-18
      outer loop
         vertex -0.0049429 -0.233058 0.17329
         vertex -0.0049429 -0.233058 0.16059
         vertex -0.00523971 -0.232208 0.16059
      endloop
   endfacet
   facet normal 0.130103 0.9915 4.8485e-17
      outer loop
         vertex -0.00427838 -0.233619 0.17329
         vertex -0.00397453 -0.2336 0.17329
         vertex -0.00397453 -0.2336 0.16059
      endloop
   endfacet
   facet normal 0.488972 0.8723 3.47177e-17
      outer loop
         vertex -0.00456726 -0.233523 0.17329
         vertex -0.00427838 -0.233619 0.17329
         vertex -0.00427838 -0.233619 0.16059
      endloop
   endfacet
   facet normal 0.77792 0.628363 1.59859e-17
      outer loop
         vertex -0.00479985 -0.233326 0.17329
         vertex -0.00456726 -0.233523 0.17329
         vertex -0.00456726 -0.233523 0.16059
      endloop
   endfacet
   facet normal 0.77792 0.628363 1.59859e-17
      outer loop
         vertex -0.00479985 -0.233326 0.17329
         vertex -0.00479985 -0.233326 0.16059
         vertex -0.00480884 -0.233315 0.16059
      endloop
   endfacet
   facet normal 0.789084 0.614285 1.50217e-17
      outer loop
         vertex -0.00480884 -0.233315 0.16059
         vertex -0.0049429 -0.233058 0.17329
         vertex -0.00479985 -0.233326 0.17329
      endloop
   endfacet
   facet normal 0.789084 0.614285 1.50217e-17
      outer loop
         vertex -0.00480884 -0.233315 0.16059
         vertex -0.0049429 -0.233058 0.16059
         vertex -0.0049429 -0.233058 0.17329
      endloop
   endfacet
   facet normal 0.488972 0.8723 3.47177e-17
      outer loop
         vertex -0.00456726 -0.233523 0.16059
         vertex -0.00479985 -0.233326 0.16059
         vertex -0.00479985 -0.233326 0.17329
      endloop
   endfacet
   facet normal 0.130103 0.9915 4.8485e-17
      outer loop
         vertex -0.00427838 -0.233619 0.16059
         vertex -0.00456726 -0.233523 0.16059
         vertex -0.00456726 -0.233523 0.17329
      endloop
   endfacet
   facet normal -0.24737 0.968921 5.53192e-17
      outer loop
         vertex -0.00397453 -0.2336 0.16059
         vertex -0.00427838 -0.233619 0.16059
         vertex -0.00427838 -0.233619 0.17329
      endloop
   endfacet
   facet normal -0.202661 0.979249 5.49053e-17
      outer loop
         vertex -0.00328154 -0.23344 0.17329
         vertex -0.00328154 -0.23344 0.16059
         vertex -0.00397453 -0.2336 0.16059
      endloop
   endfacet
   facet normal -0.24737 0.968921 5.53192e-17
      outer loop
         vertex -0.00397453 -0.2336 0.16059
         vertex -0.00397453 -0.2336 0.17329
         vertex -0.00328154 -0.23344 0.17329
      endloop
   endfacet
   facet normal 2.11965e-17 -5.1682e-17 1
      outer loop
         vertex -0.00441806 -0.233201 0.16059
         vertex -0.00328154 -0.23344 0.16059
         vertex -0.0030005 -0.233323 0.16059
      endloop
   endfacet
   facet normal 2.11965e-17 -5.1682e-17 1
      outer loop
         vertex -0.0030005 -0.233323 0.16059
         vertex -0.00278298 -0.23311 0.16059
         vertex -0.00441806 -0.233201 0.16059
      endloop
   endfacet
   facet normal 2.11965e-17 -5.1682e-17 1
      outer loop
         vertex -0.00278298 -0.23311 0.16059
         vertex -0.00266007 -0.232832 0.16059
         vertex -0.00441806 -0.233201 0.16059
      endloop
   endfacet
   facet normal 2.11965e-17 -5.1682e-17 1
      outer loop
         vertex -0.00441806 -0.233201 0.16059
         vertex -0.00479985 -0.233326 0.16059
         vertex -0.00456726 -0.233523 0.16059
      endloop
   endfacet
   facet normal 2.11965e-17 -5.1682e-17 1
      outer loop
         vertex -0.00441806 -0.233201 0.16059
         vertex -0.00397453 -0.2336 0.16059
         vertex -0.00328154 -0.23344 0.16059
      endloop
   endfacet
   facet normal 2.11965e-17 -5.1682e-17 1
      outer loop
         vertex -0.00441806 -0.233201 0.16059
         vertex -0.00480884 -0.233315 0.16059
         vertex -0.00479985 -0.233326 0.16059
      endloop
   endfacet
   facet normal 2.11965e-17 -5.1682e-17 1
      outer loop
         vertex -0.00441806 -0.233201 0.16059
         vertex -0.00427838 -0.233619 0.16059
         vertex -0.00397453 -0.2336 0.16059
      endloop
   endfacet
   facet normal 2.11965e-17 -5.1682e-17 1
      outer loop
         vertex -0.00266007 -0.232832 0.16059
         vertex -0.00265697 -0.232818 0.16059
         vertex -0.00441806 -0.233201 0.16059
      endloop
   endfacet
   facet normal 2.11965e-17 -5.1682e-17 1
      outer loop
         vertex -0.00456726 -0.233523 0.16059
         vertex -0.00427838 -0.233619 0.16059
         vertex -0.00441806 -0.233201 0.16059
      endloop
   endfacet
   facet normal -0.988007 -0.15441 1.29621e-17
      outer loop
         vertex -0.00264936 -0.232528 0.17329
         vertex -0.00264936 -0.232528 0.16059
         vertex -0.00265697 -0.232818 0.16059
      endloop
   endfacet
   facet normal -0.978561 0.205955 3.13863e-17
      outer loop
         vertex -0.00265697 -0.232818 0.16059
         vertex -0.00266007 -0.232832 0.17329
         vertex -0.00264936 -0.232528 0.17329
      endloop
   endfacet
   facet normal -0.822021 0.569458 4.68547e-17
      outer loop
         vertex -0.00278298 -0.23311 0.17329
         vertex -0.00266007 -0.232832 0.17329
         vertex -0.00266007 -0.232832 0.16059
      endloop
   endfacet
   facet normal -0.551793 0.833981 5.47979e-17
      outer loop
         vertex -0.0030005 -0.233323 0.17329
         vertex -0.00278298 -0.23311 0.17329
         vertex -0.00278298 -0.23311 0.16059
      endloop
   endfacet
   facet normal -0.202661 0.979249 5.49053e-17
      outer loop
         vertex -0.00328154 -0.23344 0.17329
         vertex -0.0030005 -0.233323 0.17329
         vertex -0.0030005 -0.233323 0.16059
      endloop
   endfacet
   facet normal -0.551793 0.833981 5.47979e-17
      outer loop
         vertex -0.0030005 -0.233323 0.16059
         vertex -0.00328154 -0.23344 0.16059
         vertex -0.00328154 -0.23344 0.17329
      endloop
   endfacet
   facet normal -0.822021 0.569458 4.68547e-17
      outer loop
         vertex -0.00278298 -0.23311 0.16059
         vertex -0.0030005 -0.233323 0.16059
         vertex -0.0030005 -0.233323 0.17329
      endloop
   endfacet
   facet normal -0.974703 0.223504 3.22114e-17
      outer loop
         vertex -0.00266007 -0.232832 0.16059
         vertex -0.00278298 -0.23311 0.16059
         vertex -0.00278298 -0.23311 0.17329
      endloop
   endfacet
   facet normal -0.978561 0.205955 3.13863e-17
      outer loop
         vertex -0.00265697 -0.232818 0.16059
         vertex -0.00266007 -0.232832 0.16059
         vertex -0.00266007 -0.232832 0.17329
      endloop
   endfacet
   facet normal -0.937462 0.348089 3.78608e-17
      outer loop
         vertex -0.00234246 -0.229758 0.16059
         vertex -0.00234246 -0.229758 0.17329
         vertex -0.00186929 -0.228694 0.17329
      endloop
   endfacet
   facet normal -0.998404 0.0564751 2.40814e-17
      outer loop
         vertex -0.00275105 -0.23153 0.16059
         vertex -0.00275105 -0.23153 0.17329
         vertex -0.00234246 -0.229758 0.17329
      endloop
   endfacet
   facet normal -0.99969 0.0248778 2.24757e-17
      outer loop
         vertex -0.00275535 -0.231634 0.16059
         vertex -0.00275535 -0.231634 0.17329
         vertex -0.00275105 -0.23153 0.17329
      endloop
   endfacet
   facet normal -0.988007 -0.15441 1.29621e-17
      outer loop
         vertex -0.00264936 -0.232528 0.16059
         vertex -0.00264936 -0.232528 0.17329
         vertex -0.00275535 -0.231634 0.17329
      endloop
   endfacet
   facet normal -0.99969 0.0248778 2.24757e-17
      outer loop
         vertex -0.00275535 -0.231634 0.17329
         vertex -0.00275535 -0.231634 0.16059
         vertex -0.00264936 -0.232528 0.16059
      endloop
   endfacet
   facet normal -0.998404 0.0564751 2.40814e-17
      outer loop
         vertex -0.00275105 -0.23153 0.17329
         vertex -0.00275105 -0.23153 0.16059
         vertex -0.00275535 -0.231634 0.16059
      endloop
   endfacet
   facet normal -0.937462 0.348089 3.78608e-17
      outer loop
         vertex -0.00234246 -0.229758 0.17329
         vertex -0.00234246 -0.229758 0.16059
         vertex -0.00275105 -0.23153 0.16059
      endloop
   endfacet
   facet normal -0.888375 0.459119 4.25586e-17
      outer loop
         vertex -0.00186929 -0.228694 0.17329
         vertex -0.00186929 -0.228694 0.16059
         vertex -0.00234246 -0.229758 0.16059
      endloop
   endfacet
   facet normal -0.0184148 0.99983 5.20636e-17
      outer loop
         vertex -0.000508588 -0.228622 0.17329
         vertex -0.000508588 -0.228622 0.16059
         vertex -0.00186929 -0.228694 0.16059
      endloop
   endfacet
   facet normal -0.08645 0.996256 5.3321e-17
      outer loop
         vertex -0.00186929 -0.228694 0.16059
         vertex -0.00186929 -0.228694 0.17329
         vertex -0.000508588 -0.228622 0.17329
      endloop
   endfacet
   facet normal -2.11965e-17 5.1682e-17 -1
      outer loop
         vertex -0.00234246 -0.229758 0.16059
         vertex -0.00186929 -0.228694 0.16059
         vertex -0.000508588 -0.228622 0.16059
      endloop
   endfacet
   facet normal -2.11965e-17 5.1682e-17 -1
      outer loop
         vertex 7.35254e-05 -0.229631 0.16059
         vertex -0.00275105 -0.23153 0.16059
         vertex -0.00234246 -0.229758 0.16059
      endloop
   endfacet
   facet normal -2.11965e-17 5.1682e-17 -1
      outer loop
         vertex -0.000508588 -0.228622 0.16059
         vertex 7.35254e-05 -0.229631 0.16059
         vertex -0.00234246 -0.229758 0.16059
      endloop
   endfacet
   facet normal -2.11965e-17 5.1682e-17 -1
      outer loop
         vertex 7.35254e-05 -0.229631 0.16059
         vertex 0.000665474 -0.23135 0.16059
         vertex -0.00275105 -0.23153 0.16059
      endloop
   endfacet
   facet normal -2.11965e-17 5.1682e-17 -1
      outer loop
         vertex 0.000680684 -0.231453 0.16059
         vertex -0.00275535 -0.231634 0.16059
         vertex -0.00275105 -0.23153 0.16059
      endloop
   endfacet
   facet normal -2.11965e-17 5.1682e-17 -1
      outer loop
         vertex -0.00275535 -0.231634 0.16059
         vertex 0.000680684 -0.231453 0.16059
         vertex 0.000668944 -0.232353 0.16059
      endloop
   endfacet
   facet normal -2.11965e-17 5.1682e-17 -1
      outer loop
         vertex 0.000668944 -0.232353 0.16059
         vertex -0.00264936 -0.232528 0.16059
         vertex -0.00275535 -0.231634 0.16059
      endloop
   endfacet
   facet normal -2.11965e-17 5.1682e-17 -1
      outer loop
         vertex 0.0007069 -0.232641 0.16059
         vertex -0.00265697 -0.232818 0.16059
         vertex -0.00264936 -0.232528 0.16059
      endloop
   endfacet
   facet normal -2.11965e-17 5.1682e-17 -1
      outer loop
         vertex -0.00264936 -0.232528 0.16059
         vertex 0.000668944 -0.232353 0.16059
         vertex 0.0007069 -0.232641 0.16059
      endloop
   endfacet
   facet normal -2.11965e-17 5.1682e-17 -1
      outer loop
         vertex 0.000665474 -0.23135 0.16059
         vertex 0.000680684 -0.231453 0.16059
         vertex -0.00275105 -0.23153 0.16059
      endloop
   endfacet
   facet normal 0.986991 0.160778 -1.26114e-17
      outer loop
         vertex 0.000665474 -0.23135 0.16059
         vertex 0.000665474 -0.23135 0.17329
         vertex 0.000680684 -0.231453 0.17329
      endloop
   endfacet
   facet normal 0.895828 0.444401 3.9791e-18
      outer loop
         vertex 7.35254e-05 -0.229631 0.16059
         vertex 7.35254e-05 -0.229631 0.17329
         vertex 0.000665474 -0.23135 0.17329
      endloop
   endfacet
   facet normal 0.835378 0.549676 1.07013e-17
      outer loop
         vertex -0.000508588 -0.228622 0.16059
         vertex -0.000508588 -0.228622 0.17329
         vertex 7.35254e-05 -0.229631 0.17329
      endloop
   endfacet
   facet normal 0.998747 -0.0500351 -2.37559e-17
      outer loop
         vertex 0.000668944 -0.232353 0.16059
         vertex 0.000680684 -0.231453 0.16059
         vertex 0.000691618 -0.231897 0.16929
      endloop
   endfacet
   facet normal 0.991581 0.12949 -1.43258e-17
      outer loop
         vertex 0.000680684 -0.231453 0.17329
         vertex 0.000691618 -0.231897 0.17329
         vertex 0.000691618 -0.231897 0.16929
      endloop
   endfacet
   facet normal 0.998807 -0.0488417 -2.36955e-17
      outer loop
         vertex 0.000691618 -0.231897 0.16929
         vertex 0.000680684 -0.231453 0.16059
         vertex 0.000680684 -0.231453 0.17329
      endloop
   endfacet
   facet normal 0.998807 -0.0488417 -2.36955e-17
      outer loop
         vertex 0.000691618 -0.231897 0.16929
         vertex 0.000668944 -0.232353 0.16929
         vertex 0.000668944 -0.232353 0.16059
      endloop
   endfacet
   facet normal 0.895828 0.444401 3.9791e-18
      outer loop
         vertex 7.35254e-05 -0.229631 0.17329
         vertex 7.35254e-05 -0.229631 0.16059
         vertex -0.000508588 -0.228622 0.16059
      endloop
   endfacet
   facet normal 0.986991 0.160778 -1.26114e-17
      outer loop
         vertex 0.000665474 -0.23135 0.17329
         vertex 0.000665474 -0.23135 0.16059
         vertex 7.35254e-05 -0.229631 0.16059
      endloop
   endfacet
   facet normal 0.991581 0.12949 -1.43258e-17
      outer loop
         vertex 0.000680684 -0.231453 0.17329
         vertex 0.000680684 -0.231453 0.16059
         vertex 0.000665474 -0.23135 0.16059
      endloop
   endfacet
   facet normal 0.317623 -0.948217 -5.57383e-17
      outer loop
         vertex 1.0434e-05 -0.232797 0.17329
         vertex 1.0434e-05 -0.232797 0.16929
         vertex 0.000354293 -0.232598 0.16929
      endloop
   endfacet
   facet normal 0.661482 -0.749961 -5.27806e-17
      outer loop
         vertex 0.000354293 -0.232598 0.17329
         vertex 0.000354293 -0.232598 0.16929
         vertex 0.000593939 -0.232282 0.16929
      endloop
   endfacet
   facet normal 0.901128 -0.433553 -4.15077e-17
      outer loop
         vertex 0.000593939 -0.232282 0.17329
         vertex 0.000593939 -0.232282 0.16929
         vertex 0.000691618 -0.231897 0.16929
      endloop
   endfacet
   facet normal 0.998807 -0.0488417 -2.36955e-17
      outer loop
         vertex 0.000691618 -0.231897 0.16929
         vertex 0.000691618 -0.231897 0.17329
         vertex 0.000593939 -0.232282 0.17329
      endloop
   endfacet
   facet normal 0.901128 -0.433553 -4.15077e-17
      outer loop
         vertex 0.000593939 -0.232282 0.16929
         vertex 0.000593939 -0.232282 0.17329
         vertex 0.000354293 -0.232598 0.17329
      endloop
   endfacet
   facet normal 0.661482 -0.749961 -5.27806e-17
      outer loop
         vertex 0.000354293 -0.232598 0.16929
         vertex 0.000354293 -0.232598 0.17329
         vertex 1.0434e-05 -0.232797 0.17329
      endloop
   endfacet
   facet normal 0.650628 -0.759397 -5.30382e-17
      outer loop
         vertex -0.00136321 -0.233575 0.16929
         vertex 1.0434e-05 -0.232797 0.16929
         vertex 1.0434e-05 -0.232797 0.17329
      endloop
   endfacet
   facet normal 0.888286 -0.459291 -4.25656e-17
      outer loop
         vertex -0.00234355 -0.234813 0.16929
         vertex -0.00136321 -0.233575 0.16929
         vertex -0.00136321 -0.233575 0.17329
      endloop
   endfacet
   facet normal 0.99577 -0.0918773 -2.58553e-17
      outer loop
         vertex -0.00278693 -0.236329 0.16929
         vertex -0.00234355 -0.234813 0.16929
         vertex -0.00234355 -0.234813 0.17329
      endloop
   endfacet
   facet normal 0.957329 0.289 -5.35592e-18
      outer loop
         vertex -0.00262835 -0.2379 0.16929
         vertex -0.00278693 -0.236329 0.16929
         vertex -0.00278693 -0.236329 0.17329
      endloop
   endfacet
   facet normal 0.778596 0.627526 1.59283e-17
      outer loop
         vertex -0.00189108 -0.239297 0.16929
         vertex -0.00262835 -0.2379 0.16929
         vertex -0.00262835 -0.2379 0.17329
      endloop
   endfacet
   facet normal 0.485763 0.874091 3.48783e-17
      outer loop
         vertex -0.000683143 -0.240314 0.16929
         vertex -0.00189108 -0.239297 0.16929
         vertex -0.00189108 -0.239297 0.17329
      endloop
   endfacet
   facet normal 0.121743 0.992562 4.87171e-17
      outer loop
         vertex 0.000818437 -0.240802 0.16929
         vertex -0.000683143 -0.240314 0.16929
         vertex -0.000683143 -0.240314 0.17329
      endloop
   endfacet
   facet normal -0.260117 0.965577 5.54165e-17
      outer loop
         vertex 0.00239361 -0.240691 0.16929
         vertex 0.000818437 -0.240802 0.16929
         vertex 0.000818437 -0.240802 0.17329
      endloop
   endfacet
   facet normal -0.603858 0.797092 5.3995e-17
      outer loop
         vertex 0.00381154 -0.239996 0.16929
         vertex 0.00239361 -0.240691 0.16929
         vertex 0.00239361 -0.240691 0.17329
      endloop
   endfacet
   facet normal -0.859107 0.511796 4.46607e-17
      outer loop
         vertex 0.00486444 -0.238819 0.16929
         vertex 0.00381154 -0.239996 0.16929
         vertex 0.00381154 -0.239996 0.17329
      endloop
   endfacet
   facet normal -0.988457 0.151499 2.87816e-17
      outer loop
         vertex 0.00539801 -0.237333 0.16929
         vertex 0.00486444 -0.238819 0.16929
         vertex 0.00486444 -0.238819 0.17329
      endloop
   endfacet
   facet normal -0.972954 -0.230999 8.68473e-18
      outer loop
         vertex 0.00533406 -0.235755 0.16929
         vertex 0.00539801 -0.237333 0.16929
         vertex 0.00539801 -0.237333 0.17329
      endloop
   endfacet
   facet normal -0.814869 -0.579646 -1.26849e-17
      outer loop
         vertex 0.00468196 -0.234317 0.16929
         vertex 0.00533406 -0.235755 0.16929
         vertex 0.00533406 -0.235755 0.17329
      endloop
   endfacet
   facet normal -0.537368 -0.843348 -3.21956e-17
      outer loop
         vertex 0.00353727 -0.233229 0.16929
         vertex 0.00468196 -0.234317 0.16929
         vertex 0.00468196 -0.234317 0.17329
      endloop
   endfacet
   facet normal -0.814869 -0.579646 -1.26849e-17
      outer loop
         vertex 0.00468196 -0.234317 0.17329
         vertex 0.00353727 -0.233229 0.17329
         vertex 0.00353727 -0.233229 0.16929
      endloop
   endfacet
   facet normal -0.972954 -0.230999 8.68473e-18
      outer loop
         vertex 0.00533406 -0.235755 0.17329
         vertex 0.00468196 -0.234317 0.17329
         vertex 0.00468196 -0.234317 0.16929
      endloop
   endfacet
   facet normal -0.988457 0.151499 2.87816e-17
      outer loop
         vertex 0.00539801 -0.237333 0.17329
         vertex 0.00533406 -0.235755 0.17329
         vertex 0.00533406 -0.235755 0.16929
      endloop
   endfacet
   facet normal -0.859107 0.511796 4.46607e-17
      outer loop
         vertex 0.00486444 -0.238819 0.17329
         vertex 0.00539801 -0.237333 0.17329
         vertex 0.00539801 -0.237333 0.16929
      endloop
   endfacet
   facet normal -0.603858 0.797092 5.3995e-17
      outer loop
         vertex 0.00381154 -0.239996 0.17329
         vertex 0.00486444 -0.238819 0.17329
         vertex 0.00486444 -0.238819 0.16929
      endloop
   endfacet
   facet normal -0.260117 0.965577 5.54165e-17
      outer loop
         vertex 0.00239361 -0.240691 0.17329
         vertex 0.00381154 -0.239996 0.17329
         vertex 0.00381154 -0.239996 0.16929
      endloop
   endfacet
   facet normal 0.121743 0.992562 4.87171e-17
      outer loop
         vertex 0.000818437 -0.240802 0.17329
         vertex 0.00239361 -0.240691 0.17329
         vertex 0.00239361 -0.240691 0.16929
      endloop
   endfacet
   facet normal 0.485763 0.874091 3.48783e-17
      outer loop
         vertex -0.000683143 -0.240314 0.17329
         vertex 0.000818437 -0.240802 0.17329
         vertex 0.000818437 -0.240802 0.16929
      endloop
   endfacet
   facet normal 0.778596 0.627526 1.59283e-17
      outer loop
         vertex -0.00189108 -0.239297 0.17329
         vertex -0.000683143 -0.240314 0.17329
         vertex -0.000683143 -0.240314 0.16929
      endloop
   endfacet
   facet normal 0.957329 0.289 -5.35592e-18
      outer loop
         vertex -0.00262835 -0.2379 0.17329
         vertex -0.00189108 -0.239297 0.17329
         vertex -0.00189108 -0.239297 0.16929
      endloop
   endfacet
   facet normal 0.99577 -0.0918773 -2.58553e-17
      outer loop
         vertex -0.00278693 -0.236329 0.17329
         vertex -0.00262835 -0.2379 0.17329
         vertex -0.00262835 -0.2379 0.16929
      endloop
   endfacet
   facet normal 0.888286 -0.459291 -4.25656e-17
      outer loop
         vertex -0.00234355 -0.234813 0.17329
         vertex -0.00278693 -0.236329 0.17329
         vertex -0.00278693 -0.236329 0.16929
      endloop
   endfacet
   facet normal 0.650628 -0.759397 -5.30382e-17
      outer loop
         vertex -0.00136321 -0.233575 0.17329
         vertex -0.00234355 -0.234813 0.17329
         vertex -0.00234355 -0.234813 0.16929
      endloop
   endfacet
   facet normal 0.317623 -0.948217 -5.57383e-17
      outer loop
         vertex 1.0434e-05 -0.232797 0.17329
         vertex -0.00136321 -0.233575 0.17329
         vertex -0.00136321 -0.233575 0.16929
      endloop
   endfacet
   facet normal -0.981003 0.193993 3.08198e-17
      outer loop
         vertex 0.00309364 -0.232192 0.17329
         vertex 0.00309364 -0.232192 0.16929
         vertex 0.00309544 -0.232589 0.16929
      endloop
   endfacet
   facet normal -0.979195 -0.202921 1.02681e-17
      outer loop
         vertex 0.00309544 -0.232589 0.17329
         vertex 0.00309544 -0.232589 0.16929
         vertex 0.00325152 -0.232954 0.16929
      endloop
   endfacet
   facet normal -0.823121 -0.567867 -1.19012e-17
      outer loop
         vertex 0.00325152 -0.232954 0.17329
         vertex 0.00325152 -0.232954 0.16929
         vertex 0.00353727 -0.233229 0.16929
      endloop
   endfacet
   facet normal -0.537368 -0.843348 -3.21956e-17
      outer loop
         vertex 0.00353727 -0.233229 0.16929
         vertex 0.00353727 -0.233229 0.17329
         vertex 0.00325152 -0.232954 0.17329
      endloop
   endfacet
   facet normal -0.823121 -0.567867 -1.19012e-17
      outer loop
         vertex 0.00325152 -0.232954 0.16929
         vertex 0.00325152 -0.232954 0.17329
         vertex 0.00309544 -0.232589 0.17329
      endloop
   endfacet
   facet normal -0.979195 -0.202921 1.02681e-17
      outer loop
         vertex 0.00309544 -0.232589 0.16929
         vertex 0.00309544 -0.232589 0.17329
         vertex 0.00309364 -0.232192 0.17329
      endloop
   endfacet
   facet normal 2.11965e-17 -5.1682e-17 1
      outer loop
         vertex 0.00539801 -0.237333 0.16929
         vertex 0.00370278 -0.237 0.16929
         vertex 0.00340963 -0.23789 0.16929
      endloop
   endfacet
   facet normal 2.11965e-17 -5.1682e-17 1
      outer loop
         vertex 0.00533406 -0.235755 0.16929
         vertex 0.00363326 -0.236066 0.16929
         vertex 0.00370278 -0.237 0.16929
      endloop
   endfacet
   facet normal 2.11965e-17 -5.1682e-17 1
      outer loop
         vertex 0.00161281 -0.234326 0.16929
         vertex 0.00325152 -0.232954 0.16929
         vertex 0.00268052 -0.233142 0.16929
      endloop
   endfacet
   facet normal 2.11965e-17 -5.1682e-17 1
      outer loop
         vertex 0.00370278 -0.237 0.16929
         vertex 0.00539801 -0.237333 0.16929
         vertex 0.00533406 -0.235755 0.16929
      endloop
   endfacet
   facet normal 2.11965e-17 -5.1682e-17 1
      outer loop
         vertex 0.00468196 -0.234317 0.16929
         vertex 0.00321167 -0.23523 0.16929
         vertex 0.00363326 -0.236066 0.16929
      endloop
   endfacet
   facet normal 2.11965e-17 -5.1682e-17 1
      outer loop
         vertex 0.00353727 -0.233229 0.16929
         vertex 0.00250218 -0.234619 0.16929
         vertex 0.00321167 -0.23523 0.16929
      endloop
   endfacet
   facet normal 2.11965e-17 -5.1682e-17 1
      outer loop
         vertex -0.00136321 -0.233575 0.16929
         vertex -0.00234355 -0.234813 0.16929
         vertex -0.000768376 -0.235526 0.16929
      endloop
   endfacet
   facet normal 2.11965e-17 -5.1682e-17 1
      outer loop
         vertex -0.00234355 -0.234813 0.16929
         vertex -0.00278693 -0.236329 0.16929
         vertex -0.00106152 -0.236416 0.16929
      endloop
   endfacet
   facet normal 2.11965e-17 -5.1682e-17 1
      outer loop
         vertex 0.00161281 -0.234326 0.16929
         vertex 0.0020992 -0.233281 0.16929
         vertex 0.00139326 -0.233195 0.16929
      endloop
   endfacet
   facet normal 2.11965e-17 -5.1682e-17 1
      outer loop
         vertex 0.00325152 -0.232954 0.16929
         vertex 0.00289126 -0.232922 0.16929
         vertex 0.00268052 -0.233142 0.16929
      endloop
   endfacet
   facet normal 2.11965e-17 -5.1682e-17 1
      outer loop
         vertex 0.00325152 -0.232954 0.16929
         vertex 0.00309544 -0.232589 0.16929
         vertex 0.00300537 -0.23264 0.16929
      endloop
   endfacet
   facet normal 2.11965e-17 -5.1682e-17 1
      outer loop
         vertex 0.00381154 -0.239996 0.16929
         vertex 0.00279846 -0.238599 0.16929
         vertex 0.00196229 -0.239021 0.16929
      endloop
   endfacet
   facet normal 2.11965e-17 -5.1682e-17 1
      outer loop
         vertex 0.00486444 -0.238819 0.16929
         vertex 0.00340963 -0.23789 0.16929
         vertex 0.00279846 -0.238599 0.16929
      endloop
   endfacet
   facet normal 2.11965e-17 -5.1682e-17 1
      outer loop
         vertex 0.00363326 -0.236066 0.16929
         vertex 0.00533406 -0.235755 0.16929
         vertex 0.00468196 -0.234317 0.16929
      endloop
   endfacet
   facet normal 2.11965e-17 -5.1682e-17 1
      outer loop
         vertex 0.00321167 -0.23523 0.16929
         vertex 0.00468196 -0.234317 0.16929
         vertex 0.00353727 -0.233229 0.16929
      endloop
   endfacet
   facet normal 2.11965e-17 -5.1682e-17 1
      outer loop
         vertex -0.00106152 -0.236416 0.16929
         vertex -0.000768376 -0.235526 0.16929
         vertex -0.00234355 -0.234813 0.16929
      endloop
   endfacet
   facet normal 2.11965e-17 -5.1682e-17 1
      outer loop
         vertex -0.00278693 -0.236329 0.16929
         vertex -0.00262835 -0.2379 0.16929
         vertex -0.000992004 -0.23735 0.16929
      endloop
   endfacet
   facet normal 2.11965e-17 -5.1682e-17 1
      outer loop
         vertex 0.000354293 -0.232598 0.16929
         vertex 0.000862877 -0.232919 0.16929
         vertex 0.000711469 -0.232655 0.16929
      endloop
   endfacet
   facet normal 2.11965e-17 -5.1682e-17 1
      outer loop
         vertex 0.00161281 -0.234326 0.16929
         vertex 0.00110151 -0.233108 0.16929
         vertex 0.000862877 -0.232919 0.16929
      endloop
   endfacet
   facet normal 2.11965e-17 -5.1682e-17 1
      outer loop
         vertex 0.00161281 -0.234326 0.16929
         vertex 0.00240329 -0.233268 0.16929
         vertex 0.0020992 -0.233281 0.16929
      endloop
   endfacet
   facet normal 2.11965e-17 -5.1682e-17 1
      outer loop
         vertex 0.00300537 -0.23264 0.16929
         vertex 0.00289126 -0.232922 0.16929
         vertex 0.00325152 -0.232954 0.16929
      endloop
   endfacet
   facet normal 2.11965e-17 -5.1682e-17 1
      outer loop
         vertex 0.00239361 -0.240691 0.16929
         vertex 0.00196229 -0.239021 0.16929
         vertex 0.00102844 -0.23909 0.16929
      endloop
   endfacet
   facet normal 2.11965e-17 -5.1682e-17 1
      outer loop
         vertex 0.00279846 -0.238599 0.16929
         vertex 0.00381154 -0.239996 0.16929
         vertex 0.00486444 -0.238819 0.16929
      endloop
   endfacet
   facet normal 2.11965e-17 -5.1682e-17 1
      outer loop
         vertex 0.00353727 -0.233229 0.16929
         vertex 0.00325152 -0.232954 0.16929
         vertex 0.00250218 -0.234619 0.16929
      endloop
   endfacet
   facet normal 2.11965e-17 -5.1682e-17 1
      outer loop
         vertex -0.000992004 -0.23735 0.16929
         vertex -0.00106152 -0.236416 0.16929
         vertex -0.00278693 -0.236329 0.16929
      endloop
   endfacet
   facet normal 2.11965e-17 -5.1682e-17 1
      outer loop
         vertex -0.00262835 -0.2379 0.16929
         vertex -0.00189108 -0.239297 0.16929
         vertex -0.000570411 -0.238186 0.16929
      endloop
   endfacet
   facet normal 2.11965e-17 -5.1682e-17 1
      outer loop
         vertex 0.000862877 -0.232919 0.16929
         vertex 0.000354293 -0.232598 0.16929
         vertex 0.00161281 -0.234326 0.16929
      endloop
   endfacet
   facet normal 2.11965e-17 -5.1682e-17 1
      outer loop
         vertex 0.00268052 -0.233142 0.16929
         vertex 0.00240329 -0.233268 0.16929
         vertex 0.00161281 -0.234326 0.16929
      endloop
   endfacet
   facet normal 2.11965e-17 -5.1682e-17 1
      outer loop
         vertex 0.00196229 -0.239021 0.16929
         vertex 0.00239361 -0.240691 0.16929
         vertex 0.00381154 -0.239996 0.16929
      endloop
   endfacet
   facet normal 2.11965e-17 -5.1682e-17 1
      outer loop
         vertex 0.00325152 -0.232954 0.16929
         vertex 0.00161281 -0.234326 0.16929
         vertex 0.00250218 -0.234619 0.16929
      endloop
   endfacet
   facet normal 2.11965e-17 -5.1682e-17 1
      outer loop
         vertex 1.0434e-05 -0.232797 0.16929
         vertex -0.00136321 -0.233575 0.16929
         vertex -0.0001572 -0.234817 0.16929
      endloop
   endfacet
   facet normal 2.11965e-17 -5.1682e-17 1
      outer loop
         vertex -0.000570411 -0.238186 0.16929
         vertex -0.000992004 -0.23735 0.16929
         vertex -0.00262835 -0.2379 0.16929
      endloop
   endfacet
   facet normal 2.11965e-17 -5.1682e-17 1
      outer loop
         vertex -0.00189108 -0.239297 0.16929
         vertex -0.000683143 -0.240314 0.16929
         vertex 0.000139076 -0.238797 0.16929
      endloop
   endfacet
   facet normal 2.11965e-17 -5.1682e-17 1
      outer loop
         vertex 0.00139326 -0.233195 0.16929
         vertex 0.00110151 -0.233108 0.16929
         vertex 0.00161281 -0.234326 0.16929
      endloop
   endfacet
   facet normal 2.11965e-17 -5.1682e-17 1
      outer loop
         vertex 0.00340963 -0.23789 0.16929
         vertex 0.00486444 -0.238819 0.16929
         vertex 0.00539801 -0.237333 0.16929
      endloop
   endfacet
   facet normal 2.11965e-17 -5.1682e-17 1
      outer loop
         vertex 0.000678961 -0.234395 0.16929
         vertex 0.000354293 -0.232598 0.16929
         vertex 1.0434e-05 -0.232797 0.16929
      endloop
   endfacet
   facet normal 2.11965e-17 -5.1682e-17 1
      outer loop
         vertex 0.000139076 -0.238797 0.16929
         vertex -0.000570411 -0.238186 0.16929
         vertex -0.00189108 -0.239297 0.16929
      endloop
   endfacet
   facet normal 2.11965e-17 -5.1682e-17 1
      outer loop
         vertex -0.000683143 -0.240314 0.16929
         vertex 0.000818437 -0.240802 0.16929
         vertex 0.00102844 -0.23909 0.16929
      endloop
   endfacet
   facet normal 2.11965e-17 -5.1682e-17 1
      outer loop
         vertex 0.00102844 -0.23909 0.16929
         vertex 0.000818437 -0.240802 0.16929
         vertex 0.00239361 -0.240691 0.16929
      endloop
   endfacet
   facet normal 2.11965e-17 -5.1682e-17 1
      outer loop
         vertex 0.000593939 -0.232282 0.16929
         vertex 0.000711469 -0.232655 0.16929
         vertex 0.000668944 -0.232353 0.16929
      endloop
   endfacet
   facet normal 2.11965e-17 -5.1682e-17 1
      outer loop
         vertex -0.0001572 -0.234817 0.16929
         vertex 0.000678961 -0.234395 0.16929
         vertex 1.0434e-05 -0.232797 0.16929
      endloop
   endfacet
   facet normal 2.11965e-17 -5.1682e-17 1
      outer loop
         vertex 0.00102844 -0.23909 0.16929
         vertex 0.000139076 -0.238797 0.16929
         vertex -0.000683143 -0.240314 0.16929
      endloop
   endfacet
   facet normal 2.11965e-17 -5.1682e-17 1
      outer loop
         vertex 0.000668944 -0.232353 0.16929
         vertex 0.000691618 -0.231897 0.16929
         vertex 0.000593939 -0.232282 0.16929
      endloop
   endfacet
   facet normal 2.11965e-17 -5.1682e-17 1
      outer loop
         vertex -0.000768376 -0.235526 0.16929
         vertex -0.0001572 -0.234817 0.16929
         vertex -0.00136321 -0.233575 0.16929
      endloop
   endfacet
   facet normal 2.11965e-17 -5.1682e-17 1
      outer loop
         vertex 0.000711469 -0.232655 0.16929
         vertex 0.000593939 -0.232282 0.16929
         vertex 0.000354293 -0.232598 0.16929
      endloop
   endfacet
   facet normal 2.11965e-17 -5.1682e-17 1
      outer loop
         vertex 0.00309544 -0.232589 0.16929
         vertex 0.00309364 -0.232192 0.16929
         vertex 0.00300537 -0.23264 0.16929
      endloop
   endfacet
   facet normal 2.11965e-17 -5.1682e-17 1
      outer loop
         vertex 0.000678961 -0.234395 0.16929
         vertex 0.00161281 -0.234326 0.16929
         vertex 0.000354293 -0.232598 0.16929
      endloop
   endfacet
   facet normal 0.46137 0.887208 3.60732e-17
      outer loop
         vertex 0.00110151 -0.233108 0.16929
         vertex 0.00139326 -0.233195 0.16929
         vertex 0.00139326 -0.233195 0.16059
      endloop
   endfacet
   facet normal 0.757827 0.652455 1.76569e-17
      outer loop
         vertex 0.000862877 -0.232919 0.16929
         vertex 0.00110151 -0.233108 0.16929
         vertex 0.00110151 -0.233108 0.16059
      endloop
   endfacet
   facet normal 0.945919 0.324404 -3.28431e-18
      outer loop
         vertex 0.000711469 -0.232655 0.16929
         vertex 0.000862877 -0.232919 0.16929
         vertex 0.000862877 -0.232919 0.16059
      endloop
   endfacet
   facet normal 0.945919 0.324404 -3.28431e-18
      outer loop
         vertex 0.000711469 -0.232655 0.16929
         vertex 0.000711469 -0.232655 0.16059
         vertex 0.0007069 -0.232641 0.16059
      endloop
   endfacet
   facet normal 0.951594 0.307357 -4.28567e-18
      outer loop
         vertex 0.0007069 -0.232641 0.16059
         vertex 0.000668944 -0.232353 0.16929
         vertex 0.000711469 -0.232655 0.16929
      endloop
   endfacet
   facet normal 0.951594 0.307357 -4.28567e-18
      outer loop
         vertex 0.0007069 -0.232641 0.16059
         vertex 0.000668944 -0.232353 0.16059
         vertex 0.000668944 -0.232353 0.16929
      endloop
   endfacet
   facet normal 0.757827 0.652455 1.76569e-17
      outer loop
         vertex 0.000862877 -0.232919 0.16059
         vertex 0.000711469 -0.232655 0.16059
         vertex 0.000711469 -0.232655 0.16929
      endloop
   endfacet
   facet normal 0.46137 0.887208 3.60732e-17
      outer loop
         vertex 0.00110151 -0.233108 0.16059
         vertex 0.000862877 -0.232919 0.16059
         vertex 0.000862877 -0.232919 0.16929
      endloop
   endfacet
   facet normal 0.0989388 0.995094 4.93313e-17
      outer loop
         vertex 0.00139326 -0.233195 0.16059
         vertex 0.00110151 -0.233108 0.16059
         vertex 0.00110151 -0.233108 0.16929
      endloop
   endfacet
   facet normal 0.144484 0.989507 4.80772e-17
      outer loop
         vertex 0.0020992 -0.233281 0.16929
         vertex 0.0020992 -0.233281 0.16059
         vertex 0.00139326 -0.233195 0.16059
      endloop
   endfacet
   facet normal 0.0989388 0.995094 4.93313e-17
      outer loop
         vertex 0.00139326 -0.233195 0.16059
         vertex 0.00139326 -0.233195 0.16929
         vertex 0.0020992 -0.233281 0.16929
      endloop
   endfacet
   facet normal 2.11965e-17 -5.1682e-17 1
      outer loop
         vertex 0.0018076 -0.232738 0.16059
         vertex 0.000711469 -0.232655 0.16059
         vertex 0.000862877 -0.232919 0.16059
      endloop
   endfacet
   facet normal 2.11965e-17 -5.1682e-17 1
      outer loop
         vertex 0.000862877 -0.232919 0.16059
         vertex 0.00110151 -0.233108 0.16059
         vertex 0.0018076 -0.232738 0.16059
      endloop
   endfacet
   facet normal 2.11965e-17 -5.1682e-17 1
      outer loop
         vertex 0.0018076 -0.232738 0.16059
         vertex 0.0020992 -0.233281 0.16059
         vertex 0.00240329 -0.233268 0.16059
      endloop
   endfacet
   facet normal 2.11965e-17 -5.1682e-17 1
      outer loop
         vertex 0.0018076 -0.232738 0.16059
         vertex 0.0007069 -0.232641 0.16059
         vertex 0.000711469 -0.232655 0.16059
      endloop
   endfacet
   facet normal 2.11965e-17 -5.1682e-17 1
      outer loop
         vertex 0.00240329 -0.233268 0.16059
         vertex 0.00268052 -0.233142 0.16059
         vertex 0.0018076 -0.232738 0.16059
      endloop
   endfacet
   facet normal 2.11965e-17 -5.1682e-17 1
      outer loop
         vertex 0.00110151 -0.233108 0.16059
         vertex 0.00139326 -0.233195 0.16059
         vertex 0.0018076 -0.232738 0.16059
      endloop
   endfacet
   facet normal 2.11965e-17 -5.1682e-17 1
      outer loop
         vertex 0.00268052 -0.233142 0.16059
         vertex 0.00289126 -0.232922 0.16059
         vertex 0.0018076 -0.232738 0.16059
      endloop
   endfacet
   facet normal 2.11965e-17 -5.1682e-17 1
      outer loop
         vertex 0.00289126 -0.232922 0.16059
         vertex 0.00289901 -0.23291 0.16059
         vertex 0.0018076 -0.232738 0.16059
      endloop
   endfacet
   facet normal 2.11965e-17 -5.1682e-17 1
      outer loop
         vertex 0.00139326 -0.233195 0.16059
         vertex 0.0020992 -0.233281 0.16059
         vertex 0.0018076 -0.232738 0.16059
      endloop
   endfacet
   facet normal -0.981234 0.192821 3.07641e-17
      outer loop
         vertex 0.00300537 -0.23264 0.16929
         vertex 0.00300537 -0.23264 0.16059
         vertex 0.00289901 -0.23291 0.16059
      endloop
   endfacet
   facet normal -0.849106 0.528223 4.52977e-17
      outer loop
         vertex 0.00289901 -0.23291 0.16059
         vertex 0.00289126 -0.232922 0.16929
         vertex 0.00300537 -0.23264 0.16929
      endloop
   endfacet
   facet normal -0.577681 0.816263 5.44309e-17
      outer loop
         vertex 0.00268052 -0.233142 0.16929
         vertex 0.00289126 -0.232922 0.16929
         vertex 0.00289126 -0.232922 0.16059
      endloop
   endfacet
   facet normal -0.233278 0.97241 5.52008e-17
      outer loop
         vertex 0.00240329 -0.233268 0.16929
         vertex 0.00268052 -0.233142 0.16929
         vertex 0.00268052 -0.233142 0.16059
      endloop
   endfacet
   facet normal 0.144484 0.989507 4.80772e-17
      outer loop
         vertex 0.0020992 -0.233281 0.16929
         vertex 0.00240329 -0.233268 0.16929
         vertex 0.00240329 -0.233268 0.16059
      endloop
   endfacet
   facet normal -0.233278 0.97241 5.52008e-17
      outer loop
         vertex 0.00240329 -0.233268 0.16059
         vertex 0.0020992 -0.233281 0.16059
         vertex 0.0020992 -0.233281 0.16929
      endloop
   endfacet
   facet normal -0.577681 0.816263 5.44309e-17
      outer loop
         vertex 0.00268052 -0.233142 0.16059
         vertex 0.00240329 -0.233268 0.16059
         vertex 0.00240329 -0.233268 0.16929
      endloop
   endfacet
   facet normal -0.839478 0.543393 4.58777e-17
      outer loop
         vertex 0.00289126 -0.232922 0.16059
         vertex 0.00268052 -0.233142 0.16059
         vertex 0.00268052 -0.233142 0.16929
      endloop
   endfacet
   facet normal -0.849106 0.528223 4.52977e-17
      outer loop
         vertex 0.00289901 -0.23291 0.16059
         vertex 0.00289126 -0.232922 0.16059
         vertex 0.00289126 -0.232922 0.16929
      endloop
   endfacet
   facet normal -0.761872 0.647727 4.96249e-17
      outer loop
         vertex 0.00424103 -0.230142 0.16059
         vertex 0.00424103 -0.230142 0.17329
         vertex 0.00504977 -0.229304 0.17329
      endloop
   endfacet
   facet normal -0.918877 0.394544 3.98678e-17
      outer loop
         vertex 0.00325124 -0.231667 0.16059
         vertex 0.00325124 -0.231667 0.17329
         vertex 0.00424103 -0.230142 0.17329
      endloop
   endfacet
   facet normal -0.930893 0.365292 3.86107e-17
      outer loop
         vertex 0.0032115 -0.231764 0.16059
         vertex 0.0032115 -0.231764 0.17329
         vertex 0.00325124 -0.231667 0.17329
      endloop
   endfacet
   facet normal -0.930893 0.365292 3.86107e-17
      outer loop
         vertex 0.0032115 -0.231764 0.17329
         vertex 0.0032115 -0.231764 0.16059
         vertex 0.00309364 -0.232192 0.16929
      endloop
   endfacet
   facet normal -0.981234 0.192821 3.07641e-17
      outer loop
         vertex 0.00300537 -0.23264 0.16059
         vertex 0.00300537 -0.23264 0.16929
         vertex 0.00309364 -0.232192 0.16929
      endloop
   endfacet
   facet normal -0.981003 0.193993 3.08198e-17
      outer loop
         vertex 0.00309364 -0.232192 0.16929
         vertex 0.0032115 -0.231764 0.16059
         vertex 0.00300537 -0.23264 0.16059
      endloop
   endfacet
   facet normal -0.981003 0.193993 3.08198e-17
      outer loop
         vertex 0.00309364 -0.232192 0.16929
         vertex 0.00309364 -0.232192 0.17329
         vertex 0.0032115 -0.231764 0.17329
      endloop
   endfacet
   facet normal -0.918877 0.394544 3.98678e-17
      outer loop
         vertex 0.00325124 -0.231667 0.17329
         vertex 0.00325124 -0.231667 0.16059
         vertex 0.0032115 -0.231764 0.16059
      endloop
   endfacet
   facet normal -0.761872 0.647727 4.96249e-17
      outer loop
         vertex 0.00424103 -0.230142 0.17329
         vertex 0.00424103 -0.230142 0.16059
         vertex 0.00325124 -0.231667 0.16059
      endloop
   endfacet
   facet normal -0.677772 0.735273 5.23668e-17
      outer loop
         vertex 0.00504977 -0.229304 0.17329
         vertex 0.00504977 -0.229304 0.16059
         vertex 0.00424103 -0.230142 0.16059
      endloop
   endfacet
   facet normal 0.324658 0.945832 4.20009e-17
      outer loop
         vertex 0.00635287 -0.229702 0.17329
         vertex 0.00635287 -0.229702 0.16059
         vertex 0.00504977 -0.229304 0.16059
      endloop
   endfacet
   facet normal 0.259503 0.965742 4.44109e-17
      outer loop
         vertex 0.00504977 -0.229304 0.16059
         vertex 0.00504977 -0.229304 0.17329
         vertex 0.00635287 -0.229702 0.17329
      endloop
   endfacet
   facet normal -2.11965e-17 5.1682e-17 -1
      outer loop
         vertex 0.00655472 -0.230849 0.16059
         vertex 0.00424103 -0.230142 0.16059
         vertex 0.00504977 -0.229304 0.16059
      endloop
   endfacet
   facet normal -2.11965e-17 5.1682e-17 -1
      outer loop
         vertex 0.00504977 -0.229304 0.16059
         vertex 0.00635287 -0.229702 0.16059
         vertex 0.00655472 -0.230849 0.16059
      endloop
   endfacet
   facet normal -2.11965e-17 5.1682e-17 -1
      outer loop
         vertex 0.00652311 -0.232667 0.16059
         vertex 0.00325124 -0.231667 0.16059
         vertex 0.00424103 -0.230142 0.16059
      endloop
   endfacet
   facet normal -2.11965e-17 5.1682e-17 -1
      outer loop
         vertex 0.00652311 -0.232667 0.16059
         vertex 0.0032115 -0.231764 0.16059
         vertex 0.00325124 -0.231667 0.16059
      endloop
   endfacet
   facet normal -2.11965e-17 5.1682e-17 -1
      outer loop
         vertex 0.00655472 -0.230849 0.16059
         vertex 0.00652311 -0.232667 0.16059
         vertex 0.00424103 -0.230142 0.16059
      endloop
   endfacet
   facet normal -2.11965e-17 5.1682e-17 -1
      outer loop
         vertex 0.0032115 -0.231764 0.16059
         vertex 0.00650205 -0.232769 0.16059
         vertex 0.00618318 -0.233611 0.16059
      endloop
   endfacet
   facet normal -2.11965e-17 5.1682e-17 -1
      outer loop
         vertex 0.00618318 -0.233611 0.16059
         vertex 0.00300537 -0.23264 0.16059
         vertex 0.0032115 -0.231764 0.16059
      endloop
   endfacet
   facet normal -2.11965e-17 5.1682e-17 -1
      outer loop
         vertex 0.00612045 -0.233894 0.16059
         vertex 0.00289901 -0.23291 0.16059
         vertex 0.00300537 -0.23264 0.16059
      endloop
   endfacet
   facet normal -2.11965e-17 5.1682e-17 -1
      outer loop
         vertex 0.00300537 -0.23264 0.16059
         vertex 0.00618318 -0.233611 0.16059
         vertex 0.00612045 -0.233894 0.16059
      endloop
   endfacet
   facet normal -2.11965e-17 5.1682e-17 -1
      outer loop
         vertex 0.00652311 -0.232667 0.16059
         vertex 0.00650205 -0.232769 0.16059
         vertex 0.0032115 -0.231764 0.16059
      endloop
   endfacet
   facet normal 0.976069 -0.21746 -3.1928e-17
      outer loop
         vertex 0.00650205 -0.232769 0.16059
         vertex 0.00650205 -0.232769 0.17329
         vertex 0.00618318 -0.233611 0.17329
      endloop
   endfacet
   facet normal 0.982457 -0.186488 -3.04628e-17
      outer loop
         vertex 0.00652311 -0.232667 0.16059
         vertex 0.00652311 -0.232667 0.17329
         vertex 0.00650205 -0.232769 0.17329
      endloop
   endfacet
   facet normal 0.993797 0.111209 -1.53175e-17
      outer loop
         vertex 0.00655472 -0.230849 0.16059
         vertex 0.00655472 -0.230849 0.17329
         vertex 0.00652311 -0.232667 0.17329
      endloop
   endfacet
   facet normal 0.972999 0.230811 -8.69541e-18
      outer loop
         vertex 0.00635287 -0.229702 0.16059
         vertex 0.00635287 -0.229702 0.17329
         vertex 0.00655472 -0.230849 0.17329
      endloop
   endfacet
   facet normal 0.993797 0.111209 -1.53175e-17
      outer loop
         vertex 0.00655472 -0.230849 0.17329
         vertex 0.00655472 -0.230849 0.16059
         vertex 0.00635287 -0.229702 0.16059
      endloop
   endfacet
   facet normal 0.982457 -0.186488 -3.04628e-17
      outer loop
         vertex 0.00652311 -0.232667 0.17329
         vertex 0.00652311 -0.232667 0.16059
         vertex 0.00655472 -0.230849 0.16059
      endloop
   endfacet
   facet normal 0.976069 -0.21746 -3.1928e-17
      outer loop
         vertex 0.00650205 -0.232769 0.17329
         vertex 0.00650205 -0.232769 0.16059
         vertex 0.00652311 -0.232667 0.16059
      endloop
   endfacet
   facet normal 0.921403 -0.388609 -3.96146e-17
      outer loop
         vertex 0.00618318 -0.233611 0.17329
         vertex 0.00618318 -0.233611 0.16059
         vertex 0.00650205 -0.232769 0.16059
      endloop
   endfacet
   facet normal 0.736989 0.675905 1.93105e-17
      outer loop
         vertex 0.00633163 -0.234468 0.17329
         vertex 0.00657608 -0.234649 0.17329
         vertex 0.00657608 -0.234649 0.16059
      endloop
   endfacet
   facet normal 0.935278 0.353915 -1.53358e-18
      outer loop
         vertex 0.00617201 -0.234209 0.17329
         vertex 0.00633163 -0.234468 0.17329
         vertex 0.00633163 -0.234468 0.16059
      endloop
   endfacet
   facet normal 0.999825 -0.0186829 -2.21584e-17
      outer loop
         vertex 0.00612005 -0.233909 0.17329
         vertex 0.00617201 -0.234209 0.17329
         vertex 0.00617201 -0.234209 0.16059
      endloop
   endfacet
   facet normal 0.999825 -0.0186829 -2.21584e-17
      outer loop
         vertex 0.00612005 -0.233909 0.17329
         vertex 0.00612005 -0.233909 0.16059
         vertex 0.00612045 -0.233894 0.16059
      endloop
   endfacet
   facet normal 0.999328 -0.0366437 -2.30761e-17
      outer loop
         vertex 0.00612045 -0.233894 0.16059
         vertex 0.00618318 -0.233611 0.17329
         vertex 0.00612005 -0.233909 0.17329
      endloop
   endfacet
   facet normal 0.999328 -0.0366437 -2.30761e-17
      outer loop
         vertex 0.00612045 -0.233894 0.16059
         vertex 0.00618318 -0.233611 0.16059
         vertex 0.00618318 -0.233611 0.17329
      endloop
   endfacet
   facet normal 0.935278 0.353915 -1.53358e-18
      outer loop
         vertex 0.00617201 -0.234209 0.16059
         vertex 0.00612005 -0.233909 0.16059
         vertex 0.00612005 -0.233909 0.17329
      endloop
   endfacet
   facet normal 0.736989 0.675905 1.93105e-17
      outer loop
         vertex 0.00633163 -0.234468 0.16059
         vertex 0.00617201 -0.234209 0.16059
         vertex 0.00617201 -0.234209 0.17329
      endloop
   endfacet
   facet normal 0.433314 0.901243 3.73933e-17
      outer loop
         vertex 0.00657608 -0.234649 0.16059
         vertex 0.00633163 -0.234468 0.16059
         vertex 0.00633163 -0.234468 0.17329
      endloop
   endfacet
   facet normal 0.474202 0.880416 3.54503e-17
      outer loop
         vertex 0.00720983 -0.234972 0.17329
         vertex 0.00720983 -0.234972 0.16059
         vertex 0.00657608 -0.234649 0.16059
      endloop
   endfacet
   facet normal 0.433314 0.901243 3.73933e-17
      outer loop
         vertex 0.00657608 -0.234649 0.16059
         vertex 0.00657608 -0.234649 0.17329
         vertex 0.00720983 -0.234972 0.17329
      endloop
   endfacet
   facet normal 2.11965e-17 -5.1682e-17 1
      outer loop
         vertex 0.00773672 -0.234692 0.16059
         vertex 0.00617201 -0.234209 0.16059
         vertex 0.00633163 -0.234468 0.16059
      endloop
   endfacet
   facet normal 2.11965e-17 -5.1682e-17 1
      outer loop
         vertex 0.00773672 -0.234692 0.16059
         vertex 0.00612005 -0.233909 0.16059
         vertex 0.00617201 -0.234209 0.16059
      endloop
   endfacet
   facet normal 2.11965e-17 -5.1682e-17 1
      outer loop
         vertex 0.00773672 -0.234692 0.16059
         vertex 0.00657608 -0.234649 0.16059
         vertex 0.00720983 -0.234972 0.16059
      endloop
   endfacet
   facet normal 2.11965e-17 -5.1682e-17 1
      outer loop
         vertex 0.00773672 -0.234692 0.16059
         vertex 0.00612045 -0.233894 0.16059
         vertex 0.00612005 -0.233909 0.16059
      endloop
   endfacet
   facet normal 2.11965e-17 -5.1682e-17 1
      outer loop
         vertex 0.00773672 -0.234692 0.16059
         vertex 0.00750029 -0.235063 0.16059
         vertex 0.00780379 -0.23504 0.16059
      endloop
   endfacet
   facet normal 2.11965e-17 -5.1682e-17 1
      outer loop
         vertex 0.00633163 -0.234468 0.16059
         vertex 0.00657608 -0.234649 0.16059
         vertex 0.00773672 -0.234692 0.16059
      endloop
   endfacet
   facet normal 2.11965e-17 -5.1682e-17 1
      outer loop
         vertex 0.00780379 -0.23504 0.16059
         vertex 0.00807694 -0.234906 0.16059
         vertex 0.00773672 -0.234692 0.16059
      endloop
   endfacet
   facet normal 2.11965e-17 -5.1682e-17 1
      outer loop
         vertex 0.00807694 -0.234906 0.16059
         vertex 0.0080884 -0.234897 0.16059
         vertex 0.00773672 -0.234692 0.16059
      endloop
   endfacet
   facet normal 2.11965e-17 -5.1682e-17 1
      outer loop
         vertex 0.00720983 -0.234972 0.16059
         vertex 0.00750029 -0.235063 0.16059
         vertex 0.00773672 -0.234692 0.16059
      endloop
   endfacet
   facet normal -0.85611 0.516794 4.48555e-17
      outer loop
         vertex 0.00828069 -0.23468 0.17329
         vertex 0.00828069 -0.23468 0.16059
         vertex 0.0080884 -0.234897 0.16059
      endloop
   endfacet
   facet normal -0.617236 0.786778 5.37455e-17
      outer loop
         vertex 0.0080884 -0.234897 0.16059
         vertex 0.00807694 -0.234906 0.17329
         vertex 0.00828069 -0.23468 0.17329
      endloop
   endfacet
   facet normal -0.263664 0.964615 5.5442e-17
      outer loop
         vertex 0.00780379 -0.23504 0.17329
         vertex 0.00807694 -0.234906 0.17329
         vertex 0.00807694 -0.234906 0.16059
      endloop
   endfacet
   facet normal 0.113375 0.993552 4.89456e-17
      outer loop
         vertex 0.00750029 -0.235063 0.17329
         vertex 0.00780379 -0.23504 0.17329
         vertex 0.00780379 -0.23504 0.16059
      endloop
   endfacet
   facet normal 0.474202 0.880416 3.54503e-17
      outer loop
         vertex 0.00720983 -0.234972 0.17329
         vertex 0.00750029 -0.235063 0.17329
         vertex 0.00750029 -0.235063 0.16059
      endloop
   endfacet
   facet normal 0.113375 0.993552 4.89456e-17
      outer loop
         vertex 0.00750029 -0.235063 0.16059
         vertex 0.00720983 -0.234972 0.16059
         vertex 0.00720983 -0.234972 0.17329
      endloop
   endfacet
   facet normal -0.263664 0.964615 5.5442e-17
      outer loop
         vertex 0.00780379 -0.23504 0.16059
         vertex 0.00750029 -0.235063 0.16059
         vertex 0.00750029 -0.235063 0.17329
      endloop
   endfacet
   facet normal -0.603 0.797741 5.40104e-17
      outer loop
         vertex 0.00807694 -0.234906 0.16059
         vertex 0.00780379 -0.23504 0.16059
         vertex 0.00780379 -0.23504 0.17329
      endloop
   endfacet
   facet normal -0.617236 0.786778 5.37455e-17
      outer loop
         vertex 0.0080884 -0.234897 0.16059
         vertex 0.00807694 -0.234906 0.16059
         vertex 0.00807694 -0.234906 0.17329
      endloop
   endfacet
   facet normal -0.49439 0.86924 5.54034e-17
      outer loop
         vertex 0.0102961 -0.232755 0.16059
         vertex 0.0102961 -0.232755 0.17329
         vertex 0.0113428 -0.232244 0.17329
      endloop
   endfacet
   facet normal -0.72852 0.685024 5.08455e-17
      outer loop
         vertex 0.00884447 -0.233849 0.16059
         vertex 0.00884447 -0.233849 0.17329
         vertex 0.0102961 -0.232755 0.17329
      endloop
   endfacet
   facet normal -0.749816 0.661646 5.00887e-17
      outer loop
         vertex 0.00877407 -0.233927 0.16059
         vertex 0.00877407 -0.233927 0.17329
         vertex 0.00884447 -0.233849 0.17329
      endloop
   endfacet
   facet normal -0.85611 0.516794 4.48555e-17
      outer loop
         vertex 0.00828069 -0.23468 0.17329
         vertex 0.00877407 -0.233927 0.17329
         vertex 0.00877407 -0.233927 0.16059
      endloop
   endfacet
   facet normal -0.749816 0.661646 5.00887e-17
      outer loop
         vertex 0.00877407 -0.233927 0.16059
         vertex 0.00828069 -0.23468 0.16059
         vertex 0.00828069 -0.23468 0.17329
      endloop
   endfacet
   facet normal -0.72852 0.685024 5.08455e-17
      outer loop
         vertex 0.00884447 -0.233849 0.17329
         vertex 0.00884447 -0.233849 0.16059
         vertex 0.00877407 -0.233927 0.16059
      endloop
   endfacet
   facet normal -0.49439 0.86924 5.54034e-17
      outer loop
         vertex 0.0102961 -0.232755 0.17329
         vertex 0.0102961 -0.232755 0.16059
         vertex 0.00884447 -0.233849 0.16059
      endloop
   endfacet
   facet normal -0.385419 0.922742 5.58587e-17
      outer loop
         vertex 0.0113428 -0.232244 0.17329
         vertex 0.0113428 -0.232244 0.16059
         vertex 0.0102961 -0.232755 0.16059
      endloop
   endfacet
   facet normal 0.628572 0.777751 2.68722e-17
      outer loop
         vertex 0.0124311 -0.233064 0.17329
         vertex 0.0124311 -0.233064 0.16059
         vertex 0.0113428 -0.232244 0.16059
      endloop
   endfacet
   facet normal 0.574157 0.818746 3.01443e-17
      outer loop
         vertex 0.0113428 -0.232244 0.16059
         vertex 0.0113428 -0.232244 0.17329
         vertex 0.0124311 -0.233064 0.17329
      endloop
   endfacet
   facet normal -2.11965e-17 5.1682e-17 -1
      outer loop
         vertex 0.0102961 -0.232755 0.16059
         vertex 0.0113428 -0.232244 0.16059
         vertex 0.0124311 -0.233064 0.16059
      endloop
   endfacet
   facet normal -2.11965e-17 5.1682e-17 -1
      outer loop
         vertex 0.0124311 -0.233064 0.16059
         vertex 0.0122284 -0.234211 0.16059
         vertex 0.0102961 -0.232755 0.16059
      endloop
   endfacet
   facet normal -2.11965e-17 5.1682e-17 -1
      outer loop
         vertex 0.0115771 -0.235908 0.16059
         vertex 0.00884447 -0.233849 0.16059
         vertex 0.0102961 -0.232755 0.16059
      endloop
   endfacet
   facet normal -2.11965e-17 5.1682e-17 -1
      outer loop
         vertex 0.0115771 -0.235908 0.16059
         vertex 0.00877407 -0.233927 0.16059
         vertex 0.00884447 -0.233849 0.16059
      endloop
   endfacet
   facet normal -2.11965e-17 5.1682e-17 -1
      outer loop
         vertex 0.0122284 -0.234211 0.16059
         vertex 0.0115771 -0.235908 0.16059
         vertex 0.0102961 -0.232755 0.16059
      endloop
   endfacet
   facet normal -2.11965e-17 5.1682e-17 -1
      outer loop
         vertex 0.00877407 -0.233927 0.16059
         vertex 0.0115223 -0.235997 0.16059
         vertex 0.0109347 -0.236679 0.16059
      endloop
   endfacet
   facet normal -2.11965e-17 5.1682e-17 -1
      outer loop
         vertex 0.0080884 -0.234897 0.16059
         vertex 0.00828069 -0.23468 0.16059
         vertex 0.0109347 -0.236679 0.16059
      endloop
   endfacet
   facet normal -2.11965e-17 5.1682e-17 -1
      outer loop
         vertex 0.0109347 -0.236679 0.16059
         vertex 0.00828069 -0.23468 0.16059
         vertex 0.00877407 -0.233927 0.16059
      endloop
   endfacet
   facet normal -2.11965e-17 5.1682e-17 -1
      outer loop
         vertex 0.0115771 -0.235908 0.16059
         vertex 0.0115223 -0.235997 0.16059
         vertex 0.00877407 -0.233927 0.16059
      endloop
   endfacet
   facet normal -2.11965e-17 5.1682e-17 -1
      outer loop
         vertex 0.0109347 -0.236679 0.16059
         vertex 0.0107789 -0.236924 0.16059
         vertex 0.0080884 -0.234897 0.16059
      endloop
   endfacet
   facet normal 0.842829 -0.538181 -4.56793e-17
      outer loop
         vertex 0.0115223 -0.235997 0.16059
         vertex 0.0115223 -0.235997 0.17329
         vertex 0.0109347 -0.236679 0.17329
      endloop
   endfacet
   facet normal 0.859425 -0.511262 -4.46399e-17
      outer loop
         vertex 0.0115771 -0.235908 0.16059
         vertex 0.0115771 -0.235908 0.17329
         vertex 0.0115223 -0.235997 0.17329
      endloop
   endfacet
   facet normal 0.971899 -0.235396 -3.27666e-17
      outer loop
         vertex 0.0122284 -0.234211 0.16059
         vertex 0.0122284 -0.234211 0.17329
         vertex 0.0115771 -0.235908 0.17329
      endloop
   endfacet
   facet normal 0.993262 -0.115894 -2.70433e-17
      outer loop
         vertex 0.0124311 -0.233064 0.16059
         vertex 0.0124311 -0.233064 0.17329
         vertex 0.0122284 -0.234211 0.17329
      endloop
   endfacet
   facet normal 0.971899 -0.235396 -3.27666e-17
      outer loop
         vertex 0.0122284 -0.234211 0.17329
         vertex 0.0122284 -0.234211 0.16059
         vertex 0.0124311 -0.233064 0.16059
      endloop
   endfacet
   facet normal 0.859425 -0.511262 -4.46399e-17
      outer loop
         vertex 0.0115771 -0.235908 0.17329
         vertex 0.0115771 -0.235908 0.16059
         vertex 0.0122284 -0.234211 0.16059
      endloop
   endfacet
   facet normal 0.842829 -0.538181 -4.56793e-17
      outer loop
         vertex 0.0115223 -0.235997 0.17329
         vertex 0.0115223 -0.235997 0.16059
         vertex 0.0115771 -0.235908 0.16059
      endloop
   endfacet
   facet normal 0.732923 -0.680312 -5.06953e-17
      outer loop
         vertex 0.0109347 -0.236679 0.17329
         vertex 0.0109347 -0.236679 0.16059
         vertex 0.0115223 -0.235997 0.16059
      endloop
   endfacet
   facet normal 0.923716 0.383078 2.18666e-19
      outer loop
         vertex 0.0107811 -0.237535 0.17329
         vertex 0.0109488 -0.237789 0.17329
         vertex 0.0109488 -0.237789 0.16059
      endloop
   endfacet
   facet normal 0.99992 0.0126877 -2.05391e-17
      outer loop
         vertex 0.0107198 -0.237237 0.17329
         vertex 0.0107811 -0.237535 0.17329
         vertex 0.0107811 -0.237535 0.16059
      endloop
   endfacet
   facet normal 0.933139 -0.359517 -3.83598e-17
      outer loop
         vertex 0.0107735 -0.236937 0.17329
         vertex 0.0107198 -0.237237 0.17329
         vertex 0.0107198 -0.237237 0.16059
      endloop
   endfacet
   facet normal 0.933139 -0.359517 -3.83598e-17
      outer loop
         vertex 0.0107735 -0.236937 0.17329
         vertex 0.0107735 -0.236937 0.16059
         vertex 0.0107789 -0.236924 0.16059
      endloop
   endfacet
   facet normal 0.926529 -0.376224 -3.90832e-17
      outer loop
         vertex 0.0107789 -0.236924 0.16059
         vertex 0.0109347 -0.236679 0.17329
         vertex 0.0107735 -0.236937 0.17329
      endloop
   endfacet
   facet normal 0.926529 -0.376224 -3.90832e-17
      outer loop
         vertex 0.0107789 -0.236924 0.16059
         vertex 0.0109347 -0.236679 0.16059
         vertex 0.0109347 -0.236679 0.17329
      endloop
   endfacet
   facet normal 0.99992 0.0126877 -2.05391e-17
      outer loop
         vertex 0.0107198 -0.237237 0.16059
         vertex 0.0107735 -0.236937 0.16059
         vertex 0.0107735 -0.236937 0.17329
      endloop
   endfacet
   facet normal 0.923716 0.383078 2.18666e-19
      outer loop
         vertex 0.0107811 -0.237535 0.16059
         vertex 0.0107198 -0.237237 0.16059
         vertex 0.0107198 -0.237237 0.17329
      endloop
   endfacet
   facet normal 0.715425 0.698689 2.09451e-17
      outer loop
         vertex 0.0109488 -0.237789 0.16059
         vertex 0.0107811 -0.237535 0.16059
         vertex 0.0107811 -0.237535 0.17329
      endloop
   endfacet
   facet normal 0.746724 0.665134 1.85475e-17
      outer loop
         vertex 0.0114339 -0.238309 0.17329
         vertex 0.0114339 -0.238309 0.16059
         vertex 0.0109488 -0.237789 0.16059
      endloop
   endfacet
   facet normal 0.715425 0.698689 2.09451e-17
      outer loop
         vertex 0.0109488 -0.237789 0.16059
         vertex 0.0109488 -0.237789 0.17329
         vertex 0.0114339 -0.238309 0.17329
      endloop
   endfacet
   facet normal 2.11965e-17 -5.1682e-17 1
      outer loop
         vertex 0.0122715 -0.238543 0.16059
         vertex 0.0114339 -0.238309 0.16059
         vertex 0.0116757 -0.238494 0.16059
      endloop
   endfacet
   facet normal 2.11965e-17 -5.1682e-17 1
      outer loop
         vertex 0.0116757 -0.238494 0.16059
         vertex 0.0119689 -0.238576 0.16059
         vertex 0.0122715 -0.238543 0.16059
      endloop
   endfacet
   facet normal 2.11965e-17 -5.1682e-17 1
      outer loop
         vertex 0.0122853 -0.238539 0.16059
         vertex 0.0107789 -0.236924 0.16059
         vertex 0.0109488 -0.237789 0.16059
      endloop
   endfacet
   facet normal 2.11965e-17 -5.1682e-17 1
      outer loop
         vertex 0.0109488 -0.237789 0.16059
         vertex 0.0107735 -0.236937 0.16059
         vertex 0.0107198 -0.237237 0.16059
      endloop
   endfacet
   facet normal 2.11965e-17 -5.1682e-17 1
      outer loop
         vertex 0.0109488 -0.237789 0.16059
         vertex 0.0114339 -0.238309 0.16059
         vertex 0.0122853 -0.238539 0.16059
      endloop
   endfacet
   facet normal 2.11965e-17 -5.1682e-17 1
      outer loop
         vertex 0.0109488 -0.237789 0.16059
         vertex 0.0107789 -0.236924 0.16059
         vertex 0.0107735 -0.236937 0.16059
      endloop
   endfacet
   facet normal 2.11965e-17 -5.1682e-17 1
      outer loop
         vertex 0.0107198 -0.237237 0.16059
         vertex 0.0107811 -0.237535 0.16059
         vertex 0.0109488 -0.237789 0.16059
      endloop
   endfacet
   facet normal 2.11965e-17 -5.1682e-17 1
      outer loop
         vertex 0.0122715 -0.238543 0.16059
         vertex 0.0122853 -0.238539 0.16059
         vertex 0.0114339 -0.238309 0.16059
      endloop
   endfacet
   facet normal -0.627726 0.778434 5.35367e-17
      outer loop
         vertex 0.0125403 -0.2384 0.17329
         vertex 0.0125403 -0.2384 0.16059
         vertex 0.0122853 -0.238539 0.16059
      endloop
   endfacet
   facet normal -0.310918 0.950437 5.57109e-17
      outer loop
         vertex 0.0122853 -0.238539 0.16059
         vertex 0.0122715 -0.238543 0.17329
         vertex 0.0125403 -0.2384 0.17329
      endloop
   endfacet
   facet normal 0.0821543 0.99662 4.97659e-17
      outer loop
         vertex 0.0119689 -0.238576 0.17329
         vertex 0.0122715 -0.238543 0.17329
         vertex 0.0122715 -0.238543 0.16059
      endloop
   endfacet
   facet normal 0.446352 0.894857 3.67869e-17
      outer loop
         vertex 0.0116757 -0.238494 0.17329
         vertex 0.0119689 -0.238576 0.17329
         vertex 0.0119689 -0.238576 0.16059
      endloop
   endfacet
   facet normal 0.746724 0.665134 1.85475e-17
      outer loop
         vertex 0.0114339 -0.238309 0.17329
         vertex 0.0116757 -0.238494 0.17329
         vertex 0.0116757 -0.238494 0.16059
      endloop
   endfacet
   facet normal 0.446352 0.894857 3.67869e-17
      outer loop
         vertex 0.0116757 -0.238494 0.16059
         vertex 0.0114339 -0.238309 0.16059
         vertex 0.0114339 -0.238309 0.17329
      endloop
   endfacet
   facet normal 0.0821543 0.99662 4.97659e-17
      outer loop
         vertex 0.0119689 -0.238576 0.16059
         vertex 0.0116757 -0.238494 0.16059
         vertex 0.0116757 -0.238494 0.17329
      endloop
   endfacet
   facet normal -0.293791 0.95587 5.56286e-17
      outer loop
         vertex 0.0122715 -0.238543 0.16059
         vertex 0.0119689 -0.238576 0.16059
         vertex 0.0119689 -0.238576 0.17329
      endloop
   endfacet
   facet normal -0.310918 0.950437 5.57109e-17
      outer loop
         vertex 0.0122853 -0.238539 0.16059
         vertex 0.0122715 -0.238543 0.16059
         vertex 0.0122715 -0.238543 0.17329
      endloop
   endfacet
   facet normal -0.167277 0.98591 5.44995e-17
      outer loop
         vertex 0.0150923 -0.237281 0.16059
         vertex 0.0150923 -0.237281 0.17329
         vertex 0.0162509 -0.237159 0.17329
      endloop
   endfacet
   facet normal -0.450293 0.892881 5.56905e-17
      outer loop
         vertex 0.013354 -0.237813 0.16059
         vertex 0.013354 -0.237813 0.17329
         vertex 0.0150923 -0.237281 0.17329
      endloop
   endfacet
   facet normal -0.4783 0.878196 5.55253e-17
      outer loop
         vertex 0.0132614 -0.237862 0.16059
         vertex 0.0132614 -0.237862 0.17329
         vertex 0.013354 -0.237813 0.17329
      endloop
   endfacet
   facet normal -0.627726 0.778434 5.35367e-17
      outer loop
         vertex 0.0125403 -0.2384 0.16059
         vertex 0.0125403 -0.2384 0.17329
         vertex 0.0132614 -0.237862 0.17329
      endloop
   endfacet
   facet normal -0.4783 0.878196 5.55253e-17
      outer loop
         vertex 0.0132614 -0.237862 0.17329
         vertex 0.0132614 -0.237862 0.16059
         vertex 0.0125403 -0.2384 0.16059
      endloop
   endfacet
   facet normal -0.450293 0.892881 5.56905e-17
      outer loop
         vertex 0.013354 -0.237813 0.17329
         vertex 0.013354 -0.237813 0.16059
         vertex 0.0132614 -0.237862 0.16059
      endloop
   endfacet
   facet normal -0.167277 0.98591 5.44995e-17
      outer loop
         vertex 0.0150923 -0.237281 0.17329
         vertex 0.0150923 -0.237281 0.16059
         vertex 0.013354 -0.237813 0.16059
      endloop
   endfacet
   facet normal -0.046579 0.998915 5.26132e-17
      outer loop
         vertex 0.0162509 -0.237159 0.17329
         vertex 0.0162509 -0.237159 0.16059
         vertex 0.0150923 -0.237281 0.16059
      endloop
   endfacet
   facet normal 0.856671 0.515863 8.50239e-18
      outer loop
         vertex 0.0169931 -0.238301 0.17329
         vertex 0.0169931 -0.238301 0.16059
         vertex 0.0162509 -0.237159 0.16059
      endloop
   endfacet
   facet normal 0.819558 0.572996 1.22418e-17
      outer loop
         vertex 0.0162509 -0.237159 0.16059
         vertex 0.0162509 -0.237159 0.17329
         vertex 0.0169931 -0.238301 0.17329
      endloop
   endfacet
   facet normal -2.11965e-17 5.1682e-17 -1
      outer loop
         vertex 0.0164102 -0.23931 0.16059
         vertex 0.0150923 -0.237281 0.16059
         vertex 0.0162509 -0.237159 0.16059
      endloop
   endfacet
   facet normal -2.11965e-17 5.1682e-17 -1
      outer loop
         vertex 0.0162509 -0.237159 0.16059
         vertex 0.0169931 -0.238301 0.16059
         vertex 0.0164102 -0.23931 0.16059
      endloop
   endfacet
   facet normal -2.11965e-17 5.1682e-17 -1
      outer loop
         vertex 0.0152177 -0.240682 0.16059
         vertex 0.013354 -0.237813 0.16059
         vertex 0.0150923 -0.237281 0.16059
      endloop
   endfacet
   facet normal -2.11965e-17 5.1682e-17 -1
      outer loop
         vertex 0.0164102 -0.23931 0.16059
         vertex 0.0152177 -0.240682 0.16059
         vertex 0.0150923 -0.237281 0.16059
      endloop
   endfacet
   facet normal -2.11965e-17 5.1682e-17 -1
      outer loop
         vertex 0.0143504 -0.241187 0.16059
         vertex 0.0141203 -0.241364 0.16059
         vertex 0.0124666 -0.238767 0.16059
      endloop
   endfacet
   facet normal -2.11965e-17 5.1682e-17 -1
      outer loop
         vertex 0.0132614 -0.237862 0.16059
         vertex 0.0151358 -0.240747 0.16059
         vertex 0.0143504 -0.241187 0.16059
      endloop
   endfacet
   facet normal -2.11965e-17 5.1682e-17 -1
      outer loop
         vertex 0.0151358 -0.240747 0.16059
         vertex 0.0132614 -0.237862 0.16059
         vertex 0.013354 -0.237813 0.16059
      endloop
   endfacet
   facet normal -2.11965e-17 5.1682e-17 -1
      outer loop
         vertex 0.0124666 -0.238767 0.16059
         vertex 0.0125403 -0.2384 0.16059
         vertex 0.0143504 -0.241187 0.16059
      endloop
   endfacet
   facet normal -2.11965e-17 5.1682e-17 -1
      outer loop
         vertex 0.0152177 -0.240682 0.16059
         vertex 0.0151358 -0.240747 0.16059
         vertex 0.013354 -0.237813 0.16059
      endloop
   endfacet
   facet normal -2.11965e-17 5.1682e-17 -1
      outer loop
         vertex 0.0143504 -0.241187 0.16059
         vertex 0.0125403 -0.2384 0.16059
         vertex 0.0132614 -0.237862 0.16059
      endloop
   endfacet
   facet normal -2.11965e-17 5.1682e-17 -1
      outer loop
         vertex 0.0124666 -0.238767 0.16059
         vertex 0.0122853 -0.238539 0.16059
         vertex 0.0125403 -0.2384 0.16059
      endloop
   endfacet
   facet normal 0.632733 -0.77437 -5.34327e-17
      outer loop
         vertex 0.0152177 -0.240682 0.16059
         vertex 0.0152177 -0.240682 0.17329
         vertex 0.0151358 -0.240747 0.17329
      endloop
   endfacet
   facet normal 0.832776 -0.553609 -4.62636e-17
      outer loop
         vertex 0.0164102 -0.23931 0.16059
         vertex 0.0164102 -0.23931 0.17329
         vertex 0.0152177 -0.240682 0.17329
      endloop
   endfacet
   facet normal 0.893723 -0.44862 -4.21294e-17
      outer loop
         vertex 0.0169931 -0.238301 0.16059
         vertex 0.0169931 -0.238301 0.17329
         vertex 0.0164102 -0.23931 0.17329
      endloop
   endfacet
   facet normal 0.456042 -0.889958 -5.56613e-17
      outer loop
         vertex 0.0143504 -0.241187 0.16059
         vertex 0.0151358 -0.240747 0.16059
         vertex 0.0147569 -0.240978 0.16929
      endloop
   endfacet
   facet normal 0.607932 -0.793989 -5.3921e-17
      outer loop
         vertex 0.0151358 -0.240747 0.17329
         vertex 0.0147569 -0.240978 0.17329
         vertex 0.0147569 -0.240978 0.16929
      endloop
   endfacet
   facet normal 0.457105 -0.889413 -5.56557e-17
      outer loop
         vertex 0.0147569 -0.240978 0.16929
         vertex 0.0151358 -0.240747 0.16059
         vertex 0.0151358 -0.240747 0.17329
      endloop
   endfacet
   facet normal 0.457105 -0.889413 -5.56557e-17
      outer loop
         vertex 0.0147569 -0.240978 0.16929
         vertex 0.0143504 -0.241187 0.16929
         vertex 0.0143504 -0.241187 0.16059
      endloop
   endfacet
   facet normal 0.832776 -0.553609 -4.62636e-17
      outer loop
         vertex 0.0164102 -0.23931 0.17329
         vertex 0.0164102 -0.23931 0.16059
         vertex 0.0169931 -0.238301 0.16059
      endloop
   endfacet
   facet normal 0.632733 -0.77437 -5.34327e-17
      outer loop
         vertex 0.0152177 -0.240682 0.17329
         vertex 0.0152177 -0.240682 0.16059
         vertex 0.0164102 -0.23931 0.16059
      endloop
   endfacet
   facet normal 0.607932 -0.793989 -5.3921e-17
      outer loop
         vertex 0.0151358 -0.240747 0.17329
         vertex 0.0151358 -0.240747 0.16059
         vertex 0.0152177 -0.240682 0.16059
      endloop
   endfacet
   facet normal -0.662369 -0.749178 -2.46791e-17
      outer loop
         vertex 0.0136374 -0.240838 0.17329
         vertex 0.0136374 -0.240838 0.16929
         vertex 0.0139811 -0.241037 0.16929
      endloop
   endfacet
   facet normal -0.318745 -0.947841 -4.223e-17
      outer loop
         vertex 0.0139811 -0.241037 0.17329
         vertex 0.0139811 -0.241037 0.16929
         vertex 0.0143749 -0.241086 0.16929
      endloop
   endfacet
   facet normal 0.0750956 -0.997176 -5.31278e-17
      outer loop
         vertex 0.0143749 -0.241086 0.17329
         vertex 0.0143749 -0.241086 0.16929
         vertex 0.0147569 -0.240978 0.16929
      endloop
   endfacet
   facet normal 0.457105 -0.889413 -5.56557e-17
      outer loop
         vertex 0.0147569 -0.240978 0.16929
         vertex 0.0147569 -0.240978 0.17329
         vertex 0.0143749 -0.241086 0.17329
      endloop
   endfacet
   facet normal 0.0750956 -0.997176 -5.31278e-17
      outer loop
         vertex 0.0143749 -0.241086 0.16929
         vertex 0.0143749 -0.241086 0.17329
         vertex 0.0139811 -0.241037 0.17329
      endloop
   endfacet
   facet normal -0.318745 -0.947841 -4.223e-17
      outer loop
         vertex 0.0139811 -0.241037 0.16929
         vertex 0.0139811 -0.241037 0.17329
         vertex 0.0136374 -0.240838 0.17329
      endloop
   endfacet
   facet normal -0.332343 -0.943159 -4.16998e-17
      outer loop
         vertex 0.0122761 -0.240038 0.16929
         vertex 0.0136374 -0.240838 0.16929
         vertex 0.0136374 -0.240838 0.17329
      endloop
   endfacet
   facet normal 0.0463857 -0.998924 -5.26096e-17
      outer loop
         vertex 0.0107138 -0.239808 0.16929
         vertex 0.0122761 -0.240038 0.16929
         vertex 0.0122761 -0.240038 0.17329
      endloop
   endfacet
   facet normal 0.418317 -0.908301 -5.58097e-17
      outer loop
         vertex 0.00917961 -0.240182 0.16929
         vertex 0.0107138 -0.239808 0.16929
         vertex 0.0107138 -0.239808 0.17329
      endloop
   endfacet
   facet normal 0.728946 -0.684571 -5.08311e-17
      outer loop
         vertex 0.00789827 -0.241105 0.16929
         vertex 0.00917961 -0.240182 0.16929
         vertex 0.00917961 -0.240182 0.17329
      endloop
   endfacet
   facet normal 0.932751 -0.360521 -3.84035e-17
      outer loop
         vertex 0.00705757 -0.242441 0.16929
         vertex 0.00789827 -0.241105 0.16929
         vertex 0.00789827 -0.241105 0.17329
      endloop
   endfacet
   facet normal 0.999866 0.0163627 -2.0348e-17
      outer loop
         vertex 0.00678072 -0.243996 0.16929
         vertex 0.00705757 -0.242441 0.16929
         vertex 0.00705757 -0.242441 0.17329
      endloop
   endfacet
   facet normal 0.920455 0.390848 6.89378e-19
      outer loop
         vertex 0.00710829 -0.245541 0.16929
         vertex 0.00678072 -0.243996 0.16929
         vertex 0.00678072 -0.243996 0.17329
      endloop
   endfacet
   facet normal 0.706156 0.708057 2.16257e-17
      outer loop
         vertex 0.00799228 -0.246849 0.16929
         vertex 0.00710829 -0.245541 0.16929
         vertex 0.00710829 -0.245541 0.17329
      endloop
   endfacet
   facet normal 0.388373 0.921502 3.9393e-17
      outer loop
         vertex 0.00930313 -0.24773 0.16929
         vertex 0.00799228 -0.246849 0.16929
         vertex 0.00799228 -0.246849 0.17329
      endloop
   endfacet
   facet normal 0.013675 0.999906 5.13873e-17
      outer loop
         vertex 0.0108488 -0.248053 0.16929
         vertex 0.00930313 -0.24773 0.16929
         vertex 0.00930313 -0.24773 0.17329
      endloop
   endfacet
   facet normal -0.363026 0.931779 5.58511e-17
      outer loop
         vertex 0.0124027 -0.247772 0.16929
         vertex 0.0108488 -0.248053 0.16929
         vertex 0.0108488 -0.248053 0.17329
      endloop
   endfacet
   facet normal -0.686528 0.727103 5.21302e-17
      outer loop
         vertex 0.0137371 -0.246928 0.16929
         vertex 0.0124027 -0.247772 0.16929
         vertex 0.0124027 -0.247772 0.17329
      endloop
   endfacet
   facet normal -0.909422 0.415874 4.07698e-17
      outer loop
         vertex 0.0146565 -0.245644 0.16929
         vertex 0.0137371 -0.246928 0.16929
         vertex 0.0137371 -0.246928 0.17329
      endloop
   endfacet
   facet normal -0.999045 0.0437005 2.34348e-17
      outer loop
         vertex 0.0150262 -0.244109 0.16929
         vertex 0.0146565 -0.245644 0.16929
         vertex 0.0146565 -0.245644 0.17329
      endloop
   endfacet
   facet normal -0.909422 0.415874 4.07698e-17
      outer loop
         vertex 0.0146565 -0.245644 0.17329
         vertex 0.0150262 -0.244109 0.17329
         vertex 0.0150262 -0.244109 0.16929
      endloop
   endfacet
   facet normal -0.686528 0.727103 5.21302e-17
      outer loop
         vertex 0.0137371 -0.246928 0.17329
         vertex 0.0146565 -0.245644 0.17329
         vertex 0.0146565 -0.245644 0.16929
      endloop
   endfacet
   facet normal -0.363026 0.931779 5.58511e-17
      outer loop
         vertex 0.0124027 -0.247772 0.17329
         vertex 0.0137371 -0.246928 0.17329
         vertex 0.0137371 -0.246928 0.16929
      endloop
   endfacet
   facet normal 0.013675 0.999906 5.13873e-17
      outer loop
         vertex 0.0108488 -0.248053 0.17329
         vertex 0.0124027 -0.247772 0.17329
         vertex 0.0124027 -0.247772 0.16929
      endloop
   endfacet
   facet normal 0.388373 0.921502 3.9393e-17
      outer loop
         vertex 0.00930313 -0.24773 0.17329
         vertex 0.0108488 -0.248053 0.17329
         vertex 0.0108488 -0.248053 0.16929
      endloop
   endfacet
   facet normal 0.706156 0.708057 2.16257e-17
      outer loop
         vertex 0.00799228 -0.246849 0.17329
         vertex 0.00930313 -0.24773 0.17329
         vertex 0.00930313 -0.24773 0.16929
      endloop
   endfacet
   facet normal 0.920455 0.390848 6.89378e-19
      outer loop
         vertex 0.00710829 -0.245541 0.17329
         vertex 0.00799228 -0.246849 0.17329
         vertex 0.00799228 -0.246849 0.16929
      endloop
   endfacet
   facet normal 0.999866 0.0163627 -2.0348e-17
      outer loop
         vertex 0.00678072 -0.243996 0.17329
         vertex 0.00710829 -0.245541 0.17329
         vertex 0.00710829 -0.245541 0.16929
      endloop
   endfacet
   facet normal 0.932751 -0.360521 -3.84035e-17
      outer loop
         vertex 0.00705757 -0.242441 0.17329
         vertex 0.00678072 -0.243996 0.17329
         vertex 0.00678072 -0.243996 0.16929
      endloop
   endfacet
   facet normal 0.728946 -0.684571 -5.08311e-17
      outer loop
         vertex 0.00789827 -0.241105 0.17329
         vertex 0.00705757 -0.242441 0.17329
         vertex 0.00705757 -0.242441 0.16929
      endloop
   endfacet
   facet normal 0.418317 -0.908301 -5.58097e-17
      outer loop
         vertex 0.00917961 -0.240182 0.17329
         vertex 0.00789827 -0.241105 0.17329
         vertex 0.00789827 -0.241105 0.16929
      endloop
   endfacet
   facet normal 0.0463857 -0.998924 -5.26096e-17
      outer loop
         vertex 0.0107138 -0.239808 0.17329
         vertex 0.00917961 -0.240182 0.17329
         vertex 0.00917961 -0.240182 0.16929
      endloop
   endfacet
   facet normal -0.332343 -0.943159 -4.16998e-17
      outer loop
         vertex 0.0122761 -0.240038 0.17329
         vertex 0.0107138 -0.239808 0.17329
         vertex 0.0107138 -0.239808 0.16929
      endloop
   endfacet
   facet normal -0.662369 -0.749178 -2.46791e-17
      outer loop
         vertex 0.0136374 -0.240838 0.17329
         vertex 0.0122761 -0.240038 0.17329
         vertex 0.0122761 -0.240038 0.16929
      endloop
   endfacet
   facet normal -0.322499 0.94657 5.57565e-17
      outer loop
         vertex 0.0157028 -0.243206 0.17329
         vertex 0.0157028 -0.243206 0.16929
         vertex 0.0153599 -0.243406 0.16929
      endloop
   endfacet
   facet normal -0.665333 0.746547 5.26858e-17
      outer loop
         vertex 0.0153599 -0.243406 0.17329
         vertex 0.0153599 -0.243406 0.16929
         vertex 0.0151219 -0.243724 0.16929
      endloop
   endfacet
   facet normal -0.903347 0.42891 4.13147e-17
      outer loop
         vertex 0.0151219 -0.243724 0.17329
         vertex 0.0151219 -0.243724 0.16929
         vertex 0.0150262 -0.244109 0.16929
      endloop
   endfacet
   facet normal -0.999045 0.0437005 2.34348e-17
      outer loop
         vertex 0.0150262 -0.244109 0.16929
         vertex 0.0150262 -0.244109 0.17329
         vertex 0.0151219 -0.243724 0.17329
      endloop
   endfacet
   facet normal -0.903347 0.42891 4.13147e-17
      outer loop
         vertex 0.0151219 -0.243724 0.16929
         vertex 0.0151219 -0.243724 0.17329
         vertex 0.0153599 -0.243406 0.17329
      endloop
   endfacet
   facet normal -0.665333 0.746547 5.26858e-17
      outer loop
         vertex 0.0153599 -0.243406 0.16929
         vertex 0.0153599 -0.243406 0.17329
         vertex 0.0157028 -0.243206 0.17329
      endloop
   endfacet
   facet normal 2.11965e-17 -5.1682e-17 1
      outer loop
         vertex 0.0132178 -0.243287 0.16929
         vertex 0.014426 -0.243146 0.16929
         vertex 0.014262 -0.242889 0.16929
      endloop
   endfacet
   facet normal 2.11965e-17 -5.1682e-17 1
      outer loop
         vertex 0.0132178 -0.243287 0.16929
         vertex 0.0139134 -0.241939 0.16929
         vertex 0.0139577 -0.241638 0.16929
      endloop
   endfacet
   facet normal 2.11965e-17 -5.1682e-17 1
      outer loop
         vertex 0.014262 -0.242889 0.16929
         vertex 0.013984 -0.242235 0.16929
         vertex 0.0132178 -0.243287 0.16929
      endloop
   endfacet
   facet normal 2.11965e-17 -5.1682e-17 1
      outer loop
         vertex 0.013984 -0.242235 0.16929
         vertex 0.0139134 -0.241939 0.16929
         vertex 0.0132178 -0.243287 0.16929
      endloop
   endfacet
   facet normal 2.11965e-17 -5.1682e-17 1
      outer loop
         vertex 0.00789827 -0.241105 0.16929
         vertex 0.00705757 -0.242441 0.16929
         vertex 0.00881617 -0.242747 0.16929
      endloop
   endfacet
   facet normal 2.11965e-17 -5.1682e-17 1
      outer loop
         vertex 0.00705757 -0.242441 0.16929
         vertex 0.00678072 -0.243996 0.16929
         vertex 0.00852302 -0.243636 0.16929
      endloop
   endfacet
   facet normal 2.11965e-17 -5.1682e-17 1
      outer loop
         vertex 0.0139811 -0.241037 0.16929
         vertex 0.0139577 -0.241638 0.16929
         vertex 0.0141107 -0.241374 0.16929
      endloop
   endfacet
   facet normal 2.11965e-17 -5.1682e-17 1
      outer loop
         vertex 0.0132178 -0.243287 0.16929
         vertex 0.0146734 -0.243323 0.16929
         vertex 0.014426 -0.243146 0.16929
      endloop
   endfacet
   facet normal 2.11965e-17 -5.1682e-17 1
      outer loop
         vertex 0.0151219 -0.243724 0.16929
         vertex 0.014969 -0.243396 0.16929
         vertex 0.0146734 -0.243323 0.16929
      endloop
   endfacet
   facet normal 2.11965e-17 -5.1682e-17 1
      outer loop
         vertex 0.0151219 -0.243724 0.16929
         vertex 0.0153599 -0.243406 0.16929
         vertex 0.0152705 -0.243354 0.16929
      endloop
   endfacet
   facet normal 2.11965e-17 -5.1682e-17 1
      outer loop
         vertex 0.0124027 -0.247772 0.16929
         vertex 0.0137371 -0.246928 0.16929
         vertex 0.012383 -0.24582 0.16929
      endloop
   endfacet
   facet normal 2.11965e-17 -5.1682e-17 1
      outer loop
         vertex 0.0137371 -0.246928 0.16929
         vertex 0.0146565 -0.245644 0.16929
         vertex 0.0129942 -0.24511 0.16929
      endloop
   endfacet
   facet normal 2.11965e-17 -5.1682e-17 1
      outer loop
         vertex 0.0146565 -0.245644 0.16929
         vertex 0.0150262 -0.244109 0.16929
         vertex 0.0132873 -0.244221 0.16929
      endloop
   endfacet
   facet normal 2.11965e-17 -5.1682e-17 1
      outer loop
         vertex 0.0132178 -0.243287 0.16929
         vertex 0.0132873 -0.244221 0.16929
         vertex 0.0150262 -0.244109 0.16929
      endloop
   endfacet
   facet normal 2.11965e-17 -5.1682e-17 1
      outer loop
         vertex 0.0136374 -0.240838 0.16929
         vertex 0.0122761 -0.240038 0.16929
         vertex 0.0120867 -0.24184 0.16929
      endloop
   endfacet
   facet normal 2.11965e-17 -5.1682e-17 1
      outer loop
         vertex 0.0107138 -0.239808 0.16929
         vertex 0.00917961 -0.240182 0.16929
         vertex 0.0102635 -0.241616 0.16929
      endloop
   endfacet
   facet normal 2.11965e-17 -5.1682e-17 1
      outer loop
         vertex 0.00917961 -0.240182 0.16929
         vertex 0.00789827 -0.241105 0.16929
         vertex 0.00942734 -0.242037 0.16929
      endloop
   endfacet
   facet normal 2.11965e-17 -5.1682e-17 1
      outer loop
         vertex 0.00852302 -0.243636 0.16929
         vertex 0.00881617 -0.242747 0.16929
         vertex 0.00705757 -0.242441 0.16929
      endloop
   endfacet
   facet normal 2.11965e-17 -5.1682e-17 1
      outer loop
         vertex 0.00678072 -0.243996 0.16929
         vertex 0.00710829 -0.245541 0.16929
         vertex 0.00859254 -0.24457 0.16929
      endloop
   endfacet
   facet normal 2.11965e-17 -5.1682e-17 1
      outer loop
         vertex 0.00710829 -0.245541 0.16929
         vertex 0.00799228 -0.246849 0.16929
         vertex 0.00901413 -0.245406 0.16929
      endloop
   endfacet
   facet normal 2.11965e-17 -5.1682e-17 1
      outer loop
         vertex 0.00799228 -0.246849 0.16929
         vertex 0.00930313 -0.24773 0.16929
         vertex 0.00972362 -0.246018 0.16929
      endloop
   endfacet
   facet normal 2.11965e-17 -5.1682e-17 1
      outer loop
         vertex 0.0139577 -0.241638 0.16929
         vertex 0.0139811 -0.241037 0.16929
         vertex 0.0132178 -0.243287 0.16929
      endloop
   endfacet
   facet normal 2.11965e-17 -5.1682e-17 1
      outer loop
         vertex 0.0152705 -0.243354 0.16929
         vertex 0.014969 -0.243396 0.16929
         vertex 0.0151219 -0.243724 0.16929
      endloop
   endfacet
   facet normal 2.11965e-17 -5.1682e-17 1
      outer loop
         vertex 0.0129942 -0.24511 0.16929
         vertex 0.012383 -0.24582 0.16929
         vertex 0.0137371 -0.246928 0.16929
      endloop
   endfacet
   facet normal 2.11965e-17 -5.1682e-17 1
      outer loop
         vertex 0.0150262 -0.244109 0.16929
         vertex 0.0151219 -0.243724 0.16929
         vertex 0.0132178 -0.243287 0.16929
      endloop
   endfacet
   facet normal 2.11965e-17 -5.1682e-17 1
      outer loop
         vertex 0.0127962 -0.242451 0.16929
         vertex 0.0139811 -0.241037 0.16929
         vertex 0.0136374 -0.240838 0.16929
      endloop
   endfacet
   facet normal 2.11965e-17 -5.1682e-17 1
      outer loop
         vertex 0.0122761 -0.240038 0.16929
         vertex 0.0107138 -0.239808 0.16929
         vertex 0.0111974 -0.241546 0.16929
      endloop
   endfacet
   facet normal 2.11965e-17 -5.1682e-17 1
      outer loop
         vertex 0.00942734 -0.242037 0.16929
         vertex 0.0102635 -0.241616 0.16929
         vertex 0.00917961 -0.240182 0.16929
      endloop
   endfacet
   facet normal 2.11965e-17 -5.1682e-17 1
      outer loop
         vertex 0.00859254 -0.24457 0.16929
         vertex 0.00852302 -0.243636 0.16929
         vertex 0.00678072 -0.243996 0.16929
      endloop
   endfacet
   facet normal 2.11965e-17 -5.1682e-17 1
      outer loop
         vertex 0.00972362 -0.246018 0.16929
         vertex 0.00901413 -0.245406 0.16929
         vertex 0.00799228 -0.246849 0.16929
      endloop
   endfacet
   facet normal 2.11965e-17 -5.1682e-17 1
      outer loop
         vertex 0.0146734 -0.243323 0.16929
         vertex 0.0132178 -0.243287 0.16929
         vertex 0.0151219 -0.243724 0.16929
      endloop
   endfacet
   facet normal 2.11965e-17 -5.1682e-17 1
      outer loop
         vertex 0.0108488 -0.248053 0.16929
         vertex 0.0124027 -0.247772 0.16929
         vertex 0.0115468 -0.246241 0.16929
      endloop
   endfacet
   facet normal 2.11965e-17 -5.1682e-17 1
      outer loop
         vertex 0.0132873 -0.244221 0.16929
         vertex 0.0129942 -0.24511 0.16929
         vertex 0.0146565 -0.245644 0.16929
      endloop
   endfacet
   facet normal 2.11965e-17 -5.1682e-17 1
      outer loop
         vertex 0.0120867 -0.24184 0.16929
         vertex 0.0127962 -0.242451 0.16929
         vertex 0.0136374 -0.240838 0.16929
      endloop
   endfacet
   facet normal 2.11965e-17 -5.1682e-17 1
      outer loop
         vertex 0.0102635 -0.241616 0.16929
         vertex 0.0111974 -0.241546 0.16929
         vertex 0.0107138 -0.239808 0.16929
      endloop
   endfacet
   facet normal 2.11965e-17 -5.1682e-17 1
      outer loop
         vertex 0.00901413 -0.245406 0.16929
         vertex 0.00859254 -0.24457 0.16929
         vertex 0.00710829 -0.245541 0.16929
      endloop
   endfacet
   facet normal 2.11965e-17 -5.1682e-17 1
      outer loop
         vertex 0.00930313 -0.24773 0.16929
         vertex 0.0108488 -0.248053 0.16929
         vertex 0.010613 -0.246311 0.16929
      endloop
   endfacet
   facet normal 2.11965e-17 -5.1682e-17 1
      outer loop
         vertex 0.0141107 -0.241374 0.16929
         vertex 0.0143749 -0.241086 0.16929
         vertex 0.0139811 -0.241037 0.16929
      endloop
   endfacet
   facet normal 2.11965e-17 -5.1682e-17 1
      outer loop
         vertex 0.012383 -0.24582 0.16929
         vertex 0.0115468 -0.246241 0.16929
         vertex 0.0124027 -0.247772 0.16929
      endloop
   endfacet
   facet normal 2.11965e-17 -5.1682e-17 1
      outer loop
         vertex 0.0111974 -0.241546 0.16929
         vertex 0.0120867 -0.24184 0.16929
         vertex 0.0122761 -0.240038 0.16929
      endloop
   endfacet
   facet normal 2.11965e-17 -5.1682e-17 1
      outer loop
         vertex 0.010613 -0.246311 0.16929
         vertex 0.00972362 -0.246018 0.16929
         vertex 0.00930313 -0.24773 0.16929
      endloop
   endfacet
   facet normal 2.11965e-17 -5.1682e-17 1
      outer loop
         vertex 0.0115468 -0.246241 0.16929
         vertex 0.010613 -0.246311 0.16929
         vertex 0.0108488 -0.248053 0.16929
      endloop
   endfacet
   facet normal 2.11965e-17 -5.1682e-17 1
      outer loop
         vertex 0.0143749 -0.241086 0.16929
         vertex 0.0141107 -0.241374 0.16929
         vertex 0.0143504 -0.241187 0.16929
      endloop
   endfacet
   facet normal 2.11965e-17 -5.1682e-17 1
      outer loop
         vertex 0.00881617 -0.242747 0.16929
         vertex 0.00942734 -0.242037 0.16929
         vertex 0.00789827 -0.241105 0.16929
      endloop
   endfacet
   facet normal 2.11965e-17 -5.1682e-17 1
      outer loop
         vertex 0.0143504 -0.241187 0.16929
         vertex 0.0147569 -0.240978 0.16929
         vertex 0.0143749 -0.241086 0.16929
      endloop
   endfacet
   facet normal 2.11965e-17 -5.1682e-17 1
      outer loop
         vertex 0.0153599 -0.243406 0.16929
         vertex 0.0157028 -0.243206 0.16929
         vertex 0.0152705 -0.243354 0.16929
      endloop
   endfacet
   facet normal 2.11965e-17 -5.1682e-17 1
      outer loop
         vertex 0.0127962 -0.242451 0.16929
         vertex 0.0132178 -0.243287 0.16929
         vertex 0.0139811 -0.241037 0.16929
      endloop
   endfacet
   facet normal 0.99903 0.0440458 -1.88996e-17
      outer loop
         vertex 0.0139134 -0.241939 0.16929
         vertex 0.013984 -0.242235 0.16929
         vertex 0.013984 -0.242235 0.16059
      endloop
   endfacet
   facet normal 0.943956 -0.33007 -3.70673e-17
      outer loop
         vertex 0.0139577 -0.241638 0.16929
         vertex 0.0139134 -0.241939 0.16929
         vertex 0.0139134 -0.241939 0.16059
      endloop
   endfacet
   facet normal 0.753902 -0.656987 -4.99345e-17
      outer loop
         vertex 0.0141107 -0.241374 0.16929
         vertex 0.0139577 -0.241638 0.16929
         vertex 0.0139577 -0.241638 0.16059
      endloop
   endfacet
   facet normal 0.753902 -0.656987 -4.99345e-17
      outer loop
         vertex 0.0141107 -0.241374 0.16929
         vertex 0.0141107 -0.241374 0.16059
         vertex 0.0141203 -0.241364 0.16059
      endloop
   endfacet
   facet normal 0.741976 -0.670427 -5.03763e-17
      outer loop
         vertex 0.0141203 -0.241364 0.16059
         vertex 0.0143504 -0.241187 0.16929
         vertex 0.0141107 -0.241374 0.16929
      endloop
   endfacet
   facet normal 0.741976 -0.670427 -5.03763e-17
      outer loop
         vertex 0.0141203 -0.241364 0.16059
         vertex 0.0143504 -0.241187 0.16059
         vertex 0.0143504 -0.241187 0.16929
      endloop
   endfacet
   facet normal 0.943956 -0.33007 -3.70673e-17
      outer loop
         vertex 0.0139577 -0.241638 0.16059
         vertex 0.0141107 -0.241374 0.16059
         vertex 0.0141107 -0.241374 0.16929
      endloop
   endfacet
   facet normal 0.99903 0.0440458 -1.88996e-17
      outer loop
         vertex 0.0139134 -0.241939 0.16059
         vertex 0.0139577 -0.241638 0.16059
         vertex 0.0139577 -0.241638 0.16929
      endloop
   endfacet
   facet normal 0.911246 0.411863 1.97069e-18
      outer loop
         vertex 0.013984 -0.242235 0.16059
         vertex 0.0139134 -0.241939 0.16059
         vertex 0.0139134 -0.241939 0.16929
      endloop
   endfacet
   facet normal 0.92918 0.369627 -5.923e-19
      outer loop
         vertex 0.014262 -0.242889 0.16929
         vertex 0.014262 -0.242889 0.16059
         vertex 0.013984 -0.242235 0.16059
      endloop
   endfacet
   facet normal 0.911246 0.411863 1.97069e-18
      outer loop
         vertex 0.013984 -0.242235 0.16059
         vertex 0.013984 -0.242235 0.16929
         vertex 0.014262 -0.242889 0.16929
      endloop
   endfacet
   facet normal 2.11965e-17 -5.1682e-17 1
      outer loop
         vertex 0.0141107 -0.241374 0.16059
         vertex 0.0139577 -0.241638 0.16059
         vertex 0.0139134 -0.241939 0.16059
      endloop
   endfacet
   facet normal 2.11965e-17 -5.1682e-17 1
      outer loop
         vertex 0.014969 -0.243396 0.16059
         vertex 0.014262 -0.242889 0.16059
         vertex 0.014426 -0.243146 0.16059
      endloop
   endfacet
   facet normal 2.11965e-17 -5.1682e-17 1
      outer loop
         vertex 0.0149835 -0.243396 0.16059
         vertex 0.0141203 -0.241364 0.16059
         vertex 0.013984 -0.242235 0.16059
      endloop
   endfacet
   facet normal 2.11965e-17 -5.1682e-17 1
      outer loop
         vertex 0.013984 -0.242235 0.16059
         vertex 0.0141203 -0.241364 0.16059
         vertex 0.0141107 -0.241374 0.16059
      endloop
   endfacet
   facet normal 2.11965e-17 -5.1682e-17 1
      outer loop
         vertex 0.014426 -0.243146 0.16059
         vertex 0.0146734 -0.243323 0.16059
         vertex 0.014969 -0.243396 0.16059
      endloop
   endfacet
   facet normal 2.11965e-17 -5.1682e-17 1
      outer loop
         vertex 0.0139134 -0.241939 0.16059
         vertex 0.013984 -0.242235 0.16059
         vertex 0.0141107 -0.241374 0.16059
      endloop
   endfacet
   facet normal 2.11965e-17 -5.1682e-17 1
      outer loop
         vertex 0.013984 -0.242235 0.16059
         vertex 0.014262 -0.242889 0.16059
         vertex 0.0149835 -0.243396 0.16059
      endloop
   endfacet
   facet normal 2.11965e-17 -5.1682e-17 1
      outer loop
         vertex 0.014969 -0.243396 0.16059
         vertex 0.0149835 -0.243396 0.16059
         vertex 0.014262 -0.242889 0.16059
      endloop
   endfacet
   facet normal -0.323629 0.946184 5.57605e-17
      outer loop
         vertex 0.0152705 -0.243354 0.16929
         vertex 0.0152705 -0.243354 0.16059
         vertex 0.0149835 -0.243396 0.16059
      endloop
   endfacet
   facet normal 0.0329012 0.999459 5.09566e-17
      outer loop
         vertex 0.0149835 -0.243396 0.16059
         vertex 0.014969 -0.243396 0.16929
         vertex 0.0152705 -0.243354 0.16929
      endloop
   endfacet
   facet normal 0.418064 0.908418 3.80874e-17
      outer loop
         vertex 0.0146734 -0.243323 0.16929
         vertex 0.014969 -0.243396 0.16929
         vertex 0.014969 -0.243396 0.16059
      endloop
   endfacet
   facet normal 0.725493 0.688229 2.01912e-17
      outer loop
         vertex 0.014426 -0.243146 0.16929
         vertex 0.0146734 -0.243323 0.16929
         vertex 0.0146734 -0.243323 0.16059
      endloop
   endfacet
   facet normal 0.92918 0.369627 -5.923e-19
      outer loop
         vertex 0.014262 -0.242889 0.16929
         vertex 0.014426 -0.243146 0.16929
         vertex 0.014426 -0.243146 0.16059
      endloop
   endfacet
   facet normal 0.725493 0.688229 2.01912e-17
      outer loop
         vertex 0.014426 -0.243146 0.16059
         vertex 0.014262 -0.242889 0.16059
         vertex 0.014262 -0.242889 0.16929
      endloop
   endfacet
   facet normal 0.418064 0.908418 3.80874e-17
      outer loop
         vertex 0.0146734 -0.243323 0.16059
         vertex 0.014426 -0.243146 0.16059
         vertex 0.014426 -0.243146 0.16929
      endloop
   endfacet
   facet normal 0.050853 0.998706 5.05372e-17
      outer loop
         vertex 0.014969 -0.243396 0.16059
         vertex 0.0146734 -0.243323 0.16059
         vertex 0.0146734 -0.243323 0.16929
      endloop
   endfacet
   facet normal 0.0329012 0.999459 5.09566e-17
      outer loop
         vertex 0.0149835 -0.243396 0.16059
         vertex 0.014969 -0.243396 0.16059
         vertex 0.014969 -0.243396 0.16929
      endloop
   endfacet
   facet normal 0.180012 0.983664 4.70221e-17
      outer loop
         vertex 0.0180513 -0.243175 0.16059
         vertex 0.0180513 -0.243175 0.17329
         vertex 0.0191819 -0.243456 0.17329
      endloop
   endfacet
   facet normal -0.117754 0.993043 5.38184e-17
      outer loop
         vertex 0.0162359 -0.24308 0.16059
         vertex 0.0162359 -0.24308 0.17329
         vertex 0.0180513 -0.243175 0.17329
      endloop
   endfacet
   facet normal -0.149095 0.988823 5.42646e-17
      outer loop
         vertex 0.0161324 -0.243094 0.16059
         vertex 0.0161324 -0.243094 0.17329
         vertex 0.0162359 -0.24308 0.17329
      endloop
   endfacet
   facet normal -0.149095 0.988823 5.42646e-17
      outer loop
         vertex 0.0161324 -0.243094 0.17329
         vertex 0.0161324 -0.243094 0.16059
         vertex 0.0157028 -0.243206 0.16929
      endloop
   endfacet
   facet normal -0.323629 0.946184 5.57605e-17
      outer loop
         vertex 0.0152705 -0.243354 0.16059
         vertex 0.0152705 -0.243354 0.16929
         vertex 0.0157028 -0.243206 0.16929
      endloop
   endfacet
   facet normal -0.322499 0.94657 5.57565e-17
      outer loop
         vertex 0.0157028 -0.243206 0.16929
         vertex 0.0161324 -0.243094 0.16059
         vertex 0.0152705 -0.243354 0.16059
      endloop
   endfacet
   facet normal -0.322499 0.94657 5.57565e-17
      outer loop
         vertex 0.0157028 -0.243206 0.16929
         vertex 0.0157028 -0.243206 0.17329
         vertex 0.0161324 -0.243094 0.17329
      endloop
   endfacet
   facet normal -0.117754 0.993043 5.38184e-17
      outer loop
         vertex 0.0162359 -0.24308 0.17329
         vertex 0.0162359 -0.24308 0.16059
         vertex 0.0161324 -0.243094 0.16059
      endloop
   endfacet
   facet normal 0.180012 0.983664 4.70221e-17
      outer loop
         vertex 0.0180513 -0.243175 0.17329
         vertex 0.0180513 -0.243175 0.16059
         vertex 0.0162359 -0.24308 0.16059
      endloop
   endfacet
   facet normal 0.297879 0.954604 4.30218e-17
      outer loop
         vertex 0.0191819 -0.243456 0.17329
         vertex 0.0191819 -0.243456 0.16059
         vertex 0.0180513 -0.243175 0.16059
      endloop
   endfacet
   facet normal 0.981443 0.191754 -1.08929e-17
      outer loop
         vertex 0.0194886 -0.244784 0.17329
         vertex 0.0194886 -0.244784 0.16059
         vertex 0.0191819 -0.243456 0.16059
      endloop
   endfacet
   facet normal 0.966109 0.258135 -7.13722e-18
      outer loop
         vertex 0.0191819 -0.243456 0.16059
         vertex 0.0191819 -0.243456 0.17329
         vertex 0.0194886 -0.244784 0.17329
      endloop
   endfacet
   facet normal -2.11965e-17 5.1682e-17 -1
      outer loop
         vertex 0.0185958 -0.245532 0.16059
         vertex 0.0180513 -0.243175 0.16059
         vertex 0.0191819 -0.243456 0.16059
      endloop
   endfacet
   facet normal -2.11965e-17 5.1682e-17 -1
      outer loop
         vertex 0.0191819 -0.243456 0.16059
         vertex 0.0194886 -0.244784 0.16059
         vertex 0.0185958 -0.245532 0.16059
      endloop
   endfacet
   facet normal -2.11965e-17 5.1682e-17 -1
      outer loop
         vertex 0.017006 -0.246414 0.16059
         vertex 0.0162359 -0.24308 0.16059
         vertex 0.0180513 -0.243175 0.16059
      endloop
   endfacet
   facet normal -2.11965e-17 5.1682e-17 -1
      outer loop
         vertex 0.017006 -0.246414 0.16059
         vertex 0.0161324 -0.243094 0.16059
         vertex 0.0162359 -0.24308 0.16059
      endloop
   endfacet
   facet normal -2.11965e-17 5.1682e-17 -1
      outer loop
         vertex 0.0160184 -0.246591 0.16059
         vertex 0.0157416 -0.246679 0.16059
         vertex 0.0152773 -0.244341 0.16059
      endloop
   endfacet
   facet normal -2.11965e-17 5.1682e-17 -1
      outer loop
         vertex 0.0185958 -0.245532 0.16059
         vertex 0.017006 -0.246414 0.16059
         vertex 0.0180513 -0.243175 0.16059
      endloop
   endfacet
   facet normal -2.11965e-17 5.1682e-17 -1
      outer loop
         vertex 0.0161324 -0.243094 0.16059
         vertex 0.0169068 -0.246446 0.16059
         vertex 0.0160184 -0.246591 0.16059
      endloop
   endfacet
   facet normal -2.11965e-17 5.1682e-17 -1
      outer loop
         vertex 0.0152773 -0.244341 0.16059
         vertex 0.0152705 -0.243354 0.16059
         vertex 0.0160184 -0.246591 0.16059
      endloop
   endfacet
   facet normal -2.11965e-17 5.1682e-17 -1
      outer loop
         vertex 0.0160184 -0.246591 0.16059
         vertex 0.0152705 -0.243354 0.16059
         vertex 0.0161324 -0.243094 0.16059
      endloop
   endfacet
   facet normal -2.11965e-17 5.1682e-17 -1
      outer loop
         vertex 0.017006 -0.246414 0.16059
         vertex 0.0169068 -0.246446 0.16059
         vertex 0.0161324 -0.243094 0.16059
      endloop
   endfacet
   facet normal -2.11965e-17 5.1682e-17 -1
      outer loop
         vertex 0.0152773 -0.244341 0.16059
         vertex 0.0149835 -0.243396 0.16059
         vertex 0.0152705 -0.243354 0.16059
      endloop
   endfacet
   facet normal 0.299709 -0.954031 -5.5659e-17
      outer loop
         vertex 0.0169068 -0.246446 0.16059
         vertex 0.0169068 -0.246446 0.17329
         vertex 0.0160184 -0.246591 0.17329
      endloop
   endfacet
   facet normal 0.329725 -0.944077 -5.57808e-17
      outer loop
         vertex 0.017006 -0.246414 0.16059
         vertex 0.017006 -0.246414 0.17329
         vertex 0.0169068 -0.246446 0.17329
      endloop
   endfacet
   facet normal 0.593208 -0.805049 -5.41805e-17
      outer loop
         vertex 0.0185958 -0.245532 0.16059
         vertex 0.0185958 -0.245532 0.17329
         vertex 0.017006 -0.246414 0.17329
      endloop
   endfacet
   facet normal 0.686387 -0.727236 -5.2134e-17
      outer loop
         vertex 0.0194886 -0.244784 0.16059
         vertex 0.0194886 -0.244784 0.17329
         vertex 0.0185958 -0.245532 0.17329
      endloop
   endfacet
   facet normal 0.593208 -0.805049 -5.41805e-17
      outer loop
         vertex 0.0185958 -0.245532 0.17329
         vertex 0.0185958 -0.245532 0.16059
         vertex 0.0194886 -0.244784 0.16059
      endloop
   endfacet
   facet normal 0.329725 -0.944077 -5.57808e-17
      outer loop
         vertex 0.017006 -0.246414 0.17329
         vertex 0.017006 -0.246414 0.16059
         vertex 0.0185958 -0.245532 0.16059
      endloop
   endfacet
   facet normal 0.299709 -0.954031 -5.5659e-17
      outer loop
         vertex 0.0169068 -0.246446 0.17329
         vertex 0.0169068 -0.246446 0.16059
         vertex 0.017006 -0.246414 0.16059
      endloop
   endfacet
   facet normal 0.124156 -0.992263 -5.39138e-17
      outer loop
         vertex 0.0160184 -0.246591 0.17329
         vertex 0.0160184 -0.246591 0.16059
         vertex 0.0169068 -0.246446 0.16059
      endloop
   endfacet
   facet normal 0.953845 -0.300299 -3.57382e-17
      outer loop
         vertex 0.0153505 -0.247148 0.17329
         vertex 0.0153156 -0.247451 0.17329
         vertex 0.0153156 -0.247451 0.16059
      endloop
   endfacet
   facet normal 0.774138 -0.633017 -4.91246e-17
      outer loop
         vertex 0.0154952 -0.24688 0.17329
         vertex 0.0153505 -0.247148 0.17329
         vertex 0.0153505 -0.247148 0.16059
      endloop
   endfacet
   facet normal 0.483733 -0.875216 -5.54864e-17
      outer loop
         vertex 0.0157289 -0.246685 0.17329
         vertex 0.0154952 -0.24688 0.17329
         vertex 0.0154952 -0.24688 0.16059
      endloop
   endfacet
   facet normal 0.483733 -0.875216 -5.54864e-17
      outer loop
         vertex 0.0157289 -0.246685 0.17329
         vertex 0.0157289 -0.246685 0.16059
         vertex 0.0157416 -0.246679 0.16059
      endloop
   endfacet
   facet normal 0.46793 -0.883766 -5.55933e-17
      outer loop
         vertex 0.0157416 -0.246679 0.16059
         vertex 0.0160184 -0.246591 0.17329
         vertex 0.0157289 -0.246685 0.17329
      endloop
   endfacet
   facet normal 0.46793 -0.883766 -5.55933e-17
      outer loop
         vertex 0.0157416 -0.246679 0.16059
         vertex 0.0160184 -0.246591 0.16059
         vertex 0.0160184 -0.246591 0.17329
      endloop
   endfacet
   facet normal 0.774138 -0.633017 -4.91246e-17
      outer loop
         vertex 0.0154952 -0.24688 0.16059
         vertex 0.0157289 -0.246685 0.16059
         vertex 0.0157289 -0.246685 0.17329
      endloop
   endfacet
   facet normal 0.953845 -0.300299 -3.57382e-17
      outer loop
         vertex 0.0153505 -0.247148 0.16059
         vertex 0.0154952 -0.24688 0.16059
         vertex 0.0154952 -0.24688 0.17329
      endloop
   endfacet
   facet normal 0.997156 0.0753605 -1.72415e-17
      outer loop
         vertex 0.0153156 -0.247451 0.16059
         vertex 0.0153505 -0.247148 0.16059
         vertex 0.0153505 -0.247148 0.17329
      endloop
   endfacet
   facet normal 0.999564 0.0295376 -1.96607e-17
      outer loop
         vertex 0.0153529 -0.248161 0.17329
         vertex 0.0153529 -0.248161 0.16059
         vertex 0.0153156 -0.247451 0.16059
      endloop
   endfacet
   facet normal 0.997156 0.0753605 -1.72415e-17
      outer loop
         vertex 0.0153156 -0.247451 0.16059
         vertex 0.0153156 -0.247451 0.17329
         vertex 0.0153529 -0.248161 0.17329
      endloop
   endfacet
   facet normal 2.11965e-17 -5.1682e-17 1
      outer loop
         vertex 0.0153529 -0.248161 0.16059
         vertex 0.0154193 -0.248458 0.16059
         vertex 0.0155912 -0.248709 0.16059
      endloop
   endfacet
   facet normal 2.11965e-17 -5.1682e-17 1
      outer loop
         vertex 0.0155912 -0.248709 0.16059
         vertex 0.0158441 -0.248879 0.16059
         vertex 0.0153529 -0.248161 0.16059
      endloop
   endfacet
   facet normal 2.11965e-17 -5.1682e-17 1
      outer loop
         vertex 0.0158575 -0.248884 0.16059
         vertex 0.0157416 -0.246679 0.16059
         vertex 0.0153156 -0.247451 0.16059
      endloop
   endfacet
   facet normal 2.11965e-17 -5.1682e-17 1
      outer loop
         vertex 0.0157289 -0.246685 0.16059
         vertex 0.0154952 -0.24688 0.16059
         vertex 0.0153505 -0.247148 0.16059
      endloop
   endfacet
   facet normal 2.11965e-17 -5.1682e-17 1
      outer loop
         vertex 0.0153156 -0.247451 0.16059
         vertex 0.0153529 -0.248161 0.16059
         vertex 0.0158575 -0.248884 0.16059
      endloop
   endfacet
   facet normal 2.11965e-17 -5.1682e-17 1
      outer loop
         vertex 0.0153156 -0.247451 0.16059
         vertex 0.0157416 -0.246679 0.16059
         vertex 0.0157289 -0.246685 0.16059
      endloop
   endfacet
   facet normal 2.11965e-17 -5.1682e-17 1
      outer loop
         vertex 0.0153505 -0.247148 0.16059
         vertex 0.0153156 -0.247451 0.16059
         vertex 0.0157289 -0.246685 0.16059
      endloop
   endfacet
   facet normal 2.11965e-17 -5.1682e-17 1
      outer loop
         vertex 0.0158441 -0.248879 0.16059
         vertex 0.0158575 -0.248884 0.16059
         vertex 0.0153529 -0.248161 0.16059
      endloop
   endfacet
   facet normal 0.0195017 0.99981 5.12588e-17
      outer loop
         vertex 0.0161419 -0.248942 0.17329
         vertex 0.0161419 -0.248942 0.16059
         vertex 0.0158575 -0.248884 0.16059
      endloop
   endfacet
   facet normal 0.372752 0.927931 4.00563e-17
      outer loop
         vertex 0.0158575 -0.248884 0.16059
         vertex 0.0158441 -0.248879 0.17329
         vertex 0.0161419 -0.248942 0.17329
      endloop
   endfacet
   facet normal 0.703549 0.710647 2.18149e-17
      outer loop
         vertex 0.0155912 -0.248709 0.17329
         vertex 0.0158441 -0.248879 0.17329
         vertex 0.0158441 -0.248879 0.16059
      endloop
   endfacet
   facet normal 0.917129 0.398591 1.16004e-18
      outer loop
         vertex 0.0154193 -0.248458 0.17329
         vertex 0.0155912 -0.248709 0.17329
         vertex 0.0155912 -0.248709 0.16059
      endloop
   endfacet
   facet normal 0.999564 0.0295376 -1.96607e-17
      outer loop
         vertex 0.0153529 -0.248161 0.17329
         vertex 0.0154193 -0.248458 0.17329
         vertex 0.0154193 -0.248458 0.16059
      endloop
   endfacet
   facet normal 0.917129 0.398591 1.16004e-18
      outer loop
         vertex 0.0154193 -0.248458 0.16059
         vertex 0.0153529 -0.248161 0.16059
         vertex 0.0153529 -0.248161 0.17329
      endloop
   endfacet
   facet normal 0.703549 0.710647 2.18149e-17
      outer loop
         vertex 0.0155912 -0.248709 0.16059
         vertex 0.0154193 -0.248458 0.16059
         vertex 0.0154193 -0.248458 0.17329
      endloop
   endfacet
   facet normal 0.389364 0.921084 3.93503e-17
      outer loop
         vertex 0.0158441 -0.248879 0.16059
         vertex 0.0155912 -0.248709 0.16059
         vertex 0.0155912 -0.248709 0.17329
      endloop
   endfacet
   facet normal 0.372752 0.927931 4.00563e-17
      outer loop
         vertex 0.0158575 -0.248884 0.16059
         vertex 0.0158441 -0.248879 0.16059
         vertex 0.0158441 -0.248879 0.17329
      endloop
   endfacet
   facet normal 0.505589 0.862775 3.38732e-17
      outer loop
         vertex 0.0188161 -0.249725 0.16059
         vertex 0.0188161 -0.249725 0.17329
         vertex 0.0197824 -0.250376 0.17329
      endloop
   endfacet
   facet normal 0.228988 0.973429 4.5455e-17
      outer loop
         vertex 0.0171426 -0.249015 0.16059
         vertex 0.0171426 -0.249015 0.17329
         vertex 0.0188161 -0.249725 0.17329
      endloop
   endfacet
   facet normal 0.198094 0.980183 4.64589e-17
      outer loop
         vertex 0.0170406 -0.248993 0.17329
         vertex 0.0171426 -0.249015 0.17329
         vertex 0.0171426 -0.249015 0.16059
      endloop
   endfacet
   facet normal 0.0195017 0.99981 5.12588e-17
      outer loop
         vertex 0.0161419 -0.248942 0.16059
         vertex 0.0161419 -0.248942 0.17329
         vertex 0.0170406 -0.248993 0.17329
      endloop
   endfacet
   facet normal 0.198094 0.980183 4.64589e-17
      outer loop
         vertex 0.0170406 -0.248993 0.17329
         vertex 0.0170406 -0.248993 0.16059
         vertex 0.0161419 -0.248942 0.16059
      endloop
   endfacet
   facet normal 0.228988 0.973429 4.5455e-17
      outer loop
         vertex 0.0171426 -0.249015 0.16059
         vertex 0.0170406 -0.248993 0.16059
         vertex 0.0170406 -0.248993 0.17329
      endloop
   endfacet
   facet normal 0.505589 0.862775 3.38732e-17
      outer loop
         vertex 0.0188161 -0.249725 0.17329
         vertex 0.0188161 -0.249725 0.16059
         vertex 0.0171426 -0.249015 0.16059
      endloop
   endfacet
   facet normal 0.606408 0.795153 2.82414e-17
      outer loop
         vertex 0.0197824 -0.250376 0.17329
         vertex 0.0197824 -0.250376 0.16059
         vertex 0.0188161 -0.249725 0.16059
      endloop
   endfacet
   facet normal 0.987838 -0.155484 -2.89744e-17
      outer loop
         vertex 0.0196165 -0.251728 0.17329
         vertex 0.0196165 -0.251728 0.16059
         vertex 0.0197824 -0.250376 0.16059
      endloop
   endfacet
   facet normal 0.996133 -0.0878614 -2.56554e-17
      outer loop
         vertex 0.0197824 -0.250376 0.16059
         vertex 0.0197824 -0.250376 0.17329
         vertex 0.0196165 -0.251728 0.17329
      endloop
   endfacet
   facet normal -2.11965e-17 5.1682e-17 -1
      outer loop
         vertex 0.0185216 -0.252126 0.16059
         vertex 0.0188161 -0.249725 0.16059
         vertex 0.0197824 -0.250376 0.16059
      endloop
   endfacet
   facet normal -2.11965e-17 5.1682e-17 -1
      outer loop
         vertex 0.0185216 -0.252126 0.16059
         vertex 0.0171426 -0.249015 0.16059
         vertex 0.0188161 -0.249725 0.16059
      endloop
   endfacet
   facet normal -2.11965e-17 5.1682e-17 -1
      outer loop
         vertex 0.0197824 -0.250376 0.16059
         vertex 0.0196165 -0.251728 0.16059
         vertex 0.0185216 -0.252126 0.16059
      endloop
   endfacet
   facet normal -2.11965e-17 5.1682e-17 -1
      outer loop
         vertex 0.0167261 -0.252411 0.16059
         vertex 0.0170406 -0.248993 0.16059
         vertex 0.0171426 -0.249015 0.16059
      endloop
   endfacet
   facet normal -2.11965e-17 5.1682e-17 -1
      outer loop
         vertex 0.0161419 -0.248942 0.16059
         vertex 0.0157373 -0.25224 0.16059
         vertex 0.0157407 -0.250567 0.16059
      endloop
   endfacet
   facet normal -2.11965e-17 5.1682e-17 -1
      outer loop
         vertex 0.0185216 -0.252126 0.16059
         vertex 0.0167261 -0.252411 0.16059
         vertex 0.0171426 -0.249015 0.16059
      endloop
   endfacet
   facet normal -2.11965e-17 5.1682e-17 -1
      outer loop
         vertex 0.0170406 -0.248993 0.16059
         vertex 0.0166217 -0.252408 0.16059
         vertex 0.0157373 -0.25224 0.16059
      endloop
   endfacet
   facet normal -2.11965e-17 5.1682e-17 -1
      outer loop
         vertex 0.0157373 -0.25224 0.16059
         vertex 0.0154474 -0.252227 0.16059
         vertex 0.0157407 -0.250567 0.16059
      endloop
   endfacet
   facet normal -2.11965e-17 5.1682e-17 -1
      outer loop
         vertex 0.0157373 -0.25224 0.16059
         vertex 0.0161419 -0.248942 0.16059
         vertex 0.0170406 -0.248993 0.16059
      endloop
   endfacet
   facet normal -2.11965e-17 5.1682e-17 -1
      outer loop
         vertex 0.0167261 -0.252411 0.16059
         vertex 0.0166217 -0.252408 0.16059
         vertex 0.0170406 -0.248993 0.16059
      endloop
   endfacet
   facet normal -2.11965e-17 5.1682e-17 -1
      outer loop
         vertex 0.0157407 -0.250567 0.16059
         vertex 0.0158575 -0.248884 0.16059
         vertex 0.0161419 -0.248942 0.16059
      endloop
   endfacet
   facet normal -0.0446637 -0.999002 -5.06837e-17
      outer loop
         vertex 0.0166217 -0.252408 0.16059
         vertex 0.0166217 -0.252408 0.17329
         vertex 0.0157373 -0.25224 0.17329
      endloop
   endfacet
   facet normal -0.0130534 -0.999915 -5.14009e-17
      outer loop
         vertex 0.0167261 -0.252411 0.16059
         vertex 0.0167261 -0.252411 0.17329
         vertex 0.0166217 -0.252408 0.17329
      endloop
   endfacet
   facet normal 0.28209 -0.959388 -5.55624e-17
      outer loop
         vertex 0.0185216 -0.252126 0.16059
         vertex 0.0185216 -0.252126 0.17329
         vertex 0.0167261 -0.252411 0.17329
      endloop
   endfacet
   facet normal 0.396264 -0.918137 -5.58506e-17
      outer loop
         vertex 0.0196165 -0.251728 0.16059
         vertex 0.0196165 -0.251728 0.17329
         vertex 0.0185216 -0.252126 0.17329
      endloop
   endfacet
   facet normal 0.28209 -0.959388 -5.55624e-17
      outer loop
         vertex 0.0185216 -0.252126 0.17329
         vertex 0.0185216 -0.252126 0.16059
         vertex 0.0196165 -0.251728 0.16059
      endloop
   endfacet
   facet normal -0.0130534 -0.999915 -5.14009e-17
      outer loop
         vertex 0.0167261 -0.252411 0.17329
         vertex 0.0167261 -0.252411 0.16059
         vertex 0.0185216 -0.252126 0.16059
      endloop
   endfacet
   facet normal -0.0446637 -0.999002 -5.06837e-17
      outer loop
         vertex 0.0166217 -0.252408 0.17329
         vertex 0.0166217 -0.252408 0.16059
         vertex 0.0167261 -0.252411 0.16059
      endloop
   endfacet
   facet normal -0.222706 -0.974886 -4.56635e-17
      outer loop
         vertex 0.0157373 -0.25224 0.17329
         vertex 0.0157373 -0.25224 0.16059
         vertex 0.0166217 -0.252408 0.16059
      endloop
   endfacet
   facet normal 0.793613 -0.608423 -4.82663e-17
      outer loop
         vertex 0.0149192 -0.252535 0.17329
         vertex 0.014783 -0.252807 0.17329
         vertex 0.014783 -0.252807 0.16059
      endloop
   endfacet
   facet normal 0.510948 -0.859612 -5.52568e-17
      outer loop
         vertex 0.0151468 -0.252333 0.17329
         vertex 0.0149192 -0.252535 0.17329
         vertex 0.0149192 -0.252535 0.16059
      endloop
   endfacet
   facet normal 0.155219 -0.98788 -5.43457e-17
      outer loop
         vertex 0.0154331 -0.25223 0.17329
         vertex 0.0151468 -0.252333 0.17329
         vertex 0.0151468 -0.252333 0.16059
      endloop
   endfacet
   facet normal 0.155219 -0.98788 -5.43457e-17
      outer loop
         vertex 0.0154331 -0.25223 0.17329
         vertex 0.0154331 -0.25223 0.16059
         vertex 0.0154474 -0.252227 0.16059
      endloop
   endfacet
   facet normal 0.137445 -0.990509 -5.41049e-17
      outer loop
         vertex 0.0154474 -0.252227 0.16059
         vertex 0.0157373 -0.25224 0.17329
         vertex 0.0154331 -0.25223 0.17329
      endloop
   endfacet
   facet normal 0.137445 -0.990509 -5.41049e-17
      outer loop
         vertex 0.0154474 -0.252227 0.16059
         vertex 0.0157373 -0.25224 0.16059
         vertex 0.0157373 -0.25224 0.17329
      endloop
   endfacet
   facet normal 0.510948 -0.859612 -5.52568e-17
      outer loop
         vertex 0.0151468 -0.252333 0.16059
         vertex 0.0154331 -0.25223 0.16059
         vertex 0.0154331 -0.25223 0.17329
      endloop
   endfacet
   facet normal 0.793613 -0.608423 -4.82663e-17
      outer loop
         vertex 0.0149192 -0.252535 0.16059
         vertex 0.0151468 -0.252333 0.16059
         vertex 0.0151468 -0.252333 0.17329
      endloop
   endfacet
   facet normal 0.962795 -0.270232 -3.4374e-17
      outer loop
         vertex 0.014783 -0.252807 0.16059
         vertex 0.0149192 -0.252535 0.16059
         vertex 0.0149192 -0.252535 0.17329
      endloop
   endfacet
   facet normal 0.949385 -0.314115 -3.63577e-17
      outer loop
         vertex 0.0145752 -0.253487 0.17329
         vertex 0.0145752 -0.253487 0.16059
         vertex 0.014783 -0.252807 0.16059
      endloop
   endfacet
   facet normal 0.962795 -0.270232 -3.4374e-17
      outer loop
         vertex 0.014783 -0.252807 0.16059
         vertex 0.014783 -0.252807 0.17329
         vertex 0.0145752 -0.253487 0.17329
      endloop
   endfacet
   facet normal 2.11965e-17 -5.1682e-17 1
      outer loop
         vertex 0.0145752 -0.253487 0.16059
         vertex 0.0145359 -0.253789 0.16059
         vertex 0.0146116 -0.254084 0.16059
      endloop
   endfacet
   facet normal 2.11965e-17 -5.1682e-17 1
      outer loop
         vertex 0.0146116 -0.254084 0.16059
         vertex 0.0147913 -0.25433 0.16059
         vertex 0.0145752 -0.253487 0.16059
      endloop
   endfacet
   facet normal 2.11965e-17 -5.1682e-17 1
      outer loop
         vertex 0.014802 -0.25434 0.16059
         vertex 0.0154474 -0.252227 0.16059
         vertex 0.014783 -0.252807 0.16059
      endloop
   endfacet
   facet normal 2.11965e-17 -5.1682e-17 1
      outer loop
         vertex 0.014783 -0.252807 0.16059
         vertex 0.0154331 -0.25223 0.16059
         vertex 0.0151468 -0.252333 0.16059
      endloop
   endfacet
   facet normal 2.11965e-17 -5.1682e-17 1
      outer loop
         vertex 0.014783 -0.252807 0.16059
         vertex 0.0145752 -0.253487 0.16059
         vertex 0.014802 -0.25434 0.16059
      endloop
   endfacet
   facet normal 2.11965e-17 -5.1682e-17 1
      outer loop
         vertex 0.014783 -0.252807 0.16059
         vertex 0.0154474 -0.252227 0.16059
         vertex 0.0154331 -0.25223 0.16059
      endloop
   endfacet
   facet normal 2.11965e-17 -5.1682e-17 1
      outer loop
         vertex 0.0151468 -0.252333 0.16059
         vertex 0.0149192 -0.252535 0.16059
         vertex 0.014783 -0.252807 0.16059
      endloop
   endfacet
   facet normal 2.11965e-17 -5.1682e-17 1
      outer loop
         vertex 0.0147913 -0.25433 0.16059
         vertex 0.014802 -0.25434 0.16059
         vertex 0.0145752 -0.253487 0.16059
      endloop
   endfacet
   facet normal 0.360281 0.932844 4.05746e-17
      outer loop
         vertex 0.0150494 -0.254491 0.17329
         vertex 0.0150494 -0.254491 0.16059
         vertex 0.014802 -0.25434 0.16059
      endloop
   endfacet
   facet normal 0.667643 0.744481 2.43246e-17
      outer loop
         vertex 0.014802 -0.25434 0.16059
         vertex 0.0147913 -0.25433 0.17329
         vertex 0.0150494 -0.254491 0.17329
      endloop
   endfacet
   facet normal 0.904175 0.427162 2.91124e-18
      outer loop
         vertex 0.0146116 -0.254084 0.17329
         vertex 0.0147913 -0.25433 0.17329
         vertex 0.0147913 -0.25433 0.16059
      endloop
   endfacet
   facet normal 0.998145 0.0608763 -1.8011e-17
      outer loop
         vertex 0.0145359 -0.253789 0.17329
         vertex 0.0146116 -0.254084 0.17329
         vertex 0.0146116 -0.254084 0.16059
      endloop
   endfacet
   facet normal 0.949385 -0.314115 -3.63577e-17
      outer loop
         vertex 0.0145752 -0.253487 0.17329
         vertex 0.0145359 -0.253789 0.17329
         vertex 0.0145359 -0.253789 0.16059
      endloop
   endfacet
   facet normal 0.998145 0.0608763 -1.8011e-17
      outer loop
         vertex 0.0145359 -0.253789 0.16059
         vertex 0.0145752 -0.253487 0.16059
         vertex 0.0145752 -0.253487 0.17329
      endloop
   endfacet
   facet normal 0.904175 0.427162 2.91124e-18
      outer loop
         vertex 0.0146116 -0.254084 0.16059
         vertex 0.0145359 -0.253789 0.16059
         vertex 0.0145359 -0.253789 0.17329
      endloop
   endfacet
   facet normal 0.680912 0.732366 2.34172e-17
      outer loop
         vertex 0.0147913 -0.25433 0.16059
         vertex 0.0146116 -0.254084 0.16059
         vertex 0.0146116 -0.254084 0.17329
      endloop
   endfacet
   facet normal 0.667643 0.744481 2.43246e-17
      outer loop
         vertex 0.014802 -0.25434 0.16059
         vertex 0.0147913 -0.25433 0.16059
         vertex 0.0147913 -0.25433 0.17329
      endloop
   endfacet
   facet normal 0.770184 0.637821 1.66387e-17
      outer loop
         vertex 0.0172945 -0.256142 0.16059
         vertex 0.0172945 -0.256142 0.17329
         vertex 0.0179799 -0.257084 0.17329
      endloop
   endfacet
   facet normal 0.548111 0.836406 3.16091e-17
      outer loop
         vertex 0.0159648 -0.254902 0.16059
         vertex 0.0159648 -0.254902 0.17329
         vertex 0.0172945 -0.256142 0.17329
      endloop
   endfacet
   facet normal 0.52139 0.853318 3.30496e-17
      outer loop
         vertex 0.0158765 -0.254846 0.16059
         vertex 0.0158765 -0.254846 0.17329
         vertex 0.0159648 -0.254902 0.17329
      endloop
   endfacet
   facet normal 0.360281 0.932844 4.05746e-17
      outer loop
         vertex 0.0150494 -0.254491 0.16059
         vertex 0.0150494 -0.254491 0.17329
         vertex 0.0158765 -0.254846 0.17329
      endloop
   endfacet
   facet normal 0.52139 0.853318 3.30496e-17
      outer loop
         vertex 0.0158765 -0.254846 0.17329
         vertex 0.0158765 -0.254846 0.16059
         vertex 0.0150494 -0.254491 0.16059
      endloop
   endfacet
   facet normal 0.548111 0.836406 3.16091e-17
      outer loop
         vertex 0.0159648 -0.254902 0.17329
         vertex 0.0159648 -0.254902 0.16059
         vertex 0.0158765 -0.254846 0.16059
      endloop
   endfacet
   facet normal 0.770184 0.637821 1.66387e-17
      outer loop
         vertex 0.0172945 -0.256142 0.17329
         vertex 0.0172945 -0.256142 0.16059
         vertex 0.0159648 -0.254902 0.16059
      endloop
   endfacet
   facet normal 0.841796 0.539796 1.00546e-17
      outer loop
         vertex 0.0179799 -0.257084 0.17329
         vertex 0.0179799 -0.257084 0.16059
         vertex 0.0172945 -0.256142 0.16059
      endloop
   endfacet
   facet normal 0.875086 -0.483968 -4.35612e-17
      outer loop
         vertex 0.0173614 -0.258298 0.17329
         vertex 0.0173614 -0.258298 0.16059
         vertex 0.0179799 -0.257084 0.16059
      endloop
   endfacet
   facet normal 0.906008 -0.42326 -4.10792e-17
      outer loop
         vertex 0.0179799 -0.257084 0.16059
         vertex 0.0179799 -0.257084 0.17329
         vertex 0.0173614 -0.258298 0.17329
      endloop
   endfacet
   facet normal -2.11965e-17 5.1682e-17 -1
      outer loop
         vertex 0.0172945 -0.256142 0.16059
         vertex 0.0179799 -0.257084 0.16059
         vertex 0.0173614 -0.258298 0.16059
      endloop
   endfacet
   facet normal -2.11965e-17 5.1682e-17 -1
      outer loop
         vertex 0.0173614 -0.258298 0.16059
         vertex 0.0161964 -0.258298 0.16059
         vertex 0.0172945 -0.256142 0.16059
      endloop
   endfacet
   facet normal -2.11965e-17 5.1682e-17 -1
      outer loop
         vertex 0.0144119 -0.257951 0.16059
         vertex 0.0159648 -0.254902 0.16059
         vertex 0.0172945 -0.256142 0.16059
      endloop
   endfacet
   facet normal -2.11965e-17 5.1682e-17 -1
      outer loop
         vertex 0.0161964 -0.258298 0.16059
         vertex 0.0144119 -0.257951 0.16059
         vertex 0.0172945 -0.256142 0.16059
      endloop
   endfacet
   facet normal -2.11965e-17 5.1682e-17 -1
      outer loop
         vertex 0.0158765 -0.254846 0.16059
         vertex 0.0143148 -0.257912 0.16059
         vertex 0.0135412 -0.257452 0.16059
      endloop
   endfacet
   facet normal -2.11965e-17 5.1682e-17 -1
      outer loop
         vertex 0.0143148 -0.257912 0.16059
         vertex 0.0158765 -0.254846 0.16059
         vertex 0.0159648 -0.254902 0.16059
      endloop
   endfacet
   facet normal -2.11965e-17 5.1682e-17 -1
      outer loop
         vertex 0.0150494 -0.254491 0.16059
         vertex 0.0135412 -0.257452 0.16059
         vertex 0.0137864 -0.256496 0.16059
      endloop
   endfacet
   facet normal -2.11965e-17 5.1682e-17 -1
      outer loop
         vertex 0.0144119 -0.257951 0.16059
         vertex 0.0143148 -0.257912 0.16059
         vertex 0.0159648 -0.254902 0.16059
      endloop
   endfacet
   facet normal -2.11965e-17 5.1682e-17 -1
      outer loop
         vertex 0.0135412 -0.257452 0.16059
         vertex 0.0132731 -0.257341 0.16059
         vertex 0.0137864 -0.256496 0.16059
      endloop
   endfacet
   facet normal -2.11965e-17 5.1682e-17 -1
      outer loop
         vertex 0.0137864 -0.256496 0.16059
         vertex 0.014802 -0.25434 0.16059
         vertex 0.0150494 -0.254491 0.16059
      endloop
   endfacet
   facet normal -2.11965e-17 5.1682e-17 -1
      outer loop
         vertex 0.0135412 -0.257452 0.16059
         vertex 0.0150494 -0.254491 0.16059
         vertex 0.0158765 -0.254846 0.16059
      endloop
   endfacet
   facet normal -0.354257 -0.935148 -4.08213e-17
      outer loop
         vertex 0.0144119 -0.257951 0.17329
         vertex 0.0143148 -0.257912 0.17329
         vertex 0.0143148 -0.257912 0.16059
      endloop
   endfacet
   facet normal -0.0630516 -0.99801 -5.02427e-17
      outer loop
         vertex 0.0161964 -0.258298 0.16059
         vertex 0.0161964 -0.258298 0.17329
         vertex 0.0144119 -0.257951 0.17329
      endloop
   endfacet
   facet normal 0.0583449 -0.998296 -5.28307e-17
      outer loop
         vertex 0.0173614 -0.258298 0.16059
         vertex 0.0173614 -0.258298 0.17329
         vertex 0.0161964 -0.258298 0.17329
      endloop
   endfacet
   facet normal -0.542705 -0.839923 -3.19055e-17
      outer loop
         vertex 0.0135412 -0.257452 0.16059
         vertex 0.0143148 -0.257912 0.16059
         vertex 0.013925 -0.2577 0.16929
      endloop
   endfacet
   facet normal -0.383649 -0.923479 -3.95952e-17
      outer loop
         vertex 0.0143148 -0.257912 0.17329
         vertex 0.013925 -0.2577 0.17329
         vertex 0.013925 -0.2577 0.16929
      endloop
   endfacet
   facet normal -0.541701 -0.840571 -3.19602e-17
      outer loop
         vertex 0.013925 -0.2577 0.16929
         vertex 0.0143148 -0.257912 0.16059
         vertex 0.0143148 -0.257912 0.17329
      endloop
   endfacet
   facet normal -0.541701 -0.840571 -3.19602e-17
      outer loop
         vertex 0.013925 -0.2577 0.16929
         vertex 0.0135412 -0.257452 0.16929
         vertex 0.0135412 -0.257452 0.16059
      endloop
   endfacet
   facet normal -0.0630516 -0.99801 -5.02427e-17
      outer loop
         vertex 0.0161964 -0.258298 0.17329
         vertex 0.0161964 -0.258298 0.16059
         vertex 0.0173614 -0.258298 0.16059
      endloop
   endfacet
   facet normal -0.354257 -0.935148 -4.08213e-17
      outer loop
         vertex 0.0144119 -0.257951 0.17329
         vertex 0.0144119 -0.257951 0.16059
         vertex 0.0161964 -0.258298 0.16059
      endloop
   endfacet
   facet normal -0.383649 -0.923479 -3.95952e-17
      outer loop
         vertex 0.0143148 -0.257912 0.16059
         vertex 0.0144119 -0.257951 0.16059
         vertex 0.0144119 -0.257951 0.17329
      endloop
   endfacet
   facet normal -0.979992 0.199039 3.10592e-17
      outer loop
         vertex 0.0134867 -0.25666 0.17329
         vertex 0.0134867 -0.25666 0.16929
         vertex 0.0134865 -0.257057 0.16929
      endloop
   endfacet
   facet normal -0.980226 -0.197879 1.05506e-17
      outer loop
         vertex 0.0134865 -0.257057 0.17329
         vertex 0.0134865 -0.257057 0.16929
         vertex 0.0136407 -0.257423 0.16929
      endloop
   endfacet
   facet normal -0.826032 -0.563623 -1.16202e-17
      outer loop
         vertex 0.0136407 -0.257423 0.17329
         vertex 0.0136407 -0.257423 0.16929
         vertex 0.013925 -0.2577 0.16929
      endloop
   endfacet
   facet normal -0.541701 -0.840571 -3.19602e-17
      outer loop
         vertex 0.013925 -0.2577 0.16929
         vertex 0.013925 -0.2577 0.17329
         vertex 0.0136407 -0.257423 0.17329
      endloop
   endfacet
   facet normal -0.826032 -0.563623 -1.16202e-17
      outer loop
         vertex 0.0136407 -0.257423 0.16929
         vertex 0.0136407 -0.257423 0.17329
         vertex 0.0134865 -0.257057 0.17329
      endloop
   endfacet
   facet normal -0.980226 -0.197879 1.05506e-17
      outer loop
         vertex 0.0134865 -0.257057 0.16929
         vertex 0.0134865 -0.257057 0.17329
         vertex 0.0134867 -0.25666 0.17329
      endloop
   endfacet
   facet normal -0.982971 -0.183762 1.13384e-17
      outer loop
         vertex 0.013499 -0.255081 0.16929
         vertex 0.0134867 -0.25666 0.16929
         vertex 0.0134867 -0.25666 0.17329
      endloop
   endfacet
   facet normal -0.8419 -0.539633 -1.0044e-17
      outer loop
         vertex 0.0129171 -0.253613 0.16929
         vertex 0.013499 -0.255081 0.16929
         vertex 0.013499 -0.255081 0.17329
      endloop
   endfacet
   facet normal -0.577453 -0.816424 -2.99544e-17
      outer loop
         vertex 0.0118262 -0.252472 0.16929
         vertex 0.0129171 -0.253613 0.16929
         vertex 0.0129171 -0.253613 0.17329
      endloop
   endfacet
   facet normal -0.228383 -0.973571 -4.54752e-17
      outer loop
         vertex 0.0103863 -0.251823 0.16929
         vertex 0.0118262 -0.252472 0.16929
         vertex 0.0118262 -0.252472 0.17329
      endloop
   endfacet
   facet normal 0.154156 -0.988047 -5.43318e-17
      outer loop
         vertex 0.00880836 -0.251764 0.16929
         vertex 0.0103863 -0.251823 0.16929
         vertex 0.0103863 -0.251823 0.17329
      endloop
   endfacet
   facet normal 0.514104 -0.857728 -5.52263e-17
      outer loop
         vertex 0.00732358 -0.252301 0.16929
         vertex 0.00880836 -0.251764 0.16929
         vertex 0.00880836 -0.251764 0.17329
      endloop
   endfacet
   facet normal 0.798712 -0.601714 -4.80277e-17
      outer loop
         vertex 0.00614957 -0.253357 0.16929
         vertex 0.00732358 -0.252301 0.16929
         vertex 0.00732358 -0.252301 0.17329
      endloop
   endfacet
   facet normal 0.966273 -0.257521 -3.37908e-17
      outer loop
         vertex 0.00545838 -0.254777 0.16929
         vertex 0.00614957 -0.253357 0.16929
         vertex 0.00614957 -0.253357 0.17329
      endloop
   endfacet
   facet normal 0.992231 0.124411 -1.4602e-17
      outer loop
         vertex 0.0053513 -0.256352 0.16929
         vertex 0.00545838 -0.254777 0.16929
         vertex 0.00545838 -0.254777 0.17329
      endloop
   endfacet
   facet normal 0.872782 0.48811 6.72659e-18
      outer loop
         vertex 0.00584403 -0.257853 0.16929
         vertex 0.0053513 -0.256352 0.16929
         vertex 0.0053513 -0.256352 0.17329
      endloop
   endfacet
   facet normal 0.625431 0.78028 2.70695e-17
      outer loop
         vertex 0.00686435 -0.259058 0.16929
         vertex 0.00584403 -0.257853 0.16929
         vertex 0.00584403 -0.257853 0.17329
      endloop
   endfacet
   facet normal 0.286426 0.958102 4.34454e-17
      outer loop
         vertex 0.00826275 -0.259791 0.16929
         vertex 0.00686435 -0.259058 0.16929
         vertex 0.00686435 -0.259058 0.17329
      endloop
   endfacet
   facet normal -0.0945536 0.99552 5.34547e-17
      outer loop
         vertex 0.00983429 -0.259946 0.16929
         vertex 0.00826275 -0.259791 0.16929
         vertex 0.00826275 -0.259791 0.17329
      endloop
   endfacet
   facet normal -0.461677 0.887048 5.56304e-17
      outer loop
         vertex 0.0113487 -0.259498 0.16929
         vertex 0.00983429 -0.259946 0.16929
         vertex 0.00983429 -0.259946 0.17329
      endloop
   endfacet
   facet normal -0.0945536 0.99552 5.34547e-17
      outer loop
         vertex 0.00983429 -0.259946 0.17329
         vertex 0.0113487 -0.259498 0.17329
         vertex 0.0113487 -0.259498 0.16929
      endloop
   endfacet
   facet normal 0.286426 0.958102 4.34454e-17
      outer loop
         vertex 0.00826275 -0.259791 0.17329
         vertex 0.00983429 -0.259946 0.17329
         vertex 0.00983429 -0.259946 0.16929
      endloop
   endfacet
   facet normal 0.625431 0.78028 2.70695e-17
      outer loop
         vertex 0.00686435 -0.259058 0.17329
         vertex 0.00826275 -0.259791 0.17329
         vertex 0.00826275 -0.259791 0.16929
      endloop
   endfacet
   facet normal 0.872782 0.48811 6.72659e-18
      outer loop
         vertex 0.00584403 -0.257853 0.17329
         vertex 0.00686435 -0.259058 0.17329
         vertex 0.00686435 -0.259058 0.16929
      endloop
   endfacet
   facet normal 0.992231 0.124411 -1.4602e-17
      outer loop
         vertex 0.0053513 -0.256352 0.17329
         vertex 0.00584403 -0.257853 0.17329
         vertex 0.00584403 -0.257853 0.16929
      endloop
   endfacet
   facet normal 0.966273 -0.257521 -3.37908e-17
      outer loop
         vertex 0.00545838 -0.254777 0.17329
         vertex 0.0053513 -0.256352 0.17329
         vertex 0.0053513 -0.256352 0.16929
      endloop
   endfacet
   facet normal 0.798712 -0.601714 -4.80277e-17
      outer loop
         vertex 0.00614957 -0.253357 0.17329
         vertex 0.00545838 -0.254777 0.17329
         vertex 0.00545838 -0.254777 0.16929
      endloop
   endfacet
   facet normal 0.514104 -0.857728 -5.52263e-17
      outer loop
         vertex 0.00732358 -0.252301 0.17329
         vertex 0.00614957 -0.253357 0.17329
         vertex 0.00614957 -0.253357 0.16929
      endloop
   endfacet
   facet normal 0.154156 -0.988047 -5.43318e-17
      outer loop
         vertex 0.00880836 -0.251764 0.17329
         vertex 0.00732358 -0.252301 0.17329
         vertex 0.00732358 -0.252301 0.16929
      endloop
   endfacet
   facet normal -0.228383 -0.973571 -4.54752e-17
      outer loop
         vertex 0.0103863 -0.251823 0.17329
         vertex 0.00880836 -0.251764 0.17329
         vertex 0.00880836 -0.251764 0.16929
      endloop
   endfacet
   facet normal -0.577453 -0.816424 -2.99544e-17
      outer loop
         vertex 0.0118262 -0.252472 0.17329
         vertex 0.0103863 -0.251823 0.17329
         vertex 0.0103863 -0.251823 0.16929
      endloop
   endfacet
   facet normal -0.8419 -0.539633 -1.0044e-17
      outer loop
         vertex 0.0129171 -0.253613 0.17329
         vertex 0.0118262 -0.252472 0.17329
         vertex 0.0118262 -0.252472 0.16929
      endloop
   endfacet
   facet normal -0.982971 -0.183762 1.13384e-17
      outer loop
         vertex 0.013499 -0.255081 0.17329
         vertex 0.0129171 -0.253613 0.17329
         vertex 0.0129171 -0.253613 0.16929
      endloop
   endfacet
   facet normal -0.979992 0.199039 3.10592e-17
      outer loop
         vertex 0.0134867 -0.25666 0.17329
         vertex 0.013499 -0.255081 0.17329
         vertex 0.013499 -0.255081 0.16929
      endloop
   endfacet
   facet normal 0.658504 0.752577 2.49367e-17
      outer loop
         vertex 0.0124688 -0.259633 0.17329
         vertex 0.0124688 -0.259633 0.16929
         vertex 0.0121242 -0.259436 0.16929
      endloop
   endfacet
   facet normal 0.313862 0.949468 4.24177e-17
      outer loop
         vertex 0.0121242 -0.259436 0.17329
         vertex 0.0121242 -0.259436 0.16929
         vertex 0.0117301 -0.259389 0.16929
      endloop
   endfacet
   facet normal -0.0802268 0.996777 5.32159e-17
      outer loop
         vertex 0.0117301 -0.259389 0.17329
         vertex 0.0117301 -0.259389 0.16929
         vertex 0.0113487 -0.259498 0.16929
      endloop
   endfacet
   facet normal -0.461677 0.887048 5.56304e-17
      outer loop
         vertex 0.0113487 -0.259498 0.16929
         vertex 0.0113487 -0.259498 0.17329
         vertex 0.0117301 -0.259389 0.17329
      endloop
   endfacet
   facet normal -0.0802268 0.996777 5.32159e-17
      outer loop
         vertex 0.0117301 -0.259389 0.16929
         vertex 0.0117301 -0.259389 0.17329
         vertex 0.0121242 -0.259436 0.17329
      endloop
   endfacet
   facet normal 0.313862 0.949468 4.24177e-17
      outer loop
         vertex 0.0121242 -0.259436 0.16929
         vertex 0.0121242 -0.259436 0.17329
         vertex 0.0124688 -0.259633 0.17329
      endloop
   endfacet
   facet normal 2.11965e-17 -5.1682e-17 1
      outer loop
         vertex 0.0118264 -0.256131 0.16929
         vertex 0.0118824 -0.258497 0.16929
         vertex 0.0120225 -0.258227 0.16929
      endloop
   endfacet
   facet normal 2.11965e-17 -5.1682e-17 1
      outer loop
         vertex 0.0117569 -0.255198 0.16929
         vertex 0.0129545 -0.257337 0.16929
         vertex 0.0132589 -0.257338 0.16929
      endloop
   endfacet
   facet normal 2.11965e-17 -5.1682e-17 1
      outer loop
         vertex 0.0129545 -0.257337 0.16929
         vertex 0.0117569 -0.255198 0.16929
         vertex 0.0118264 -0.256131 0.16929
      endloop
   endfacet
   facet normal 2.11965e-17 -5.1682e-17 1
      outer loop
         vertex 0.0120225 -0.258227 0.16929
         vertex 0.0124505 -0.257659 0.16929
         vertex 0.0118264 -0.256131 0.16929
      endloop
   endfacet
   facet normal 2.11965e-17 -5.1682e-17 1
      outer loop
         vertex 0.0132589 -0.257338 0.16929
         vertex 0.0134865 -0.257057 0.16929
         vertex 0.0117569 -0.255198 0.16929
      endloop
   endfacet
   facet normal 2.11965e-17 -5.1682e-17 1
      outer loop
         vertex 0.0124505 -0.257659 0.16929
         vertex 0.0126715 -0.25745 0.16929
         vertex 0.0118264 -0.256131 0.16929
      endloop
   endfacet
   facet normal 2.11965e-17 -5.1682e-17 1
      outer loop
         vertex 0.0118264 -0.256131 0.16929
         vertex 0.0117301 -0.259389 0.16929
         vertex 0.0118526 -0.2588 0.16929
      endloop
   endfacet
   facet normal 2.11965e-17 -5.1682e-17 1
      outer loop
         vertex 0.0117301 -0.259389 0.16929
         vertex 0.0121242 -0.259436 0.16929
         vertex 0.0119375 -0.259092 0.16929
      endloop
   endfacet
   facet normal 2.11965e-17 -5.1682e-17 1
      outer loop
         vertex 0.0113353 -0.254361 0.16929
         vertex 0.0134867 -0.25666 0.16929
         vertex 0.013499 -0.255081 0.16929
      endloop
   endfacet
   facet normal 2.11965e-17 -5.1682e-17 1
      outer loop
         vertex 0.0118264 -0.256131 0.16929
         vertex 0.0126715 -0.25745 0.16929
         vertex 0.0129545 -0.257337 0.16929
      endloop
   endfacet
   facet normal 2.11965e-17 -5.1682e-17 1
      outer loop
         vertex 0.0119375 -0.259092 0.16929
         vertex 0.0118526 -0.2588 0.16929
         vertex 0.0117301 -0.259389 0.16929
      endloop
   endfacet
   facet normal 2.11965e-17 -5.1682e-17 1
      outer loop
         vertex 0.0113487 -0.259498 0.16929
         vertex 0.0109221 -0.25773 0.16929
         vertex 0.0100859 -0.258152 0.16929
      endloop
   endfacet
   facet normal 2.11965e-17 -5.1682e-17 1
      outer loop
         vertex 0.0113353 -0.254361 0.16929
         vertex 0.0134865 -0.257057 0.16929
         vertex 0.0134867 -0.25666 0.16929
      endloop
   endfacet
   facet normal 2.11965e-17 -5.1682e-17 1
      outer loop
         vertex 0.0118262 -0.252472 0.16929
         vertex 0.0106258 -0.25375 0.16929
         vertex 0.0113353 -0.254361 0.16929
      endloop
   endfacet
   facet normal 2.11965e-17 -5.1682e-17 1
      outer loop
         vertex 0.00732358 -0.252301 0.16929
         vertex 0.00796643 -0.253948 0.16929
         vertex 0.00880259 -0.253527 0.16929
      endloop
   endfacet
   facet normal 2.11965e-17 -5.1682e-17 1
      outer loop
         vertex 0.00614957 -0.253357 0.16929
         vertex 0.00735525 -0.254658 0.16929
         vertex 0.00796643 -0.253948 0.16929
      endloop
   endfacet
   facet normal 2.11965e-17 -5.1682e-17 1
      outer loop
         vertex 0.00545838 -0.254777 0.16929
         vertex 0.00706211 -0.255547 0.16929
         vertex 0.00735525 -0.254658 0.16929
      endloop
   endfacet
   facet normal 2.11965e-17 -5.1682e-17 1
      outer loop
         vertex 0.0053513 -0.256352 0.16929
         vertex 0.00713162 -0.256481 0.16929
         vertex 0.00706211 -0.255547 0.16929
      endloop
   endfacet
   facet normal 2.11965e-17 -5.1682e-17 1
      outer loop
         vertex 0.00584403 -0.257853 0.16929
         vertex 0.00755321 -0.257317 0.16929
         vertex 0.00713162 -0.256481 0.16929
      endloop
   endfacet
   facet normal 2.11965e-17 -5.1682e-17 1
      outer loop
         vertex 0.00686435 -0.259058 0.16929
         vertex 0.0082627 -0.257928 0.16929
         vertex 0.00755321 -0.257317 0.16929
      endloop
   endfacet
   facet normal 2.11965e-17 -5.1682e-17 1
      outer loop
         vertex 0.0118526 -0.2588 0.16929
         vertex 0.0118824 -0.258497 0.16929
         vertex 0.0118264 -0.256131 0.16929
      endloop
   endfacet
   facet normal 2.11965e-17 -5.1682e-17 1
      outer loop
         vertex 0.00983429 -0.259946 0.16929
         vertex 0.0100859 -0.258152 0.16929
         vertex 0.00915207 -0.258221 0.16929
      endloop
   endfacet
   facet normal 2.11965e-17 -5.1682e-17 1
      outer loop
         vertex 0.0100859 -0.258152 0.16929
         vertex 0.00983429 -0.259946 0.16929
         vertex 0.0113487 -0.259498 0.16929
      endloop
   endfacet
   facet normal 2.11965e-17 -5.1682e-17 1
      outer loop
         vertex 0.0113353 -0.254361 0.16929
         vertex 0.0129171 -0.253613 0.16929
         vertex 0.0118262 -0.252472 0.16929
      endloop
   endfacet
   facet normal 2.11965e-17 -5.1682e-17 1
      outer loop
         vertex 0.0103863 -0.251823 0.16929
         vertex 0.00973644 -0.253457 0.16929
         vertex 0.0106258 -0.25375 0.16929
      endloop
   endfacet
   facet normal 2.11965e-17 -5.1682e-17 1
      outer loop
         vertex 0.00796643 -0.253948 0.16929
         vertex 0.00732358 -0.252301 0.16929
         vertex 0.00614957 -0.253357 0.16929
      endloop
   endfacet
   facet normal 2.11965e-17 -5.1682e-17 1
      outer loop
         vertex 0.00706211 -0.255547 0.16929
         vertex 0.00545838 -0.254777 0.16929
         vertex 0.0053513 -0.256352 0.16929
      endloop
   endfacet
   facet normal 2.11965e-17 -5.1682e-17 1
      outer loop
         vertex 0.00755321 -0.257317 0.16929
         vertex 0.00584403 -0.257853 0.16929
         vertex 0.00686435 -0.259058 0.16929
      endloop
   endfacet
   facet normal 2.11965e-17 -5.1682e-17 1
      outer loop
         vertex 0.00826275 -0.259791 0.16929
         vertex 0.00915207 -0.258221 0.16929
         vertex 0.0082627 -0.257928 0.16929
      endloop
   endfacet
   facet normal 2.11965e-17 -5.1682e-17 1
      outer loop
         vertex 0.0121242 -0.259436 0.16929
         vertex 0.0124688 -0.259633 0.16929
         vertex 0.0121248 -0.259332 0.16929
      endloop
   endfacet
   facet normal 2.11965e-17 -5.1682e-17 1
      outer loop
         vertex 0.0134865 -0.257057 0.16929
         vertex 0.0113353 -0.254361 0.16929
         vertex 0.0117569 -0.255198 0.16929
      endloop
   endfacet
   facet normal 2.11965e-17 -5.1682e-17 1
      outer loop
         vertex 0.0113487 -0.259498 0.16929
         vertex 0.0117301 -0.259389 0.16929
         vertex 0.0109221 -0.25773 0.16929
      endloop
   endfacet
   facet normal 2.11965e-17 -5.1682e-17 1
      outer loop
         vertex 0.0106258 -0.25375 0.16929
         vertex 0.0118262 -0.252472 0.16929
         vertex 0.0103863 -0.251823 0.16929
      endloop
   endfacet
   facet normal 2.11965e-17 -5.1682e-17 1
      outer loop
         vertex 0.00880836 -0.251764 0.16929
         vertex 0.00880259 -0.253527 0.16929
         vertex 0.00973644 -0.253457 0.16929
      endloop
   endfacet
   facet normal 2.11965e-17 -5.1682e-17 1
      outer loop
         vertex 0.00735525 -0.254658 0.16929
         vertex 0.00614957 -0.253357 0.16929
         vertex 0.00545838 -0.254777 0.16929
      endloop
   endfacet
   facet normal 2.11965e-17 -5.1682e-17 1
      outer loop
         vertex 0.0082627 -0.257928 0.16929
         vertex 0.00686435 -0.259058 0.16929
         vertex 0.00826275 -0.259791 0.16929
      endloop
   endfacet
   facet normal 2.11965e-17 -5.1682e-17 1
      outer loop
         vertex 0.0132589 -0.257338 0.16929
         vertex 0.0136407 -0.257423 0.16929
         vertex 0.0134865 -0.257057 0.16929
      endloop
   endfacet
   facet normal 2.11965e-17 -5.1682e-17 1
      outer loop
         vertex 0.0136407 -0.257423 0.16929
         vertex 0.0132589 -0.257338 0.16929
         vertex 0.0135412 -0.257452 0.16929
      endloop
   endfacet
   facet normal 2.11965e-17 -5.1682e-17 1
      outer loop
         vertex 0.0117301 -0.259389 0.16929
         vertex 0.0115333 -0.257021 0.16929
         vertex 0.0109221 -0.25773 0.16929
      endloop
   endfacet
   facet normal 2.11965e-17 -5.1682e-17 1
      outer loop
         vertex 0.00973644 -0.253457 0.16929
         vertex 0.0103863 -0.251823 0.16929
         vertex 0.00880836 -0.251764 0.16929
      endloop
   endfacet
   facet normal 2.11965e-17 -5.1682e-17 1
      outer loop
         vertex 0.00713162 -0.256481 0.16929
         vertex 0.0053513 -0.256352 0.16929
         vertex 0.00584403 -0.257853 0.16929
      endloop
   endfacet
   facet normal 2.11965e-17 -5.1682e-17 1
      outer loop
         vertex 0.0135412 -0.257452 0.16929
         vertex 0.013925 -0.2577 0.16929
         vertex 0.0136407 -0.257423 0.16929
      endloop
   endfacet
   facet normal 2.11965e-17 -5.1682e-17 1
      outer loop
         vertex 0.0117301 -0.259389 0.16929
         vertex 0.0118264 -0.256131 0.16929
         vertex 0.0115333 -0.257021 0.16929
      endloop
   endfacet
   facet normal 2.11965e-17 -5.1682e-17 1
      outer loop
         vertex 0.00880259 -0.253527 0.16929
         vertex 0.00880836 -0.251764 0.16929
         vertex 0.00732358 -0.252301 0.16929
      endloop
   endfacet
   facet normal 2.11965e-17 -5.1682e-17 1
      outer loop
         vertex 0.00915207 -0.258221 0.16929
         vertex 0.00826275 -0.259791 0.16929
         vertex 0.00983429 -0.259946 0.16929
      endloop
   endfacet
   facet normal 2.11965e-17 -5.1682e-17 1
      outer loop
         vertex 0.0121248 -0.259332 0.16929
         vertex 0.0119375 -0.259092 0.16929
         vertex 0.0121242 -0.259436 0.16929
      endloop
   endfacet
   facet normal 2.11965e-17 -5.1682e-17 1
      outer loop
         vertex 0.013499 -0.255081 0.16929
         vertex 0.0129171 -0.253613 0.16929
         vertex 0.0113353 -0.254361 0.16929
      endloop
   endfacet
   facet normal 0.537659 -0.843162 -5.49728e-17
      outer loop
         vertex 0.0126715 -0.25745 0.16929
         vertex 0.0124505 -0.257659 0.16929
         vertex 0.0124505 -0.257659 0.16059
      endloop
   endfacet
   facet normal 0.186129 -0.982525 -5.47242e-17
      outer loop
         vertex 0.0129545 -0.257337 0.16929
         vertex 0.0126715 -0.25745 0.16929
         vertex 0.0126715 -0.25745 0.16059
      endloop
   endfacet
   facet normal -0.192017 -0.981392 -4.66502e-17
      outer loop
         vertex 0.0132589 -0.257338 0.16929
         vertex 0.0129545 -0.257337 0.16929
         vertex 0.0129545 -0.257337 0.16059
      endloop
   endfacet
   facet normal -0.192017 -0.981392 -4.66502e-17
      outer loop
         vertex 0.0132589 -0.257338 0.16929
         vertex 0.0132589 -0.257338 0.16059
         vertex 0.0132731 -0.257341 0.16059
      endloop
   endfacet
   facet normal -0.209619 -0.977783 -4.60906e-17
      outer loop
         vertex 0.0132731 -0.257341 0.16059
         vertex 0.0135412 -0.257452 0.16929
         vertex 0.0132589 -0.257338 0.16929
      endloop
   endfacet
   facet normal -0.209619 -0.977783 -4.60906e-17
      outer loop
         vertex 0.0132731 -0.257341 0.16059
         vertex 0.0135412 -0.257452 0.16059
         vertex 0.0135412 -0.257452 0.16929
      endloop
   endfacet
   facet normal 0.186129 -0.982525 -5.47242e-17
      outer loop
         vertex 0.0129545 -0.257337 0.16059
         vertex 0.0132589 -0.257338 0.16059
         vertex 0.0132589 -0.257338 0.16929
      endloop
   endfacet
   facet normal 0.537659 -0.843162 -5.49728e-17
      outer loop
         vertex 0.0126715 -0.25745 0.16059
         vertex 0.0129545 -0.257337 0.16059
         vertex 0.0129545 -0.257337 0.16929
      endloop
   endfacet
   facet normal 0.812307 -0.58323 -4.73606e-17
      outer loop
         vertex 0.0124505 -0.257659 0.16059
         vertex 0.0126715 -0.25745 0.16059
         vertex 0.0126715 -0.25745 0.16929
      endloop
   endfacet
   facet normal 0.784697 -0.61988 -4.86695e-17
      outer loop
         vertex 0.0120225 -0.258227 0.16929
         vertex 0.0120225 -0.258227 0.16059
         vertex 0.0124505 -0.257659 0.16059
      endloop
   endfacet
   facet normal 0.812307 -0.58323 -4.73606e-17
      outer loop
         vertex 0.0124505 -0.257659 0.16059
         vertex 0.0124505 -0.257659 0.16929
         vertex 0.0120225 -0.258227 0.16929
      endloop
   endfacet
   facet normal 2.11965e-17 -5.1682e-17 1
      outer loop
         vertex 0.0120225 -0.258227 0.16059
         vertex 0.0118824 -0.258497 0.16059
         vertex 0.0118526 -0.2588 0.16059
      endloop
   endfacet
   facet normal 2.11965e-17 -5.1682e-17 1
      outer loop
         vertex 0.0118526 -0.2588 0.16059
         vertex 0.0119375 -0.259092 0.16059
         vertex 0.0120225 -0.258227 0.16059
      endloop
   endfacet
   facet normal 2.11965e-17 -5.1682e-17 1
      outer loop
         vertex 0.0119442 -0.259105 0.16059
         vertex 0.0132731 -0.257341 0.16059
         vertex 0.0124505 -0.257659 0.16059
      endloop
   endfacet
   facet normal 2.11965e-17 -5.1682e-17 1
      outer loop
         vertex 0.0132589 -0.257338 0.16059
         vertex 0.0129545 -0.257337 0.16059
         vertex 0.0126715 -0.25745 0.16059
      endloop
   endfacet
   facet normal 2.11965e-17 -5.1682e-17 1
      outer loop
         vertex 0.0124505 -0.257659 0.16059
         vertex 0.0120225 -0.258227 0.16059
         vertex 0.0119442 -0.259105 0.16059
      endloop
   endfacet
   facet normal 2.11965e-17 -5.1682e-17 1
      outer loop
         vertex 0.0124505 -0.257659 0.16059
         vertex 0.0132731 -0.257341 0.16059
         vertex 0.0132589 -0.257338 0.16059
      endloop
   endfacet
   facet normal 2.11965e-17 -5.1682e-17 1
      outer loop
         vertex 0.0126715 -0.25745 0.16059
         vertex 0.0124505 -0.257659 0.16059
         vertex 0.0132589 -0.257338 0.16059
      endloop
   endfacet
   facet normal 2.11965e-17 -5.1682e-17 1
      outer loop
         vertex 0.0119375 -0.259092 0.16059
         vertex 0.0119442 -0.259105 0.16059
         vertex 0.0120225 -0.258227 0.16059
      endloop
   endfacet
   facet normal 0.657605 0.753363 2.49964e-17
      outer loop
         vertex 0.0121248 -0.259332 0.16929
         vertex 0.0121248 -0.259332 0.16059
         vertex 0.0119442 -0.259105 0.16059
      endloop
   endfacet
   facet normal 0.882007 0.471236 5.65895e-18
      outer loop
         vertex 0.0119442 -0.259105 0.16059
         vertex 0.0119375 -0.259092 0.16929
         vertex 0.0121248 -0.259332 0.16929
      endloop
   endfacet
   facet normal 0.995745 0.092155 -1.63436e-17
      outer loop
         vertex 0.0118526 -0.2588 0.16929
         vertex 0.0119375 -0.259092 0.16929
         vertex 0.0119375 -0.259092 0.16059
      endloop
   endfacet
   facet normal 0.958771 -0.284181 -3.50096e-17
      outer loop
         vertex 0.0118824 -0.258497 0.16929
         vertex 0.0118526 -0.2588 0.16929
         vertex 0.0118526 -0.2588 0.16059
      endloop
   endfacet
   facet normal 0.784697 -0.61988 -4.86695e-17
      outer loop
         vertex 0.0120225 -0.258227 0.16929
         vertex 0.0118824 -0.258497 0.16929
         vertex 0.0118824 -0.258497 0.16059
      endloop
   endfacet
   facet normal 0.958771 -0.284181 -3.50096e-17
      outer loop
         vertex 0.0118824 -0.258497 0.16059
         vertex 0.0120225 -0.258227 0.16059
         vertex 0.0120225 -0.258227 0.16929
      endloop
   endfacet
   facet normal 0.995745 0.092155 -1.63436e-17
      outer loop
         vertex 0.0118526 -0.2588 0.16059
         vertex 0.0118824 -0.258497 0.16059
         vertex 0.0118824 -0.258497 0.16929
      endloop
   endfacet
   facet normal 0.890331 0.455313 4.65958e-18
      outer loop
         vertex 0.0119375 -0.259092 0.16059
         vertex 0.0118526 -0.2588 0.16059
         vertex 0.0118526 -0.2588 0.16929
      endloop
   endfacet
   facet normal 0.882007 0.471236 5.65895e-18
      outer loop
         vertex 0.0119442 -0.259105 0.16059
         vertex 0.0119375 -0.259092 0.16059
         vertex 0.0119375 -0.259092 0.16929
      endloop
   endfacet
   facet normal 0.941884 0.335937 -2.60274e-18
      outer loop
         vertex 0.01367 -0.261651 0.16059
         vertex 0.01367 -0.261651 0.17329
         vertex 0.0139918 -0.262771 0.17329
      endloop
   endfacet
   facet normal 0.801123 0.598499 1.39506e-17
      outer loop
         vertex 0.0128444 -0.260032 0.16059
         vertex 0.0128444 -0.260032 0.17329
         vertex 0.01367 -0.261651 0.17329
      endloop
   endfacet
   facet normal 0.781799 0.623531 1.56539e-17
      outer loop
         vertex 0.0127806 -0.259949 0.16059
         vertex 0.0127806 -0.259949 0.17329
         vertex 0.0128444 -0.260032 0.17329
      endloop
   endfacet
   facet normal 0.781799 0.623531 1.56539e-17
      outer loop
         vertex 0.0127806 -0.259949 0.17329
         vertex 0.0127806 -0.259949 0.16059
         vertex 0.0124688 -0.259633 0.16929
      endloop
   endfacet
   facet normal 0.657605 0.753363 2.49964e-17
      outer loop
         vertex 0.0121248 -0.259332 0.16059
         vertex 0.0121248 -0.259332 0.16929
         vertex 0.0124688 -0.259633 0.16929
      endloop
   endfacet
   facet normal 0.658504 0.752577 2.49367e-17
      outer loop
         vertex 0.0124688 -0.259633 0.16929
         vertex 0.0127806 -0.259949 0.16059
         vertex 0.0121248 -0.259332 0.16059
      endloop
   endfacet
   facet normal 0.658504 0.752577 2.49367e-17
      outer loop
         vertex 0.0124688 -0.259633 0.16929
         vertex 0.0124688 -0.259633 0.17329
         vertex 0.0127806 -0.259949 0.17329
      endloop
   endfacet
   facet normal 0.801123 0.598499 1.39506e-17
      outer loop
         vertex 0.0128444 -0.260032 0.17329
         vertex 0.0128444 -0.260032 0.16059
         vertex 0.0127806 -0.259949 0.16059
      endloop
   endfacet
   facet normal 0.941884 0.335937 -2.60274e-18
      outer loop
         vertex 0.01367 -0.261651 0.17329
         vertex 0.01367 -0.261651 0.16059
         vertex 0.0128444 -0.260032 0.16059
      endloop
   endfacet
   facet normal 0.97565 0.219331 -9.34492e-18
      outer loop
         vertex 0.0139918 -0.262771 0.17329
         vertex 0.0139918 -0.262771 0.16059
         vertex 0.01367 -0.261651 0.16059
      endloop
   endfacet
   facet normal 0.656785 -0.754078 -5.28938e-17
      outer loop
         vertex 0.0129954 -0.2637 0.17329
         vertex 0.0129954 -0.2637 0.16059
         vertex 0.0139918 -0.262771 0.16059
      endloop
   endfacet
   facet normal 0.706606 -0.707608 -5.15482e-17
      outer loop
         vertex 0.0139918 -0.262771 0.16059
         vertex 0.0139918 -0.262771 0.17329
         vertex 0.0129954 -0.2637 0.17329
      endloop
   endfacet
   facet normal -2.11965e-17 5.1682e-17 -1
      outer loop
         vertex 0.01367 -0.261651 0.16059
         vertex 0.0139918 -0.262771 0.16059
         vertex 0.0129954 -0.2637 0.16059
      endloop
   endfacet
   facet normal -2.11965e-17 5.1682e-17 -1
      outer loop
         vertex 0.0129954 -0.2637 0.16059
         vertex 0.0119008 -0.263301 0.16059
         vertex 0.01367 -0.261651 0.16059
      endloop
   endfacet
   facet normal -2.11965e-17 5.1682e-17 -1
      outer loop
         vertex 0.0103425 -0.262365 0.16059
         vertex 0.0128444 -0.260032 0.16059
         vertex 0.01367 -0.261651 0.16059
      endloop
   endfacet
   facet normal -2.11965e-17 5.1682e-17 -1
      outer loop
         vertex 0.0119008 -0.263301 0.16059
         vertex 0.0103425 -0.262365 0.16059
         vertex 0.01367 -0.261651 0.16059
      endloop
   endfacet
   facet normal -2.11965e-17 5.1682e-17 -1
      outer loop
         vertex 0.0102645 -0.262296 0.16059
         vertex 0.0096949 -0.261599 0.16059
         vertex 0.0121248 -0.259332 0.16059
      endloop
   endfacet
   facet normal -2.11965e-17 5.1682e-17 -1
      outer loop
         vertex 0.0102645 -0.262296 0.16059
         vertex 0.0127806 -0.259949 0.16059
         vertex 0.0128444 -0.260032 0.16059
      endloop
   endfacet
   facet normal -2.11965e-17 5.1682e-17 -1
      outer loop
         vertex 0.0121248 -0.259332 0.16059
         vertex 0.0096949 -0.261599 0.16059
         vertex 0.00971189 -0.261226 0.16059
      endloop
   endfacet
   facet normal -2.11965e-17 5.1682e-17 -1
      outer loop
         vertex 0.0103425 -0.262365 0.16059
         vertex 0.0102645 -0.262296 0.16059
         vertex 0.0128444 -0.260032 0.16059
      endloop
   endfacet
   facet normal -2.11965e-17 5.1682e-17 -1
      outer loop
         vertex 0.0096949 -0.261599 0.16059
         vertex 0.0094809 -0.261403 0.16059
         vertex 0.00971189 -0.261226 0.16059
      endloop
   endfacet
   facet normal -2.11965e-17 5.1682e-17 -1
      outer loop
         vertex 0.00971189 -0.261226 0.16059
         vertex 0.0119442 -0.259105 0.16059
         vertex 0.0121248 -0.259332 0.16059
      endloop
   endfacet
   facet normal -2.11965e-17 5.1682e-17 -1
      outer loop
         vertex 0.0121248 -0.259332 0.16059
         vertex 0.0127806 -0.259949 0.16059
         vertex 0.0102645 -0.262296 0.16059
      endloop
   endfacet
   facet normal -0.676361 -0.736571 -2.3731e-17
      outer loop
         vertex 0.0102645 -0.262296 0.16059
         vertex 0.0102645 -0.262296 0.17329
         vertex 0.0096949 -0.261599 0.17329
      endloop
   endfacet
   facet normal -0.652732 -0.757589 -2.53181e-17
      outer loop
         vertex 0.0103425 -0.262365 0.16059
         vertex 0.0103425 -0.262365 0.17329
         vertex 0.0102645 -0.262296 0.17329
      endloop
   endfacet
   facet normal -0.400589 -0.916258 -3.8863e-17
      outer loop
         vertex 0.0119008 -0.263301 0.16059
         vertex 0.0119008 -0.263301 0.17329
         vertex 0.0103425 -0.262365 0.17329
      endloop
   endfacet
   facet normal -0.286611 -0.958047 -4.34386e-17
      outer loop
         vertex 0.0129954 -0.2637 0.16059
         vertex 0.0129954 -0.2637 0.17329
         vertex 0.0119008 -0.263301 0.17329
      endloop
   endfacet
   facet normal -0.400589 -0.916258 -3.8863e-17
      outer loop
         vertex 0.0119008 -0.263301 0.17329
         vertex 0.0119008 -0.263301 0.16059
         vertex 0.0129954 -0.2637 0.16059
      endloop
   endfacet
   facet normal -0.652732 -0.757589 -2.53181e-17
      outer loop
         vertex 0.0103425 -0.262365 0.17329
         vertex 0.0103425 -0.262365 0.16059
         vertex 0.0119008 -0.263301 0.16059
      endloop
   endfacet
   facet normal -0.676361 -0.736571 -2.3731e-17
      outer loop
         vertex 0.0102645 -0.262296 0.17329
         vertex 0.0102645 -0.262296 0.16059
         vertex 0.0103425 -0.262365 0.16059
      endloop
   endfacet
   facet normal -0.797247 -0.603653 -1.42992e-17
      outer loop
         vertex 0.0096949 -0.261599 0.17329
         vertex 0.0096949 -0.261599 0.16059
         vertex 0.0102645 -0.262296 0.16059
      endloop
   endfacet
   facet normal 0.216856 -0.976204 -5.50488e-17
      outer loop
         vertex 0.00887858 -0.261299 0.17329
         vertex 0.00859926 -0.26142 0.17329
         vertex 0.00859926 -0.26142 0.16059
      endloop
   endfacet
   facet normal -0.161139 -0.986932 -4.7591e-17
      outer loop
         vertex 0.00918285 -0.26129 0.17329
         vertex 0.00887858 -0.261299 0.17329
         vertex 0.00887858 -0.261299 0.16059
      endloop
   endfacet
   facet normal -0.516093 -0.856533 -3.3328e-17
      outer loop
         vertex 0.00946858 -0.261395 0.17329
         vertex 0.00918285 -0.26129 0.17329
         vertex 0.00918285 -0.26129 0.16059
      endloop
   endfacet
   facet normal -0.516093 -0.856533 -3.3328e-17
      outer loop
         vertex 0.00946858 -0.261395 0.17329
         vertex 0.00946858 -0.261395 0.16059
         vertex 0.0094809 -0.261403 0.16059
      endloop
   endfacet
   facet normal -0.531399 -0.847122 -3.25172e-17
      outer loop
         vertex 0.0094809 -0.261403 0.16059
         vertex 0.0096949 -0.261599 0.17329
         vertex 0.00946858 -0.261395 0.17329
      endloop
   endfacet
   facet normal -0.531399 -0.847122 -3.25172e-17
      outer loop
         vertex 0.0094809 -0.261403 0.16059
         vertex 0.0096949 -0.261599 0.16059
         vertex 0.0096949 -0.261599 0.17329
      endloop
   endfacet
   facet normal -0.161139 -0.986932 -4.7591e-17
      outer loop
         vertex 0.00918285 -0.26129 0.16059
         vertex 0.00946858 -0.261395 0.16059
         vertex 0.00946858 -0.261395 0.17329
      endloop
   endfacet
   facet normal 0.216856 -0.976204 -5.50488e-17
      outer loop
         vertex 0.00887858 -0.261299 0.16059
         vertex 0.00918285 -0.26129 0.16059
         vertex 0.00918285 -0.26129 0.17329
      endloop
   endfacet
   facet normal 0.563842 -0.825882 -5.46348e-17
      outer loop
         vertex 0.00859926 -0.26142 0.16059
         vertex 0.00887858 -0.261299 0.16059
         vertex 0.00887858 -0.261299 0.17329
      endloop
   endfacet
   facet normal 0.525362 -0.850879 -5.5111e-17
      outer loop
         vertex 0.00800282 -0.261807 0.17329
         vertex 0.00800282 -0.261807 0.16059
         vertex 0.00859926 -0.26142 0.16059
      endloop
   endfacet
   facet normal 0.563842 -0.825882 -5.46348e-17
      outer loop
         vertex 0.00859926 -0.26142 0.16059
         vertex 0.00859926 -0.26142 0.17329
         vertex 0.00800282 -0.261807 0.17329
      endloop
   endfacet
   facet normal 2.11965e-17 -5.1682e-17 1
      outer loop
         vertex 0.00946858 -0.261395 0.16059
         vertex 0.00918285 -0.26129 0.16059
         vertex 0.00887858 -0.261299 0.16059
      endloop
   endfacet
   facet normal 2.11965e-17 -5.1682e-17 1
      outer loop
         vertex 0.0076269 -0.262592 0.16059
         vertex 0.00800282 -0.261807 0.16059
         vertex 0.00777873 -0.262013 0.16059
      endloop
   endfacet
   facet normal 2.11965e-17 -5.1682e-17 1
      outer loop
         vertex 0.0094809 -0.261403 0.16059
         vertex 0.00859926 -0.26142 0.16059
         vertex 0.00800282 -0.261807 0.16059
      endloop
   endfacet
   facet normal 2.11965e-17 -5.1682e-17 1
      outer loop
         vertex 0.00859926 -0.26142 0.16059
         vertex 0.0094809 -0.261403 0.16059
         vertex 0.00946858 -0.261395 0.16059
      endloop
   endfacet
   facet normal 2.11965e-17 -5.1682e-17 1
      outer loop
         vertex 0.00777873 -0.262013 0.16059
         vertex 0.00764715 -0.262288 0.16059
         vertex 0.0076269 -0.262592 0.16059
      endloop
   endfacet
   facet normal 2.11965e-17 -5.1682e-17 1
      outer loop
         vertex 0.00887858 -0.261299 0.16059
         vertex 0.00859926 -0.26142 0.16059
         vertex 0.00946858 -0.261395 0.16059
      endloop
   endfacet
   facet normal 2.11965e-17 -5.1682e-17 1
      outer loop
         vertex 0.00800282 -0.261807 0.16059
         vertex 0.00762881 -0.262606 0.16059
         vertex 0.0094809 -0.261403 0.16059
      endloop
   endfacet
   facet normal 2.11965e-17 -5.1682e-17 1
      outer loop
         vertex 0.0076269 -0.262592 0.16059
         vertex 0.00762881 -0.262606 0.16059
         vertex 0.00800282 -0.261807 0.16059
      endloop
   endfacet
   facet normal 0.875612 0.483016 6.40332e-18
      outer loop
         vertex 0.00772088 -0.262881 0.17329
         vertex 0.00772088 -0.262881 0.16059
         vertex 0.00762881 -0.262606 0.16059
      endloop
   endfacet
   facet normal 0.989988 0.141153 -1.36892e-17
      outer loop
         vertex 0.00762881 -0.262606 0.16059
         vertex 0.0076269 -0.262592 0.17329
         vertex 0.00772088 -0.262881 0.17329
      endloop
   endfacet
   facet normal 0.967213 -0.253967 -3.36271e-17
      outer loop
         vertex 0.00764715 -0.262288 0.17329
         vertex 0.0076269 -0.262592 0.17329
         vertex 0.0076269 -0.262592 0.16059
      endloop
   endfacet
   facet normal 0.803754 -0.594962 -4.77856e-17
      outer loop
         vertex 0.00777873 -0.262013 0.17329
         vertex 0.00764715 -0.262288 0.17329
         vertex 0.00764715 -0.262288 0.16059
      endloop
   endfacet
   facet normal 0.525362 -0.850879 -5.5111e-17
      outer loop
         vertex 0.00800282 -0.261807 0.17329
         vertex 0.00777873 -0.262013 0.17329
         vertex 0.00777873 -0.262013 0.16059
      endloop
   endfacet
   facet normal 0.803754 -0.594962 -4.77856e-17
      outer loop
         vertex 0.00777873 -0.262013 0.16059
         vertex 0.00800282 -0.261807 0.16059
         vertex 0.00800282 -0.261807 0.17329
      endloop
   endfacet
   facet normal 0.967213 -0.253967 -3.36271e-17
      outer loop
         vertex 0.00764715 -0.262288 0.16059
         vertex 0.00777873 -0.262013 0.16059
         vertex 0.00777873 -0.262013 0.17329
      endloop
   endfacet
   facet normal 0.992364 0.123343 -1.466e-17
      outer loop
         vertex 0.0076269 -0.262592 0.16059
         vertex 0.00764715 -0.262288 0.16059
         vertex 0.00764715 -0.262288 0.17329
      endloop
   endfacet
   facet normal 0.989988 0.141153 -1.36892e-17
      outer loop
         vertex 0.00762881 -0.262606 0.16059
         vertex 0.0076269 -0.262592 0.16059
         vertex 0.0076269 -0.262592 0.17329
      endloop
   endfacet
   facet normal 0.999979 -0.00646549 -2.15302e-17
      outer loop
         vertex 0.00837975 -0.265589 0.16059
         vertex 0.00837975 -0.265589 0.17329
         vertex 0.00829923 -0.266751 0.17329
      endloop
   endfacet
   facet normal 0.957509 0.288405 -5.39049e-18
      outer loop
         vertex 0.00815787 -0.263784 0.16059
         vertex 0.00815787 -0.263784 0.17329
         vertex 0.00837975 -0.265589 0.17329
      endloop
   endfacet
   facet normal 0.947911 0.318537 -3.62978e-18
      outer loop
         vertex 0.0081262 -0.263685 0.16059
         vertex 0.0081262 -0.263685 0.17329
         vertex 0.00815787 -0.263784 0.17329
      endloop
   endfacet
   facet normal 0.875612 0.483016 6.40332e-18
      outer loop
         vertex 0.00772088 -0.262881 0.16059
         vertex 0.00772088 -0.262881 0.17329
         vertex 0.0081262 -0.263685 0.17329
      endloop
   endfacet
   facet normal 0.947911 0.318537 -3.62978e-18
      outer loop
         vertex 0.0081262 -0.263685 0.17329
         vertex 0.0081262 -0.263685 0.16059
         vertex 0.00772088 -0.262881 0.16059
      endloop
   endfacet
   facet normal 0.957509 0.288405 -5.39049e-18
      outer loop
         vertex 0.00815787 -0.263784 0.17329
         vertex 0.00815787 -0.263784 0.16059
         vertex 0.0081262 -0.263685 0.16059
      endloop
   endfacet
   facet normal 0.999979 -0.00646549 -2.15302e-17
      outer loop
         vertex 0.00837975 -0.265589 0.17329
         vertex 0.00837975 -0.265589 0.16059
         vertex 0.00815787 -0.263784 0.16059
      endloop
   endfacet
   facet normal 0.991827 -0.127588 -2.76173e-17
      outer loop
         vertex 0.00829923 -0.266751 0.17329
         vertex 0.00829923 -0.266751 0.16059
         vertex 0.00837975 -0.265589 0.16059
      endloop
   endfacet
   facet normal 0.359266 -0.933235 -5.58467e-17
      outer loop
         vertex 0.00704504 -0.267283 0.17329
         vertex 0.00704504 -0.267283 0.16059
         vertex 0.00829923 -0.266751 0.16059
      endloop
   endfacet
   facet normal 0.421976 -0.906607 -5.57997e-17
      outer loop
         vertex 0.00829923 -0.266751 0.16059
         vertex 0.00829923 -0.266751 0.17329
         vertex 0.00704504 -0.267283 0.17329
      endloop
   endfacet
   facet normal -2.11965e-17 5.1682e-17 -1
      outer loop
         vertex 0.00837975 -0.265589 0.16059
         vertex 0.00829923 -0.266751 0.16059
         vertex 0.00704504 -0.267283 0.16059
      endloop
   endfacet
   facet normal -2.11965e-17 5.1682e-17 -1
      outer loop
         vertex 0.00704504 -0.267283 0.16059
         vertex 0.00615288 -0.266534 0.16059
         vertex 0.00837975 -0.265589 0.16059
      endloop
   endfacet
   facet normal -2.11965e-17 5.1682e-17 -1
      outer loop
         vertex 0.00500877 -0.265122 0.16059
         vertex 0.00815787 -0.263784 0.16059
         vertex 0.00837975 -0.265589 0.16059
      endloop
   endfacet
   facet normal -2.11965e-17 5.1682e-17 -1
      outer loop
         vertex 0.00500877 -0.265122 0.16059
         vertex 0.0081262 -0.263685 0.16059
         vertex 0.00815787 -0.263784 0.16059
      endloop
   endfacet
   facet normal -2.11965e-17 5.1682e-17 -1
      outer loop
         vertex 0.00615288 -0.266534 0.16059
         vertex 0.00500877 -0.265122 0.16059
         vertex 0.00837975 -0.265589 0.16059
      endloop
   endfacet
   facet normal -2.11965e-17 5.1682e-17 -1
      outer loop
         vertex 0.0081262 -0.263685 0.16059
         vertex 0.00495913 -0.26503 0.16059
         vertex 0.00466232 -0.26418 0.16059
      endloop
   endfacet
   facet normal -2.11965e-17 5.1682e-17 -1
      outer loop
         vertex 0.00762881 -0.262606 0.16059
         vertex 0.00772088 -0.262881 0.16059
         vertex 0.00466232 -0.26418 0.16059
      endloop
   endfacet
   facet normal -2.11965e-17 5.1682e-17 -1
      outer loop
         vertex 0.00466232 -0.26418 0.16059
         vertex 0.00772088 -0.262881 0.16059
         vertex 0.0081262 -0.263685 0.16059
      endloop
   endfacet
   facet normal -2.11965e-17 5.1682e-17 -1
      outer loop
         vertex 0.00500877 -0.265122 0.16059
         vertex 0.00495913 -0.26503 0.16059
         vertex 0.0081262 -0.263685 0.16059
      endloop
   endfacet
   facet normal -2.11965e-17 5.1682e-17 -1
      outer loop
         vertex 0.00466232 -0.26418 0.16059
         vertex 0.00452826 -0.263922 0.16059
         vertex 0.00762881 -0.262606 0.16059
      endloop
   endfacet
   facet normal -0.887493 -0.460821 -5.00441e-18
      outer loop
         vertex 0.00495913 -0.26503 0.16059
         vertex 0.00495913 -0.26503 0.17329
         vertex 0.00466232 -0.26418 0.17329
      endloop
   endfacet
   facet normal -0.872478 -0.488653 -6.76106e-18
      outer loop
         vertex 0.00500877 -0.265122 0.16059
         vertex 0.00500877 -0.265122 0.17329
         vertex 0.00495913 -0.26503 0.17329
      endloop
   endfacet
   facet normal -0.689809 -0.723991 -2.27958e-17
      outer loop
         vertex 0.00615288 -0.266534 0.16059
         vertex 0.00615288 -0.266534 0.17329
         vertex 0.00500877 -0.265122 0.17329
      endloop
   endfacet
   facet normal -0.596998 -0.802243 -2.88073e-17
      outer loop
         vertex 0.00704504 -0.267283 0.16059
         vertex 0.00704504 -0.267283 0.17329
         vertex 0.00615288 -0.266534 0.17329
      endloop
   endfacet
   facet normal -0.689809 -0.723991 -2.27958e-17
      outer loop
         vertex 0.00615288 -0.266534 0.17329
         vertex 0.00615288 -0.266534 0.16059
         vertex 0.00704504 -0.267283 0.16059
      endloop
   endfacet
   facet normal -0.872478 -0.488653 -6.76106e-18
      outer loop
         vertex 0.00500877 -0.265122 0.17329
         vertex 0.00500877 -0.265122 0.16059
         vertex 0.00615288 -0.266534 0.16059
      endloop
   endfacet
   facet normal -0.887493 -0.460821 -5.00441e-18
      outer loop
         vertex 0.00495913 -0.26503 0.17329
         vertex 0.00495913 -0.26503 0.16059
         vertex 0.00500877 -0.265122 0.16059
      endloop
   endfacet
   facet normal -0.955629 -0.294574 5.03181e-18
      outer loop
         vertex 0.00466232 -0.26418 0.17329
         vertex 0.00466232 -0.26418 0.16059
         vertex 0.00495913 -0.26503 0.16059
      endloop
   endfacet
   facet normal -0.130103 -0.9915 -4.8485e-17
      outer loop
         vertex 0.0039978 -0.263619 0.17329
         vertex 0.00369394 -0.263637 0.17329
         vertex 0.00369394 -0.263637 0.16059
      endloop
   endfacet
   facet normal -0.488972 -0.8723 -3.47177e-17
      outer loop
         vertex 0.00428667 -0.263715 0.17329
         vertex 0.0039978 -0.263619 0.17329
         vertex 0.0039978 -0.263619 0.16059
      endloop
   endfacet
   facet normal -0.77792 -0.628363 -1.59859e-17
      outer loop
         vertex 0.00451927 -0.263911 0.17329
         vertex 0.00428667 -0.263715 0.17329
         vertex 0.00428667 -0.263715 0.16059
      endloop
   endfacet
   facet normal -0.77792 -0.628363 -1.59859e-17
      outer loop
         vertex 0.00451927 -0.263911 0.17329
         vertex 0.00451927 -0.263911 0.16059
         vertex 0.00452826 -0.263922 0.16059
      endloop
   endfacet
   facet normal -0.789084 -0.614285 -1.50217e-17
      outer loop
         vertex 0.00452826 -0.263922 0.16059
         vertex 0.00466232 -0.26418 0.17329
         vertex 0.00451927 -0.263911 0.17329
      endloop
   endfacet
   facet normal -0.789084 -0.614285 -1.50217e-17
      outer loop
         vertex 0.00452826 -0.263922 0.16059
         vertex 0.00466232 -0.26418 0.16059
         vertex 0.00466232 -0.26418 0.17329
      endloop
   endfacet
   facet normal -0.488972 -0.8723 -3.47177e-17
      outer loop
         vertex 0.00428667 -0.263715 0.16059
         vertex 0.00451927 -0.263911 0.16059
         vertex 0.00451927 -0.263911 0.17329
      endloop
   endfacet
   facet normal -0.130103 -0.9915 -4.8485e-17
      outer loop
         vertex 0.0039978 -0.263619 0.16059
         vertex 0.00428667 -0.263715 0.16059
         vertex 0.00428667 -0.263715 0.17329
      endloop
   endfacet
   facet normal 0.24737 -0.968921 -5.53192e-17
      outer loop
         vertex 0.00369394 -0.263637 0.16059
         vertex 0.0039978 -0.263619 0.16059
         vertex 0.0039978 -0.263619 0.17329
      endloop
   endfacet
   facet normal 0.202661 -0.979249 -5.49053e-17
      outer loop
         vertex 0.00300096 -0.263797 0.17329
         vertex 0.00300096 -0.263797 0.16059
         vertex 0.00369394 -0.263637 0.16059
      endloop
   endfacet
   facet normal 0.24737 -0.968921 -5.53192e-17
      outer loop
         vertex 0.00369394 -0.263637 0.16059
         vertex 0.00369394 -0.263637 0.17329
         vertex 0.00300096 -0.263797 0.17329
      endloop
   endfacet
   facet normal 2.11965e-17 -5.1682e-17 1
      outer loop
         vertex 0.00413748 -0.264036 0.16059
         vertex 0.00271992 -0.263914 0.16059
         vertex 0.0025024 -0.264127 0.16059
      endloop
   endfacet
   facet normal 2.11965e-17 -5.1682e-17 1
      outer loop
         vertex 0.00413748 -0.264036 0.16059
         vertex 0.00300096 -0.263797 0.16059
         vertex 0.00271992 -0.263914 0.16059
      endloop
   endfacet
   facet normal 2.11965e-17 -5.1682e-17 1
      outer loop
         vertex 0.00413748 -0.264036 0.16059
         vertex 0.00451927 -0.263911 0.16059
         vertex 0.00428667 -0.263715 0.16059
      endloop
   endfacet
   facet normal 2.11965e-17 -5.1682e-17 1
      outer loop
         vertex 0.0025024 -0.264127 0.16059
         vertex 0.00237949 -0.264405 0.16059
         vertex 0.00413748 -0.264036 0.16059
      endloop
   endfacet
   facet normal 2.11965e-17 -5.1682e-17 1
      outer loop
         vertex 0.00413748 -0.264036 0.16059
         vertex 0.0039978 -0.263619 0.16059
         vertex 0.00369394 -0.263637 0.16059
      endloop
   endfacet
   facet normal 2.11965e-17 -5.1682e-17 1
      outer loop
         vertex 0.00413748 -0.264036 0.16059
         vertex 0.00452826 -0.263922 0.16059
         vertex 0.00451927 -0.263911 0.16059
      endloop
   endfacet
   facet normal 2.11965e-17 -5.1682e-17 1
      outer loop
         vertex 0.00369394 -0.263637 0.16059
         vertex 0.00300096 -0.263797 0.16059
         vertex 0.00413748 -0.264036 0.16059
      endloop
   endfacet
   facet normal 2.11965e-17 -5.1682e-17 1
      outer loop
         vertex 0.00237949 -0.264405 0.16059
         vertex 0.00237639 -0.26442 0.16059
         vertex 0.00413748 -0.264036 0.16059
      endloop
   endfacet
   facet normal 2.11965e-17 -5.1682e-17 1
      outer loop
         vertex 0.00428667 -0.263715 0.16059
         vertex 0.0039978 -0.263619 0.16059
         vertex 0.00413748 -0.264036 0.16059
      endloop
   endfacet
   facet normal 0.988007 0.15441 -1.29621e-17
      outer loop
         vertex 0.00236878 -0.26471 0.17329
         vertex 0.00236878 -0.26471 0.16059
         vertex 0.00237639 -0.26442 0.16059
      endloop
   endfacet
   facet normal 0.978561 -0.205955 -3.13863e-17
      outer loop
         vertex 0.00237639 -0.26442 0.16059
         vertex 0.00237949 -0.264405 0.17329
         vertex 0.00236878 -0.26471 0.17329
      endloop
   endfacet
   facet normal 0.822021 -0.569458 -4.68547e-17
      outer loop
         vertex 0.0025024 -0.264127 0.17329
         vertex 0.00237949 -0.264405 0.17329
         vertex 0.00237949 -0.264405 0.16059
      endloop
   endfacet
   facet normal 0.551793 -0.833981 -5.47979e-17
      outer loop
         vertex 0.00271992 -0.263914 0.17329
         vertex 0.0025024 -0.264127 0.17329
         vertex 0.0025024 -0.264127 0.16059
      endloop
   endfacet
   facet normal 0.202661 -0.979249 -5.49053e-17
      outer loop
         vertex 0.00300096 -0.263797 0.17329
         vertex 0.00271992 -0.263914 0.17329
         vertex 0.00271992 -0.263914 0.16059
      endloop
   endfacet
   facet normal 0.551793 -0.833981 -5.47979e-17
      outer loop
         vertex 0.00271992 -0.263914 0.16059
         vertex 0.00300096 -0.263797 0.16059
         vertex 0.00300096 -0.263797 0.17329
      endloop
   endfacet
   facet normal 0.822021 -0.569458 -4.68547e-17
      outer loop
         vertex 0.0025024 -0.264127 0.16059
         vertex 0.00271992 -0.263914 0.16059
         vertex 0.00271992 -0.263914 0.17329
      endloop
   endfacet
   facet normal 0.974703 -0.223504 -3.22114e-17
      outer loop
         vertex 0.00237949 -0.264405 0.16059
         vertex 0.0025024 -0.264127 0.16059
         vertex 0.0025024 -0.264127 0.17329
      endloop
   endfacet
   facet normal 0.978561 -0.205955 -3.13863e-17
      outer loop
         vertex 0.00237639 -0.26442 0.16059
         vertex 0.00237949 -0.264405 0.16059
         vertex 0.00237949 -0.264405 0.17329
      endloop
   endfacet
   facet normal 0.937462 -0.348089 -3.78608e-17
      outer loop
         vertex 0.00206188 -0.267479 0.16059
         vertex 0.00206188 -0.267479 0.17329
         vertex 0.00158871 -0.268544 0.17329
      endloop
   endfacet
   facet normal 0.998404 -0.0564751 -2.40814e-17
      outer loop
         vertex 0.00247047 -0.265708 0.16059
         vertex 0.00247047 -0.265708 0.17329
         vertex 0.00206188 -0.267479 0.17329
      endloop
   endfacet
   facet normal 0.99969 -0.0248778 -2.24757e-17
      outer loop
         vertex 0.00247477 -0.265603 0.17329
         vertex 0.00247047 -0.265708 0.17329
         vertex 0.00247047 -0.265708 0.16059
      endloop
   endfacet
   facet normal 0.988007 0.15441 -1.29621e-17
      outer loop
         vertex 0.00236878 -0.26471 0.16059
         vertex 0.00236878 -0.26471 0.17329
         vertex 0.00247477 -0.265603 0.17329
      endloop
   endfacet
   facet normal 0.99969 -0.0248778 -2.24757e-17
      outer loop
         vertex 0.00247477 -0.265603 0.17329
         vertex 0.00247477 -0.265603 0.16059
         vertex 0.00236878 -0.26471 0.16059
      endloop
   endfacet
   facet normal 0.998404 -0.0564751 -2.40814e-17
      outer loop
         vertex 0.00247047 -0.265708 0.16059
         vertex 0.00247477 -0.265603 0.16059
         vertex 0.00247477 -0.265603 0.17329
      endloop
   endfacet
   facet normal 0.937462 -0.348089 -3.78608e-17
      outer loop
         vertex 0.00206188 -0.267479 0.17329
         vertex 0.00206188 -0.267479 0.16059
         vertex 0.00247047 -0.265708 0.16059
      endloop
   endfacet
   facet normal 0.888375 -0.459119 -4.25586e-17
      outer loop
         vertex 0.00158871 -0.268544 0.17329
         vertex 0.00158871 -0.268544 0.16059
         vertex 0.00206188 -0.267479 0.16059
      endloop
   endfacet
   facet normal 0.0184148 -0.99983 -5.20636e-17
      outer loop
         vertex 0.000228006 -0.268615 0.17329
         vertex 0.000228006 -0.268615 0.16059
         vertex 0.00158871 -0.268544 0.16059
      endloop
   endfacet
   facet normal 0.08645 -0.996256 -5.3321e-17
      outer loop
         vertex 0.00158871 -0.268544 0.16059
         vertex 0.00158871 -0.268544 0.17329
         vertex 0.000228006 -0.268615 0.17329
      endloop
   endfacet
   facet normal -2.11965e-17 5.1682e-17 -1
      outer loop
         vertex -0.000354107 -0.267606 0.16059
         vertex 0.00206188 -0.267479 0.16059
         vertex 0.00158871 -0.268544 0.16059
      endloop
   endfacet
   facet normal -2.11965e-17 5.1682e-17 -1
      outer loop
         vertex -0.000354107 -0.267606 0.16059
         vertex 0.00247047 -0.265708 0.16059
         vertex 0.00206188 -0.267479 0.16059
      endloop
   endfacet
   facet normal -2.11965e-17 5.1682e-17 -1
      outer loop
         vertex 0.00158871 -0.268544 0.16059
         vertex 0.000228006 -0.268615 0.16059
         vertex -0.000354107 -0.267606 0.16059
      endloop
   endfacet
   facet normal -2.11965e-17 5.1682e-17 -1
      outer loop
         vertex -0.000946056 -0.265887 0.16059
         vertex 0.00247477 -0.265603 0.16059
         vertex 0.00247047 -0.265708 0.16059
      endloop
   endfacet
   facet normal -2.11965e-17 5.1682e-17 -1
      outer loop
         vertex -0.000354107 -0.267606 0.16059
         vertex -0.000946056 -0.265887 0.16059
         vertex 0.00247047 -0.265708 0.16059
      endloop
   endfacet
   facet normal -2.11965e-17 5.1682e-17 -1
      outer loop
         vertex 0.00247477 -0.265603 0.16059
         vertex -0.000961266 -0.265784 0.16059
         vertex -0.000949526 -0.264884 0.16059
      endloop
   endfacet
   facet normal -2.11965e-17 5.1682e-17 -1
      outer loop
         vertex 0.00237639 -0.26442 0.16059
         vertex 0.00236878 -0.26471 0.16059
         vertex -0.000949526 -0.264884 0.16059
      endloop
   endfacet
   facet normal -2.11965e-17 5.1682e-17 -1
      outer loop
         vertex -0.000949526 -0.264884 0.16059
         vertex 0.00236878 -0.26471 0.16059
         vertex 0.00247477 -0.265603 0.16059
      endloop
   endfacet
   facet normal -2.11965e-17 5.1682e-17 -1
      outer loop
         vertex -0.000946056 -0.265887 0.16059
         vertex -0.000961266 -0.265784 0.16059
         vertex 0.00247477 -0.265603 0.16059
      endloop
   endfacet
   facet normal -2.11965e-17 5.1682e-17 -1
      outer loop
         vertex -0.000949526 -0.264884 0.16059
         vertex -0.000987482 -0.264596 0.16059
         vertex 0.00237639 -0.26442 0.16059
      endloop
   endfacet
   facet normal -0.986991 -0.160778 1.26114e-17
      outer loop
         vertex -0.000946056 -0.265887 0.16059
         vertex -0.000946056 -0.265887 0.17329
         vertex -0.000961266 -0.265784 0.17329
      endloop
   endfacet
   facet normal -0.895828 -0.444401 -3.9791e-18
      outer loop
         vertex -0.000354107 -0.267606 0.16059
         vertex -0.000354107 -0.267606 0.17329
         vertex -0.000946056 -0.265887 0.17329
      endloop
   endfacet
   facet normal -0.835378 -0.549676 -1.07013e-17
      outer loop
         vertex 0.000228006 -0.268615 0.16059
         vertex 0.000228006 -0.268615 0.17329
         vertex -0.000354107 -0.267606 0.17329
      endloop
   endfacet
   facet normal -0.998747 0.0500351 2.37559e-17
      outer loop
         vertex -0.000949526 -0.264884 0.16059
         vertex -0.000961266 -0.265784 0.16059
         vertex -0.0009722 -0.26534 0.16929
      endloop
   endfacet
   facet normal -0.991581 -0.12949 1.43258e-17
      outer loop
         vertex -0.000961266 -0.265784 0.17329
         vertex -0.0009722 -0.26534 0.17329
         vertex -0.0009722 -0.26534 0.16929
      endloop
   endfacet
   facet normal -0.998807 0.0488417 2.36955e-17
      outer loop
         vertex -0.0009722 -0.26534 0.16929
         vertex -0.000961266 -0.265784 0.16059
         vertex -0.000961266 -0.265784 0.17329
      endloop
   endfacet
   facet normal -0.998807 0.0488417 2.36955e-17
      outer loop
         vertex -0.0009722 -0.26534 0.16929
         vertex -0.000949526 -0.264884 0.16929
         vertex -0.000949526 -0.264884 0.16059
      endloop
   endfacet
   facet normal -0.895828 -0.444401 -3.9791e-18
      outer loop
         vertex -0.000354107 -0.267606 0.17329
         vertex -0.000354107 -0.267606 0.16059
         vertex 0.000228006 -0.268615 0.16059
      endloop
   endfacet
   facet normal -0.986991 -0.160778 1.26114e-17
      outer loop
         vertex -0.000946056 -0.265887 0.17329
         vertex -0.000946056 -0.265887 0.16059
         vertex -0.000354107 -0.267606 0.16059
      endloop
   endfacet
   facet normal -0.991581 -0.12949 1.43258e-17
      outer loop
         vertex -0.000961266 -0.265784 0.17329
         vertex -0.000961266 -0.265784 0.16059
         vertex -0.000946056 -0.265887 0.16059
      endloop
   endfacet
   facet normal -0.317623 0.948217 5.57383e-17
      outer loop
         vertex -0.000291016 -0.264441 0.17329
         vertex -0.000291016 -0.264441 0.16929
         vertex -0.000634875 -0.264639 0.16929
      endloop
   endfacet
   facet normal -0.661482 0.749961 5.27806e-17
      outer loop
         vertex -0.000634875 -0.264639 0.17329
         vertex -0.000634875 -0.264639 0.16929
         vertex -0.000874521 -0.264956 0.16929
      endloop
   endfacet
   facet normal -0.901128 0.433553 4.15077e-17
      outer loop
         vertex -0.000874521 -0.264956 0.17329
         vertex -0.000874521 -0.264956 0.16929
         vertex -0.0009722 -0.26534 0.16929
      endloop
   endfacet
   facet normal -0.998807 0.0488417 2.36955e-17
      outer loop
         vertex -0.0009722 -0.26534 0.16929
         vertex -0.0009722 -0.26534 0.17329
         vertex -0.000874521 -0.264956 0.17329
      endloop
   endfacet
   facet normal -0.901128 0.433553 4.15077e-17
      outer loop
         vertex -0.000874521 -0.264956 0.16929
         vertex -0.000874521 -0.264956 0.17329
         vertex -0.000634875 -0.264639 0.17329
      endloop
   endfacet
   facet normal -0.661482 0.749961 5.27806e-17
      outer loop
         vertex -0.000634875 -0.264639 0.16929
         vertex -0.000634875 -0.264639 0.17329
         vertex -0.000291016 -0.264441 0.17329
      endloop
   endfacet
   facet normal -0.650628 0.759397 5.30382e-17
      outer loop
         vertex 0.00108263 -0.263662 0.16929
         vertex -0.000291016 -0.264441 0.16929
         vertex -0.000291016 -0.264441 0.17329
      endloop
   endfacet
   facet normal -0.888286 0.459291 4.25656e-17
      outer loop
         vertex 0.00206297 -0.262424 0.16929
         vertex 0.00108263 -0.263662 0.16929
         vertex 0.00108263 -0.263662 0.17329
      endloop
   endfacet
   facet normal -0.99577 0.0918773 2.58553e-17
      outer loop
         vertex 0.00250634 -0.260908 0.16929
         vertex 0.00206297 -0.262424 0.16929
         vertex 0.00206297 -0.262424 0.17329
      endloop
   endfacet
   facet normal -0.957329 -0.289 5.35592e-18
      outer loop
         vertex 0.00234777 -0.259337 0.16929
         vertex 0.00250634 -0.260908 0.16929
         vertex 0.00250634 -0.260908 0.17329
      endloop
   endfacet
   facet normal -0.778596 -0.627526 -1.59283e-17
      outer loop
         vertex 0.0016105 -0.257941 0.16929
         vertex 0.00234777 -0.259337 0.16929
         vertex 0.00234777 -0.259337 0.17329
      endloop
   endfacet
   facet normal -0.485763 -0.874091 -3.48783e-17
      outer loop
         vertex 0.000402561 -0.256924 0.16929
         vertex 0.0016105 -0.257941 0.16929
         vertex 0.0016105 -0.257941 0.17329
      endloop
   endfacet
   facet normal -0.121743 -0.992562 -4.87171e-17
      outer loop
         vertex -0.00109902 -0.256435 0.16929
         vertex 0.000402561 -0.256924 0.16929
         vertex 0.000402561 -0.256924 0.17329
      endloop
   endfacet
   facet normal 0.260117 -0.965577 -5.54165e-17
      outer loop
         vertex -0.00267419 -0.256546 0.16929
         vertex -0.00109902 -0.256435 0.16929
         vertex -0.00109902 -0.256435 0.17329
      endloop
   endfacet
   facet normal 0.603858 -0.797092 -5.3995e-17
      outer loop
         vertex -0.00409212 -0.257241 0.16929
         vertex -0.00267419 -0.256546 0.16929
         vertex -0.00267419 -0.256546 0.17329
      endloop
   endfacet
   facet normal 0.859107 -0.511796 -4.46607e-17
      outer loop
         vertex -0.00514503 -0.258418 0.16929
         vertex -0.00409212 -0.257241 0.16929
         vertex -0.00409212 -0.257241 0.17329
      endloop
   endfacet
   facet normal 0.988457 -0.151499 -2.87816e-17
      outer loop
         vertex -0.0056786 -0.259905 0.16929
         vertex -0.00514503 -0.258418 0.16929
         vertex -0.00514503 -0.258418 0.17329
      endloop
   endfacet
   facet normal 0.972954 0.230999 -8.68473e-18
      outer loop
         vertex -0.00561464 -0.261482 0.16929
         vertex -0.0056786 -0.259905 0.16929
         vertex -0.0056786 -0.259905 0.17329
      endloop
   endfacet
   facet normal 0.814869 0.579646 1.26849e-17
      outer loop
         vertex -0.00496254 -0.26292 0.16929
         vertex -0.00561464 -0.261482 0.16929
         vertex -0.00561464 -0.261482 0.17329
      endloop
   endfacet
   facet normal 0.537368 0.843348 3.21956e-17
      outer loop
         vertex -0.00381785 -0.264008 0.16929
         vertex -0.00496254 -0.26292 0.16929
         vertex -0.00496254 -0.26292 0.17329
      endloop
   endfacet
   facet normal 0.814869 0.579646 1.26849e-17
      outer loop
         vertex -0.00496254 -0.26292 0.17329
         vertex -0.00381785 -0.264008 0.17329
         vertex -0.00381785 -0.264008 0.16929
      endloop
   endfacet
   facet normal 0.972954 0.230999 -8.68473e-18
      outer loop
         vertex -0.00561464 -0.261482 0.17329
         vertex -0.00496254 -0.26292 0.17329
         vertex -0.00496254 -0.26292 0.16929
      endloop
   endfacet
   facet normal 0.988457 -0.151499 -2.87816e-17
      outer loop
         vertex -0.0056786 -0.259905 0.17329
         vertex -0.00561464 -0.261482 0.17329
         vertex -0.00561464 -0.261482 0.16929
      endloop
   endfacet
   facet normal 0.859107 -0.511796 -4.46607e-17
      outer loop
         vertex -0.00514503 -0.258418 0.17329
         vertex -0.0056786 -0.259905 0.17329
         vertex -0.0056786 -0.259905 0.16929
      endloop
   endfacet
   facet normal 0.603858 -0.797092 -5.3995e-17
      outer loop
         vertex -0.00409212 -0.257241 0.17329
         vertex -0.00514503 -0.258418 0.17329
         vertex -0.00514503 -0.258418 0.16929
      endloop
   endfacet
   facet normal 0.260117 -0.965577 -5.54165e-17
      outer loop
         vertex -0.00267419 -0.256546 0.17329
         vertex -0.00409212 -0.257241 0.17329
         vertex -0.00409212 -0.257241 0.16929
      endloop
   endfacet
   facet normal -0.121743 -0.992562 -4.87171e-17
      outer loop
         vertex -0.00109902 -0.256435 0.17329
         vertex -0.00267419 -0.256546 0.17329
         vertex -0.00267419 -0.256546 0.16929
      endloop
   endfacet
   facet normal -0.485763 -0.874091 -3.48783e-17
      outer loop
         vertex 0.000402561 -0.256924 0.17329
         vertex -0.00109902 -0.256435 0.17329
         vertex -0.00109902 -0.256435 0.16929
      endloop
   endfacet
   facet normal -0.778596 -0.627526 -1.59283e-17
      outer loop
         vertex 0.0016105 -0.257941 0.17329
         vertex 0.000402561 -0.256924 0.17329
         vertex 0.000402561 -0.256924 0.16929
      endloop
   endfacet
   facet normal -0.957329 -0.289 5.35592e-18
      outer loop
         vertex 0.00234777 -0.259337 0.17329
         vertex 0.0016105 -0.257941 0.17329
         vertex 0.0016105 -0.257941 0.16929
      endloop
   endfacet
   facet normal -0.99577 0.0918773 2.58553e-17
      outer loop
         vertex 0.00250634 -0.260908 0.17329
         vertex 0.00234777 -0.259337 0.17329
         vertex 0.00234777 -0.259337 0.16929
      endloop
   endfacet
   facet normal -0.888286 0.459291 4.25656e-17
      outer loop
         vertex 0.00206297 -0.262424 0.17329
         vertex 0.00250634 -0.260908 0.17329
         vertex 0.00250634 -0.260908 0.16929
      endloop
   endfacet
   facet normal -0.650628 0.759397 5.30382e-17
      outer loop
         vertex 0.00108263 -0.263662 0.17329
         vertex 0.00206297 -0.262424 0.17329
         vertex 0.00206297 -0.262424 0.16929
      endloop
   endfacet
   facet normal -0.317623 0.948217 5.57383e-17
      outer loop
         vertex -0.000291016 -0.264441 0.17329
         vertex 0.00108263 -0.263662 0.17329
         vertex 0.00108263 -0.263662 0.16929
      endloop
   endfacet
   facet normal 0.981003 -0.193993 -3.08198e-17
      outer loop
         vertex -0.00337422 -0.265046 0.17329
         vertex -0.00337422 -0.265046 0.16929
         vertex -0.00337603 -0.264649 0.16929
      endloop
   endfacet
   facet normal 0.979195 0.202921 -1.02681e-17
      outer loop
         vertex -0.00337603 -0.264649 0.17329
         vertex -0.00337603 -0.264649 0.16929
         vertex -0.0035321 -0.264284 0.16929
      endloop
   endfacet
   facet normal 0.823121 0.567867 1.19012e-17
      outer loop
         vertex -0.0035321 -0.264284 0.17329
         vertex -0.0035321 -0.264284 0.16929
         vertex -0.00381785 -0.264008 0.16929
      endloop
   endfacet
   facet normal 0.537368 0.843348 3.21956e-17
      outer loop
         vertex -0.00381785 -0.264008 0.16929
         vertex -0.00381785 -0.264008 0.17329
         vertex -0.0035321 -0.264284 0.17329
      endloop
   endfacet
   facet normal 0.823121 0.567867 1.19012e-17
      outer loop
         vertex -0.0035321 -0.264284 0.16929
         vertex -0.0035321 -0.264284 0.17329
         vertex -0.00337603 -0.264649 0.17329
      endloop
   endfacet
   facet normal 0.979195 0.202921 -1.02681e-17
      outer loop
         vertex -0.00337603 -0.264649 0.16929
         vertex -0.00337603 -0.264649 0.17329
         vertex -0.00337422 -0.265046 0.17329
      endloop
   endfacet
   facet normal 2.11965e-17 -5.1682e-17 1
      outer loop
         vertex 0.000487795 -0.261711 0.16929
         vertex -0.000291016 -0.264441 0.16929
         vertex 0.00108263 -0.263662 0.16929
      endloop
   endfacet
   facet normal 2.11965e-17 -5.1682e-17 1
      outer loop
         vertex 0.0016105 -0.257941 0.16929
         vertex 0.000402561 -0.256924 0.16929
         vertex -0.000419658 -0.25844 0.16929
      endloop
   endfacet
   facet normal 2.11965e-17 -5.1682e-17 1
      outer loop
         vertex 0.000402561 -0.256924 0.16929
         vertex -0.00109902 -0.256435 0.16929
         vertex -0.00130903 -0.258147 0.16929
      endloop
   endfacet
   facet normal 2.11965e-17 -5.1682e-17 1
      outer loop
         vertex -0.0056786 -0.259905 0.16929
         vertex -0.00398336 -0.260237 0.16929
         vertex -0.00369021 -0.259348 0.16929
      endloop
   endfacet
   facet normal 2.11965e-17 -5.1682e-17 1
      outer loop
         vertex -0.00561464 -0.261482 0.16929
         vertex -0.00391384 -0.261171 0.16929
         vertex -0.00398336 -0.260237 0.16929
      endloop
   endfacet
   facet normal 2.11965e-17 -5.1682e-17 1
      outer loop
         vertex -0.000874521 -0.264956 0.16929
         vertex -0.000959543 -0.262842 0.16929
         vertex -0.000992051 -0.264583 0.16929
      endloop
   endfacet
   facet normal 2.11965e-17 -5.1682e-17 1
      outer loop
         vertex 0.000487795 -0.261711 0.16929
         vertex -0.000634875 -0.264639 0.16929
         vertex -0.000291016 -0.264441 0.16929
      endloop
   endfacet
   facet normal 2.11965e-17 -5.1682e-17 1
      outer loop
         vertex 0.00206297 -0.262424 0.16929
         vertex 0.00250634 -0.260908 0.16929
         vertex 0.000780939 -0.260822 0.16929
      endloop
   endfacet
   facet normal 2.11965e-17 -5.1682e-17 1
      outer loop
         vertex -0.00130903 -0.258147 0.16929
         vertex -0.000419658 -0.25844 0.16929
         vertex 0.000402561 -0.256924 0.16929
      endloop
   endfacet
   facet normal 2.11965e-17 -5.1682e-17 1
      outer loop
         vertex -0.00267419 -0.256546 0.16929
         vertex -0.00224288 -0.258217 0.16929
         vertex -0.00130903 -0.258147 0.16929
      endloop
   endfacet
   facet normal 2.11965e-17 -5.1682e-17 1
      outer loop
         vertex -0.00409212 -0.257241 0.16929
         vertex -0.00307904 -0.258638 0.16929
         vertex -0.00224288 -0.258217 0.16929
      endloop
   endfacet
   facet normal 2.11965e-17 -5.1682e-17 1
      outer loop
         vertex -0.00514503 -0.258418 0.16929
         vertex -0.00369021 -0.259348 0.16929
         vertex -0.00307904 -0.258638 0.16929
      endloop
   endfacet
   facet normal 2.11965e-17 -5.1682e-17 1
      outer loop
         vertex -0.00398336 -0.260237 0.16929
         vertex -0.0056786 -0.259905 0.16929
         vertex -0.00561464 -0.261482 0.16929
      endloop
   endfacet
   facet normal 2.11965e-17 -5.1682e-17 1
      outer loop
         vertex -0.00496254 -0.26292 0.16929
         vertex -0.00349225 -0.262007 0.16929
         vertex -0.00391384 -0.261171 0.16929
      endloop
   endfacet
   facet normal 2.11965e-17 -5.1682e-17 1
      outer loop
         vertex -0.00381785 -0.264008 0.16929
         vertex -0.00278276 -0.262618 0.16929
         vertex -0.00349225 -0.262007 0.16929
      endloop
   endfacet
   facet normal 2.11965e-17 -5.1682e-17 1
      outer loop
         vertex -0.000992051 -0.264583 0.16929
         vertex -0.000949526 -0.264884 0.16929
         vertex -0.000874521 -0.264956 0.16929
      endloop
   endfacet
   facet normal 2.11965e-17 -5.1682e-17 1
      outer loop
         vertex 0.000780939 -0.260822 0.16929
         vertex 0.000487795 -0.261711 0.16929
         vertex 0.00206297 -0.262424 0.16929
      endloop
   endfacet
   facet normal 2.11965e-17 -5.1682e-17 1
      outer loop
         vertex 0.00250634 -0.260908 0.16929
         vertex 0.00234777 -0.259337 0.16929
         vertex 0.000711422 -0.259888 0.16929
      endloop
   endfacet
   facet normal 2.11965e-17 -5.1682e-17 1
      outer loop
         vertex 0.00234777 -0.259337 0.16929
         vertex 0.0016105 -0.257941 0.16929
         vertex 0.000289829 -0.259052 0.16929
      endloop
   endfacet
   facet normal 2.11965e-17 -5.1682e-17 1
      outer loop
         vertex -0.00130903 -0.258147 0.16929
         vertex -0.00109902 -0.256435 0.16929
         vertex -0.00267419 -0.256546 0.16929
      endloop
   endfacet
   facet normal 2.11965e-17 -5.1682e-17 1
      outer loop
         vertex -0.00307904 -0.258638 0.16929
         vertex -0.00409212 -0.257241 0.16929
         vertex -0.00514503 -0.258418 0.16929
      endloop
   endfacet
   facet normal 2.11965e-17 -5.1682e-17 1
      outer loop
         vertex -0.00391384 -0.261171 0.16929
         vertex -0.00561464 -0.261482 0.16929
         vertex -0.00496254 -0.26292 0.16929
      endloop
   endfacet
   facet normal 2.11965e-17 -5.1682e-17 1
      outer loop
         vertex -0.00349225 -0.262007 0.16929
         vertex -0.00496254 -0.26292 0.16929
         vertex -0.00381785 -0.264008 0.16929
      endloop
   endfacet
   facet normal 2.11965e-17 -5.1682e-17 1
      outer loop
         vertex -0.000959543 -0.262842 0.16929
         vertex -0.00114346 -0.264318 0.16929
         vertex -0.000992051 -0.264583 0.16929
      endloop
   endfacet
   facet normal 2.11965e-17 -5.1682e-17 1
      outer loop
         vertex -0.00167384 -0.264043 0.16929
         vertex -0.000959543 -0.262842 0.16929
         vertex -0.00189339 -0.262912 0.16929
      endloop
   endfacet
   facet normal 2.11965e-17 -5.1682e-17 1
      outer loop
         vertex -0.0035321 -0.264284 0.16929
         vertex -0.00337603 -0.264649 0.16929
         vertex -0.00328595 -0.264597 0.16929
      endloop
   endfacet
   facet normal 2.11965e-17 -5.1682e-17 1
      outer loop
         vertex 0.000711422 -0.259888 0.16929
         vertex 0.000780939 -0.260822 0.16929
         vertex 0.00250634 -0.260908 0.16929
      endloop
   endfacet
   facet normal 2.11965e-17 -5.1682e-17 1
      outer loop
         vertex -0.000419658 -0.25844 0.16929
         vertex 0.000289829 -0.259052 0.16929
         vertex 0.0016105 -0.257941 0.16929
      endloop
   endfacet
   facet normal 2.11965e-17 -5.1682e-17 1
      outer loop
         vertex -0.00369021 -0.259348 0.16929
         vertex -0.00514503 -0.258418 0.16929
         vertex -0.0056786 -0.259905 0.16929
      endloop
   endfacet
   facet normal 2.11965e-17 -5.1682e-17 1
      outer loop
         vertex -0.0035321 -0.264284 0.16929
         vertex -0.00189339 -0.262912 0.16929
         vertex -0.00278276 -0.262618 0.16929
      endloop
   endfacet
   facet normal 2.11965e-17 -5.1682e-17 1
      outer loop
         vertex -0.000959543 -0.262842 0.16929
         vertex -0.0013821 -0.264129 0.16929
         vertex -0.00114346 -0.264318 0.16929
      endloop
   endfacet
   facet normal 2.11965e-17 -5.1682e-17 1
      outer loop
         vertex -0.00189339 -0.262912 0.16929
         vertex -0.00237979 -0.263956 0.16929
         vertex -0.00167384 -0.264043 0.16929
      endloop
   endfacet
   facet normal 2.11965e-17 -5.1682e-17 1
      outer loop
         vertex -0.00189339 -0.262912 0.16929
         vertex -0.0035321 -0.264284 0.16929
         vertex -0.0029611 -0.264096 0.16929
      endloop
   endfacet
   facet normal 2.11965e-17 -5.1682e-17 1
      outer loop
         vertex -0.00328595 -0.264597 0.16929
         vertex -0.00317184 -0.264315 0.16929
         vertex -0.0035321 -0.264284 0.16929
      endloop
   endfacet
   facet normal 2.11965e-17 -5.1682e-17 1
      outer loop
         vertex 0.000289829 -0.259052 0.16929
         vertex 0.000711422 -0.259888 0.16929
         vertex 0.00234777 -0.259337 0.16929
      endloop
   endfacet
   facet normal 2.11965e-17 -5.1682e-17 1
      outer loop
         vertex -0.00381785 -0.264008 0.16929
         vertex -0.0035321 -0.264284 0.16929
         vertex -0.00278276 -0.262618 0.16929
      endloop
   endfacet
   facet normal 2.11965e-17 -5.1682e-17 1
      outer loop
         vertex -0.00167384 -0.264043 0.16929
         vertex -0.0013821 -0.264129 0.16929
         vertex -0.000959543 -0.262842 0.16929
      endloop
   endfacet
   facet normal 2.11965e-17 -5.1682e-17 1
      outer loop
         vertex -0.00317184 -0.264315 0.16929
         vertex -0.0029611 -0.264096 0.16929
         vertex -0.0035321 -0.264284 0.16929
      endloop
   endfacet
   facet normal 2.11965e-17 -5.1682e-17 1
      outer loop
         vertex -0.00224288 -0.258217 0.16929
         vertex -0.00267419 -0.256546 0.16929
         vertex -0.00409212 -0.257241 0.16929
      endloop
   endfacet
   facet normal 2.11965e-17 -5.1682e-17 1
      outer loop
         vertex -0.000874521 -0.264956 0.16929
         vertex -0.000123381 -0.26242 0.16929
         vertex -0.000959543 -0.262842 0.16929
      endloop
   endfacet
   facet normal 2.11965e-17 -5.1682e-17 1
      outer loop
         vertex -0.0029611 -0.264096 0.16929
         vertex -0.00268387 -0.26397 0.16929
         vertex -0.00189339 -0.262912 0.16929
      endloop
   endfacet
   facet normal 2.11965e-17 -5.1682e-17 1
      outer loop
         vertex 0.000487795 -0.261711 0.16929
         vertex -0.000874521 -0.264956 0.16929
         vertex -0.000634875 -0.264639 0.16929
      endloop
   endfacet
   facet normal 2.11965e-17 -5.1682e-17 1
      outer loop
         vertex -0.000874521 -0.264956 0.16929
         vertex 0.000487795 -0.261711 0.16929
         vertex -0.000123381 -0.26242 0.16929
      endloop
   endfacet
   facet normal 2.11965e-17 -5.1682e-17 1
      outer loop
         vertex -0.00268387 -0.26397 0.16929
         vertex -0.00237979 -0.263956 0.16929
         vertex -0.00189339 -0.262912 0.16929
      endloop
   endfacet
   facet normal 2.11965e-17 -5.1682e-17 1
      outer loop
         vertex -0.000949526 -0.264884 0.16929
         vertex -0.0009722 -0.26534 0.16929
         vertex -0.000874521 -0.264956 0.16929
      endloop
   endfacet
   facet normal 2.11965e-17 -5.1682e-17 1
      outer loop
         vertex 0.00108263 -0.263662 0.16929
         vertex 0.00206297 -0.262424 0.16929
         vertex 0.000487795 -0.261711 0.16929
      endloop
   endfacet
   facet normal 2.11965e-17 -5.1682e-17 1
      outer loop
         vertex -0.00337603 -0.264649 0.16929
         vertex -0.00337422 -0.265046 0.16929
         vertex -0.00328595 -0.264597 0.16929
      endloop
   endfacet
   facet normal -0.46137 -0.887208 -3.60732e-17
      outer loop
         vertex -0.0013821 -0.264129 0.16929
         vertex -0.00167384 -0.264043 0.16929
         vertex -0.00167384 -0.264043 0.16059
      endloop
   endfacet
   facet normal -0.757827 -0.652455 -1.76569e-17
      outer loop
         vertex -0.00114346 -0.264318 0.16929
         vertex -0.0013821 -0.264129 0.16929
         vertex -0.0013821 -0.264129 0.16059
      endloop
   endfacet
   facet normal -0.945919 -0.324404 3.28431e-18
      outer loop
         vertex -0.000992051 -0.264583 0.16929
         vertex -0.00114346 -0.264318 0.16929
         vertex -0.00114346 -0.264318 0.16059
      endloop
   endfacet
   facet normal -0.945919 -0.324404 3.28431e-18
      outer loop
         vertex -0.000992051 -0.264583 0.16929
         vertex -0.000992051 -0.264583 0.16059
         vertex -0.000987482 -0.264596 0.16059
      endloop
   endfacet
   facet normal -0.951594 -0.307357 4.28567e-18
      outer loop
         vertex -0.000987482 -0.264596 0.16059
         vertex -0.000949526 -0.264884 0.16929
         vertex -0.000992051 -0.264583 0.16929
      endloop
   endfacet
   facet normal -0.951594 -0.307357 4.28567e-18
      outer loop
         vertex -0.000987482 -0.264596 0.16059
         vertex -0.000949526 -0.264884 0.16059
         vertex -0.000949526 -0.264884 0.16929
      endloop
   endfacet
   facet normal -0.757827 -0.652455 -1.76569e-17
      outer loop
         vertex -0.00114346 -0.264318 0.16059
         vertex -0.000992051 -0.264583 0.16059
         vertex -0.000992051 -0.264583 0.16929
      endloop
   endfacet
   facet normal -0.46137 -0.887208 -3.60732e-17
      outer loop
         vertex -0.0013821 -0.264129 0.16059
         vertex -0.00114346 -0.264318 0.16059
         vertex -0.00114346 -0.264318 0.16929
      endloop
   endfacet
   facet normal -0.0989388 -0.995094 -4.93313e-17
      outer loop
         vertex -0.00167384 -0.264043 0.16059
         vertex -0.0013821 -0.264129 0.16059
         vertex -0.0013821 -0.264129 0.16929
      endloop
   endfacet
   facet normal -0.144484 -0.989507 -4.80772e-17
      outer loop
         vertex -0.00237979 -0.263956 0.16929
         vertex -0.00237979 -0.263956 0.16059
         vertex -0.00167384 -0.264043 0.16059
      endloop
   endfacet
   facet normal -0.0989388 -0.995094 -4.93313e-17
      outer loop
         vertex -0.00167384 -0.264043 0.16059
         vertex -0.00167384 -0.264043 0.16929
         vertex -0.00237979 -0.263956 0.16929
      endloop
   endfacet
   facet normal 2.11965e-17 -5.1682e-17 1
      outer loop
         vertex -0.00208818 -0.2645 0.16059
         vertex -0.00114346 -0.264318 0.16059
         vertex -0.0013821 -0.264129 0.16059
      endloop
   endfacet
   facet normal 2.11965e-17 -5.1682e-17 1
      outer loop
         vertex -0.00208818 -0.2645 0.16059
         vertex -0.000992051 -0.264583 0.16059
         vertex -0.00114346 -0.264318 0.16059
      endloop
   endfacet
   facet normal 2.11965e-17 -5.1682e-17 1
      outer loop
         vertex -0.00208818 -0.2645 0.16059
         vertex -0.00237979 -0.263956 0.16059
         vertex -0.00268387 -0.26397 0.16059
      endloop
   endfacet
   facet normal 2.11965e-17 -5.1682e-17 1
      outer loop
         vertex -0.00208818 -0.2645 0.16059
         vertex -0.000987482 -0.264596 0.16059
         vertex -0.000992051 -0.264583 0.16059
      endloop
   endfacet
   facet normal 2.11965e-17 -5.1682e-17 1
      outer loop
         vertex -0.00268387 -0.26397 0.16059
         vertex -0.0029611 -0.264096 0.16059
         vertex -0.00208818 -0.2645 0.16059
      endloop
   endfacet
   facet normal 2.11965e-17 -5.1682e-17 1
      outer loop
         vertex -0.0013821 -0.264129 0.16059
         vertex -0.00167384 -0.264043 0.16059
         vertex -0.00208818 -0.2645 0.16059
      endloop
   endfacet
   facet normal 2.11965e-17 -5.1682e-17 1
      outer loop
         vertex -0.0029611 -0.264096 0.16059
         vertex -0.00317184 -0.264315 0.16059
         vertex -0.00208818 -0.2645 0.16059
      endloop
   endfacet
   facet normal 2.11965e-17 -5.1682e-17 1
      outer loop
         vertex -0.00317184 -0.264315 0.16059
         vertex -0.00317959 -0.264327 0.16059
         vertex -0.00208818 -0.2645 0.16059
      endloop
   endfacet
   facet normal 2.11965e-17 -5.1682e-17 1
      outer loop
         vertex -0.00167384 -0.264043 0.16059
         vertex -0.00237979 -0.263956 0.16059
         vertex -0.00208818 -0.2645 0.16059
      endloop
   endfacet
   facet normal 0.981234 -0.192821 -3.07641e-17
      outer loop
         vertex -0.00328595 -0.264597 0.16929
         vertex -0.00328595 -0.264597 0.16059
         vertex -0.00317959 -0.264327 0.16059
      endloop
   endfacet
   facet normal 0.849106 -0.528223 -4.52977e-17
      outer loop
         vertex -0.00317959 -0.264327 0.16059
         vertex -0.00317184 -0.264315 0.16929
         vertex -0.00328595 -0.264597 0.16929
      endloop
   endfacet
   facet normal 0.577681 -0.816263 -5.44309e-17
      outer loop
         vertex -0.0029611 -0.264096 0.16929
         vertex -0.00317184 -0.264315 0.16929
         vertex -0.00317184 -0.264315 0.16059
      endloop
   endfacet
   facet normal 0.233278 -0.97241 -5.52008e-17
      outer loop
         vertex -0.00268387 -0.26397 0.16929
         vertex -0.0029611 -0.264096 0.16929
         vertex -0.0029611 -0.264096 0.16059
      endloop
   endfacet
   facet normal -0.144484 -0.989507 -4.80772e-17
      outer loop
         vertex -0.00237979 -0.263956 0.16929
         vertex -0.00268387 -0.26397 0.16929
         vertex -0.00268387 -0.26397 0.16059
      endloop
   endfacet
   facet normal 0.233278 -0.97241 -5.52008e-17
      outer loop
         vertex -0.00268387 -0.26397 0.16059
         vertex -0.00237979 -0.263956 0.16059
         vertex -0.00237979 -0.263956 0.16929
      endloop
   endfacet
   facet normal 0.577681 -0.816263 -5.44309e-17
      outer loop
         vertex -0.0029611 -0.264096 0.16059
         vertex -0.00268387 -0.26397 0.16059
         vertex -0.00268387 -0.26397 0.16929
      endloop
   endfacet
   facet normal 0.839478 -0.543393 -4.58777e-17
      outer loop
         vertex -0.00317184 -0.264315 0.16059
         vertex -0.0029611 -0.264096 0.16059
         vertex -0.0029611 -0.264096 0.16929
      endloop
   endfacet
   facet normal 0.849106 -0.528223 -4.52977e-17
      outer loop
         vertex -0.00317959 -0.264327 0.16059
         vertex -0.00317184 -0.264315 0.16059
         vertex -0.00317184 -0.264315 0.16929
      endloop
   endfacet
   facet normal 0.761872 -0.647727 -4.96249e-17
      outer loop
         vertex -0.00452161 -0.267095 0.16059
         vertex -0.00452161 -0.267095 0.17329
         vertex -0.00533036 -0.267934 0.17329
      endloop
   endfacet
   facet normal 0.918877 -0.394544 -3.98678e-17
      outer loop
         vertex -0.00353182 -0.26557 0.16059
         vertex -0.00353182 -0.26557 0.17329
         vertex -0.00452161 -0.267095 0.17329
      endloop
   endfacet
   facet normal 0.930893 -0.365292 -3.86107e-17
      outer loop
         vertex -0.00349208 -0.265474 0.16059
         vertex -0.00349208 -0.265474 0.17329
         vertex -0.00353182 -0.26557 0.17329
      endloop
   endfacet
   facet normal 0.930893 -0.365292 -3.86107e-17
      outer loop
         vertex -0.00349208 -0.265474 0.17329
         vertex -0.00349208 -0.265474 0.16059
         vertex -0.00337422 -0.265046 0.16929
      endloop
   endfacet
   facet normal 0.981234 -0.192821 -3.07641e-17
      outer loop
         vertex -0.00328595 -0.264597 0.16059
         vertex -0.00328595 -0.264597 0.16929
         vertex -0.00337422 -0.265046 0.16929
      endloop
   endfacet
   facet normal 0.981003 -0.193993 -3.08198e-17
      outer loop
         vertex -0.00337422 -0.265046 0.16929
         vertex -0.00349208 -0.265474 0.16059
         vertex -0.00328595 -0.264597 0.16059
      endloop
   endfacet
   facet normal 0.981003 -0.193993 -3.08198e-17
      outer loop
         vertex -0.00337422 -0.265046 0.16929
         vertex -0.00337422 -0.265046 0.17329
         vertex -0.00349208 -0.265474 0.17329
      endloop
   endfacet
   facet normal 0.918877 -0.394544 -3.98678e-17
      outer loop
         vertex -0.00353182 -0.26557 0.17329
         vertex -0.00353182 -0.26557 0.16059
         vertex -0.00349208 -0.265474 0.16059
      endloop
   endfacet
   facet normal 0.761872 -0.647727 -4.96249e-17
      outer loop
         vertex -0.00452161 -0.267095 0.17329
         vertex -0.00452161 -0.267095 0.16059
         vertex -0.00353182 -0.26557 0.16059
      endloop
   endfacet
   facet normal 0.677772 -0.735273 -5.23668e-17
      outer loop
         vertex -0.00533036 -0.267934 0.17329
         vertex -0.00533036 -0.267934 0.16059
         vertex -0.00452161 -0.267095 0.16059
      endloop
   endfacet
   facet normal -0.324658 -0.945832 -4.20009e-17
      outer loop
         vertex -0.00663345 -0.267535 0.17329
         vertex -0.00663345 -0.267535 0.16059
         vertex -0.00533036 -0.267934 0.16059
      endloop
   endfacet
   facet normal -0.259503 -0.965742 -4.44109e-17
      outer loop
         vertex -0.00533036 -0.267934 0.16059
         vertex -0.00533036 -0.267934 0.17329
         vertex -0.00663345 -0.267535 0.17329
      endloop
   endfacet
   facet normal -2.11965e-17 5.1682e-17 -1
      outer loop
         vertex -0.0068353 -0.266388 0.16059
         vertex -0.00452161 -0.267095 0.16059
         vertex -0.00533036 -0.267934 0.16059
      endloop
   endfacet
   facet normal -2.11965e-17 5.1682e-17 -1
      outer loop
         vertex -0.00533036 -0.267934 0.16059
         vertex -0.00663345 -0.267535 0.16059
         vertex -0.0068353 -0.266388 0.16059
      endloop
   endfacet
   facet normal -2.11965e-17 5.1682e-17 -1
      outer loop
         vertex -0.0068037 -0.26457 0.16059
         vertex -0.00353182 -0.26557 0.16059
         vertex -0.00452161 -0.267095 0.16059
      endloop
   endfacet
   facet normal -2.11965e-17 5.1682e-17 -1
      outer loop
         vertex -0.0068037 -0.26457 0.16059
         vertex -0.00349208 -0.265474 0.16059
         vertex -0.00353182 -0.26557 0.16059
      endloop
   endfacet
   facet normal -2.11965e-17 5.1682e-17 -1
      outer loop
         vertex -0.0068353 -0.266388 0.16059
         vertex -0.0068037 -0.26457 0.16059
         vertex -0.00452161 -0.267095 0.16059
      endloop
   endfacet
   facet normal -2.11965e-17 5.1682e-17 -1
      outer loop
         vertex -0.00349208 -0.265474 0.16059
         vertex -0.00678264 -0.264468 0.16059
         vertex -0.00646376 -0.263626 0.16059
      endloop
   endfacet
   facet normal -2.11965e-17 5.1682e-17 -1
      outer loop
         vertex -0.00317959 -0.264327 0.16059
         vertex -0.00328595 -0.264597 0.16059
         vertex -0.00646376 -0.263626 0.16059
      endloop
   endfacet
   facet normal -2.11965e-17 5.1682e-17 -1
      outer loop
         vertex -0.00646376 -0.263626 0.16059
         vertex -0.00328595 -0.264597 0.16059
         vertex -0.00349208 -0.265474 0.16059
      endloop
   endfacet
   facet normal -2.11965e-17 5.1682e-17 -1
      outer loop
         vertex -0.0068037 -0.26457 0.16059
         vertex -0.00678264 -0.264468 0.16059
         vertex -0.00349208 -0.265474 0.16059
      endloop
   endfacet
   facet normal -2.11965e-17 5.1682e-17 -1
      outer loop
         vertex -0.00646376 -0.263626 0.16059
         vertex -0.00640104 -0.263343 0.16059
         vertex -0.00317959 -0.264327 0.16059
      endloop
   endfacet
   facet normal -0.976069 0.21746 3.1928e-17
      outer loop
         vertex -0.00678264 -0.264468 0.16059
         vertex -0.00678264 -0.264468 0.17329
         vertex -0.00646376 -0.263626 0.17329
      endloop
   endfacet
   facet normal -0.982457 0.186488 3.04628e-17
      outer loop
         vertex -0.0068037 -0.26457 0.16059
         vertex -0.0068037 -0.26457 0.17329
         vertex -0.00678264 -0.264468 0.17329
      endloop
   endfacet
   facet normal -0.993797 -0.111209 1.53175e-17
      outer loop
         vertex -0.0068353 -0.266388 0.16059
         vertex -0.0068353 -0.266388 0.17329
         vertex -0.0068037 -0.26457 0.17329
      endloop
   endfacet
   facet normal -0.972999 -0.230811 8.69541e-18
      outer loop
         vertex -0.00663345 -0.267535 0.16059
         vertex -0.00663345 -0.267535 0.17329
         vertex -0.0068353 -0.266388 0.17329
      endloop
   endfacet
   facet normal -0.993797 -0.111209 1.53175e-17
      outer loop
         vertex -0.0068353 -0.266388 0.17329
         vertex -0.0068353 -0.266388 0.16059
         vertex -0.00663345 -0.267535 0.16059
      endloop
   endfacet
   facet normal -0.982457 0.186488 3.04628e-17
      outer loop
         vertex -0.0068037 -0.26457 0.17329
         vertex -0.0068037 -0.26457 0.16059
         vertex -0.0068353 -0.266388 0.16059
      endloop
   endfacet
   facet normal -0.976069 0.21746 3.1928e-17
      outer loop
         vertex -0.00678264 -0.264468 0.17329
         vertex -0.00678264 -0.264468 0.16059
         vertex -0.0068037 -0.26457 0.16059
      endloop
   endfacet
   facet normal -0.921403 0.388609 3.96146e-17
      outer loop
         vertex -0.00646376 -0.263626 0.17329
         vertex -0.00646376 -0.263626 0.16059
         vertex -0.00678264 -0.264468 0.16059
      endloop
   endfacet
   facet normal -0.736989 -0.675905 -1.93105e-17
      outer loop
         vertex -0.00661221 -0.262769 0.17329
         vertex -0.00685666 -0.262588 0.17329
         vertex -0.00685666 -0.262588 0.16059
      endloop
   endfacet
   facet normal -0.935278 -0.353915 1.53358e-18
      outer loop
         vertex -0.00645259 -0.263029 0.17329
         vertex -0.00661221 -0.262769 0.17329
         vertex -0.00661221 -0.262769 0.16059
      endloop
   endfacet
   facet normal -0.999825 0.0186829 2.21584e-17
      outer loop
         vertex -0.00640064 -0.263328 0.17329
         vertex -0.00645259 -0.263029 0.17329
         vertex -0.00645259 -0.263029 0.16059
      endloop
   endfacet
   facet normal -0.999825 0.0186829 2.21584e-17
      outer loop
         vertex -0.00640064 -0.263328 0.17329
         vertex -0.00640064 -0.263328 0.16059
         vertex -0.00640104 -0.263343 0.16059
      endloop
   endfacet
   facet normal -0.999328 0.0366437 2.30761e-17
      outer loop
         vertex -0.00640104 -0.263343 0.16059
         vertex -0.00646376 -0.263626 0.17329
         vertex -0.00640064 -0.263328 0.17329
      endloop
   endfacet
   facet normal -0.999328 0.0366437 2.30761e-17
      outer loop
         vertex -0.00640104 -0.263343 0.16059
         vertex -0.00646376 -0.263626 0.16059
         vertex -0.00646376 -0.263626 0.17329
      endloop
   endfacet
   facet normal -0.935278 -0.353915 1.53358e-18
      outer loop
         vertex -0.00645259 -0.263029 0.16059
         vertex -0.00640064 -0.263328 0.16059
         vertex -0.00640064 -0.263328 0.17329
      endloop
   endfacet
   facet normal -0.736989 -0.675905 -1.93105e-17
      outer loop
         vertex -0.00661221 -0.262769 0.16059
         vertex -0.00645259 -0.263029 0.16059
         vertex -0.00645259 -0.263029 0.17329
      endloop
   endfacet
   facet normal -0.433314 -0.901243 -3.73933e-17
      outer loop
         vertex -0.00685666 -0.262588 0.16059
         vertex -0.00661221 -0.262769 0.16059
         vertex -0.00661221 -0.262769 0.17329
      endloop
   endfacet
   facet normal -0.474202 -0.880416 -3.54503e-17
      outer loop
         vertex -0.00749041 -0.262265 0.17329
         vertex -0.00749041 -0.262265 0.16059
         vertex -0.00685666 -0.262588 0.16059
      endloop
   endfacet
   facet normal -0.433314 -0.901243 -3.73933e-17
      outer loop
         vertex -0.00685666 -0.262588 0.16059
         vertex -0.00685666 -0.262588 0.17329
         vertex -0.00749041 -0.262265 0.17329
      endloop
   endfacet
   facet normal 2.11965e-17 -5.1682e-17 1
      outer loop
         vertex -0.0080173 -0.262545 0.16059
         vertex -0.00645259 -0.263029 0.16059
         vertex -0.00661221 -0.262769 0.16059
      endloop
   endfacet
   facet normal 2.11965e-17 -5.1682e-17 1
      outer loop
         vertex -0.0080173 -0.262545 0.16059
         vertex -0.00640064 -0.263328 0.16059
         vertex -0.00645259 -0.263029 0.16059
      endloop
   endfacet
   facet normal 2.11965e-17 -5.1682e-17 1
      outer loop
         vertex -0.0080173 -0.262545 0.16059
         vertex -0.00685666 -0.262588 0.16059
         vertex -0.00749041 -0.262265 0.16059
      endloop
   endfacet
   facet normal 2.11965e-17 -5.1682e-17 1
      outer loop
         vertex -0.0080173 -0.262545 0.16059
         vertex -0.00640104 -0.263343 0.16059
         vertex -0.00640064 -0.263328 0.16059
      endloop
   endfacet
   facet normal 2.11965e-17 -5.1682e-17 1
      outer loop
         vertex -0.0080173 -0.262545 0.16059
         vertex -0.00778087 -0.262174 0.16059
         vertex -0.00808437 -0.262197 0.16059
      endloop
   endfacet
   facet normal 2.11965e-17 -5.1682e-17 1
      outer loop
         vertex -0.00661221 -0.262769 0.16059
         vertex -0.00685666 -0.262588 0.16059
         vertex -0.0080173 -0.262545 0.16059
      endloop
   endfacet
   facet normal 2.11965e-17 -5.1682e-17 1
      outer loop
         vertex -0.00808437 -0.262197 0.16059
         vertex -0.00835753 -0.262332 0.16059
         vertex -0.0080173 -0.262545 0.16059
      endloop
   endfacet
   facet normal 2.11965e-17 -5.1682e-17 1
      outer loop
         vertex -0.00835753 -0.262332 0.16059
         vertex -0.00836899 -0.262341 0.16059
         vertex -0.0080173 -0.262545 0.16059
      endloop
   endfacet
   facet normal 2.11965e-17 -5.1682e-17 1
      outer loop
         vertex -0.00749041 -0.262265 0.16059
         vertex -0.00778087 -0.262174 0.16059
         vertex -0.0080173 -0.262545 0.16059
      endloop
   endfacet
   facet normal 0.85611 -0.516794 -4.48555e-17
      outer loop
         vertex -0.00856127 -0.262558 0.17329
         vertex -0.00856127 -0.262558 0.16059
         vertex -0.00836899 -0.262341 0.16059
      endloop
   endfacet
   facet normal 0.617236 -0.786778 -5.37455e-17
      outer loop
         vertex -0.00836899 -0.262341 0.16059
         vertex -0.00835753 -0.262332 0.17329
         vertex -0.00856127 -0.262558 0.17329
      endloop
   endfacet
   facet normal 0.263664 -0.964615 -5.5442e-17
      outer loop
         vertex -0.00808437 -0.262197 0.17329
         vertex -0.00835753 -0.262332 0.17329
         vertex -0.00835753 -0.262332 0.16059
      endloop
   endfacet
   facet normal -0.113375 -0.993552 -4.89456e-17
      outer loop
         vertex -0.00778087 -0.262174 0.17329
         vertex -0.00808437 -0.262197 0.17329
         vertex -0.00808437 -0.262197 0.16059
      endloop
   endfacet
   facet normal -0.474202 -0.880416 -3.54503e-17
      outer loop
         vertex -0.00749041 -0.262265 0.17329
         vertex -0.00778087 -0.262174 0.17329
         vertex -0.00778087 -0.262174 0.16059
      endloop
   endfacet
   facet normal -0.113375 -0.993552 -4.89456e-17
      outer loop
         vertex -0.00778087 -0.262174 0.16059
         vertex -0.00749041 -0.262265 0.16059
         vertex -0.00749041 -0.262265 0.17329
      endloop
   endfacet
   facet normal 0.263664 -0.964615 -5.5442e-17
      outer loop
         vertex -0.00808437 -0.262197 0.16059
         vertex -0.00778087 -0.262174 0.16059
         vertex -0.00778087 -0.262174 0.17329
      endloop
   endfacet
   facet normal 0.603 -0.797741 -5.40104e-17
      outer loop
         vertex -0.00835753 -0.262332 0.16059
         vertex -0.00808437 -0.262197 0.16059
         vertex -0.00808437 -0.262197 0.17329
      endloop
   endfacet
   facet normal 0.617236 -0.786778 -5.37455e-17
      outer loop
         vertex -0.00836899 -0.262341 0.16059
         vertex -0.00835753 -0.262332 0.16059
         vertex -0.00835753 -0.262332 0.17329
      endloop
   endfacet
   facet normal 0.49439 -0.86924 -5.54034e-17
      outer loop
         vertex -0.0105766 -0.264482 0.16059
         vertex -0.0105766 -0.264482 0.17329
         vertex -0.0116234 -0.264994 0.17329
      endloop
   endfacet
   facet normal 0.72852 -0.685024 -5.08455e-17
      outer loop
         vertex -0.00912505 -0.263388 0.16059
         vertex -0.00912505 -0.263388 0.17329
         vertex -0.0105766 -0.264482 0.17329
      endloop
   endfacet
   facet normal 0.749816 -0.661646 -5.00887e-17
      outer loop
         vertex -0.00905465 -0.263311 0.16059
         vertex -0.00905465 -0.263311 0.17329
         vertex -0.00912505 -0.263388 0.17329
      endloop
   endfacet
   facet normal 0.85611 -0.516794 -4.48555e-17
      outer loop
         vertex -0.00856127 -0.262558 0.16059
         vertex -0.00856127 -0.262558 0.17329
         vertex -0.00905465 -0.263311 0.17329
      endloop
   endfacet
   facet normal 0.749816 -0.661646 -5.00887e-17
      outer loop
         vertex -0.00905465 -0.263311 0.17329
         vertex -0.00905465 -0.263311 0.16059
         vertex -0.00856127 -0.262558 0.16059
      endloop
   endfacet
   facet normal 0.72852 -0.685024 -5.08455e-17
      outer loop
         vertex -0.00912505 -0.263388 0.17329
         vertex -0.00912505 -0.263388 0.16059
         vertex -0.00905465 -0.263311 0.16059
      endloop
   endfacet
   facet normal 0.49439 -0.86924 -5.54034e-17
      outer loop
         vertex -0.0105766 -0.264482 0.17329
         vertex -0.0105766 -0.264482 0.16059
         vertex -0.00912505 -0.263388 0.16059
      endloop
   endfacet
   facet normal 0.385419 -0.922742 -5.58587e-17
      outer loop
         vertex -0.0116234 -0.264994 0.17329
         vertex -0.0116234 -0.264994 0.16059
         vertex -0.0105766 -0.264482 0.16059
      endloop
   endfacet
   facet normal -0.628572 -0.777751 -2.68722e-17
      outer loop
         vertex -0.0127117 -0.264174 0.17329
         vertex -0.0127117 -0.264174 0.16059
         vertex -0.0116234 -0.264994 0.16059
      endloop
   endfacet
   facet normal -0.574157 -0.818746 -3.01443e-17
      outer loop
         vertex -0.0116234 -0.264994 0.16059
         vertex -0.0116234 -0.264994 0.17329
         vertex -0.0127117 -0.264174 0.17329
      endloop
   endfacet
   facet normal -2.11965e-17 5.1682e-17 -1
      outer loop
         vertex -0.0105766 -0.264482 0.16059
         vertex -0.0116234 -0.264994 0.16059
         vertex -0.0127117 -0.264174 0.16059
      endloop
   endfacet
   facet normal -2.11965e-17 5.1682e-17 -1
      outer loop
         vertex -0.0127117 -0.264174 0.16059
         vertex -0.012509 -0.263026 0.16059
         vertex -0.0105766 -0.264482 0.16059
      endloop
   endfacet
   facet normal -2.11965e-17 5.1682e-17 -1
      outer loop
         vertex -0.0118576 -0.261329 0.16059
         vertex -0.00912505 -0.263388 0.16059
         vertex -0.0105766 -0.264482 0.16059
      endloop
   endfacet
   facet normal -2.11965e-17 5.1682e-17 -1
      outer loop
         vertex -0.012509 -0.263026 0.16059
         vertex -0.0118576 -0.261329 0.16059
         vertex -0.0105766 -0.264482 0.16059
      endloop
   endfacet
   facet normal -2.11965e-17 5.1682e-17 -1
      outer loop
         vertex -0.00905465 -0.263311 0.16059
         vertex -0.0118028 -0.26124 0.16059
         vertex -0.0112153 -0.260558 0.16059
      endloop
   endfacet
   facet normal -2.11965e-17 5.1682e-17 -1
      outer loop
         vertex -0.0118028 -0.26124 0.16059
         vertex -0.00905465 -0.263311 0.16059
         vertex -0.00912505 -0.263388 0.16059
      endloop
   endfacet
   facet normal -2.11965e-17 5.1682e-17 -1
      outer loop
         vertex -0.0118576 -0.261329 0.16059
         vertex -0.0118028 -0.26124 0.16059
         vertex -0.00912505 -0.263388 0.16059
      endloop
   endfacet
   facet normal -2.11965e-17 5.1682e-17 -1
      outer loop
         vertex -0.0110595 -0.260314 0.16059
         vertex -0.00836899 -0.262341 0.16059
         vertex -0.00856127 -0.262558 0.16059
      endloop
   endfacet
   facet normal -2.11965e-17 5.1682e-17 -1
      outer loop
         vertex -0.00856127 -0.262558 0.16059
         vertex -0.0112153 -0.260558 0.16059
         vertex -0.0110595 -0.260314 0.16059
      endloop
   endfacet
   facet normal -2.11965e-17 5.1682e-17 -1
      outer loop
         vertex -0.0112153 -0.260558 0.16059
         vertex -0.00856127 -0.262558 0.16059
         vertex -0.00905465 -0.263311 0.16059
      endloop
   endfacet
   facet normal -0.842829 0.538181 4.56793e-17
      outer loop
         vertex -0.0118028 -0.26124 0.16059
         vertex -0.0118028 -0.26124 0.17329
         vertex -0.0112153 -0.260558 0.17329
      endloop
   endfacet
   facet normal -0.859425 0.511262 4.46399e-17
      outer loop
         vertex -0.0118576 -0.261329 0.16059
         vertex -0.0118576 -0.261329 0.17329
         vertex -0.0118028 -0.26124 0.17329
      endloop
   endfacet
   facet normal -0.971899 0.235396 3.27666e-17
      outer loop
         vertex -0.012509 -0.263026 0.16059
         vertex -0.012509 -0.263026 0.17329
         vertex -0.0118576 -0.261329 0.17329
      endloop
   endfacet
   facet normal -0.993262 0.115894 2.70433e-17
      outer loop
         vertex -0.0127117 -0.264174 0.16059
         vertex -0.0127117 -0.264174 0.17329
         vertex -0.012509 -0.263026 0.17329
      endloop
   endfacet
   facet normal -0.971899 0.235396 3.27666e-17
      outer loop
         vertex -0.012509 -0.263026 0.17329
         vertex -0.012509 -0.263026 0.16059
         vertex -0.0127117 -0.264174 0.16059
      endloop
   endfacet
   facet normal -0.859425 0.511262 4.46399e-17
      outer loop
         vertex -0.0118576 -0.261329 0.17329
         vertex -0.0118576 -0.261329 0.16059
         vertex -0.012509 -0.263026 0.16059
      endloop
   endfacet
   facet normal -0.842829 0.538181 4.56793e-17
      outer loop
         vertex -0.0118028 -0.26124 0.17329
         vertex -0.0118028 -0.26124 0.16059
         vertex -0.0118576 -0.261329 0.16059
      endloop
   endfacet
   facet normal -0.732923 0.680312 5.06953e-17
      outer loop
         vertex -0.0112153 -0.260558 0.17329
         vertex -0.0112153 -0.260558 0.16059
         vertex -0.0118028 -0.26124 0.16059
      endloop
   endfacet
   facet normal -0.923716 -0.383078 -2.18666e-19
      outer loop
         vertex -0.0110617 -0.259702 0.17329
         vertex -0.0112294 -0.259448 0.17329
         vertex -0.0112294 -0.259448 0.16059
      endloop
   endfacet
   facet normal -0.99992 -0.0126877 2.05391e-17
      outer loop
         vertex -0.0110004 -0.260001 0.17329
         vertex -0.0110617 -0.259702 0.17329
         vertex -0.0110617 -0.259702 0.16059
      endloop
   endfacet
   facet normal -0.933139 0.359517 3.83598e-17
      outer loop
         vertex -0.0110541 -0.2603 0.17329
         vertex -0.0110004 -0.260001 0.17329
         vertex -0.0110004 -0.260001 0.16059
      endloop
   endfacet
   facet normal -0.933139 0.359517 3.83598e-17
      outer loop
         vertex -0.0110541 -0.2603 0.17329
         vertex -0.0110541 -0.2603 0.16059
         vertex -0.0110595 -0.260314 0.16059
      endloop
   endfacet
   facet normal -0.926529 0.376224 3.90832e-17
      outer loop
         vertex -0.0110595 -0.260314 0.16059
         vertex -0.0112153 -0.260558 0.17329
         vertex -0.0110541 -0.2603 0.17329
      endloop
   endfacet
   facet normal -0.926529 0.376224 3.90832e-17
      outer loop
         vertex -0.0110595 -0.260314 0.16059
         vertex -0.0112153 -0.260558 0.16059
         vertex -0.0112153 -0.260558 0.17329
      endloop
   endfacet
   facet normal -0.99992 -0.0126877 2.05391e-17
      outer loop
         vertex -0.0110004 -0.260001 0.16059
         vertex -0.0110541 -0.2603 0.16059
         vertex -0.0110541 -0.2603 0.17329
      endloop
   endfacet
   facet normal -0.923716 -0.383078 -2.18666e-19
      outer loop
         vertex -0.0110617 -0.259702 0.16059
         vertex -0.0110004 -0.260001 0.16059
         vertex -0.0110004 -0.260001 0.17329
      endloop
   endfacet
   facet normal -0.715425 -0.698689 -2.09451e-17
      outer loop
         vertex -0.0112294 -0.259448 0.16059
         vertex -0.0110617 -0.259702 0.16059
         vertex -0.0110617 -0.259702 0.17329
      endloop
   endfacet
   facet normal -0.746724 -0.665134 -1.85475e-17
      outer loop
         vertex -0.0117145 -0.258928 0.17329
         vertex -0.0117145 -0.258928 0.16059
         vertex -0.0112294 -0.259448 0.16059
      endloop
   endfacet
   facet normal -0.715425 -0.698689 -2.09451e-17
      outer loop
         vertex -0.0112294 -0.259448 0.16059
         vertex -0.0112294 -0.259448 0.17329
         vertex -0.0117145 -0.258928 0.17329
      endloop
   endfacet
   facet normal 2.11965e-17 -5.1682e-17 1
      outer loop
         vertex -0.0110541 -0.2603 0.16059
         vertex -0.0110004 -0.260001 0.16059
         vertex -0.0110617 -0.259702 0.16059
      endloop
   endfacet
   facet normal 2.11965e-17 -5.1682e-17 1
      outer loop
         vertex -0.0125521 -0.258694 0.16059
         vertex -0.0117145 -0.258928 0.16059
         vertex -0.0119563 -0.258743 0.16059
      endloop
   endfacet
   facet normal 2.11965e-17 -5.1682e-17 1
      outer loop
         vertex -0.0110595 -0.260314 0.16059
         vertex -0.0112294 -0.259448 0.16059
         vertex -0.0117145 -0.258928 0.16059
      endloop
   endfacet
   facet normal 2.11965e-17 -5.1682e-17 1
      outer loop
         vertex -0.0112294 -0.259448 0.16059
         vertex -0.0110595 -0.260314 0.16059
         vertex -0.0110541 -0.2603 0.16059
      endloop
   endfacet
   facet normal 2.11965e-17 -5.1682e-17 1
      outer loop
         vertex -0.0119563 -0.258743 0.16059
         vertex -0.0122495 -0.258661 0.16059
         vertex -0.0125521 -0.258694 0.16059
      endloop
   endfacet
   facet normal 2.11965e-17 -5.1682e-17 1
      outer loop
         vertex -0.0110617 -0.259702 0.16059
         vertex -0.0112294 -0.259448 0.16059
         vertex -0.0110541 -0.2603 0.16059
      endloop
   endfacet
   facet normal 2.11965e-17 -5.1682e-17 1
      outer loop
         vertex -0.0117145 -0.258928 0.16059
         vertex -0.0125659 -0.258699 0.16059
         vertex -0.0110595 -0.260314 0.16059
      endloop
   endfacet
   facet normal 2.11965e-17 -5.1682e-17 1
      outer loop
         vertex -0.0125521 -0.258694 0.16059
         vertex -0.0125659 -0.258699 0.16059
         vertex -0.0117145 -0.258928 0.16059
      endloop
   endfacet
   facet normal 0.627726 -0.778434 -5.35367e-17
      outer loop
         vertex -0.0128209 -0.258837 0.17329
         vertex -0.0128209 -0.258837 0.16059
         vertex -0.0125659 -0.258699 0.16059
      endloop
   endfacet
   facet normal 0.310918 -0.950437 -5.57109e-17
      outer loop
         vertex -0.0125659 -0.258699 0.16059
         vertex -0.0125521 -0.258694 0.17329
         vertex -0.0128209 -0.258837 0.17329
      endloop
   endfacet
   facet normal -0.0821543 -0.99662 -4.97659e-17
      outer loop
         vertex -0.0122495 -0.258661 0.17329
         vertex -0.0125521 -0.258694 0.17329
         vertex -0.0125521 -0.258694 0.16059
      endloop
   endfacet
   facet normal -0.446352 -0.894857 -3.67869e-17
      outer loop
         vertex -0.0119563 -0.258743 0.17329
         vertex -0.0122495 -0.258661 0.17329
         vertex -0.0122495 -0.258661 0.16059
      endloop
   endfacet
   facet normal -0.746724 -0.665134 -1.85475e-17
      outer loop
         vertex -0.0117145 -0.258928 0.17329
         vertex -0.0119563 -0.258743 0.17329
         vertex -0.0119563 -0.258743 0.16059
      endloop
   endfacet
   facet normal -0.446352 -0.894857 -3.67869e-17
      outer loop
         vertex -0.0119563 -0.258743 0.16059
         vertex -0.0117145 -0.258928 0.16059
         vertex -0.0117145 -0.258928 0.17329
      endloop
   endfacet
   facet normal -0.0821543 -0.99662 -4.97659e-17
      outer loop
         vertex -0.0122495 -0.258661 0.16059
         vertex -0.0119563 -0.258743 0.16059
         vertex -0.0119563 -0.258743 0.17329
      endloop
   endfacet
   facet normal 0.293791 -0.95587 -5.56286e-17
      outer loop
         vertex -0.0125521 -0.258694 0.16059
         vertex -0.0122495 -0.258661 0.16059
         vertex -0.0122495 -0.258661 0.17329
      endloop
   endfacet
   facet normal 0.310918 -0.950437 -5.57109e-17
      outer loop
         vertex -0.0125659 -0.258699 0.16059
         vertex -0.0125521 -0.258694 0.16059
         vertex -0.0125521 -0.258694 0.17329
      endloop
   endfacet
   facet normal 0.167277 -0.98591 -5.44995e-17
      outer loop
         vertex -0.0153729 -0.259956 0.16059
         vertex -0.0153729 -0.259956 0.17329
         vertex -0.0165315 -0.260079 0.17329
      endloop
   endfacet
   facet normal 0.450293 -0.892881 -5.56905e-17
      outer loop
         vertex -0.0136346 -0.259424 0.16059
         vertex -0.0136346 -0.259424 0.17329
         vertex -0.0153729 -0.259956 0.17329
      endloop
   endfacet
   facet normal 0.4783 -0.878196 -5.55253e-17
      outer loop
         vertex -0.013542 -0.259376 0.16059
         vertex -0.013542 -0.259376 0.17329
         vertex -0.0136346 -0.259424 0.17329
      endloop
   endfacet
   facet normal 0.627726 -0.778434 -5.35367e-17
      outer loop
         vertex -0.0128209 -0.258837 0.16059
         vertex -0.0128209 -0.258837 0.17329
         vertex -0.013542 -0.259376 0.17329
      endloop
   endfacet
   facet normal 0.4783 -0.878196 -5.55253e-17
      outer loop
         vertex -0.013542 -0.259376 0.17329
         vertex -0.013542 -0.259376 0.16059
         vertex -0.0128209 -0.258837 0.16059
      endloop
   endfacet
   facet normal 0.450293 -0.892881 -5.56905e-17
      outer loop
         vertex -0.0136346 -0.259424 0.17329
         vertex -0.0136346 -0.259424 0.16059
         vertex -0.013542 -0.259376 0.16059
      endloop
   endfacet
   facet normal 0.167277 -0.98591 -5.44995e-17
      outer loop
         vertex -0.0153729 -0.259956 0.17329
         vertex -0.0153729 -0.259956 0.16059
         vertex -0.0136346 -0.259424 0.16059
      endloop
   endfacet
   facet normal 0.046579 -0.998915 -5.26132e-17
      outer loop
         vertex -0.0165315 -0.260079 0.17329
         vertex -0.0165315 -0.260079 0.16059
         vertex -0.0153729 -0.259956 0.16059
      endloop
   endfacet
   facet normal -0.856671 -0.515863 -8.50239e-18
      outer loop
         vertex -0.0172737 -0.258936 0.17329
         vertex -0.0172737 -0.258936 0.16059
         vertex -0.0165315 -0.260079 0.16059
      endloop
   endfacet
   facet normal -0.819558 -0.572996 -1.22418e-17
      outer loop
         vertex -0.0165315 -0.260079 0.16059
         vertex -0.0165315 -0.260079 0.17329
         vertex -0.0172737 -0.258936 0.17329
      endloop
   endfacet
   facet normal -2.11965e-17 5.1682e-17 -1
      outer loop
         vertex -0.0153729 -0.259956 0.16059
         vertex -0.0165315 -0.260079 0.16059
         vertex -0.0172737 -0.258936 0.16059
      endloop
   endfacet
   facet normal -2.11965e-17 5.1682e-17 -1
      outer loop
         vertex -0.0172737 -0.258936 0.16059
         vertex -0.0166908 -0.257927 0.16059
         vertex -0.0153729 -0.259956 0.16059
      endloop
   endfacet
   facet normal -2.11965e-17 5.1682e-17 -1
      outer loop
         vertex -0.0154983 -0.256555 0.16059
         vertex -0.0136346 -0.259424 0.16059
         vertex -0.0153729 -0.259956 0.16059
      endloop
   endfacet
   facet normal -2.11965e-17 5.1682e-17 -1
      outer loop
         vertex -0.0154983 -0.256555 0.16059
         vertex -0.013542 -0.259376 0.16059
         vertex -0.0136346 -0.259424 0.16059
      endloop
   endfacet
   facet normal -2.11965e-17 5.1682e-17 -1
      outer loop
         vertex -0.014631 -0.256051 0.16059
         vertex -0.0144009 -0.255874 0.16059
         vertex -0.0127472 -0.258471 0.16059
      endloop
   endfacet
   facet normal -2.11965e-17 5.1682e-17 -1
      outer loop
         vertex -0.0166908 -0.257927 0.16059
         vertex -0.0154983 -0.256555 0.16059
         vertex -0.0153729 -0.259956 0.16059
      endloop
   endfacet
   facet normal -2.11965e-17 5.1682e-17 -1
      outer loop
         vertex -0.013542 -0.259376 0.16059
         vertex -0.0154164 -0.25649 0.16059
         vertex -0.014631 -0.256051 0.16059
      endloop
   endfacet
   facet normal -2.11965e-17 5.1682e-17 -1
      outer loop
         vertex -0.0127472 -0.258471 0.16059
         vertex -0.0128209 -0.258837 0.16059
         vertex -0.014631 -0.256051 0.16059
      endloop
   endfacet
   facet normal -2.11965e-17 5.1682e-17 -1
      outer loop
         vertex -0.014631 -0.256051 0.16059
         vertex -0.0128209 -0.258837 0.16059
         vertex -0.013542 -0.259376 0.16059
      endloop
   endfacet
   facet normal -2.11965e-17 5.1682e-17 -1
      outer loop
         vertex -0.0154983 -0.256555 0.16059
         vertex -0.0154164 -0.25649 0.16059
         vertex -0.013542 -0.259376 0.16059
      endloop
   endfacet
   facet normal -2.11965e-17 5.1682e-17 -1
      outer loop
         vertex -0.0127472 -0.258471 0.16059
         vertex -0.0125659 -0.258699 0.16059
         vertex -0.0128209 -0.258837 0.16059
      endloop
   endfacet
   facet normal -0.632733 0.77437 5.34327e-17
      outer loop
         vertex -0.0154983 -0.256555 0.16059
         vertex -0.0154983 -0.256555 0.17329
         vertex -0.0154164 -0.25649 0.17329
      endloop
   endfacet
   facet normal -0.832776 0.553609 4.62636e-17
      outer loop
         vertex -0.0166908 -0.257927 0.16059
         vertex -0.0166908 -0.257927 0.17329
         vertex -0.0154983 -0.256555 0.17329
      endloop
   endfacet
   facet normal -0.893723 0.44862 4.21294e-17
      outer loop
         vertex -0.0172737 -0.258936 0.16059
         vertex -0.0172737 -0.258936 0.17329
         vertex -0.0166908 -0.257927 0.17329
      endloop
   endfacet
   facet normal -0.456042 0.889958 5.56613e-17
      outer loop
         vertex -0.014631 -0.256051 0.16059
         vertex -0.0154164 -0.25649 0.16059
         vertex -0.0150375 -0.256259 0.16929
      endloop
   endfacet
   facet normal -0.607932 0.793989 5.3921e-17
      outer loop
         vertex -0.0154164 -0.25649 0.17329
         vertex -0.0150375 -0.256259 0.17329
         vertex -0.0150375 -0.256259 0.16929
      endloop
   endfacet
   facet normal -0.457105 0.889413 5.56557e-17
      outer loop
         vertex -0.0150375 -0.256259 0.16929
         vertex -0.0154164 -0.25649 0.16059
         vertex -0.0154164 -0.25649 0.17329
      endloop
   endfacet
   facet normal -0.457105 0.889413 5.56557e-17
      outer loop
         vertex -0.0150375 -0.256259 0.16929
         vertex -0.014631 -0.256051 0.16929
         vertex -0.014631 -0.256051 0.16059
      endloop
   endfacet
   facet normal -0.832776 0.553609 4.62636e-17
      outer loop
         vertex -0.0166908 -0.257927 0.17329
         vertex -0.0166908 -0.257927 0.16059
         vertex -0.0172737 -0.258936 0.16059
      endloop
   endfacet
   facet normal -0.632733 0.77437 5.34327e-17
      outer loop
         vertex -0.0154983 -0.256555 0.17329
         vertex -0.0154983 -0.256555 0.16059
         vertex -0.0166908 -0.257927 0.16059
      endloop
   endfacet
   facet normal -0.607932 0.793989 5.3921e-17
      outer loop
         vertex -0.0154164 -0.25649 0.17329
         vertex -0.0154164 -0.25649 0.16059
         vertex -0.0154983 -0.256555 0.16059
      endloop
   endfacet
   facet normal 0.662369 0.749178 2.46791e-17
      outer loop
         vertex -0.013918 -0.256399 0.17329
         vertex -0.013918 -0.256399 0.16929
         vertex -0.0142616 -0.256201 0.16929
      endloop
   endfacet
   facet normal 0.318745 0.947841 4.223e-17
      outer loop
         vertex -0.0142616 -0.256201 0.17329
         vertex -0.0142616 -0.256201 0.16929
         vertex -0.0146555 -0.256151 0.16929
      endloop
   endfacet
   facet normal -0.0750956 0.997176 5.31278e-17
      outer loop
         vertex -0.0146555 -0.256151 0.17329
         vertex -0.0146555 -0.256151 0.16929
         vertex -0.0150375 -0.256259 0.16929
      endloop
   endfacet
   facet normal -0.457105 0.889413 5.56557e-17
      outer loop
         vertex -0.0150375 -0.256259 0.16929
         vertex -0.0150375 -0.256259 0.17329
         vertex -0.0146555 -0.256151 0.17329
      endloop
   endfacet
   facet normal -0.0750956 0.997176 5.31278e-17
      outer loop
         vertex -0.0146555 -0.256151 0.16929
         vertex -0.0146555 -0.256151 0.17329
         vertex -0.0142616 -0.256201 0.17329
      endloop
   endfacet
   facet normal 0.318745 0.947841 4.223e-17
      outer loop
         vertex -0.0142616 -0.256201 0.16929
         vertex -0.0142616 -0.256201 0.17329
         vertex -0.013918 -0.256399 0.17329
      endloop
   endfacet
   facet normal 0.332343 0.943159 4.16998e-17
      outer loop
         vertex -0.0125567 -0.257199 0.16929
         vertex -0.013918 -0.256399 0.16929
         vertex -0.013918 -0.256399 0.17329
      endloop
   endfacet
   facet normal -0.0463857 0.998924 5.26096e-17
      outer loop
         vertex -0.0109944 -0.257429 0.16929
         vertex -0.0125567 -0.257199 0.16929
         vertex -0.0125567 -0.257199 0.17329
      endloop
   endfacet
   facet normal -0.418317 0.908301 5.58097e-17
      outer loop
         vertex -0.0094602 -0.257056 0.16929
         vertex -0.0109944 -0.257429 0.16929
         vertex -0.0109944 -0.257429 0.17329
      endloop
   endfacet
   facet normal -0.728946 0.684571 5.08311e-17
      outer loop
         vertex -0.00817885 -0.256133 0.16929
         vertex -0.0094602 -0.257056 0.16929
         vertex -0.0094602 -0.257056 0.17329
      endloop
   endfacet
   facet normal -0.932751 0.360521 3.84035e-17
      outer loop
         vertex -0.00733815 -0.254796 0.16929
         vertex -0.00817885 -0.256133 0.16929
         vertex -0.00817885 -0.256133 0.17329
      endloop
   endfacet
   facet normal -0.999866 -0.0163627 2.0348e-17
      outer loop
         vertex -0.00706131 -0.253241 0.16929
         vertex -0.00733815 -0.254796 0.16929
         vertex -0.00733815 -0.254796 0.17329
      endloop
   endfacet
   facet normal -0.920455 -0.390848 -6.89378e-19
      outer loop
         vertex -0.00738888 -0.251697 0.16929
         vertex -0.00706131 -0.253241 0.16929
         vertex -0.00706131 -0.253241 0.17329
      endloop
   endfacet
   facet normal -0.706156 -0.708057 -2.16257e-17
      outer loop
         vertex -0.00827286 -0.250388 0.16929
         vertex -0.00738888 -0.251697 0.16929
         vertex -0.00738888 -0.251697 0.17329
      endloop
   endfacet
   facet normal -0.388373 -0.921502 -3.9393e-17
      outer loop
         vertex -0.00958372 -0.249508 0.16929
         vertex -0.00827286 -0.250388 0.16929
         vertex -0.00827286 -0.250388 0.17329
      endloop
   endfacet
   facet normal -0.013675 -0.999906 -5.13873e-17
      outer loop
         vertex -0.0111293 -0.249184 0.16929
         vertex -0.00958372 -0.249508 0.16929
         vertex -0.00958372 -0.249508 0.17329
      endloop
   endfacet
   facet normal 0.363026 -0.931779 -5.58511e-17
      outer loop
         vertex -0.0126832 -0.249465 0.16929
         vertex -0.0111293 -0.249184 0.16929
         vertex -0.0111293 -0.249184 0.17329
      endloop
   endfacet
   facet normal 0.686528 -0.727103 -5.21302e-17
      outer loop
         vertex -0.0140177 -0.25031 0.16929
         vertex -0.0126832 -0.249465 0.16929
         vertex -0.0126832 -0.249465 0.17329
      endloop
   endfacet
   facet normal 0.909422 -0.415874 -4.07698e-17
      outer loop
         vertex -0.0149371 -0.251593 0.16929
         vertex -0.0140177 -0.25031 0.16929
         vertex -0.0140177 -0.25031 0.17329
      endloop
   endfacet
   facet normal 0.999045 -0.0437005 -2.34348e-17
      outer loop
         vertex -0.0153068 -0.253129 0.16929
         vertex -0.0149371 -0.251593 0.16929
         vertex -0.0149371 -0.251593 0.17329
      endloop
   endfacet
   facet normal 0.909422 -0.415874 -4.07698e-17
      outer loop
         vertex -0.0149371 -0.251593 0.17329
         vertex -0.0153068 -0.253129 0.17329
         vertex -0.0153068 -0.253129 0.16929
      endloop
   endfacet
   facet normal 0.686528 -0.727103 -5.21302e-17
      outer loop
         vertex -0.0140177 -0.25031 0.17329
         vertex -0.0149371 -0.251593 0.17329
         vertex -0.0149371 -0.251593 0.16929
      endloop
   endfacet
   facet normal 0.363026 -0.931779 -5.58511e-17
      outer loop
         vertex -0.0126832 -0.249465 0.17329
         vertex -0.0140177 -0.25031 0.17329
         vertex -0.0140177 -0.25031 0.16929
      endloop
   endfacet
   facet normal -0.013675 -0.999906 -5.13873e-17
      outer loop
         vertex -0.0111293 -0.249184 0.17329
         vertex -0.0126832 -0.249465 0.17329
         vertex -0.0126832 -0.249465 0.16929
      endloop
   endfacet
   facet normal -0.388373 -0.921502 -3.9393e-17
      outer loop
         vertex -0.00958372 -0.249508 0.17329
         vertex -0.0111293 -0.249184 0.17329
         vertex -0.0111293 -0.249184 0.16929
      endloop
   endfacet
   facet normal -0.706156 -0.708057 -2.16257e-17
      outer loop
         vertex -0.00827286 -0.250388 0.17329
         vertex -0.00958372 -0.249508 0.17329
         vertex -0.00958372 -0.249508 0.16929
      endloop
   endfacet
   facet normal -0.920455 -0.390848 -6.89378e-19
      outer loop
         vertex -0.00738888 -0.251697 0.17329
         vertex -0.00827286 -0.250388 0.17329
         vertex -0.00827286 -0.250388 0.16929
      endloop
   endfacet
   facet normal -0.999866 -0.0163627 2.0348e-17
      outer loop
         vertex -0.00706131 -0.253241 0.17329
         vertex -0.00738888 -0.251697 0.17329
         vertex -0.00738888 -0.251697 0.16929
      endloop
   endfacet
   facet normal -0.932751 0.360521 3.84035e-17
      outer loop
         vertex -0.00733815 -0.254796 0.17329
         vertex -0.00706131 -0.253241 0.17329
         vertex -0.00706131 -0.253241 0.16929
      endloop
   endfacet
   facet normal -0.728946 0.684571 5.08311e-17
      outer loop
         vertex -0.00817885 -0.256133 0.17329
         vertex -0.00733815 -0.254796 0.17329
         vertex -0.00733815 -0.254796 0.16929
      endloop
   endfacet
   facet normal -0.418317 0.908301 5.58097e-17
      outer loop
         vertex -0.0094602 -0.257056 0.17329
         vertex -0.00817885 -0.256133 0.17329
         vertex -0.00817885 -0.256133 0.16929
      endloop
   endfacet
   facet normal -0.0463857 0.998924 5.26096e-17
      outer loop
         vertex -0.0109944 -0.257429 0.17329
         vertex -0.0094602 -0.257056 0.17329
         vertex -0.0094602 -0.257056 0.16929
      endloop
   endfacet
   facet normal 0.332343 0.943159 4.16998e-17
      outer loop
         vertex -0.0125567 -0.257199 0.17329
         vertex -0.0109944 -0.257429 0.17329
         vertex -0.0109944 -0.257429 0.16929
      endloop
   endfacet
   facet normal 0.662369 0.749178 2.46791e-17
      outer loop
         vertex -0.013918 -0.256399 0.17329
         vertex -0.0125567 -0.257199 0.17329
         vertex -0.0125567 -0.257199 0.16929
      endloop
   endfacet
   facet normal 0.322499 -0.94657 -5.57565e-17
      outer loop
         vertex -0.0159834 -0.254031 0.17329
         vertex -0.0159834 -0.254031 0.16929
         vertex -0.0156405 -0.253831 0.16929
      endloop
   endfacet
   facet normal 0.665333 -0.746547 -5.26858e-17
      outer loop
         vertex -0.0156405 -0.253831 0.17329
         vertex -0.0156405 -0.253831 0.16929
         vertex -0.0154025 -0.253514 0.16929
      endloop
   endfacet
   facet normal 0.903347 -0.42891 -4.13147e-17
      outer loop
         vertex -0.0154025 -0.253514 0.17329
         vertex -0.0154025 -0.253514 0.16929
         vertex -0.0153068 -0.253129 0.16929
      endloop
   endfacet
   facet normal 0.999045 -0.0437005 -2.34348e-17
      outer loop
         vertex -0.0153068 -0.253129 0.16929
         vertex -0.0153068 -0.253129 0.17329
         vertex -0.0154025 -0.253514 0.17329
      endloop
   endfacet
   facet normal 0.903347 -0.42891 -4.13147e-17
      outer loop
         vertex -0.0154025 -0.253514 0.16929
         vertex -0.0154025 -0.253514 0.17329
         vertex -0.0156405 -0.253831 0.17329
      endloop
   endfacet
   facet normal 0.665333 -0.746547 -5.26858e-17
      outer loop
         vertex -0.0156405 -0.253831 0.16929
         vertex -0.0156405 -0.253831 0.17329
         vertex -0.0159834 -0.254031 0.17329
      endloop
   endfacet
   facet normal 2.11965e-17 -5.1682e-17 1
      outer loop
         vertex -0.00738888 -0.251697 0.16929
         vertex -0.00827286 -0.250388 0.16929
         vertex -0.00929472 -0.251831 0.16929
      endloop
   endfacet
   facet normal 2.11965e-17 -5.1682e-17 1
      outer loop
         vertex -0.00827286 -0.250388 0.16929
         vertex -0.00958372 -0.249508 0.16929
         vertex -0.0100042 -0.25122 0.16929
      endloop
   endfacet
   facet normal 2.11965e-17 -5.1682e-17 1
      outer loop
         vertex -0.0125567 -0.257199 0.16929
         vertex -0.0109944 -0.257429 0.16929
         vertex -0.0114779 -0.255691 0.16929
      endloop
   endfacet
   facet normal 2.11965e-17 -5.1682e-17 1
      outer loop
         vertex -0.00706131 -0.253241 0.16929
         vertex -0.00738888 -0.251697 0.16929
         vertex -0.00887312 -0.252667 0.16929
      endloop
   endfacet
   facet normal 2.11965e-17 -5.1682e-17 1
      outer loop
         vertex -0.0100042 -0.25122 0.16929
         vertex -0.00929472 -0.251831 0.16929
         vertex -0.00827286 -0.250388 0.16929
      endloop
   endfacet
   facet normal 2.11965e-17 -5.1682e-17 1
      outer loop
         vertex -0.0123673 -0.255398 0.16929
         vertex -0.013918 -0.256399 0.16929
         vertex -0.0125567 -0.257199 0.16929
      endloop
   endfacet
   facet normal 2.11965e-17 -5.1682e-17 1
      outer loop
         vertex -0.0141939 -0.255299 0.16929
         vertex -0.0142616 -0.256201 0.16929
         vertex -0.013918 -0.256399 0.16929
      endloop
   endfacet
   facet normal 2.11965e-17 -5.1682e-17 1
      outer loop
         vertex -0.0123673 -0.255398 0.16929
         vertex -0.0147065 -0.254091 0.16929
         vertex -0.0145426 -0.254348 0.16929
      endloop
   endfacet
   facet normal 2.11965e-17 -5.1682e-17 1
      outer loop
         vertex -0.0094602 -0.257056 0.16929
         vertex -0.00817885 -0.256133 0.16929
         vertex -0.00970793 -0.2552 0.16929
      endloop
   endfacet
   facet normal 2.11965e-17 -5.1682e-17 1
      outer loop
         vertex -0.00817885 -0.256133 0.16929
         vertex -0.00733815 -0.254796 0.16929
         vertex -0.00909675 -0.25449 0.16929
      endloop
   endfacet
   facet normal 2.11965e-17 -5.1682e-17 1
      outer loop
         vertex -0.00733815 -0.254796 0.16929
         vertex -0.00706131 -0.253241 0.16929
         vertex -0.00880361 -0.253601 0.16929
      endloop
   endfacet
   facet normal 2.11965e-17 -5.1682e-17 1
      outer loop
         vertex -0.00929472 -0.251831 0.16929
         vertex -0.00887312 -0.252667 0.16929
         vertex -0.00738888 -0.251697 0.16929
      endloop
   endfacet
   facet normal 2.11965e-17 -5.1682e-17 1
      outer loop
         vertex -0.0134984 -0.253951 0.16929
         vertex -0.0135679 -0.253017 0.16929
         vertex -0.0153068 -0.253129 0.16929
      endloop
   endfacet
   facet normal 2.11965e-17 -5.1682e-17 1
      outer loop
         vertex -0.013918 -0.256399 0.16929
         vertex -0.0123673 -0.255398 0.16929
         vertex -0.0141939 -0.255299 0.16929
      endloop
   endfacet
   facet normal 2.11965e-17 -5.1682e-17 1
      outer loop
         vertex -0.0145426 -0.254348 0.16929
         vertex -0.0142646 -0.255003 0.16929
         vertex -0.0123673 -0.255398 0.16929
      endloop
   endfacet
   facet normal 2.11965e-17 -5.1682e-17 1
      outer loop
         vertex -0.0123673 -0.255398 0.16929
         vertex -0.0154025 -0.253514 0.16929
         vertex -0.014954 -0.253914 0.16929
      endloop
   endfacet
   facet normal 2.11965e-17 -5.1682e-17 1
      outer loop
         vertex -0.00909675 -0.25449 0.16929
         vertex -0.00970793 -0.2552 0.16929
         vertex -0.00817885 -0.256133 0.16929
      endloop
   endfacet
   facet normal 2.11965e-17 -5.1682e-17 1
      outer loop
         vertex -0.00887312 -0.252667 0.16929
         vertex -0.00880361 -0.253601 0.16929
         vertex -0.00706131 -0.253241 0.16929
      endloop
   endfacet
   facet normal 2.11965e-17 -5.1682e-17 1
      outer loop
         vertex -0.0126832 -0.249465 0.16929
         vertex -0.0140177 -0.25031 0.16929
         vertex -0.0126636 -0.251418 0.16929
      endloop
   endfacet
   facet normal 2.11965e-17 -5.1682e-17 1
      outer loop
         vertex -0.0140177 -0.25031 0.16929
         vertex -0.0149371 -0.251593 0.16929
         vertex -0.0132748 -0.252127 0.16929
      endloop
   endfacet
   facet normal 2.11965e-17 -5.1682e-17 1
      outer loop
         vertex -0.0149371 -0.251593 0.16929
         vertex -0.0153068 -0.253129 0.16929
         vertex -0.0135679 -0.253017 0.16929
      endloop
   endfacet
   facet normal 2.11965e-17 -5.1682e-17 1
      outer loop
         vertex -0.0154025 -0.253514 0.16929
         vertex -0.0130768 -0.254787 0.16929
         vertex -0.0134984 -0.253951 0.16929
      endloop
   endfacet
   facet normal 2.11965e-17 -5.1682e-17 1
      outer loop
         vertex -0.0142646 -0.255003 0.16929
         vertex -0.0141939 -0.255299 0.16929
         vertex -0.0123673 -0.255398 0.16929
      endloop
   endfacet
   facet normal 2.11965e-17 -5.1682e-17 1
      outer loop
         vertex -0.0154025 -0.253514 0.16929
         vertex -0.0152496 -0.253842 0.16929
         vertex -0.014954 -0.253914 0.16929
      endloop
   endfacet
   facet normal 2.11965e-17 -5.1682e-17 1
      outer loop
         vertex -0.0109944 -0.257429 0.16929
         vertex -0.0094602 -0.257056 0.16929
         vertex -0.0105441 -0.255622 0.16929
      endloop
   endfacet
   facet normal 2.11965e-17 -5.1682e-17 1
      outer loop
         vertex -0.00880361 -0.253601 0.16929
         vertex -0.00909675 -0.25449 0.16929
         vertex -0.00733815 -0.254796 0.16929
      endloop
   endfacet
   facet normal 2.11965e-17 -5.1682e-17 1
      outer loop
         vertex -0.00958372 -0.249508 0.16929
         vertex -0.0111293 -0.249184 0.16929
         vertex -0.0108936 -0.250927 0.16929
      endloop
   endfacet
   facet normal 2.11965e-17 -5.1682e-17 1
      outer loop
         vertex -0.0111293 -0.249184 0.16929
         vertex -0.0126832 -0.249465 0.16929
         vertex -0.0118274 -0.250996 0.16929
      endloop
   endfacet
   facet normal 2.11965e-17 -5.1682e-17 1
      outer loop
         vertex -0.0132748 -0.252127 0.16929
         vertex -0.0126636 -0.251418 0.16929
         vertex -0.0140177 -0.25031 0.16929
      endloop
   endfacet
   facet normal 2.11965e-17 -5.1682e-17 1
      outer loop
         vertex -0.0153068 -0.253129 0.16929
         vertex -0.0154025 -0.253514 0.16929
         vertex -0.0134984 -0.253951 0.16929
      endloop
   endfacet
   facet normal 2.11965e-17 -5.1682e-17 1
      outer loop
         vertex -0.014954 -0.253914 0.16929
         vertex -0.0147065 -0.254091 0.16929
         vertex -0.0123673 -0.255398 0.16929
      endloop
   endfacet
   facet normal 2.11965e-17 -5.1682e-17 1
      outer loop
         vertex -0.0154025 -0.253514 0.16929
         vertex -0.0156405 -0.253831 0.16929
         vertex -0.0155511 -0.253884 0.16929
      endloop
   endfacet
   facet normal 2.11965e-17 -5.1682e-17 1
      outer loop
         vertex -0.0142616 -0.256201 0.16929
         vertex -0.0142383 -0.2556 0.16929
         vertex -0.0143913 -0.255863 0.16929
      endloop
   endfacet
   facet normal 2.11965e-17 -5.1682e-17 1
      outer loop
         vertex -0.00970793 -0.2552 0.16929
         vertex -0.0105441 -0.255622 0.16929
         vertex -0.0094602 -0.257056 0.16929
      endloop
   endfacet
   facet normal 2.11965e-17 -5.1682e-17 1
      outer loop
         vertex -0.0118274 -0.250996 0.16929
         vertex -0.0108936 -0.250927 0.16929
         vertex -0.0111293 -0.249184 0.16929
      endloop
   endfacet
   facet normal 2.11965e-17 -5.1682e-17 1
      outer loop
         vertex -0.0135679 -0.253017 0.16929
         vertex -0.0132748 -0.252127 0.16929
         vertex -0.0149371 -0.251593 0.16929
      endloop
   endfacet
   facet normal 2.11965e-17 -5.1682e-17 1
      outer loop
         vertex -0.0155511 -0.253884 0.16929
         vertex -0.0152496 -0.253842 0.16929
         vertex -0.0154025 -0.253514 0.16929
      endloop
   endfacet
   facet normal 2.11965e-17 -5.1682e-17 1
      outer loop
         vertex -0.0142616 -0.256201 0.16929
         vertex -0.0141939 -0.255299 0.16929
         vertex -0.0142383 -0.2556 0.16929
      endloop
   endfacet
   facet normal 2.11965e-17 -5.1682e-17 1
      outer loop
         vertex -0.0108936 -0.250927 0.16929
         vertex -0.0100042 -0.25122 0.16929
         vertex -0.00958372 -0.249508 0.16929
      endloop
   endfacet
   facet normal 2.11965e-17 -5.1682e-17 1
      outer loop
         vertex -0.0154025 -0.253514 0.16929
         vertex -0.0123673 -0.255398 0.16929
         vertex -0.0130768 -0.254787 0.16929
      endloop
   endfacet
   facet normal 2.11965e-17 -5.1682e-17 1
      outer loop
         vertex -0.0143913 -0.255863 0.16929
         vertex -0.0146555 -0.256151 0.16929
         vertex -0.0142616 -0.256201 0.16929
      endloop
   endfacet
   facet normal 2.11965e-17 -5.1682e-17 1
      outer loop
         vertex -0.0126636 -0.251418 0.16929
         vertex -0.0118274 -0.250996 0.16929
         vertex -0.0126832 -0.249465 0.16929
      endloop
   endfacet
   facet normal 2.11965e-17 -5.1682e-17 1
      outer loop
         vertex -0.0105441 -0.255622 0.16929
         vertex -0.0114779 -0.255691 0.16929
         vertex -0.0109944 -0.257429 0.16929
      endloop
   endfacet
   facet normal 2.11965e-17 -5.1682e-17 1
      outer loop
         vertex -0.0146555 -0.256151 0.16929
         vertex -0.0143913 -0.255863 0.16929
         vertex -0.014631 -0.256051 0.16929
      endloop
   endfacet
   facet normal 2.11965e-17 -5.1682e-17 1
      outer loop
         vertex -0.014631 -0.256051 0.16929
         vertex -0.0150375 -0.256259 0.16929
         vertex -0.0146555 -0.256151 0.16929
      endloop
   endfacet
   facet normal 2.11965e-17 -5.1682e-17 1
      outer loop
         vertex -0.0114779 -0.255691 0.16929
         vertex -0.0123673 -0.255398 0.16929
         vertex -0.0125567 -0.257199 0.16929
      endloop
   endfacet
   facet normal 2.11965e-17 -5.1682e-17 1
      outer loop
         vertex -0.0156405 -0.253831 0.16929
         vertex -0.0159834 -0.254031 0.16929
         vertex -0.0155511 -0.253884 0.16929
      endloop
   endfacet
   facet normal -0.99903 -0.0440458 1.88996e-17
      outer loop
         vertex -0.0141939 -0.255299 0.16929
         vertex -0.0142646 -0.255003 0.16929
         vertex -0.0142646 -0.255003 0.16059
      endloop
   endfacet
   facet normal -0.943956 0.33007 3.70673e-17
      outer loop
         vertex -0.0142383 -0.2556 0.16929
         vertex -0.0141939 -0.255299 0.16929
         vertex -0.0141939 -0.255299 0.16059
      endloop
   endfacet
   facet normal -0.753902 0.656987 4.99345e-17
      outer loop
         vertex -0.0143913 -0.255863 0.16929
         vertex -0.0142383 -0.2556 0.16929
         vertex -0.0142383 -0.2556 0.16059
      endloop
   endfacet
   facet normal -0.753902 0.656987 4.99345e-17
      outer loop
         vertex -0.0143913 -0.255863 0.16929
         vertex -0.0143913 -0.255863 0.16059
         vertex -0.0144009 -0.255874 0.16059
      endloop
   endfacet
   facet normal -0.741976 0.670427 5.03763e-17
      outer loop
         vertex -0.0144009 -0.255874 0.16059
         vertex -0.014631 -0.256051 0.16929
         vertex -0.0143913 -0.255863 0.16929
      endloop
   endfacet
   facet normal -0.741976 0.670427 5.03763e-17
      outer loop
         vertex -0.0144009 -0.255874 0.16059
         vertex -0.014631 -0.256051 0.16059
         vertex -0.014631 -0.256051 0.16929
      endloop
   endfacet
   facet normal -0.943956 0.33007 3.70673e-17
      outer loop
         vertex -0.0142383 -0.2556 0.16059
         vertex -0.0143913 -0.255863 0.16059
         vertex -0.0143913 -0.255863 0.16929
      endloop
   endfacet
   facet normal -0.99903 -0.0440458 1.88996e-17
      outer loop
         vertex -0.0141939 -0.255299 0.16059
         vertex -0.0142383 -0.2556 0.16059
         vertex -0.0142383 -0.2556 0.16929
      endloop
   endfacet
   facet normal -0.911246 -0.411863 -1.97069e-18
      outer loop
         vertex -0.0142646 -0.255003 0.16059
         vertex -0.0141939 -0.255299 0.16059
         vertex -0.0141939 -0.255299 0.16929
      endloop
   endfacet
   facet normal -0.92918 -0.369627 5.923e-19
      outer loop
         vertex -0.0145426 -0.254348 0.16929
         vertex -0.0145426 -0.254348 0.16059
         vertex -0.0142646 -0.255003 0.16059
      endloop
   endfacet
   facet normal -0.911246 -0.411863 -1.97069e-18
      outer loop
         vertex -0.0142646 -0.255003 0.16059
         vertex -0.0142646 -0.255003 0.16929
         vertex -0.0145426 -0.254348 0.16929
      endloop
   endfacet
   facet normal 2.11965e-17 -5.1682e-17 1
      outer loop
         vertex -0.0145426 -0.254348 0.16059
         vertex -0.0147065 -0.254091 0.16059
         vertex -0.014954 -0.253914 0.16059
      endloop
   endfacet
   facet normal 2.11965e-17 -5.1682e-17 1
      outer loop
         vertex -0.014954 -0.253914 0.16059
         vertex -0.0152496 -0.253842 0.16059
         vertex -0.0145426 -0.254348 0.16059
      endloop
   endfacet
   facet normal 2.11965e-17 -5.1682e-17 1
      outer loop
         vertex -0.0144009 -0.255874 0.16059
         vertex -0.0142646 -0.255003 0.16059
         vertex -0.0145426 -0.254348 0.16059
      endloop
   endfacet
   facet normal 2.11965e-17 -5.1682e-17 1
      outer loop
         vertex -0.0143913 -0.255863 0.16059
         vertex -0.0142383 -0.2556 0.16059
         vertex -0.0141939 -0.255299 0.16059
      endloop
   endfacet
   facet normal 2.11965e-17 -5.1682e-17 1
      outer loop
         vertex -0.0145426 -0.254348 0.16059
         vertex -0.0152641 -0.253841 0.16059
         vertex -0.0144009 -0.255874 0.16059
      endloop
   endfacet
   facet normal 2.11965e-17 -5.1682e-17 1
      outer loop
         vertex -0.0142646 -0.255003 0.16059
         vertex -0.0144009 -0.255874 0.16059
         vertex -0.0143913 -0.255863 0.16059
      endloop
   endfacet
   facet normal 2.11965e-17 -5.1682e-17 1
      outer loop
         vertex -0.0141939 -0.255299 0.16059
         vertex -0.0142646 -0.255003 0.16059
         vertex -0.0143913 -0.255863 0.16059
      endloop
   endfacet
   facet normal 2.11965e-17 -5.1682e-17 1
      outer loop
         vertex -0.0152496 -0.253842 0.16059
         vertex -0.0152641 -0.253841 0.16059
         vertex -0.0145426 -0.254348 0.16059
      endloop
   endfacet
   facet normal 0.323629 -0.946184 -5.57605e-17
      outer loop
         vertex -0.0155511 -0.253884 0.16929
         vertex -0.0155511 -0.253884 0.16059
         vertex -0.0152641 -0.253841 0.16059
      endloop
   endfacet
   facet normal -0.0329012 -0.999459 -5.09566e-17
      outer loop
         vertex -0.0152641 -0.253841 0.16059
         vertex -0.0152496 -0.253842 0.16929
         vertex -0.0155511 -0.253884 0.16929
      endloop
   endfacet
   facet normal -0.418064 -0.908418 -3.80874e-17
      outer loop
         vertex -0.014954 -0.253914 0.16929
         vertex -0.0152496 -0.253842 0.16929
         vertex -0.0152496 -0.253842 0.16059
      endloop
   endfacet
   facet normal -0.725493 -0.688229 -2.01912e-17
      outer loop
         vertex -0.0147065 -0.254091 0.16929
         vertex -0.014954 -0.253914 0.16929
         vertex -0.014954 -0.253914 0.16059
      endloop
   endfacet
   facet normal -0.92918 -0.369627 5.923e-19
      outer loop
         vertex -0.0145426 -0.254348 0.16929
         vertex -0.0147065 -0.254091 0.16929
         vertex -0.0147065 -0.254091 0.16059
      endloop
   endfacet
   facet normal -0.725493 -0.688229 -2.01912e-17
      outer loop
         vertex -0.0147065 -0.254091 0.16059
         vertex -0.0145426 -0.254348 0.16059
         vertex -0.0145426 -0.254348 0.16929
      endloop
   endfacet
   facet normal -0.418064 -0.908418 -3.80874e-17
      outer loop
         vertex -0.014954 -0.253914 0.16059
         vertex -0.0147065 -0.254091 0.16059
         vertex -0.0147065 -0.254091 0.16929
      endloop
   endfacet
   facet normal -0.050853 -0.998706 -5.05372e-17
      outer loop
         vertex -0.0152496 -0.253842 0.16059
         vertex -0.014954 -0.253914 0.16059
         vertex -0.014954 -0.253914 0.16929
      endloop
   endfacet
   facet normal -0.0329012 -0.999459 -5.09566e-17
      outer loop
         vertex -0.0152641 -0.253841 0.16059
         vertex -0.0152496 -0.253842 0.16059
         vertex -0.0152496 -0.253842 0.16929
      endloop
   endfacet
   facet normal -0.121743 -0.992562 -4.87171e-17
      outer loop
         vertex -0.00208818 -0.2645 0.16059
         vertex -0.00208818 -0.2645 0.14544
         vertex -0.00207547 -0.264499 0.14544
      endloop
   endfacet
   facet normal 0.183335 -0.983051 0
      outer loop
         vertex 0.00275422 -0.264139 0.14544
         vertex 0.00237639 -0.26442 0.16059
         vertex -0.000987482 -0.264596 0.16059
      endloop
   endfacet
   facet normal -0.0529495 -0.998597 -5.04872e-17
      outer loop
         vertex -0.000987482 -0.264596 0.16059
         vertex -0.00207547 -0.264499 0.14544
         vertex 0.00275422 -0.264139 0.14544
      endloop
   endfacet
   facet normal 0.267361 -0.963596 -5.54677e-17
      outer loop
         vertex 0.00413748 -0.264036 0.16059
         vertex 0.00237639 -0.26442 0.16059
         vertex 0.00275422 -0.264139 0.14544
      endloop
   endfacet
   facet normal 0.183335 -0.983051 0
      outer loop
         vertex 0.00275422 -0.264139 0.14544
         vertex 0.00413748 -0.264036 0.14544
         vertex 0.00413748 -0.264036 0.16059
      endloop
   endfacet
   facet normal 0.485569 -0.874198 -5.54727e-17
      outer loop
         vertex 0.00762881 -0.262606 0.16059
         vertex 0.00452826 -0.263922 0.16059
         vertex 0.00567931 -0.263259 0.14544
      endloop
   endfacet
   facet normal 0.291784 -0.956484 -5.56178e-17
      outer loop
         vertex 0.00452826 -0.263922 0.16059
         vertex 0.00413748 -0.264036 0.14544
         vertex 0.00567931 -0.263259 0.14544
      endloop
   endfacet
   facet normal 0.369395 -0.929273 0
      outer loop
         vertex 0.00567931 -0.263259 0.14544
         vertex 0.00780347 -0.262188 0.14544
         vertex 0.00762881 -0.262606 0.16059
      endloop
   endfacet
   facet normal 0.601324 -0.799005 -5.40402e-17
      outer loop
         vertex 0.0094809 -0.261403 0.16059
         vertex 0.00762881 -0.262606 0.16059
         vertex 0.00780347 -0.262188 0.14544
      endloop
   endfacet
   facet normal 0.505219 -0.862991 0
      outer loop
         vertex 0.00780347 -0.262188 0.14544
         vertex 0.00971189 -0.261226 0.14544
         vertex 0.0094809 -0.261403 0.16059
      endloop
   endfacet
   facet normal 0.615762 -0.787933 -5.37739e-17
      outer loop
         vertex 0.00971189 -0.261226 0.14544
         vertex 0.00971189 -0.261226 0.16059
         vertex 0.0094809 -0.261403 0.16059
      endloop
   endfacet
   facet normal 0.615762 -0.787933 -5.37739e-17
      outer loop
         vertex 0.00971189 -0.261226 0.16059
         vertex 0.00971189 -0.261226 0.14544
         vertex 0.011528 -0.259117 0.14544
      endloop
   endfacet
   facet normal 0.743385 -0.668864 0
      outer loop
         vertex 0.011528 -0.259117 0.14544
         vertex 0.0137864 -0.256496 0.14544
         vertex 0.0132731 -0.257341 0.16059
      endloop
   endfacet
   facet normal 0.838336 -0.545154 -4.59445e-17
      outer loop
         vertex 0.0132731 -0.257341 0.16059
         vertex 0.0119442 -0.259105 0.16059
         vertex 0.011528 -0.259117 0.14544
      endloop
   endfacet
   facet normal 0.870418 -0.492313 -4.38936e-17
      outer loop
         vertex 0.0137864 -0.256496 0.14544
         vertex 0.0137864 -0.256496 0.16059
         vertex 0.0132731 -0.257341 0.16059
      endloop
   endfacet
   facet normal 0.870418 -0.492313 -4.38936e-17
      outer loop
         vertex 0.0137864 -0.256496 0.16059
         vertex 0.0137864 -0.256496 0.14544
         vertex 0.0142322 -0.255143 0.14544
      endloop
   endfacet
   facet normal 0.910571 -0.413354 0
      outer loop
         vertex 0.0142322 -0.255143 0.14544
         vertex 0.0157407 -0.250567 0.14544
         vertex 0.0154474 -0.252227 0.16059
      endloop
   endfacet
   facet normal 0.974232 -0.22555 -3.23072e-17
      outer loop
         vertex 0.0154474 -0.252227 0.16059
         vertex 0.014802 -0.25434 0.16059
         vertex 0.0142322 -0.255143 0.14544
      endloop
   endfacet
   facet normal 0.992562 -0.121743 -2.73308e-17
      outer loop
         vertex 0.0157407 -0.250567 0.14544
         vertex 0.0157407 -0.250567 0.16059
         vertex 0.0154474 -0.252227 0.16059
      endloop
   endfacet
   facet normal 0.992562 -0.121743 -2.73308e-17
      outer loop
         vertex 0.0157407 -0.250567 0.14544
         vertex 0.0155146 -0.247529 0.14544
         vertex 0.0158575 -0.248884 0.16059
      endloop
   endfacet
   facet normal 0.997586 0.0694418 0
      outer loop
         vertex 0.0155146 -0.247529 0.14544
         vertex 0.0157416 -0.246679 0.16059
         vertex 0.0158575 -0.248884 0.16059
      endloop
   endfacet
   facet normal 0.963596 0.267361 -6.60714e-18
      outer loop
         vertex 0.0152773 -0.244341 0.14544
         vertex 0.0152773 -0.244341 0.16059
         vertex 0.0157416 -0.246679 0.16059
      endloop
   endfacet
   facet normal 0.992621 0.12126 -1.47732e-17
      outer loop
         vertex 0.0157416 -0.246679 0.16059
         vertex 0.0155146 -0.247529 0.14544
         vertex 0.0152773 -0.244341 0.14544
      endloop
   endfacet
   facet normal 0.787933 0.615762 1.51224e-17
      outer loop
         vertex 0.0124666 -0.238767 0.16059
         vertex 0.0141203 -0.241364 0.16059
         vertex 0.0137194 -0.241251 0.14544
      endloop
   endfacet
   facet normal 0.882997 0.469379 0
      outer loop
         vertex 0.0137194 -0.241251 0.14544
         vertex 0.0141203 -0.241364 0.16059
         vertex 0.0149835 -0.243396 0.16059
      endloop
   endfacet
   facet normal 0.945235 0.326389 -3.16724e-18
      outer loop
         vertex 0.0149835 -0.243396 0.16059
         vertex 0.0152773 -0.244341 0.14544
         vertex 0.0137194 -0.241251 0.14544
      endloop
   endfacet
   facet normal 0.945235 0.326389 -3.16724e-18
      outer loop
         vertex 0.0149835 -0.243396 0.16059
         vertex 0.0152773 -0.244341 0.16059
         vertex 0.0152773 -0.244341 0.14544
      endloop
   endfacet
   facet normal 0.492313 0.870418 3.45497e-17
      outer loop
         vertex 0.00773672 -0.234692 0.14544
         vertex 0.00773672 -0.234692 0.16059
         vertex 0.0080884 -0.234897 0.16059
      endloop
   endfacet
   facet normal 0.682448 0.730935 2.33107e-17
      outer loop
         vertex 0.0107789 -0.236924 0.16059
         vertex 0.0108473 -0.237372 0.14544
         vertex 0.00904496 -0.235819 0.14544
      endloop
   endfacet
   facet normal 0.583027 0.812453 0
      outer loop
         vertex 0.00904496 -0.235819 0.14544
         vertex 0.0080884 -0.234897 0.16059
         vertex 0.0107789 -0.236924 0.16059
      endloop
   endfacet
   facet normal 0.776599 0.629995 1.60982e-17
      outer loop
         vertex 0.0122853 -0.238539 0.16059
         vertex 0.0124666 -0.238767 0.14544
         vertex 0.0108473 -0.237372 0.14544
      endloop
   endfacet
   facet normal 0.698806 0.715311 0
      outer loop
         vertex 0.0108473 -0.237372 0.14544
         vertex 0.0107789 -0.236924 0.16059
         vertex 0.0122853 -0.238539 0.16059
      endloop
   endfacet
   facet normal 0.776599 0.629995 1.60982e-17
      outer loop
         vertex 0.0122853 -0.238539 0.16059
         vertex 0.0124666 -0.238767 0.16059
         vertex 0.0124666 -0.238767 0.14544
      endloop
   endfacet
   facet normal 0.415479 0.909603 0
      outer loop
         vertex 0.00641935 -0.234258 0.14544
         vertex 0.0018197 -0.232742 0.14544
         vertex 0.00289901 -0.23291 0.16059
      endloop
   endfacet
   facet normal 0.122519 0.992466 0
      outer loop
         vertex 0.0018197 -0.232742 0.14544
         vertex 0.0018076 -0.232738 0.16059
         vertex 0.00289901 -0.23291 0.16059
      endloop
   endfacet
   facet normal 0.189956 0.981793 4.67146e-17
      outer loop
         vertex 0.00289901 -0.23291 0.16059
         vertex 0.00612045 -0.233894 0.16059
         vertex 0.00641935 -0.234258 0.14544
      endloop
   endfacet
   facet normal 0.492313 0.870418 3.45497e-17
      outer loop
         vertex 0.00773672 -0.234692 0.16059
         vertex 0.00773672 -0.234692 0.14544
         vertex 0.00641935 -0.234258 0.14544
      endloop
   endfacet
   facet normal 0.415479 0.909603 0
      outer loop
         vertex 0.00641935 -0.234258 0.14544
         vertex 0.00612045 -0.233894 0.16059
         vertex 0.00773672 -0.234692 0.16059
      endloop
   endfacet
   facet normal -0.267361 0.963596 5.54677e-17
      outer loop
         vertex -0.00441806 -0.233201 0.16059
         vertex -0.00265697 -0.232818 0.16059
         vertex -0.0030348 -0.233098 0.14544
      endloop
   endfacet
   facet normal -0.183335 0.983051 0
      outer loop
         vertex -0.0030348 -0.233098 0.14544
         vertex -0.00265697 -0.232818 0.16059
         vertex 0.0007069 -0.232641 0.16059
      endloop
   endfacet
   facet normal 0.0529495 0.998597 5.04872e-17
      outer loop
         vertex 0.0007069 -0.232641 0.16059
         vertex 0.0018076 -0.232738 0.14544
         vertex -0.0030348 -0.233098 0.14544
      endloop
   endfacet
   facet normal 0.0529495 0.998597 5.04872e-17
      outer loop
         vertex 0.0007069 -0.232641 0.16059
         vertex 0.0018076 -0.232738 0.16059
         vertex 0.0018076 -0.232738 0.14544
      endloop
   endfacet
   facet normal -0.601324 0.799005 5.40402e-17
      outer loop
         vertex -0.00976148 -0.235835 0.16059
         vertex -0.0079094 -0.234632 0.16059
         vertex -0.00808405 -0.23505 0.14544
      endloop
   endfacet
   facet normal -0.615762 0.787933 5.37739e-17
      outer loop
         vertex -0.00999248 -0.236012 0.14544
         vertex -0.00999248 -0.236012 0.16059
         vertex -0.00976148 -0.235835 0.16059
      endloop
   endfacet
   facet normal -0.485569 0.874198 5.54727e-17
      outer loop
         vertex -0.0079094 -0.234632 0.16059
         vertex -0.00480884 -0.233315 0.16059
         vertex -0.00595989 -0.233979 0.14544
      endloop
   endfacet
   facet normal -0.369395 0.929273 0
      outer loop
         vertex -0.00595989 -0.233979 0.14544
         vertex -0.00808405 -0.23505 0.14544
         vertex -0.0079094 -0.234632 0.16059
      endloop
   endfacet
   facet normal -0.267361 0.963596 5.54677e-17
      outer loop
         vertex -0.00441806 -0.233201 0.14544
         vertex -0.00595989 -0.233979 0.14544
         vertex -0.00480884 -0.233315 0.16059
      endloop
   endfacet
   facet normal -0.291784 0.956484 5.56178e-17
      outer loop
         vertex -0.00480884 -0.233315 0.16059
         vertex -0.00441806 -0.233201 0.16059
         vertex -0.00441806 -0.233201 0.14544
      endloop
   endfacet
   facet normal -0.743385 0.668864 0
      outer loop
         vertex -0.0118086 -0.23812 0.14544
         vertex -0.0136136 -0.240215 0.14544
         vertex -0.0135537 -0.239896 0.16059
      endloop
   endfacet
   facet normal -0.870418 0.492313 4.38936e-17
      outer loop
         vertex -0.014067 -0.240742 0.16059
         vertex -0.0135537 -0.239896 0.16059
         vertex -0.0136136 -0.240215 0.14544
      endloop
   endfacet
   facet normal -0.848494 0.529205 0
      outer loop
         vertex -0.0136136 -0.240215 0.14544
         vertex -0.014067 -0.240742 0.14544
         vertex -0.014067 -0.240742 0.16059
      endloop
   endfacet
   facet normal -0.615762 0.787933 5.37739e-17
      outer loop
         vertex -0.00999248 -0.236012 0.16059
         vertex -0.00999248 -0.236012 0.14544
         vertex -0.0118086 -0.23812 0.14544
      endloop
   endfacet
   facet normal -0.743385 0.668864 0
      outer loop
         vertex -0.0118086 -0.23812 0.14544
         vertex -0.0122248 -0.238132 0.16059
         vertex -0.00999248 -0.236012 0.16059
      endloop
   endfacet
   facet normal -0.870418 0.492313 4.38936e-17
      outer loop
         vertex -0.014067 -0.240742 0.14544
         vertex -0.0150677 -0.243778 0.14544
         vertex -0.0150826 -0.242898 0.16059
      endloop
   endfacet
   facet normal -0.951232 0.308475 0
      outer loop
         vertex -0.0150677 -0.243778 0.14544
         vertex -0.015728 -0.24501 0.16059
         vertex -0.0150826 -0.242898 0.16059
      endloop
   endfacet
   facet normal -0.992562 0.121743 2.73308e-17
      outer loop
         vertex -0.0160213 -0.246671 0.14544
         vertex -0.0160213 -0.246671 0.16059
         vertex -0.015728 -0.24501 0.16059
      endloop
   endfacet
   facet normal -0.974232 0.22555 3.23072e-17
      outer loop
         vertex -0.015728 -0.24501 0.16059
         vertex -0.0150677 -0.243778 0.14544
         vertex -0.0160213 -0.246671 0.14544
      endloop
   endfacet
   facet normal -0.983476 -0.181038 0
      outer loop
         vertex -0.0156636 -0.251476 0.14544
         vertex -0.0160222 -0.250559 0.16059
         vertex -0.0161381 -0.248353 0.16059
      endloop
   endfacet
   facet normal -0.999862 0.016584 2.20507e-17
      outer loop
         vertex -0.0161381 -0.248353 0.16059
         vertex -0.0160213 -0.246671 0.14544
         vertex -0.0156636 -0.251476 0.14544
      endloop
   endfacet
   facet normal -0.963596 -0.267361 6.60714e-18
      outer loop
         vertex -0.0155578 -0.252896 0.16059
         vertex -0.0160222 -0.250559 0.16059
         vertex -0.0156636 -0.251476 0.14544
      endloop
   endfacet
   facet normal -0.983476 -0.181038 0
      outer loop
         vertex -0.0156636 -0.251476 0.14544
         vertex -0.0155578 -0.252896 0.14544
         vertex -0.0155578 -0.252896 0.16059
      endloop
   endfacet
   facet normal -0.963596 -0.267361 6.60714e-18
      outer loop
         vertex -0.0155578 -0.252896 0.16059
         vertex -0.0155578 -0.252896 0.14544
         vertex -0.0152451 -0.253517 0.14544
      endloop
   endfacet
   facet normal -0.882997 -0.469379 0
      outer loop
         vertex -0.014 -0.255986 0.14544
         vertex -0.0144009 -0.255874 0.16059
         vertex -0.0152641 -0.253841 0.16059
      endloop
   endfacet
   facet normal -0.945235 -0.326389 3.16724e-18
      outer loop
         vertex -0.0152641 -0.253841 0.16059
         vertex -0.0152451 -0.253517 0.14544
         vertex -0.014 -0.255986 0.14544
      endloop
   endfacet
   facet normal -0.787933 -0.615762 -1.51224e-17
      outer loop
         vertex -0.0127472 -0.258471 0.16059
         vertex -0.0144009 -0.255874 0.16059
         vertex -0.014 -0.255986 0.14544
      endloop
   endfacet
   facet normal -0.882997 -0.469379 0
      outer loop
         vertex -0.014 -0.255986 0.14544
         vertex -0.0127472 -0.258471 0.14544
         vertex -0.0127472 -0.258471 0.16059
      endloop
   endfacet
   facet normal -0.776599 -0.629995 -1.60982e-17
      outer loop
         vertex -0.0125659 -0.258699 0.16059
         vertex -0.0127472 -0.258471 0.14544
         vertex -0.0111279 -0.259866 0.14544
      endloop
   endfacet
   facet normal -0.698806 -0.715311 0
      outer loop
         vertex -0.0111279 -0.259866 0.14544
         vertex -0.0110595 -0.260314 0.16059
         vertex -0.0125659 -0.258699 0.16059
      endloop
   endfacet
   facet normal -0.682448 -0.730935 -2.33107e-17
      outer loop
         vertex -0.0110595 -0.260314 0.16059
         vertex -0.0111279 -0.259866 0.14544
         vertex -0.00932555 -0.261418 0.14544
      endloop
   endfacet
   facet normal -0.583027 -0.812453 0
      outer loop
         vertex -0.00932555 -0.261418 0.14544
         vertex -0.00836899 -0.262341 0.16059
         vertex -0.0110595 -0.260314 0.16059
      endloop
   endfacet
   facet normal -0.583027 -0.812453 0
      outer loop
         vertex -0.00932555 -0.261418 0.14544
         vertex -0.0080173 -0.262545 0.14544
         vertex -0.00836899 -0.262341 0.16059
      endloop
   endfacet
   facet normal -0.492313 -0.870418 -3.45497e-17
      outer loop
         vertex -0.0080173 -0.262545 0.14544
         vertex -0.0080173 -0.262545 0.16059
         vertex -0.00836899 -0.262341 0.16059
      endloop
   endfacet
   facet normal -0.492313 -0.870418 -3.45497e-17
      outer loop
         vertex -0.0080173 -0.262545 0.16059
         vertex -0.0080173 -0.262545 0.14544
         vertex -0.00669993 -0.26298 0.14544
      endloop
   endfacet
   facet normal -0.415479 -0.909603 0
      outer loop
         vertex -0.00669993 -0.26298 0.14544
         vertex -0.00208818 -0.2645 0.14544
         vertex -0.00317959 -0.264327 0.16059
      endloop
   endfacet
   facet normal -0.189956 -0.981793 -4.67146e-17
      outer loop
         vertex -0.00317959 -0.264327 0.16059
         vertex -0.00640104 -0.263343 0.16059
         vertex -0.00669993 -0.26298 0.14544
      endloop
   endfacet
   facet normal -0.121743 -0.992562 -4.87171e-17
      outer loop
         vertex -0.00208818 -0.2645 0.14544
         vertex -0.00208818 -0.2645 0.16059
         vertex -0.00317959 -0.264327 0.16059
      endloop
   endfacet
   facet normal -0.415479 -0.909603 0
      outer loop
         vertex -0.00669993 -0.26298 0.14544
         vertex -0.00640104 -0.263343 0.16059
         vertex -0.0080173 -0.262545 0.16059
      endloop
   endfacet
   facet normal -0.776599 -0.629995 -1.60982e-17
      outer loop
         vertex -0.0125659 -0.258699 0.16059
         vertex -0.0127472 -0.258471 0.16059
         vertex -0.0127472 -0.258471 0.14544
      endloop
   endfacet
   facet normal -0.951238 -0.308458 0
      outer loop
         vertex -0.0152451 -0.253517 0.14544
         vertex -0.0152641 -0.253841 0.16059
         vertex -0.0155578 -0.252896 0.16059
      endloop
   endfacet
   facet normal -0.999862 0.016584 2.20507e-17
      outer loop
         vertex -0.0161381 -0.248353 0.16059
         vertex -0.0160213 -0.246671 0.16059
         vertex -0.0160213 -0.246671 0.14544
      endloop
   endfacet
   facet normal -0.933891 0.357557 3.82745e-17
      outer loop
         vertex -0.0150826 -0.242898 0.16059
         vertex -0.014067 -0.240742 0.16059
         vertex -0.014067 -0.240742 0.14544
      endloop
   endfacet
   facet normal -0.838336 0.545154 4.59445e-17
      outer loop
         vertex -0.0135537 -0.239896 0.16059
         vertex -0.0122248 -0.238132 0.16059
         vertex -0.0118086 -0.23812 0.14544
      endloop
   endfacet
   facet normal -0.505219 0.862991 0
      outer loop
         vertex -0.00808405 -0.23505 0.14544
         vertex -0.00999248 -0.236012 0.14544
         vertex -0.00976148 -0.235835 0.16059
      endloop
   endfacet
   facet normal -0.183335 0.983051 0
      outer loop
         vertex -0.0030348 -0.233098 0.14544
         vertex -0.00441806 -0.233201 0.14544
         vertex -0.00441806 -0.233201 0.16059
      endloop
   endfacet
   facet normal 0.122519 0.992466 0
      outer loop
         vertex 0.0018197 -0.232742 0.14544
         vertex 0.0018076 -0.232738 0.14544
         vertex 0.0018076 -0.232738 0.16059
      endloop
   endfacet
   facet normal 0.514293 0.857614 3.3422e-17
      outer loop
         vertex 0.0080884 -0.234897 0.16059
         vertex 0.00904496 -0.235819 0.14544
         vertex 0.00773672 -0.234692 0.14544
      endloop
   endfacet
   facet normal 0.882997 0.469379 0
      outer loop
         vertex 0.0137194 -0.241251 0.14544
         vertex 0.0124666 -0.238767 0.14544
         vertex 0.0124666 -0.238767 0.16059
      endloop
   endfacet
   facet normal 0.999862 -0.016584 -2.20507e-17
      outer loop
         vertex 0.0158575 -0.248884 0.16059
         vertex 0.0157407 -0.250567 0.16059
         vertex 0.0157407 -0.250567 0.14544
      endloop
   endfacet
   facet normal 0.910571 -0.413354 0
      outer loop
         vertex 0.0142322 -0.255143 0.14544
         vertex 0.014802 -0.25434 0.16059
         vertex 0.0137864 -0.256496 0.16059
      endloop
   endfacet
   facet normal 0.743385 -0.668864 0
      outer loop
         vertex 0.011528 -0.259117 0.14544
         vertex 0.0119442 -0.259105 0.16059
         vertex 0.00971189 -0.261226 0.16059
      endloop
   endfacet
   facet normal 0.291784 -0.956484 -5.56178e-17
      outer loop
         vertex 0.00452826 -0.263922 0.16059
         vertex 0.00413748 -0.264036 0.16059
         vertex 0.00413748 -0.264036 0.14544
      endloop
   endfacet
   facet normal -0.120968 -0.992656 0
      outer loop
         vertex -0.00207547 -0.264499 0.14544
         vertex -0.000987482 -0.264596 0.16059
         vertex -0.00208818 -0.2645 0.16059
      endloop
   endfacet
   facet normal -0.180012 -0.983664 -4.70221e-17
      outer loop
         vertex -0.0183319 -0.254063 0.16059
         vertex -0.0183319 -0.254063 0.17329
         vertex -0.0194625 -0.253781 0.17329
      endloop
   endfacet
   facet normal 0.117754 -0.993043 -5.38184e-17
      outer loop
         vertex -0.0165165 -0.254157 0.16059
         vertex -0.0165165 -0.254157 0.17329
         vertex -0.0183319 -0.254063 0.17329
      endloop
   endfacet
   facet normal 0.149095 -0.988823 -5.42646e-17
      outer loop
         vertex -0.0164129 -0.254143 0.16059
         vertex -0.0164129 -0.254143 0.17329
         vertex -0.0165165 -0.254157 0.17329
      endloop
   endfacet
   facet normal 0.149095 -0.988823 -5.42646e-17
      outer loop
         vertex -0.0164129 -0.254143 0.17329
         vertex -0.0164129 -0.254143 0.16059
         vertex -0.0159834 -0.254031 0.16929
      endloop
   endfacet
   facet normal 0.323629 -0.946184 -5.57605e-17
      outer loop
         vertex -0.0155511 -0.253884 0.16059
         vertex -0.0155511 -0.253884 0.16929
         vertex -0.0159834 -0.254031 0.16929
      endloop
   endfacet
   facet normal 0.322499 -0.94657 -5.57565e-17
      outer loop
         vertex -0.0159834 -0.254031 0.16929
         vertex -0.0164129 -0.254143 0.16059
         vertex -0.0155511 -0.253884 0.16059
      endloop
   endfacet
   facet normal 0.322499 -0.94657 -5.57565e-17
      outer loop
         vertex -0.0159834 -0.254031 0.16929
         vertex -0.0159834 -0.254031 0.17329
         vertex -0.0164129 -0.254143 0.17329
      endloop
   endfacet
   facet normal 0.117754 -0.993043 -5.38184e-17
      outer loop
         vertex -0.0165165 -0.254157 0.17329
         vertex -0.0165165 -0.254157 0.16059
         vertex -0.0164129 -0.254143 0.16059
      endloop
   endfacet
   facet normal -0.180012 -0.983664 -4.70221e-17
      outer loop
         vertex -0.0183319 -0.254063 0.17329
         vertex -0.0183319 -0.254063 0.16059
         vertex -0.0165165 -0.254157 0.16059
      endloop
   endfacet
   facet normal -0.297879 -0.954604 -4.30218e-17
      outer loop
         vertex -0.0194625 -0.253781 0.17329
         vertex -0.0194625 -0.253781 0.16059
         vertex -0.0183319 -0.254063 0.16059
      endloop
   endfacet
   facet normal -0.0195017 -0.99981 -5.12588e-17
      outer loop
         vertex -0.0164224 -0.248295 0.17329
         vertex -0.0164224 -0.248295 0.16059
         vertex -0.0161381 -0.248353 0.16059
      endloop
   endfacet
   facet normal -0.372752 -0.927931 -4.00563e-17
      outer loop
         vertex -0.0161381 -0.248353 0.16059
         vertex -0.0161247 -0.248359 0.17329
         vertex -0.0164224 -0.248295 0.17329
      endloop
   endfacet
   facet normal -0.703549 -0.710647 -2.18149e-17
      outer loop
         vertex -0.0158718 -0.248528 0.17329
         vertex -0.0161247 -0.248359 0.17329
         vertex -0.0161247 -0.248359 0.16059
      endloop
   endfacet
   facet normal -0.917129 -0.398591 -1.16004e-18
      outer loop
         vertex -0.0156999 -0.248779 0.17329
         vertex -0.0158718 -0.248528 0.17329
         vertex -0.0158718 -0.248528 0.16059
      endloop
   endfacet
   facet normal -0.999564 -0.0295376 1.96607e-17
      outer loop
         vertex -0.0156335 -0.249077 0.17329
         vertex -0.0156999 -0.248779 0.17329
         vertex -0.0156999 -0.248779 0.16059
      endloop
   endfacet
   facet normal -0.917129 -0.398591 -1.16004e-18
      outer loop
         vertex -0.0156999 -0.248779 0.16059
         vertex -0.0156335 -0.249077 0.16059
         vertex -0.0156335 -0.249077 0.17329
      endloop
   endfacet
   facet normal -0.703549 -0.710647 -2.18149e-17
      outer loop
         vertex -0.0158718 -0.248528 0.16059
         vertex -0.0156999 -0.248779 0.16059
         vertex -0.0156999 -0.248779 0.17329
      endloop
   endfacet
   facet normal -0.389364 -0.921084 -3.93503e-17
      outer loop
         vertex -0.0161247 -0.248359 0.16059
         vertex -0.0158718 -0.248528 0.16059
         vertex -0.0158718 -0.248528 0.17329
      endloop
   endfacet
   facet normal -0.372752 -0.927931 -4.00563e-17
      outer loop
         vertex -0.0161381 -0.248353 0.16059
         vertex -0.0161247 -0.248359 0.16059
         vertex -0.0161247 -0.248359 0.17329
      endloop
   endfacet
   facet normal -0.981443 -0.191754 1.08929e-17
      outer loop
         vertex -0.0197692 -0.252454 0.17329
         vertex -0.0197692 -0.252454 0.16059
         vertex -0.0194625 -0.253781 0.16059
      endloop
   endfacet
   facet normal -0.966109 -0.258135 7.13722e-18
      outer loop
         vertex -0.0194625 -0.253781 0.16059
         vertex -0.0194625 -0.253781 0.17329
         vertex -0.0197692 -0.252454 0.17329
      endloop
   endfacet
   facet normal 2.11965e-17 -5.1682e-17 1
      outer loop
         vertex -0.00866033 -0.231649 0.17329
         vertex -0.00643346 -0.230703 0.17329
         vertex -0.00732562 -0.229954 0.17329
      endloop
   endfacet
   facet normal 2.11965e-17 -5.1682e-17 1
      outer loop
         vertex -0.00866033 -0.231649 0.17329
         vertex -0.00528935 -0.232116 0.17329
         vertex -0.00643346 -0.230703 0.17329
      endloop
   endfacet
   facet normal 2.11965e-17 -5.1682e-17 1
      outer loop
         vertex 0.00635287 -0.229702 0.17329
         vertex 0.00309544 -0.232589 0.17329
         vertex 0.00325152 -0.232954 0.17329
      endloop
   endfacet
   facet normal 2.11965e-17 -5.1682e-17 1
      outer loop
         vertex -0.00866033 -0.231649 0.17329
         vertex -0.00523971 -0.232208 0.17329
         vertex -0.00528935 -0.232116 0.17329
      endloop
   endfacet
   facet normal 2.11965e-17 -5.1682e-17 1
      outer loop
         vertex -0.00234355 -0.234813 0.17329
         vertex -0.00866033 -0.231649 0.17329
         vertex -0.00843845 -0.233453 0.17329
      endloop
   endfacet
   facet normal 2.11965e-17 -5.1682e-17 1
      outer loop
         vertex -0.00854333 -0.237446 0.17329
         vertex -0.0082834 -0.23543 0.17329
         vertex -0.00887985 -0.235818 0.17329
      endloop
   endfacet
   facet normal 2.11965e-17 -5.1682e-17 1
      outer loop
         vertex -0.0105766 -0.264482 0.17329
         vertex -0.012509 -0.263026 0.17329
         vertex -0.0127117 -0.264174 0.17329
      endloop
   endfacet
   facet normal 2.11965e-17 -5.1682e-17 1
      outer loop
         vertex 0.00158871 -0.268544 0.17329
         vertex -0.000291016 -0.264441 0.17329
         vertex -0.000634875 -0.264639 0.17329
      endloop
   endfacet
   facet normal 2.11965e-17 -5.1682e-17 1
      outer loop
         vertex 0.00837975 -0.265589 0.17329
         vertex 0.00615288 -0.266534 0.17329
         vertex 0.00704504 -0.267283 0.17329
      endloop
   endfacet
   facet normal 2.11965e-17 -5.1682e-17 1
      outer loop
         vertex 0.00635287 -0.229702 0.17329
         vertex 0.00309364 -0.232192 0.17329
         vertex 0.00309544 -0.232589 0.17329
      endloop
   endfacet
   facet normal 2.11965e-17 -5.1682e-17 1
      outer loop
         vertex 0.00635287 -0.229702 0.17329
         vertex 0.00504977 -0.229304 0.17329
         vertex 0.00424103 -0.230142 0.17329
      endloop
   endfacet
   facet normal 2.11965e-17 -5.1682e-17 1
      outer loop
         vertex -0.0182605 -0.240153 0.17329
         vertex -0.0137673 -0.240577 0.17329
         vertex -0.0137671 -0.24018 0.17329
      endloop
   endfacet
   facet normal 2.11965e-17 -5.1682e-17 1
      outer loop
         vertex -0.0188021 -0.245111 0.17329
         vertex -0.0198971 -0.245509 0.17329
         vertex -0.0200629 -0.246861 0.17329
      endloop
   endfacet
   facet normal 2.11965e-17 -5.1682e-17 1
      outer loop
         vertex -0.00866033 -0.231649 0.17329
         vertex -0.0049429 -0.233058 0.17329
         vertex -0.00523971 -0.232208 0.17329
      endloop
   endfacet
   facet normal 2.11965e-17 -5.1682e-17 1
      outer loop
         vertex -0.00234355 -0.234813 0.17329
         vertex -0.0030005 -0.233323 0.17329
         vertex -0.00328154 -0.23344 0.17329
      endloop
   endfacet
   facet normal 2.11965e-17 -5.1682e-17 1
      outer loop
         vertex -0.00843845 -0.233453 0.17329
         vertex -0.00840678 -0.233553 0.17329
         vertex -0.00234355 -0.234813 0.17329
      endloop
   endfacet
   facet normal 2.11965e-17 -5.1682e-17 1
      outer loop
         vertex -0.0101149 -0.237292 0.17329
         vertex -0.00974916 -0.235842 0.17329
         vertex -0.00997548 -0.235639 0.17329
      endloop
   endfacet
   facet normal 2.11965e-17 -5.1682e-17 1
      outer loop
         vertex -0.00854333 -0.237446 0.17329
         vertex -0.00915916 -0.235939 0.17329
         vertex -0.00946343 -0.235947 0.17329
      endloop
   endfacet
   facet normal 2.11965e-17 -5.1682e-17 1
      outer loop
         vertex -0.00854333 -0.237446 0.17329
         vertex -0.00805931 -0.235224 0.17329
         vertex -0.0082834 -0.23543 0.17329
      endloop
   endfacet
   facet normal 2.11965e-17 -5.1682e-17 1
      outer loop
         vertex -0.0105766 -0.264482 0.17329
         vertex -0.0118576 -0.261329 0.17329
         vertex -0.012509 -0.263026 0.17329
      endloop
   endfacet
   facet normal 2.11965e-17 -5.1682e-17 1
      outer loop
         vertex 0.0102961 -0.232755 0.17329
         vertex 0.0122284 -0.234211 0.17329
         vertex 0.0124311 -0.233064 0.17329
      endloop
   endfacet
   facet normal 2.11965e-17 -5.1682e-17 1
      outer loop
         vertex 0.00158871 -0.268544 0.17329
         vertex -0.000946056 -0.265887 0.17329
         vertex -0.000354107 -0.267606 0.17329
      endloop
   endfacet
   facet normal 2.11965e-17 -5.1682e-17 1
      outer loop
         vertex -0.000634875 -0.264639 0.17329
         vertex -0.000874521 -0.264956 0.17329
         vertex 0.00158871 -0.268544 0.17329
      endloop
   endfacet
   facet normal 2.11965e-17 -5.1682e-17 1
      outer loop
         vertex 0.00826275 -0.259791 0.17329
         vertex 0.00495913 -0.26503 0.17329
         vertex 0.00500877 -0.265122 0.17329
      endloop
   endfacet
   facet normal 2.11965e-17 -5.1682e-17 1
      outer loop
         vertex 0.00704504 -0.267283 0.17329
         vertex 0.00829923 -0.266751 0.17329
         vertex 0.00837975 -0.265589 0.17329
      endloop
   endfacet
   facet normal 2.11965e-17 -5.1682e-17 1
      outer loop
         vertex 0.00705757 -0.242441 0.17329
         vertex 0.00789827 -0.241105 0.17329
         vertex 0.00486444 -0.238819 0.17329
      endloop
   endfacet
   facet normal 2.11965e-17 -5.1682e-17 1
      outer loop
         vertex 0.00539801 -0.237333 0.17329
         vertex 0.00486444 -0.238819 0.17329
         vertex 0.00789827 -0.241105 0.17329
      endloop
   endfacet
   facet normal 2.11965e-17 -5.1682e-17 1
      outer loop
         vertex 0.00468196 -0.234317 0.17329
         vertex 0.00612005 -0.233909 0.17329
         vertex 0.00618318 -0.233611 0.17329
      endloop
   endfacet
   facet normal 2.11965e-17 -5.1682e-17 1
      outer loop
         vertex 0.00533406 -0.235755 0.17329
         vertex 0.00633163 -0.234468 0.17329
         vertex 0.00617201 -0.234209 0.17329
      endloop
   endfacet
   facet normal 2.11965e-17 -5.1682e-17 1
      outer loop
         vertex 0.00353727 -0.233229 0.17329
         vertex 0.00652311 -0.232667 0.17329
         vertex 0.00655472 -0.230849 0.17329
      endloop
   endfacet
   facet normal 2.11965e-17 -5.1682e-17 1
      outer loop
         vertex 0.00353727 -0.233229 0.17329
         vertex 0.00468196 -0.234317 0.17329
         vertex 0.00650205 -0.232769 0.17329
      endloop
   endfacet
   facet normal 2.11965e-17 -5.1682e-17 1
      outer loop
         vertex 0.00635287 -0.229702 0.17329
         vertex 0.0032115 -0.231764 0.17329
         vertex 0.00309364 -0.232192 0.17329
      endloop
   endfacet
   facet normal 2.11965e-17 -5.1682e-17 1
      outer loop
         vertex 0.00424103 -0.230142 0.17329
         vertex 0.00325124 -0.231667 0.17329
         vertex 0.00635287 -0.229702 0.17329
      endloop
   endfacet
   facet normal 2.11965e-17 -5.1682e-17 1
      outer loop
         vertex -0.0182605 -0.240153 0.17329
         vertex -0.0146925 -0.239287 0.17329
         vertex -0.016477 -0.23894 0.17329
      endloop
   endfacet
   facet normal 2.11965e-17 -5.1682e-17 1
      outer loop
         vertex -0.0137671 -0.24018 0.17329
         vertex -0.0139213 -0.239814 0.17329
         vertex -0.0182605 -0.240153 0.17329
      endloop
   endfacet
   facet normal 2.11965e-17 -5.1682e-17 1
      outer loop
         vertex -0.0131977 -0.243624 0.17329
         vertex -0.0148558 -0.24375 0.17329
         vertex -0.0150636 -0.24443 0.17329
      endloop
   endfacet
   facet normal 2.11965e-17 -5.1682e-17 1
      outer loop
         vertex -0.0137796 -0.242156 0.17329
         vertex -0.0161571 -0.242391 0.17329
         vertex -0.01533 -0.242746 0.17329
      endloop
   endfacet
   facet normal 2.11965e-17 -5.1682e-17 1
      outer loop
         vertex -0.0200629 -0.246861 0.17329
         vertex -0.0190967 -0.247512 0.17329
         vertex -0.0188021 -0.245111 0.17329
      endloop
   endfacet
   facet normal 2.11965e-17 -5.1682e-17 1
      outer loop
         vertex -0.00866033 -0.231649 0.17329
         vertex -0.00479985 -0.233326 0.17329
         vertex -0.0049429 -0.233058 0.17329
      endloop
   endfacet
   facet normal 2.11965e-17 -5.1682e-17 1
      outer loop
         vertex -0.00234355 -0.234813 0.17329
         vertex -0.00427838 -0.233619 0.17329
         vertex -0.00456726 -0.233523 0.17329
      endloop
   endfacet
   facet normal 2.11965e-17 -5.1682e-17 1
      outer loop
         vertex -0.00328154 -0.23344 0.17329
         vertex -0.00397453 -0.2336 0.17329
         vertex -0.00234355 -0.234813 0.17329
      endloop
   endfacet
   facet normal 2.11965e-17 -5.1682e-17 1
      outer loop
         vertex -0.00136321 -0.233575 0.17329
         vertex -0.00275535 -0.231634 0.17329
         vertex -0.00264936 -0.232528 0.17329
      endloop
   endfacet
   facet normal 2.11965e-17 -5.1682e-17 1
      outer loop
         vertex -0.00234355 -0.234813 0.17329
         vertex -0.00790748 -0.234646 0.17329
         vertex -0.00792773 -0.23495 0.17329
      endloop
   endfacet
   facet normal 2.11965e-17 -5.1682e-17 1
      outer loop
         vertex -0.00840678 -0.233553 0.17329
         vertex -0.00800147 -0.234356 0.17329
         vertex -0.00234355 -0.234813 0.17329
      endloop
   endfacet
   facet normal 2.11965e-17 -5.1682e-17 1
      outer loop
         vertex -0.00714493 -0.238179 0.17329
         vertex -0.00612461 -0.239385 0.17329
         vertex -0.00262835 -0.2379 0.17329
      endloop
   endfacet
   facet normal 2.11965e-17 -5.1682e-17 1
      outer loop
         vertex -0.00792773 -0.23495 0.17329
         vertex -0.00854333 -0.237446 0.17329
         vertex -0.00714493 -0.238179 0.17329
      endloop
   endfacet
   facet normal 2.11965e-17 -5.1682e-17 1
      outer loop
         vertex -0.0101149 -0.237292 0.17329
         vertex -0.00946343 -0.235947 0.17329
         vertex -0.00974916 -0.235842 0.17329
      endloop
   endfacet
   facet normal 2.11965e-17 -5.1682e-17 1
      outer loop
         vertex -0.00887985 -0.235818 0.17329
         vertex -0.00915916 -0.235939 0.17329
         vertex -0.00854333 -0.237446 0.17329
      endloop
   endfacet
   facet normal 2.11965e-17 -5.1682e-17 1
      outer loop
         vertex -0.0105766 -0.264482 0.17329
         vertex -0.0118028 -0.26124 0.17329
         vertex -0.0118576 -0.261329 0.17329
      endloop
   endfacet
   facet normal 2.11965e-17 -5.1682e-17 1
      outer loop
         vertex 0.0137371 -0.246928 0.17329
         vertex 0.0154193 -0.248458 0.17329
         vertex 0.0153529 -0.248161 0.17329
      endloop
   endfacet
   facet normal 2.11965e-17 -5.1682e-17 1
      outer loop
         vertex 0.0102961 -0.232755 0.17329
         vertex 0.0115771 -0.235908 0.17329
         vertex 0.0122284 -0.234211 0.17329
      endloop
   endfacet
   facet normal 2.11965e-17 -5.1682e-17 1
      outer loop
         vertex 0.00158871 -0.268544 0.17329
         vertex -0.000961266 -0.265784 0.17329
         vertex -0.000946056 -0.265887 0.17329
      endloop
   endfacet
   facet normal 2.11965e-17 -5.1682e-17 1
      outer loop
         vertex -0.000874521 -0.264956 0.17329
         vertex -0.0009722 -0.26534 0.17329
         vertex 0.00158871 -0.268544 0.17329
      endloop
   endfacet
   facet normal 2.11965e-17 -5.1682e-17 1
      outer loop
         vertex -0.000291016 -0.264441 0.17329
         vertex 0.00247047 -0.265708 0.17329
         vertex 0.00247477 -0.265603 0.17329
      endloop
   endfacet
   facet normal 2.11965e-17 -5.1682e-17 1
      outer loop
         vertex -0.000291016 -0.264441 0.17329
         vertex 0.00158871 -0.268544 0.17329
         vertex 0.00206188 -0.267479 0.17329
      endloop
   endfacet
   facet normal 2.11965e-17 -5.1682e-17 1
      outer loop
         vertex 0.00826275 -0.259791 0.17329
         vertex 0.00466232 -0.26418 0.17329
         vertex 0.00495913 -0.26503 0.17329
      endloop
   endfacet
   facet normal 2.11965e-17 -5.1682e-17 1
      outer loop
         vertex 0.00826275 -0.259791 0.17329
         vertex 0.00887858 -0.261299 0.17329
         vertex 0.00918285 -0.26129 0.17329
      endloop
   endfacet
   facet normal 2.11965e-17 -5.1682e-17 1
      outer loop
         vertex 0.00826275 -0.259791 0.17329
         vertex 0.00800282 -0.261807 0.17329
         vertex 0.00859926 -0.26142 0.17329
      endloop
   endfacet
   facet normal 2.11965e-17 -5.1682e-17 1
      outer loop
         vertex 0.00837975 -0.265589 0.17329
         vertex 0.00815787 -0.263784 0.17329
         vertex 0.00615288 -0.266534 0.17329
      endloop
   endfacet
   facet normal 2.11965e-17 -5.1682e-17 1
      outer loop
         vertex 0.00789827 -0.241105 0.17329
         vertex 0.00917961 -0.240182 0.17329
         vertex 0.00539801 -0.237333 0.17329
      endloop
   endfacet
   facet normal 2.11965e-17 -5.1682e-17 1
      outer loop
         vertex 0.00468196 -0.234317 0.17329
         vertex 0.00617201 -0.234209 0.17329
         vertex 0.00612005 -0.233909 0.17329
      endloop
   endfacet
   facet normal 2.11965e-17 -5.1682e-17 1
      outer loop
         vertex 0.00533406 -0.235755 0.17329
         vertex 0.00657608 -0.234649 0.17329
         vertex 0.00633163 -0.234468 0.17329
      endloop
   endfacet
   facet normal 2.11965e-17 -5.1682e-17 1
      outer loop
         vertex 0.00650205 -0.232769 0.17329
         vertex 0.00652311 -0.232667 0.17329
         vertex 0.00353727 -0.233229 0.17329
      endloop
   endfacet
   facet normal 2.11965e-17 -5.1682e-17 1
      outer loop
         vertex 0.00325124 -0.231667 0.17329
         vertex 0.0032115 -0.231764 0.17329
         vertex 0.00635287 -0.229702 0.17329
      endloop
   endfacet
   facet normal 2.11965e-17 -5.1682e-17 1
      outer loop
         vertex -0.0182605 -0.240153 0.17329
         vertex -0.0145954 -0.239325 0.17329
         vertex -0.0146925 -0.239287 0.17329
      endloop
   endfacet
   facet normal 2.11965e-17 -5.1682e-17 1
      outer loop
         vertex -0.0139213 -0.239814 0.17329
         vertex -0.0142056 -0.239537 0.17329
         vertex -0.0182605 -0.240153 0.17329
      endloop
   endfacet
   facet normal 2.11965e-17 -5.1682e-17 1
      outer loop
         vertex -0.0137673 -0.240577 0.17329
         vertex -0.0162453 -0.242335 0.17329
         vertex -0.0161571 -0.242391 0.17329
      endloop
   endfacet
   facet normal 2.11965e-17 -5.1682e-17 1
      outer loop
         vertex -0.0137673 -0.240577 0.17329
         vertex -0.0182605 -0.240153 0.17329
         vertex -0.0175751 -0.241096 0.17329
      endloop
   endfacet
   facet normal 2.11965e-17 -5.1682e-17 1
      outer loop
         vertex -0.0131977 -0.243624 0.17329
         vertex -0.0148165 -0.243448 0.17329
         vertex -0.0148558 -0.24375 0.17329
      endloop
   endfacet
   facet normal 2.11965e-17 -5.1682e-17 1
      outer loop
         vertex -0.0131977 -0.243624 0.17329
         vertex -0.0137796 -0.242156 0.17329
         vertex -0.0148922 -0.243153 0.17329
      endloop
   endfacet
   facet normal 2.11965e-17 -5.1682e-17 1
      outer loop
         vertex -0.01533 -0.242746 0.17329
         vertex -0.0150719 -0.242908 0.17329
         vertex -0.0137796 -0.242156 0.17329
      endloop
   endfacet
   facet normal 2.11965e-17 -5.1682e-17 1
      outer loop
         vertex -0.0140177 -0.25031 0.17329
         vertex -0.0169023 -0.244829 0.17329
         vertex -0.0170067 -0.244827 0.17329
      endloop
   endfacet
   facet normal 2.11965e-17 -5.1682e-17 1
      outer loop
         vertex -0.0190967 -0.247512 0.17329
         vertex -0.0174232 -0.248222 0.17329
         vertex -0.0188021 -0.245111 0.17329
      endloop
   endfacet
   facet normal 2.11965e-17 -5.1682e-17 1
      outer loop
         vertex -0.00866033 -0.231649 0.17329
         vertex -0.00456726 -0.233523 0.17329
         vertex -0.00479985 -0.233326 0.17329
      endloop
   endfacet
   facet normal 2.11965e-17 -5.1682e-17 1
      outer loop
         vertex -0.00397453 -0.2336 0.17329
         vertex -0.00427838 -0.233619 0.17329
         vertex -0.00234355 -0.234813 0.17329
      endloop
   endfacet
   facet normal 2.11965e-17 -5.1682e-17 1
      outer loop
         vertex -0.00234355 -0.234813 0.17329
         vertex -0.00136321 -0.233575 0.17329
         vertex -0.00278298 -0.23311 0.17329
      endloop
   endfacet
   facet normal 2.11965e-17 -5.1682e-17 1
      outer loop
         vertex -0.00264936 -0.232528 0.17329
         vertex -0.00266007 -0.232832 0.17329
         vertex -0.00136321 -0.233575 0.17329
      endloop
   endfacet
   facet normal 2.11965e-17 -5.1682e-17 1
      outer loop
         vertex -0.00800147 -0.234356 0.17329
         vertex -0.00790748 -0.234646 0.17329
         vertex -0.00234355 -0.234813 0.17329
      endloop
   endfacet
   facet normal 2.11965e-17 -5.1682e-17 1
      outer loop
         vertex -0.00714493 -0.238179 0.17329
         vertex -0.00278693 -0.236329 0.17329
         vertex -0.00792773 -0.23495 0.17329
      endloop
   endfacet
   facet normal 2.11965e-17 -5.1682e-17 1
      outer loop
         vertex -0.00946343 -0.235947 0.17329
         vertex -0.0101149 -0.237292 0.17329
         vertex -0.00854333 -0.237446 0.17329
      endloop
   endfacet
   facet normal 2.11965e-17 -5.1682e-17 1
      outer loop
         vertex -0.0105766 -0.264482 0.17329
         vertex -0.0112153 -0.260558 0.17329
         vertex -0.0118028 -0.26124 0.17329
      endloop
   endfacet
   facet normal 2.11965e-17 -5.1682e-17 1
      outer loop
         vertex -0.00561464 -0.261482 0.17329
         vertex -0.00661221 -0.262769 0.17329
         vertex -0.00645259 -0.263029 0.17329
      endloop
   endfacet
   facet normal 2.11965e-17 -5.1682e-17 1
      outer loop
         vertex -0.00663345 -0.267535 0.17329
         vertex -0.00337422 -0.265046 0.17329
         vertex -0.00337603 -0.264649 0.17329
      endloop
   endfacet
   facet normal 2.11965e-17 -5.1682e-17 1
      outer loop
         vertex 0.0185216 -0.252126 0.17329
         vertex 0.0196165 -0.251728 0.17329
         vertex 0.0197824 -0.250376 0.17329
      endloop
   endfacet
   facet normal 2.11965e-17 -5.1682e-17 1
      outer loop
         vertex 0.0129171 -0.253613 0.17329
         vertex 0.0188161 -0.249725 0.17329
         vertex 0.0171426 -0.249015 0.17329
      endloop
   endfacet
   facet normal 2.11965e-17 -5.1682e-17 1
      outer loop
         vertex 0.0146565 -0.245644 0.17329
         vertex 0.0157289 -0.246685 0.17329
         vertex 0.0160184 -0.246591 0.17329
      endloop
   endfacet
   facet normal 2.11965e-17 -5.1682e-17 1
      outer loop
         vertex 0.0137371 -0.246928 0.17329
         vertex 0.0153505 -0.247148 0.17329
         vertex 0.0154952 -0.24688 0.17329
      endloop
   endfacet
   facet normal 2.11965e-17 -5.1682e-17 1
      outer loop
         vertex 0.0153529 -0.248161 0.17329
         vertex 0.0153156 -0.247451 0.17329
         vertex 0.0137371 -0.246928 0.17329
      endloop
   endfacet
   facet normal 2.11965e-17 -5.1682e-17 1
      outer loop
         vertex 0.0102961 -0.232755 0.17329
         vertex 0.0115223 -0.235997 0.17329
         vertex 0.0115771 -0.235908 0.17329
      endloop
   endfacet
   facet normal 2.11965e-17 -5.1682e-17 1
      outer loop
         vertex -0.0009722 -0.26534 0.17329
         vertex -0.000961266 -0.265784 0.17329
         vertex 0.00158871 -0.268544 0.17329
      endloop
   endfacet
   facet normal 2.11965e-17 -5.1682e-17 1
      outer loop
         vertex 0.00206188 -0.267479 0.17329
         vertex 0.00247047 -0.265708 0.17329
         vertex -0.000291016 -0.264441 0.17329
      endloop
   endfacet
   facet normal 2.11965e-17 -5.1682e-17 1
      outer loop
         vertex 0.00108263 -0.263662 0.17329
         vertex 0.00237949 -0.264405 0.17329
         vertex 0.0025024 -0.264127 0.17329
      endloop
   endfacet
   facet normal 2.11965e-17 -5.1682e-17 1
      outer loop
         vertex 0.00108263 -0.263662 0.17329
         vertex 0.00247477 -0.265603 0.17329
         vertex 0.00236878 -0.26471 0.17329
      endloop
   endfacet
   facet normal 2.11965e-17 -5.1682e-17 1
      outer loop
         vertex 0.00826275 -0.259791 0.17329
         vertex 0.00451927 -0.263911 0.17329
         vertex 0.00466232 -0.26418 0.17329
      endloop
   endfacet
   facet normal 2.11965e-17 -5.1682e-17 1
      outer loop
         vertex 0.00826275 -0.259791 0.17329
         vertex 0.00686435 -0.259058 0.17329
         vertex 0.00428667 -0.263715 0.17329
      endloop
   endfacet
   facet normal 2.11965e-17 -5.1682e-17 1
      outer loop
         vertex 0.00983429 -0.259946 0.17329
         vertex 0.00946858 -0.261395 0.17329
         vertex 0.0096949 -0.261599 0.17329
      endloop
   endfacet
   facet normal 2.11965e-17 -5.1682e-17 1
      outer loop
         vertex 0.00918285 -0.26129 0.17329
         vertex 0.00983429 -0.259946 0.17329
         vertex 0.00826275 -0.259791 0.17329
      endloop
   endfacet
   facet normal 2.11965e-17 -5.1682e-17 1
      outer loop
         vertex 0.00826275 -0.259791 0.17329
         vertex 0.00777873 -0.262013 0.17329
         vertex 0.00800282 -0.261807 0.17329
      endloop
   endfacet
   facet normal 2.11965e-17 -5.1682e-17 1
      outer loop
         vertex 0.00826275 -0.259791 0.17329
         vertex 0.00615288 -0.266534 0.17329
         vertex 0.00764715 -0.262288 0.17329
      endloop
   endfacet
   facet normal 2.11965e-17 -5.1682e-17 1
      outer loop
         vertex 0.00815787 -0.263784 0.17329
         vertex 0.0081262 -0.263685 0.17329
         vertex 0.00615288 -0.266534 0.17329
      endloop
   endfacet
   facet normal 2.11965e-17 -5.1682e-17 1
      outer loop
         vertex 0.00486444 -0.238819 0.17329
         vertex 0.00381154 -0.239996 0.17329
         vertex 0.00705757 -0.242441 0.17329
      endloop
   endfacet
   facet normal 2.11965e-17 -5.1682e-17 1
      outer loop
         vertex 0.00917961 -0.240182 0.17329
         vertex 0.00657608 -0.234649 0.17329
         vertex 0.00533406 -0.235755 0.17329
      endloop
   endfacet
   facet normal 2.11965e-17 -5.1682e-17 1
      outer loop
         vertex 0.00617201 -0.234209 0.17329
         vertex 0.00468196 -0.234317 0.17329
         vertex 0.00533406 -0.235755 0.17329
      endloop
   endfacet
   facet normal 2.11965e-17 -5.1682e-17 1
      outer loop
         vertex 0.00325152 -0.232954 0.17329
         vertex 0.00353727 -0.233229 0.17329
         vertex 0.00635287 -0.229702 0.17329
      endloop
   endfacet
   facet normal 2.11965e-17 -5.1682e-17 1
      outer loop
         vertex 0.00732358 -0.252301 0.17329
         vertex 0.00880836 -0.251764 0.17329
         vertex 0.00799228 -0.246849 0.17329
      endloop
   endfacet
   facet normal 2.11965e-17 -5.1682e-17 1
      outer loop
         vertex 0.0053513 -0.256352 0.17329
         vertex 0.0016105 -0.257941 0.17329
         vertex 0.00234777 -0.259337 0.17329
      endloop
   endfacet
   facet normal 2.11965e-17 -5.1682e-17 1
      outer loop
         vertex -0.0142056 -0.239537 0.17329
         vertex -0.0145954 -0.239325 0.17329
         vertex -0.0182605 -0.240153 0.17329
      endloop
   endfacet
   facet normal 2.11965e-17 -5.1682e-17 1
      outer loop
         vertex -0.0175751 -0.241096 0.17329
         vertex -0.0162453 -0.242335 0.17329
         vertex -0.0137673 -0.240577 0.17329
      endloop
   endfacet
   facet normal 2.11965e-17 -5.1682e-17 1
      outer loop
         vertex -0.0150636 -0.24443 0.17329
         vertex -0.0151998 -0.244702 0.17329
         vertex -0.0131977 -0.243624 0.17329
      endloop
   endfacet
   facet normal 2.11965e-17 -5.1682e-17 1
      outer loop
         vertex -0.0150719 -0.242908 0.17329
         vertex -0.0148922 -0.243153 0.17329
         vertex -0.0137796 -0.242156 0.17329
      endloop
   endfacet
   facet normal 2.11965e-17 -5.1682e-17 1
      outer loop
         vertex -0.0140177 -0.25031 0.17329
         vertex -0.0160179 -0.244997 0.17329
         vertex -0.0169023 -0.244829 0.17329
      endloop
   endfacet
   facet normal 2.11965e-17 -5.1682e-17 1
      outer loop
         vertex -0.0154273 -0.244905 0.17329
         vertex -0.0140177 -0.25031 0.17329
         vertex -0.0121068 -0.244766 0.17329
      endloop
   endfacet
   facet normal 2.11965e-17 -5.1682e-17 1
      outer loop
         vertex -0.0140177 -0.25031 0.17329
         vertex -0.0156999 -0.248779 0.17329
         vertex -0.0156335 -0.249077 0.17329
      endloop
   endfacet
   facet normal 2.11965e-17 -5.1682e-17 1
      outer loop
         vertex -0.0174232 -0.248222 0.17329
         vertex -0.0173211 -0.248245 0.17329
         vertex -0.0188021 -0.245111 0.17329
      endloop
   endfacet
   facet normal 2.11965e-17 -5.1682e-17 1
      outer loop
         vertex -0.0197692 -0.252454 0.17329
         vertex -0.0159834 -0.254031 0.17329
         vertex -0.0156405 -0.253831 0.17329
      endloop
   endfacet
   facet normal 2.11965e-17 -5.1682e-17 1
      outer loop
         vertex -0.00456726 -0.233523 0.17329
         vertex -0.00866033 -0.231649 0.17329
         vertex -0.00234355 -0.234813 0.17329
      endloop
   endfacet
   facet normal 2.11965e-17 -5.1682e-17 1
      outer loop
         vertex -0.00266007 -0.232832 0.17329
         vertex -0.00278298 -0.23311 0.17329
         vertex -0.00136321 -0.233575 0.17329
      endloop
   endfacet
   facet normal 2.11965e-17 -5.1682e-17 1
      outer loop
         vertex -0.00262835 -0.2379 0.17329
         vertex -0.00278693 -0.236329 0.17329
         vertex -0.00714493 -0.238179 0.17329
      endloop
   endfacet
   facet normal 2.11965e-17 -5.1682e-17 1
      outer loop
         vertex -0.00854333 -0.237446 0.17329
         vertex -0.00792773 -0.23495 0.17329
         vertex -0.00805931 -0.235224 0.17329
      endloop
   endfacet
   facet normal 2.11965e-17 -5.1682e-17 1
      outer loop
         vertex -0.013276 -0.233537 0.17329
         vertex -0.0127494 -0.237605 0.17329
         vertex -0.0124048 -0.237801 0.17329
      endloop
   endfacet
   facet normal 2.11965e-17 -5.1682e-17 1
      outer loop
         vertex -0.0105766 -0.264482 0.17329
         vertex -0.0110541 -0.2603 0.17329
         vertex -0.0112153 -0.260558 0.17329
      endloop
   endfacet
   facet normal 2.11965e-17 -5.1682e-17 1
      outer loop
         vertex -0.0109944 -0.257429 0.17329
         vertex -0.0105766 -0.264482 0.17329
         vertex -0.00912505 -0.263388 0.17329
      endloop
   endfacet
   facet normal 2.11965e-17 -5.1682e-17 1
      outer loop
         vertex -0.00496254 -0.26292 0.17329
         vertex -0.00640064 -0.263328 0.17329
         vertex -0.00646376 -0.263626 0.17329
      endloop
   endfacet
   facet normal 2.11965e-17 -5.1682e-17 1
      outer loop
         vertex -0.00645259 -0.263029 0.17329
         vertex -0.00496254 -0.26292 0.17329
         vertex -0.00561464 -0.261482 0.17329
      endloop
   endfacet
   facet normal 2.11965e-17 -5.1682e-17 1
      outer loop
         vertex -0.00561464 -0.261482 0.17329
         vertex -0.00778087 -0.262174 0.17329
         vertex -0.00749041 -0.262265 0.17329
      endloop
   endfacet
   facet normal 2.11965e-17 -5.1682e-17 1
      outer loop
         vertex -0.00337603 -0.264649 0.17329
         vertex -0.0035321 -0.264284 0.17329
         vertex -0.00663345 -0.267535 0.17329
      endloop
   endfacet
   facet normal 2.11965e-17 -5.1682e-17 1
      outer loop
         vertex -0.00663345 -0.267535 0.17329
         vertex -0.00533036 -0.267934 0.17329
         vertex -0.00452161 -0.267095 0.17329
      endloop
   endfacet
   facet normal 2.11965e-17 -5.1682e-17 1
      outer loop
         vertex 0.0188161 -0.249725 0.17329
         vertex 0.0167261 -0.252411 0.17329
         vertex 0.0185216 -0.252126 0.17329
      endloop
   endfacet
   facet normal 2.11965e-17 -5.1682e-17 1
      outer loop
         vertex 0.0129171 -0.253613 0.17329
         vertex 0.0149192 -0.252535 0.17329
         vertex 0.0151468 -0.252333 0.17329
      endloop
   endfacet
   facet normal 2.11965e-17 -5.1682e-17 1
      outer loop
         vertex 0.0129171 -0.253613 0.17329
         vertex 0.0145359 -0.253789 0.17329
         vertex 0.0145752 -0.253487 0.17329
      endloop
   endfacet
   facet normal 2.11965e-17 -5.1682e-17 1
      outer loop
         vertex 0.0129171 -0.253613 0.17329
         vertex 0.013499 -0.255081 0.17329
         vertex 0.0146116 -0.254084 0.17329
      endloop
   endfacet
   facet normal 2.11965e-17 -5.1682e-17 1
      outer loop
         vertex 0.0118262 -0.252472 0.17329
         vertex 0.0124027 -0.247772 0.17329
         vertex 0.0108488 -0.248053 0.17329
      endloop
   endfacet
   facet normal 2.11965e-17 -5.1682e-17 1
      outer loop
         vertex 0.0155912 -0.248709 0.17329
         vertex 0.0137371 -0.246928 0.17329
         vertex 0.0124027 -0.247772 0.17329
      endloop
   endfacet
   facet normal 2.11965e-17 -5.1682e-17 1
      outer loop
         vertex 0.0171426 -0.249015 0.17329
         vertex 0.0170406 -0.248993 0.17329
         vertex 0.0129171 -0.253613 0.17329
      endloop
   endfacet
   facet normal 2.11965e-17 -5.1682e-17 1
      outer loop
         vertex 0.0146565 -0.245644 0.17329
         vertex 0.0154952 -0.24688 0.17329
         vertex 0.0157289 -0.246685 0.17329
      endloop
   endfacet
   facet normal 2.11965e-17 -5.1682e-17 1
      outer loop
         vertex 0.0153156 -0.247451 0.17329
         vertex 0.0153505 -0.247148 0.17329
         vertex 0.0137371 -0.246928 0.17329
      endloop
   endfacet
   facet normal 2.11965e-17 -5.1682e-17 1
      outer loop
         vertex 0.0102961 -0.232755 0.17329
         vertex 0.0109347 -0.236679 0.17329
         vertex 0.0115223 -0.235997 0.17329
      endloop
   endfacet
   facet normal 2.11965e-17 -5.1682e-17 1
      outer loop
         vertex 0.0107138 -0.239808 0.17329
         vertex 0.0116757 -0.238494 0.17329
         vertex 0.0114339 -0.238309 0.17329
      endloop
   endfacet
   facet normal 2.11965e-17 -5.1682e-17 1
      outer loop
         vertex 0.0107138 -0.239808 0.17329
         vertex 0.0102961 -0.232755 0.17329
         vertex 0.00884447 -0.233849 0.17329
      endloop
   endfacet
   facet normal 2.11965e-17 -5.1682e-17 1
      outer loop
         vertex 0.00247477 -0.265603 0.17329
         vertex 0.00108263 -0.263662 0.17329
         vertex -0.000291016 -0.264441 0.17329
      endloop
   endfacet
   facet normal 2.11965e-17 -5.1682e-17 1
      outer loop
         vertex 0.00236878 -0.26471 0.17329
         vertex 0.00237949 -0.264405 0.17329
         vertex 0.00108263 -0.263662 0.17329
      endloop
   endfacet
   facet normal 2.11965e-17 -5.1682e-17 1
      outer loop
         vertex 0.00428667 -0.263715 0.17329
         vertex 0.00451927 -0.263911 0.17329
         vertex 0.00826275 -0.259791 0.17329
      endloop
   endfacet
   facet normal 2.11965e-17 -5.1682e-17 1
      outer loop
         vertex 0.00686435 -0.259058 0.17329
         vertex 0.00300096 -0.263797 0.17329
         vertex 0.00369394 -0.263637 0.17329
      endloop
   endfacet
   facet normal 2.11965e-17 -5.1682e-17 1
      outer loop
         vertex 0.00686435 -0.259058 0.17329
         vertex 0.0025024 -0.264127 0.17329
         vertex 0.00271992 -0.263914 0.17329
      endloop
   endfacet
   facet normal 2.11965e-17 -5.1682e-17 1
      outer loop
         vertex 0.00918285 -0.26129 0.17329
         vertex 0.00946858 -0.261395 0.17329
         vertex 0.00983429 -0.259946 0.17329
      endloop
   endfacet
   facet normal 2.11965e-17 -5.1682e-17 1
      outer loop
         vertex 0.00764715 -0.262288 0.17329
         vertex 0.00777873 -0.262013 0.17329
         vertex 0.00826275 -0.259791 0.17329
      endloop
   endfacet
   facet normal 2.11965e-17 -5.1682e-17 1
      outer loop
         vertex 0.0081262 -0.263685 0.17329
         vertex 0.00772088 -0.262881 0.17329
         vertex 0.00615288 -0.266534 0.17329
      endloop
   endfacet
   facet normal 2.11965e-17 -5.1682e-17 1
      outer loop
         vertex 0.00533406 -0.235755 0.17329
         vertex 0.00539801 -0.237333 0.17329
         vertex 0.00917961 -0.240182 0.17329
      endloop
   endfacet
   facet normal 2.11965e-17 -5.1682e-17 1
      outer loop
         vertex 0.00655472 -0.230849 0.17329
         vertex 0.00635287 -0.229702 0.17329
         vertex 0.00353727 -0.233229 0.17329
      endloop
   endfacet
   facet normal 2.11965e-17 -5.1682e-17 1
      outer loop
         vertex 0.00799228 -0.246849 0.17329
         vertex 0.00710829 -0.245541 0.17329
         vertex 0.00732358 -0.252301 0.17329
      endloop
   endfacet
   facet normal 2.11965e-17 -5.1682e-17 1
      outer loop
         vertex 0.0053513 -0.256352 0.17329
         vertex 0.000402561 -0.256924 0.17329
         vertex 0.0016105 -0.257941 0.17329
      endloop
   endfacet
   facet normal 2.11965e-17 -5.1682e-17 1
      outer loop
         vertex -0.0161571 -0.242391 0.17329
         vertex -0.0137796 -0.242156 0.17329
         vertex -0.0137673 -0.240577 0.17329
      endloop
   endfacet
   facet normal 2.11965e-17 -5.1682e-17 1
      outer loop
         vertex -0.0148922 -0.243153 0.17329
         vertex -0.0148165 -0.243448 0.17329
         vertex -0.0131977 -0.243624 0.17329
      endloop
   endfacet
   facet normal 2.11965e-17 -5.1682e-17 1
      outer loop
         vertex -0.0140177 -0.25031 0.17329
         vertex -0.0157137 -0.245008 0.17329
         vertex -0.0160179 -0.244997 0.17329
      endloop
   endfacet
   facet normal 2.11965e-17 -5.1682e-17 1
      outer loop
         vertex -0.0121068 -0.244766 0.17329
         vertex -0.0131977 -0.243624 0.17329
         vertex -0.0154273 -0.244905 0.17329
      endloop
   endfacet
   facet normal 2.11965e-17 -5.1682e-17 1
      outer loop
         vertex -0.0126832 -0.249465 0.17329
         vertex -0.0111293 -0.249184 0.17329
         vertex -0.0106669 -0.245414 0.17329
      endloop
   endfacet
   facet normal 2.11965e-17 -5.1682e-17 1
      outer loop
         vertex -0.00958372 -0.249508 0.17329
         vertex -0.00908894 -0.245474 0.17329
         vertex -0.0106669 -0.245414 0.17329
      endloop
   endfacet
   facet normal 2.11965e-17 -5.1682e-17 1
      outer loop
         vertex -0.0149371 -0.251593 0.17329
         vertex -0.0160095 -0.250552 0.17329
         vertex -0.016299 -0.250646 0.17329
      endloop
   endfacet
   facet normal 2.11965e-17 -5.1682e-17 1
      outer loop
         vertex -0.0140177 -0.25031 0.17329
         vertex -0.0156311 -0.250089 0.17329
         vertex -0.0157757 -0.250357 0.17329
      endloop
   endfacet
   facet normal 2.11965e-17 -5.1682e-17 1
      outer loop
         vertex -0.0156335 -0.249077 0.17329
         vertex -0.0155962 -0.249787 0.17329
         vertex -0.0140177 -0.25031 0.17329
      endloop
   endfacet
   facet normal 2.11965e-17 -5.1682e-17 1
      outer loop
         vertex -0.0173211 -0.248245 0.17329
         vertex -0.0164224 -0.248295 0.17329
         vertex -0.0188021 -0.245111 0.17329
      endloop
   endfacet
   facet normal 2.11965e-17 -5.1682e-17 1
      outer loop
         vertex -0.0156405 -0.253831 0.17329
         vertex -0.0154025 -0.253514 0.17329
         vertex -0.0197692 -0.252454 0.17329
      endloop
   endfacet
   facet normal 2.11965e-17 -5.1682e-17 1
      outer loop
         vertex -0.0197692 -0.252454 0.17329
         vertex -0.0194625 -0.253781 0.17329
         vertex -0.0183319 -0.254063 0.17329
      endloop
   endfacet
   facet normal 2.11965e-17 -5.1682e-17 1
      outer loop
         vertex -0.00278298 -0.23311 0.17329
         vertex -0.0030005 -0.233323 0.17329
         vertex -0.00234355 -0.234813 0.17329
      endloop
   endfacet
   facet normal 2.11965e-17 -5.1682e-17 1
      outer loop
         vertex -0.00997548 -0.235639 0.17329
         vertex -0.010545 -0.234942 0.17329
         vertex -0.0101149 -0.237292 0.17329
      endloop
   endfacet
   facet normal 2.11965e-17 -5.1682e-17 1
      outer loop
         vertex -0.00189108 -0.239297 0.17329
         vertex -0.00262835 -0.2379 0.17329
         vertex -0.00612461 -0.239385 0.17329
      endloop
   endfacet
   facet normal 2.11965e-17 -5.1682e-17 1
      outer loop
         vertex -0.0124048 -0.237801 0.17329
         vertex -0.0120107 -0.237849 0.17329
         vertex -0.013276 -0.233537 0.17329
      endloop
   endfacet
   facet normal 2.11965e-17 -5.1682e-17 1
      outer loop
         vertex -0.013276 -0.233537 0.17329
         vertex -0.0142724 -0.234467 0.17329
         vertex -0.0139506 -0.235586 0.17329
      endloop
   endfacet
   facet normal 2.11965e-17 -5.1682e-17 1
      outer loop
         vertex -0.0165315 -0.260079 0.17329
         vertex -0.013918 -0.256399 0.17329
         vertex -0.0142616 -0.256201 0.17329
      endloop
   endfacet
   facet normal 2.11965e-17 -5.1682e-17 1
      outer loop
         vertex -0.0105766 -0.264482 0.17329
         vertex -0.0110004 -0.260001 0.17329
         vertex -0.0110541 -0.2603 0.17329
      endloop
   endfacet
   facet normal 2.11965e-17 -5.1682e-17 1
      outer loop
         vertex -0.0109944 -0.257429 0.17329
         vertex -0.0110617 -0.259702 0.17329
         vertex -0.0110004 -0.260001 0.17329
      endloop
   endfacet
   facet normal 2.11965e-17 -5.1682e-17 1
      outer loop
         vertex -0.0109944 -0.257429 0.17329
         vertex -0.0117145 -0.258928 0.17329
         vertex -0.0112294 -0.259448 0.17329
      endloop
   endfacet
   facet normal 2.11965e-17 -5.1682e-17 1
      outer loop
         vertex -0.00808437 -0.262197 0.17329
         vertex -0.00561464 -0.261482 0.17329
         vertex -0.0056786 -0.259905 0.17329
      endloop
   endfacet
   facet normal 2.11965e-17 -5.1682e-17 1
      outer loop
         vertex -0.00912505 -0.263388 0.17329
         vertex -0.00905465 -0.263311 0.17329
         vertex -0.0109944 -0.257429 0.17329
      endloop
   endfacet
   facet normal 2.11965e-17 -5.1682e-17 1
      outer loop
         vertex -0.00645259 -0.263029 0.17329
         vertex -0.00640064 -0.263328 0.17329
         vertex -0.00496254 -0.26292 0.17329
      endloop
   endfacet
   facet normal 2.11965e-17 -5.1682e-17 1
      outer loop
         vertex -0.00749041 -0.262265 0.17329
         vertex -0.00685666 -0.262588 0.17329
         vertex -0.00561464 -0.261482 0.17329
      endloop
   endfacet
   facet normal 2.11965e-17 -5.1682e-17 1
      outer loop
         vertex -0.00381785 -0.264008 0.17329
         vertex -0.0068037 -0.26457 0.17329
         vertex -0.0068353 -0.266388 0.17329
      endloop
   endfacet
   facet normal 2.11965e-17 -5.1682e-17 1
      outer loop
         vertex -0.00381785 -0.264008 0.17329
         vertex -0.00496254 -0.26292 0.17329
         vertex -0.00678264 -0.264468 0.17329
      endloop
   endfacet
   facet normal 2.11965e-17 -5.1682e-17 1
      outer loop
         vertex -0.00663345 -0.267535 0.17329
         vertex -0.00349208 -0.265474 0.17329
         vertex -0.00337422 -0.265046 0.17329
      endloop
   endfacet
   facet normal 2.11965e-17 -5.1682e-17 1
      outer loop
         vertex -0.00452161 -0.267095 0.17329
         vertex -0.00353182 -0.26557 0.17329
         vertex -0.00663345 -0.267535 0.17329
      endloop
   endfacet
   facet normal 2.11965e-17 -5.1682e-17 1
      outer loop
         vertex 0.0188161 -0.249725 0.17329
         vertex 0.0166217 -0.252408 0.17329
         vertex 0.0167261 -0.252411 0.17329
      endloop
   endfacet
   facet normal 2.11965e-17 -5.1682e-17 1
      outer loop
         vertex 0.0151468 -0.252333 0.17329
         vertex 0.0188161 -0.249725 0.17329
         vertex 0.0129171 -0.253613 0.17329
      endloop
   endfacet
   facet normal 2.11965e-17 -5.1682e-17 1
      outer loop
         vertex 0.0145752 -0.253487 0.17329
         vertex 0.014783 -0.252807 0.17329
         vertex 0.0129171 -0.253613 0.17329
      endloop
   endfacet
   facet normal 2.11965e-17 -5.1682e-17 1
      outer loop
         vertex 0.013499 -0.255081 0.17329
         vertex 0.0147913 -0.25433 0.17329
         vertex 0.0146116 -0.254084 0.17329
      endloop
   endfacet
   facet normal 2.11965e-17 -5.1682e-17 1
      outer loop
         vertex 0.013499 -0.255081 0.17329
         vertex 0.0158765 -0.254846 0.17329
         vertex 0.0150494 -0.254491 0.17329
      endloop
   endfacet
   facet normal 2.11965e-17 -5.1682e-17 1
      outer loop
         vertex 0.00930313 -0.24773 0.17329
         vertex 0.00880836 -0.251764 0.17329
         vertex 0.0103863 -0.251823 0.17329
      endloop
   endfacet
   facet normal 2.11965e-17 -5.1682e-17 1
      outer loop
         vertex 0.0108488 -0.248053 0.17329
         vertex 0.0103863 -0.251823 0.17329
         vertex 0.0118262 -0.252472 0.17329
      endloop
   endfacet
   facet normal 2.11965e-17 -5.1682e-17 1
      outer loop
         vertex 0.0129171 -0.253613 0.17329
         vertex 0.0158441 -0.248879 0.17329
         vertex 0.0155912 -0.248709 0.17329
      endloop
   endfacet
   facet normal 2.11965e-17 -5.1682e-17 1
      outer loop
         vertex 0.0170406 -0.248993 0.17329
         vertex 0.0161419 -0.248942 0.17329
         vertex 0.0129171 -0.253613 0.17329
      endloop
   endfacet
   facet normal 2.11965e-17 -5.1682e-17 1
      outer loop
         vertex 0.0154952 -0.24688 0.17329
         vertex 0.0146565 -0.245644 0.17329
         vertex 0.0137371 -0.246928 0.17329
      endloop
   endfacet
   facet normal 2.11965e-17 -5.1682e-17 1
      outer loop
         vertex 0.0194886 -0.244784 0.17329
         vertex 0.0153599 -0.243406 0.17329
         vertex 0.0151219 -0.243724 0.17329
      endloop
   endfacet
   facet normal 2.11965e-17 -5.1682e-17 1
      outer loop
         vertex 0.0102961 -0.232755 0.17329
         vertex 0.0107735 -0.236937 0.17329
         vertex 0.0109347 -0.236679 0.17329
      endloop
   endfacet
   facet normal 2.11965e-17 -5.1682e-17 1
      outer loop
         vertex 0.0107138 -0.239808 0.17329
         vertex 0.0107811 -0.237535 0.17329
         vertex 0.0107198 -0.237237 0.17329
      endloop
   endfacet
   facet normal 2.11965e-17 -5.1682e-17 1
      outer loop
         vertex 0.0114339 -0.238309 0.17329
         vertex 0.0109488 -0.237789 0.17329
         vertex 0.0107138 -0.239808 0.17329
      endloop
   endfacet
   facet normal 2.11965e-17 -5.1682e-17 1
      outer loop
         vertex 0.0122761 -0.240038 0.17329
         vertex 0.0132614 -0.237862 0.17329
         vertex 0.0125403 -0.2384 0.17329
      endloop
   endfacet
   facet normal 2.11965e-17 -5.1682e-17 1
      outer loop
         vertex 0.0107138 -0.239808 0.17329
         vertex 0.00807694 -0.234906 0.17329
         vertex 0.00780379 -0.23504 0.17329
      endloop
   endfacet
   facet normal 2.11965e-17 -5.1682e-17 1
      outer loop
         vertex 0.00884447 -0.233849 0.17329
         vertex 0.00877407 -0.233927 0.17329
         vertex 0.0107138 -0.239808 0.17329
      endloop
   endfacet
   facet normal 2.11965e-17 -5.1682e-17 1
      outer loop
         vertex 0.0025024 -0.264127 0.17329
         vertex 0.00206297 -0.262424 0.17329
         vertex 0.00108263 -0.263662 0.17329
      endloop
   endfacet
   facet normal 2.11965e-17 -5.1682e-17 1
      outer loop
         vertex 0.00686435 -0.259058 0.17329
         vertex 0.00250634 -0.260908 0.17329
         vertex 0.00206297 -0.262424 0.17329
      endloop
   endfacet
   facet normal 2.11965e-17 -5.1682e-17 1
      outer loop
         vertex 0.00686435 -0.259058 0.17329
         vertex 0.0039978 -0.263619 0.17329
         vertex 0.00428667 -0.263715 0.17329
      endloop
   endfacet
   facet normal 2.11965e-17 -5.1682e-17 1
      outer loop
         vertex 0.00271992 -0.263914 0.17329
         vertex 0.00300096 -0.263797 0.17329
         vertex 0.00686435 -0.259058 0.17329
      endloop
   endfacet
   facet normal 2.11965e-17 -5.1682e-17 1
      outer loop
         vertex 0.00859926 -0.26142 0.17329
         vertex 0.00887858 -0.261299 0.17329
         vertex 0.00826275 -0.259791 0.17329
      endloop
   endfacet
   facet normal 2.11965e-17 -5.1682e-17 1
      outer loop
         vertex 0.00772088 -0.262881 0.17329
         vertex 0.0076269 -0.262592 0.17329
         vertex 0.00615288 -0.266534 0.17329
      endloop
   endfacet
   facet normal 2.11965e-17 -5.1682e-17 1
      outer loop
         vertex 0.00618318 -0.233611 0.17329
         vertex 0.00650205 -0.232769 0.17329
         vertex 0.00468196 -0.234317 0.17329
      endloop
   endfacet
   facet normal 2.11965e-17 -5.1682e-17 1
      outer loop
         vertex 0.00678072 -0.243996 0.17329
         vertex 0.00705757 -0.242441 0.17329
         vertex 0.00239361 -0.240691 0.17329
      endloop
   endfacet
   facet normal 2.11965e-17 -5.1682e-17 1
      outer loop
         vertex 0.000818437 -0.240802 0.17329
         vertex 0.00614957 -0.253357 0.17329
         vertex 0.00732358 -0.252301 0.17329
      endloop
   endfacet
   facet normal 2.11965e-17 -5.1682e-17 1
      outer loop
         vertex 0.000818437 -0.240802 0.17329
         vertex 0.000402561 -0.256924 0.17329
         vertex 0.00545838 -0.254777 0.17329
      endloop
   endfacet
   facet normal 2.11965e-17 -5.1682e-17 1
      outer loop
         vertex 0.00234777 -0.259337 0.17329
         vertex 0.00584403 -0.257853 0.17329
         vertex 0.0053513 -0.256352 0.17329
      endloop
   endfacet
   facet normal 2.11965e-17 -5.1682e-17 1
      outer loop
         vertex -0.0151998 -0.244702 0.17329
         vertex -0.0154273 -0.244905 0.17329
         vertex -0.0131977 -0.243624 0.17329
      endloop
   endfacet
   facet normal 2.11965e-17 -5.1682e-17 1
      outer loop
         vertex -0.0154273 -0.244905 0.17329
         vertex -0.0157137 -0.245008 0.17329
         vertex -0.0140177 -0.25031 0.17329
      endloop
   endfacet
   facet normal 2.11965e-17 -5.1682e-17 1
      outer loop
         vertex -0.0106669 -0.245414 0.17329
         vertex -0.0111293 -0.249184 0.17329
         vertex -0.00958372 -0.249508 0.17329
      endloop
   endfacet
   facet normal 2.11965e-17 -5.1682e-17 1
      outer loop
         vertex -0.0149371 -0.251593 0.17329
         vertex -0.0157757 -0.250357 0.17329
         vertex -0.0160095 -0.250552 0.17329
      endloop
   endfacet
   facet normal 2.11965e-17 -5.1682e-17 1
      outer loop
         vertex -0.0155962 -0.249787 0.17329
         vertex -0.0156311 -0.250089 0.17329
         vertex -0.0140177 -0.25031 0.17329
      endloop
   endfacet
   facet normal 2.11965e-17 -5.1682e-17 1
      outer loop
         vertex -0.0140177 -0.25031 0.17329
         vertex -0.0188021 -0.245111 0.17329
         vertex -0.0158718 -0.248528 0.17329
      endloop
   endfacet
   facet normal 2.11965e-17 -5.1682e-17 1
      outer loop
         vertex -0.0164224 -0.248295 0.17329
         vertex -0.0161247 -0.248359 0.17329
         vertex -0.0188021 -0.245111 0.17329
      endloop
   endfacet
   facet normal 2.11965e-17 -5.1682e-17 1
      outer loop
         vertex -0.0153068 -0.253129 0.17329
         vertex -0.0172865 -0.250824 0.17329
         vertex -0.0188764 -0.251705 0.17329
      endloop
   endfacet
   facet normal 2.11965e-17 -5.1682e-17 1
      outer loop
         vertex -0.0153068 -0.253129 0.17329
         vertex -0.0149371 -0.251593 0.17329
         vertex -0.0171874 -0.250791 0.17329
      endloop
   endfacet
   facet normal 2.11965e-17 -5.1682e-17 1
      outer loop
         vertex -0.0197692 -0.252454 0.17329
         vertex -0.0164129 -0.254143 0.17329
         vertex -0.0159834 -0.254031 0.17329
      endloop
   endfacet
   facet normal 2.11965e-17 -5.1682e-17 1
      outer loop
         vertex -0.0183319 -0.254063 0.17329
         vertex -0.0165165 -0.254157 0.17329
         vertex -0.0197692 -0.252454 0.17329
      endloop
   endfacet
   facet normal 2.11965e-17 -5.1682e-17 1
      outer loop
         vertex -0.00267419 -0.256546 0.17329
         vertex -0.00760416 -0.244936 0.17329
         vertex -0.00738888 -0.251697 0.17329
      endloop
   endfacet
   facet normal 2.11965e-17 -5.1682e-17 1
      outer loop
         vertex -0.00760416 -0.244936 0.17329
         vertex -0.00908894 -0.245474 0.17329
         vertex -0.00827286 -0.250388 0.17329
      endloop
   endfacet
   facet normal 2.11965e-17 -5.1682e-17 1
      outer loop
         vertex 0.000818437 -0.240802 0.17329
         vertex -0.00573896 -0.24246 0.17329
         vertex -0.00643015 -0.24388 0.17329
      endloop
   endfacet
   facet normal 2.11965e-17 -5.1682e-17 1
      outer loop
         vertex -0.00573896 -0.24246 0.17329
         vertex 0.000818437 -0.240802 0.17329
         vertex -0.000683143 -0.240314 0.17329
      endloop
   endfacet
   facet normal 2.11965e-17 -5.1682e-17 1
      outer loop
         vertex -0.00792773 -0.23495 0.17329
         vertex -0.00278693 -0.236329 0.17329
         vertex -0.00234355 -0.234813 0.17329
      endloop
   endfacet
   facet normal 2.11965e-17 -5.1682e-17 1
      outer loop
         vertex -0.00563188 -0.240885 0.17329
         vertex -0.000683143 -0.240314 0.17329
         vertex -0.00189108 -0.239297 0.17329
      endloop
   endfacet
   facet normal 2.11965e-17 -5.1682e-17 1
      outer loop
         vertex -0.0116293 -0.237739 0.17329
         vertex -0.0106231 -0.234872 0.17329
         vertex -0.0121814 -0.233936 0.17329
      endloop
   endfacet
   facet normal 2.11965e-17 -5.1682e-17 1
      outer loop
         vertex -0.0116293 -0.237739 0.17329
         vertex -0.0101149 -0.237292 0.17329
         vertex -0.010545 -0.234942 0.17329
      endloop
   endfacet
   facet normal 2.11965e-17 -5.1682e-17 1
      outer loop
         vertex -0.013276 -0.233537 0.17329
         vertex -0.0130612 -0.237289 0.17329
         vertex -0.0127494 -0.237605 0.17329
      endloop
   endfacet
   facet normal 2.11965e-17 -5.1682e-17 1
      outer loop
         vertex -0.0139506 -0.235586 0.17329
         vertex -0.013125 -0.237206 0.17329
         vertex -0.013276 -0.233537 0.17329
      endloop
   endfacet
   facet normal 2.11965e-17 -5.1682e-17 1
      outer loop
         vertex -0.0165315 -0.260079 0.17329
         vertex -0.0154983 -0.256555 0.17329
         vertex -0.0166908 -0.257927 0.17329
      endloop
   endfacet
   facet normal 2.11965e-17 -5.1682e-17 1
      outer loop
         vertex -0.0142616 -0.256201 0.17329
         vertex -0.0146555 -0.256151 0.17329
         vertex -0.0165315 -0.260079 0.17329
      endloop
   endfacet
   facet normal 2.11965e-17 -5.1682e-17 1
      outer loop
         vertex -0.0110004 -0.260001 0.17329
         vertex -0.0105766 -0.264482 0.17329
         vertex -0.0109944 -0.257429 0.17329
      endloop
   endfacet
   facet normal 2.11965e-17 -5.1682e-17 1
      outer loop
         vertex -0.0109944 -0.257429 0.17329
         vertex -0.0119563 -0.258743 0.17329
         vertex -0.0117145 -0.258928 0.17329
      endloop
   endfacet
   facet normal 2.11965e-17 -5.1682e-17 1
      outer loop
         vertex -0.0094602 -0.257056 0.17329
         vertex -0.0056786 -0.259905 0.17329
         vertex -0.00514503 -0.258418 0.17329
      endloop
   endfacet
   facet normal 2.11965e-17 -5.1682e-17 1
      outer loop
         vertex -0.0109944 -0.257429 0.17329
         vertex -0.00835753 -0.262332 0.17329
         vertex -0.00808437 -0.262197 0.17329
      endloop
   endfacet
   facet normal 2.11965e-17 -5.1682e-17 1
      outer loop
         vertex -0.00905465 -0.263311 0.17329
         vertex -0.00856127 -0.262558 0.17329
         vertex -0.0109944 -0.257429 0.17329
      endloop
   endfacet
   facet normal 2.11965e-17 -5.1682e-17 1
      outer loop
         vertex -0.00685666 -0.262588 0.17329
         vertex -0.00661221 -0.262769 0.17329
         vertex -0.00561464 -0.261482 0.17329
      endloop
   endfacet
   facet normal 2.11965e-17 -5.1682e-17 1
      outer loop
         vertex -0.00678264 -0.264468 0.17329
         vertex -0.0068037 -0.26457 0.17329
         vertex -0.00381785 -0.264008 0.17329
      endloop
   endfacet
   facet normal 2.11965e-17 -5.1682e-17 1
      outer loop
         vertex -0.00353182 -0.26557 0.17329
         vertex -0.00349208 -0.265474 0.17329
         vertex -0.00663345 -0.267535 0.17329
      endloop
   endfacet
   facet normal 2.11965e-17 -5.1682e-17 1
      outer loop
         vertex 0.0188161 -0.249725 0.17329
         vertex 0.0157373 -0.25224 0.17329
         vertex 0.0166217 -0.252408 0.17329
      endloop
   endfacet
   facet normal 2.11965e-17 -5.1682e-17 1
      outer loop
         vertex 0.014783 -0.252807 0.17329
         vertex 0.0149192 -0.252535 0.17329
         vertex 0.0129171 -0.253613 0.17329
      endloop
   endfacet
   facet normal 2.11965e-17 -5.1682e-17 1
      outer loop
         vertex 0.0150494 -0.254491 0.17329
         vertex 0.0147913 -0.25433 0.17329
         vertex 0.013499 -0.255081 0.17329
      endloop
   endfacet
   facet normal 2.11965e-17 -5.1682e-17 1
      outer loop
         vertex 0.0118262 -0.252472 0.17329
         vertex 0.0129171 -0.253613 0.17329
         vertex 0.0124027 -0.247772 0.17329
      endloop
   endfacet
   facet normal 2.11965e-17 -5.1682e-17 1
      outer loop
         vertex 0.0161419 -0.248942 0.17329
         vertex 0.0158441 -0.248879 0.17329
         vertex 0.0129171 -0.253613 0.17329
      endloop
   endfacet
   facet normal 2.11965e-17 -5.1682e-17 1
      outer loop
         vertex 0.0137371 -0.246928 0.17329
         vertex 0.0155912 -0.248709 0.17329
         vertex 0.0154193 -0.248458 0.17329
      endloop
   endfacet
   facet normal 2.11965e-17 -5.1682e-17 1
      outer loop
         vertex 0.0194886 -0.244784 0.17329
         vertex 0.0157028 -0.243206 0.17329
         vertex 0.0153599 -0.243406 0.17329
      endloop
   endfacet
   facet normal 2.11965e-17 -5.1682e-17 1
      outer loop
         vertex 0.0194886 -0.244784 0.17329
         vertex 0.0191819 -0.243456 0.17329
         vertex 0.0180513 -0.243175 0.17329
      endloop
   endfacet
   facet normal 2.11965e-17 -5.1682e-17 1
      outer loop
         vertex 0.0102961 -0.232755 0.17329
         vertex 0.0107198 -0.237237 0.17329
         vertex 0.0107735 -0.236937 0.17329
      endloop
   endfacet
   facet normal 2.11965e-17 -5.1682e-17 1
      outer loop
         vertex 0.0109488 -0.237789 0.17329
         vertex 0.0107811 -0.237535 0.17329
         vertex 0.0107138 -0.239808 0.17329
      endloop
   endfacet
   facet normal 2.11965e-17 -5.1682e-17 1
      outer loop
         vertex 0.0107138 -0.239808 0.17329
         vertex 0.0122761 -0.240038 0.17329
         vertex 0.0119689 -0.238576 0.17329
      endloop
   endfacet
   facet normal 2.11965e-17 -5.1682e-17 1
      outer loop
         vertex 0.0125403 -0.2384 0.17329
         vertex 0.0122715 -0.238543 0.17329
         vertex 0.0122761 -0.240038 0.17329
      endloop
   endfacet
   facet normal 2.11965e-17 -5.1682e-17 1
      outer loop
         vertex 0.00780379 -0.23504 0.17329
         vertex 0.00917961 -0.240182 0.17329
         vertex 0.0107138 -0.239808 0.17329
      endloop
   endfacet
   facet normal 2.11965e-17 -5.1682e-17 1
      outer loop
         vertex 0.00877407 -0.233927 0.17329
         vertex 0.00828069 -0.23468 0.17329
         vertex 0.0107138 -0.239808 0.17329
      endloop
   endfacet
   facet normal 2.11965e-17 -5.1682e-17 1
      outer loop
         vertex 0.00206297 -0.262424 0.17329
         vertex 0.0025024 -0.264127 0.17329
         vertex 0.00686435 -0.259058 0.17329
      endloop
   endfacet
   facet normal 2.11965e-17 -5.1682e-17 1
      outer loop
         vertex 0.00250634 -0.260908 0.17329
         vertex 0.00686435 -0.259058 0.17329
         vertex 0.00584403 -0.257853 0.17329
      endloop
   endfacet
   facet normal 2.11965e-17 -5.1682e-17 1
      outer loop
         vertex 0.00369394 -0.263637 0.17329
         vertex 0.0039978 -0.263619 0.17329
         vertex 0.00686435 -0.259058 0.17329
      endloop
   endfacet
   facet normal 2.11965e-17 -5.1682e-17 1
      outer loop
         vertex 0.0076269 -0.262592 0.17329
         vertex 0.00764715 -0.262288 0.17329
         vertex 0.00615288 -0.266534 0.17329
      endloop
   endfacet
   facet normal 2.11965e-17 -5.1682e-17 1
      outer loop
         vertex 0.00239361 -0.240691 0.17329
         vertex 0.000818437 -0.240802 0.17329
         vertex 0.00678072 -0.243996 0.17329
      endloop
   endfacet
   facet normal 2.11965e-17 -5.1682e-17 1
      outer loop
         vertex 0.00710829 -0.245541 0.17329
         vertex 0.000818437 -0.240802 0.17329
         vertex 0.00732358 -0.252301 0.17329
      endloop
   endfacet
   facet normal 2.11965e-17 -5.1682e-17 1
      outer loop
         vertex 0.0053513 -0.256352 0.17329
         vertex 0.00545838 -0.254777 0.17329
         vertex 0.000402561 -0.256924 0.17329
      endloop
   endfacet
   facet normal 2.11965e-17 -5.1682e-17 1
      outer loop
         vertex -0.0170067 -0.244827 0.17329
         vertex -0.0188021 -0.245111 0.17329
         vertex -0.0140177 -0.25031 0.17329
      endloop
   endfacet
   facet normal 2.11965e-17 -5.1682e-17 1
      outer loop
         vertex -0.0121068 -0.244766 0.17329
         vertex -0.0140177 -0.25031 0.17329
         vertex -0.0126832 -0.249465 0.17329
      endloop
   endfacet
   facet normal 2.11965e-17 -5.1682e-17 1
      outer loop
         vertex -0.0157757 -0.250357 0.17329
         vertex -0.0149371 -0.251593 0.17329
         vertex -0.0140177 -0.25031 0.17329
      endloop
   endfacet
   facet normal 2.11965e-17 -5.1682e-17 1
      outer loop
         vertex -0.0161247 -0.248359 0.17329
         vertex -0.0158718 -0.248528 0.17329
         vertex -0.0188021 -0.245111 0.17329
      endloop
   endfacet
   facet normal 2.11965e-17 -5.1682e-17 1
      outer loop
         vertex -0.0171874 -0.250791 0.17329
         vertex -0.0172865 -0.250824 0.17329
         vertex -0.0153068 -0.253129 0.17329
      endloop
   endfacet
   facet normal 2.11965e-17 -5.1682e-17 1
      outer loop
         vertex -0.0165165 -0.254157 0.17329
         vertex -0.0164129 -0.254143 0.17329
         vertex -0.0197692 -0.252454 0.17329
      endloop
   endfacet
   facet normal 2.11965e-17 -5.1682e-17 1
      outer loop
         vertex -0.00827286 -0.250388 0.17329
         vertex -0.00738888 -0.251697 0.17329
         vertex -0.00760416 -0.244936 0.17329
      endloop
   endfacet
   facet normal 2.11965e-17 -5.1682e-17 1
      outer loop
         vertex -0.000683143 -0.240314 0.17329
         vertex -0.00563188 -0.240885 0.17329
         vertex -0.00573896 -0.24246 0.17329
      endloop
   endfacet
   facet normal 2.11965e-17 -5.1682e-17 1
      outer loop
         vertex -0.00612461 -0.239385 0.17329
         vertex -0.00563188 -0.240885 0.17329
         vertex -0.00189108 -0.239297 0.17329
      endloop
   endfacet
   facet normal 2.11965e-17 -5.1682e-17 1
      outer loop
         vertex -0.010545 -0.234942 0.17329
         vertex -0.0106231 -0.234872 0.17329
         vertex -0.0116293 -0.237739 0.17329
      endloop
   endfacet
   facet normal 2.11965e-17 -5.1682e-17 1
      outer loop
         vertex -0.013125 -0.237206 0.17329
         vertex -0.0130612 -0.237289 0.17329
         vertex -0.013276 -0.233537 0.17329
      endloop
   endfacet
   facet normal 2.11965e-17 -5.1682e-17 1
      outer loop
         vertex -0.0165315 -0.260079 0.17329
         vertex -0.0154164 -0.25649 0.17329
         vertex -0.0154983 -0.256555 0.17329
      endloop
   endfacet
   facet normal 2.11965e-17 -5.1682e-17 1
      outer loop
         vertex -0.0146555 -0.256151 0.17329
         vertex -0.0150375 -0.256259 0.17329
         vertex -0.0165315 -0.260079 0.17329
      endloop
   endfacet
   facet normal 2.11965e-17 -5.1682e-17 1
      outer loop
         vertex -0.013918 -0.256399 0.17329
         vertex -0.0136346 -0.259424 0.17329
         vertex -0.013542 -0.259376 0.17329
      endloop
   endfacet
   facet normal 2.11965e-17 -5.1682e-17 1
      outer loop
         vertex -0.013918 -0.256399 0.17329
         vertex -0.0165315 -0.260079 0.17329
         vertex -0.0153729 -0.259956 0.17329
      endloop
   endfacet
   facet normal 2.11965e-17 -5.1682e-17 1
      outer loop
         vertex -0.0112294 -0.259448 0.17329
         vertex -0.0110617 -0.259702 0.17329
         vertex -0.0109944 -0.257429 0.17329
      endloop
   endfacet
   facet normal 2.11965e-17 -5.1682e-17 1
      outer loop
         vertex -0.0109944 -0.257429 0.17329
         vertex -0.0125567 -0.257199 0.17329
         vertex -0.0122495 -0.258661 0.17329
      endloop
   endfacet
   facet normal 2.11965e-17 -5.1682e-17 1
      outer loop
         vertex -0.0125567 -0.257199 0.17329
         vertex -0.013542 -0.259376 0.17329
         vertex -0.0128209 -0.258837 0.17329
      endloop
   endfacet
   facet normal 2.11965e-17 -5.1682e-17 1
      outer loop
         vertex -0.00514503 -0.258418 0.17329
         vertex -0.00817885 -0.256133 0.17329
         vertex -0.0094602 -0.257056 0.17329
      endloop
   endfacet
   facet normal 2.11965e-17 -5.1682e-17 1
      outer loop
         vertex -0.00856127 -0.262558 0.17329
         vertex -0.00835753 -0.262332 0.17329
         vertex -0.0109944 -0.257429 0.17329
      endloop
   endfacet
   facet normal 2.11965e-17 -5.1682e-17 1
      outer loop
         vertex -0.00561464 -0.261482 0.17329
         vertex -0.00808437 -0.262197 0.17329
         vertex -0.00778087 -0.262174 0.17329
      endloop
   endfacet
   facet normal 2.11965e-17 -5.1682e-17 1
      outer loop
         vertex -0.0035321 -0.264284 0.17329
         vertex -0.00381785 -0.264008 0.17329
         vertex -0.00663345 -0.267535 0.17329
      endloop
   endfacet
   facet normal 2.11965e-17 -5.1682e-17 1
      outer loop
         vertex -0.00409212 -0.257241 0.17329
         vertex -0.00733815 -0.254796 0.17329
         vertex -0.00817885 -0.256133 0.17329
      endloop
   endfacet
   facet normal 2.11965e-17 -5.1682e-17 1
      outer loop
         vertex 0.0188161 -0.249725 0.17329
         vertex 0.0154331 -0.25223 0.17329
         vertex 0.0157373 -0.25224 0.17329
      endloop
   endfacet
   facet normal 2.11965e-17 -5.1682e-17 1
      outer loop
         vertex 0.0146116 -0.254084 0.17329
         vertex 0.0145359 -0.253789 0.17329
         vertex 0.0129171 -0.253613 0.17329
      endloop
   endfacet
   facet normal 2.11965e-17 -5.1682e-17 1
      outer loop
         vertex 0.0103863 -0.251823 0.17329
         vertex 0.0108488 -0.248053 0.17329
         vertex 0.00930313 -0.24773 0.17329
      endloop
   endfacet
   facet normal 2.11965e-17 -5.1682e-17 1
      outer loop
         vertex 0.0160184 -0.246591 0.17329
         vertex 0.0169068 -0.246446 0.17329
         vertex 0.0146565 -0.245644 0.17329
      endloop
   endfacet
   facet normal 2.11965e-17 -5.1682e-17 1
      outer loop
         vertex 0.0150262 -0.244109 0.17329
         vertex 0.017006 -0.246414 0.17329
         vertex 0.0185958 -0.245532 0.17329
      endloop
   endfacet
   facet normal 2.11965e-17 -5.1682e-17 1
      outer loop
         vertex 0.0150262 -0.244109 0.17329
         vertex 0.0146565 -0.245644 0.17329
         vertex 0.0169068 -0.246446 0.17329
      endloop
   endfacet
   facet normal 2.11965e-17 -5.1682e-17 1
      outer loop
         vertex 0.0194886 -0.244784 0.17329
         vertex 0.0161324 -0.243094 0.17329
         vertex 0.0157028 -0.243206 0.17329
      endloop
   endfacet
   facet normal 2.11965e-17 -5.1682e-17 1
      outer loop
         vertex 0.0180513 -0.243175 0.17329
         vertex 0.0162359 -0.24308 0.17329
         vertex 0.0194886 -0.244784 0.17329
      endloop
   endfacet
   facet normal 2.11965e-17 -5.1682e-17 1
      outer loop
         vertex 0.0107198 -0.237237 0.17329
         vertex 0.0102961 -0.232755 0.17329
         vertex 0.0107138 -0.239808 0.17329
      endloop
   endfacet
   facet normal 2.11965e-17 -5.1682e-17 1
      outer loop
         vertex 0.0122715 -0.238543 0.17329
         vertex 0.0119689 -0.238576 0.17329
         vertex 0.0122761 -0.240038 0.17329
      endloop
   endfacet
   facet normal 2.11965e-17 -5.1682e-17 1
      outer loop
         vertex 0.00917961 -0.240182 0.17329
         vertex 0.00750029 -0.235063 0.17329
         vertex 0.00720983 -0.234972 0.17329
      endloop
   endfacet
   facet normal 2.11965e-17 -5.1682e-17 1
      outer loop
         vertex 0.00828069 -0.23468 0.17329
         vertex 0.00807694 -0.234906 0.17329
         vertex 0.0107138 -0.239808 0.17329
      endloop
   endfacet
   facet normal 2.11965e-17 -5.1682e-17 1
      outer loop
         vertex 0.00584403 -0.257853 0.17329
         vertex 0.00234777 -0.259337 0.17329
         vertex 0.00250634 -0.260908 0.17329
      endloop
   endfacet
   facet normal 2.11965e-17 -5.1682e-17 1
      outer loop
         vertex 0.0096949 -0.261599 0.17329
         vertex 0.0102645 -0.262296 0.17329
         vertex 0.00983429 -0.259946 0.17329
      endloop
   endfacet
   facet normal 2.11965e-17 -5.1682e-17 1
      outer loop
         vertex 0.00710829 -0.245541 0.17329
         vertex 0.00678072 -0.243996 0.17329
         vertex 0.000818437 -0.240802 0.17329
      endloop
   endfacet
   facet normal 2.11965e-17 -5.1682e-17 1
      outer loop
         vertex 0.000818437 -0.240802 0.17329
         vertex -0.00109902 -0.256435 0.17329
         vertex 0.000402561 -0.256924 0.17329
      endloop
   endfacet
   facet normal 2.11965e-17 -5.1682e-17 1
      outer loop
         vertex -0.0106669 -0.245414 0.17329
         vertex -0.0121068 -0.244766 0.17329
         vertex -0.0126832 -0.249465 0.17329
      endloop
   endfacet
   facet normal 2.11965e-17 -5.1682e-17 1
      outer loop
         vertex -0.0158718 -0.248528 0.17329
         vertex -0.0156999 -0.248779 0.17329
         vertex -0.0140177 -0.25031 0.17329
      endloop
   endfacet
   facet normal 2.11965e-17 -5.1682e-17 1
      outer loop
         vertex -0.0154025 -0.253514 0.17329
         vertex -0.0153068 -0.253129 0.17329
         vertex -0.0197692 -0.252454 0.17329
      endloop
   endfacet
   facet normal 2.11965e-17 -5.1682e-17 1
      outer loop
         vertex -0.00738888 -0.251697 0.17329
         vertex -0.00409212 -0.257241 0.17329
         vertex -0.00267419 -0.256546 0.17329
      endloop
   endfacet
   facet normal 2.11965e-17 -5.1682e-17 1
      outer loop
         vertex -0.00732562 -0.229954 0.17329
         vertex -0.00857981 -0.230487 0.17329
         vertex -0.00866033 -0.231649 0.17329
      endloop
   endfacet
   facet normal 2.11965e-17 -5.1682e-17 1
      outer loop
         vertex -0.0120107 -0.237849 0.17329
         vertex -0.0116293 -0.237739 0.17329
         vertex -0.013276 -0.233537 0.17329
      endloop
   endfacet
   facet normal 2.11965e-17 -5.1682e-17 1
      outer loop
         vertex -0.0150375 -0.256259 0.17329
         vertex -0.0154164 -0.25649 0.17329
         vertex -0.0165315 -0.260079 0.17329
      endloop
   endfacet
   facet normal 2.11965e-17 -5.1682e-17 1
      outer loop
         vertex -0.0153729 -0.259956 0.17329
         vertex -0.0136346 -0.259424 0.17329
         vertex -0.013918 -0.256399 0.17329
      endloop
   endfacet
   facet normal 2.11965e-17 -5.1682e-17 1
      outer loop
         vertex -0.0122495 -0.258661 0.17329
         vertex -0.0119563 -0.258743 0.17329
         vertex -0.0109944 -0.257429 0.17329
      endloop
   endfacet
   facet normal 2.11965e-17 -5.1682e-17 1
      outer loop
         vertex -0.0128209 -0.258837 0.17329
         vertex -0.0125521 -0.258694 0.17329
         vertex -0.0125567 -0.257199 0.17329
      endloop
   endfacet
   facet normal 2.11965e-17 -5.1682e-17 1
      outer loop
         vertex -0.0056786 -0.259905 0.17329
         vertex -0.0109944 -0.257429 0.17329
         vertex -0.00808437 -0.262197 0.17329
      endloop
   endfacet
   facet normal 2.11965e-17 -5.1682e-17 1
      outer loop
         vertex -0.0068353 -0.266388 0.17329
         vertex -0.00663345 -0.267535 0.17329
         vertex -0.00381785 -0.264008 0.17329
      endloop
   endfacet
   facet normal 2.11965e-17 -5.1682e-17 1
      outer loop
         vertex -0.00409212 -0.257241 0.17329
         vertex -0.00706131 -0.253241 0.17329
         vertex -0.00733815 -0.254796 0.17329
      endloop
   endfacet
   facet normal 2.11965e-17 -5.1682e-17 1
      outer loop
         vertex 0.0151468 -0.252333 0.17329
         vertex 0.0154331 -0.25223 0.17329
         vertex 0.0188161 -0.249725 0.17329
      endloop
   endfacet
   facet normal 2.11965e-17 -5.1682e-17 1
      outer loop
         vertex 0.0124027 -0.247772 0.17329
         vertex 0.0129171 -0.253613 0.17329
         vertex 0.0155912 -0.248709 0.17329
      endloop
   endfacet
   facet normal 2.11965e-17 -5.1682e-17 1
      outer loop
         vertex 0.0169068 -0.246446 0.17329
         vertex 0.017006 -0.246414 0.17329
         vertex 0.0150262 -0.244109 0.17329
      endloop
   endfacet
   facet normal 2.11965e-17 -5.1682e-17 1
      outer loop
         vertex 0.0162359 -0.24308 0.17329
         vertex 0.0161324 -0.243094 0.17329
         vertex 0.0194886 -0.244784 0.17329
      endloop
   endfacet
   facet normal 2.11965e-17 -5.1682e-17 1
      outer loop
         vertex 0.0119689 -0.238576 0.17329
         vertex 0.0116757 -0.238494 0.17329
         vertex 0.0107138 -0.239808 0.17329
      endloop
   endfacet
   facet normal 2.11965e-17 -5.1682e-17 1
      outer loop
         vertex 0.00780379 -0.23504 0.17329
         vertex 0.00750029 -0.235063 0.17329
         vertex 0.00917961 -0.240182 0.17329
      endloop
   endfacet
   facet normal 2.11965e-17 -5.1682e-17 1
      outer loop
         vertex 0.00500877 -0.265122 0.17329
         vertex 0.00615288 -0.266534 0.17329
         vertex 0.00826275 -0.259791 0.17329
      endloop
   endfacet
   facet normal 2.11965e-17 -5.1682e-17 1
      outer loop
         vertex 0.00545838 -0.254777 0.17329
         vertex 0.00614957 -0.253357 0.17329
         vertex 0.000818437 -0.240802 0.17329
      endloop
   endfacet
   facet normal 2.11965e-17 -5.1682e-17 1
      outer loop
         vertex -0.016477 -0.23894 0.17329
         vertex -0.017642 -0.238939 0.17329
         vertex -0.0182605 -0.240153 0.17329
      endloop
   endfacet
   facet normal 2.11965e-17 -5.1682e-17 1
      outer loop
         vertex -0.0188764 -0.251705 0.17329
         vertex -0.0197692 -0.252454 0.17329
         vertex -0.0153068 -0.253129 0.17329
      endloop
   endfacet
   facet normal 2.11965e-17 -5.1682e-17 1
      outer loop
         vertex -0.00109902 -0.256435 0.17329
         vertex -0.00643015 -0.24388 0.17329
         vertex -0.00760416 -0.244936 0.17329
      endloop
   endfacet
   facet normal 2.11965e-17 -5.1682e-17 1
      outer loop
         vertex -0.0121814 -0.233936 0.17329
         vertex -0.013276 -0.233537 0.17329
         vertex -0.0116293 -0.237739 0.17329
      endloop
   endfacet
   facet normal 2.11965e-17 -5.1682e-17 1
      outer loop
         vertex -0.013542 -0.259376 0.17329
         vertex -0.0125567 -0.257199 0.17329
         vertex -0.013918 -0.256399 0.17329
      endloop
   endfacet
   facet normal 2.11965e-17 -5.1682e-17 1
      outer loop
         vertex -0.0125521 -0.258694 0.17329
         vertex -0.0122495 -0.258661 0.17329
         vertex -0.0125567 -0.257199 0.17329
      endloop
   endfacet
   facet normal 2.11965e-17 -5.1682e-17 1
      outer loop
         vertex -0.00646376 -0.263626 0.17329
         vertex -0.00678264 -0.264468 0.17329
         vertex -0.00496254 -0.26292 0.17329
      endloop
   endfacet
   facet normal 2.11965e-17 -5.1682e-17 1
      outer loop
         vertex -0.00409212 -0.257241 0.17329
         vertex -0.00738888 -0.251697 0.17329
         vertex -0.00706131 -0.253241 0.17329
      endloop
   endfacet
   facet normal 2.11965e-17 -5.1682e-17 1
      outer loop
         vertex 0.0129954 -0.2637 0.17329
         vertex 0.0121242 -0.259436 0.17329
         vertex 0.0117301 -0.259389 0.17329
      endloop
   endfacet
   facet normal 2.11965e-17 -5.1682e-17 1
      outer loop
         vertex -0.00186929 -0.228694 0.17329
         vertex 1.0434e-05 -0.232797 0.17329
         vertex 0.000354293 -0.232598 0.17329
      endloop
   endfacet
   facet normal 2.11965e-17 -5.1682e-17 1
      outer loop
         vertex 0.00930313 -0.24773 0.17329
         vertex 0.00799228 -0.246849 0.17329
         vertex 0.00880836 -0.251764 0.17329
      endloop
   endfacet
   facet normal 2.11965e-17 -5.1682e-17 1
      outer loop
         vertex 0.0151219 -0.243724 0.17329
         vertex 0.0150262 -0.244109 0.17329
         vertex 0.0194886 -0.244784 0.17329
      endloop
   endfacet
   facet normal 2.11965e-17 -5.1682e-17 1
      outer loop
         vertex 0.00720983 -0.234972 0.17329
         vertex 0.00657608 -0.234649 0.17329
         vertex 0.00917961 -0.240182 0.17329
      endloop
   endfacet
   facet normal 2.11965e-17 -5.1682e-17 1
      outer loop
         vertex 0.00381154 -0.239996 0.17329
         vertex 0.00239361 -0.240691 0.17329
         vertex 0.00705757 -0.242441 0.17329
      endloop
   endfacet
   facet normal 2.11965e-17 -5.1682e-17 1
      outer loop
         vertex -0.016299 -0.250646 0.17329
         vertex -0.0171874 -0.250791 0.17329
         vertex -0.0149371 -0.251593 0.17329
      endloop
   endfacet
   facet normal 2.11965e-17 -5.1682e-17 1
      outer loop
         vertex -0.00643015 -0.24388 0.17329
         vertex -0.00109902 -0.256435 0.17329
         vertex 0.000818437 -0.240802 0.17329
      endloop
   endfacet
   facet normal 2.11965e-17 -5.1682e-17 1
      outer loop
         vertex -0.0127117 -0.264174 0.17329
         vertex -0.0116234 -0.264994 0.17329
         vertex -0.0105766 -0.264482 0.17329
      endloop
   endfacet
   facet normal 2.11965e-17 -5.1682e-17 1
      outer loop
         vertex -0.00817885 -0.256133 0.17329
         vertex -0.00514503 -0.258418 0.17329
         vertex -0.00409212 -0.257241 0.17329
      endloop
   endfacet
   facet normal 2.11965e-17 -5.1682e-17 1
      outer loop
         vertex 0.0129954 -0.2637 0.17329
         vertex 0.0124688 -0.259633 0.17329
         vertex 0.0121242 -0.259436 0.17329
      endloop
   endfacet
   facet normal 2.11965e-17 -5.1682e-17 1
      outer loop
         vertex 0.0129954 -0.2637 0.17329
         vertex 0.0139918 -0.262771 0.17329
         vertex 0.01367 -0.261651 0.17329
      endloop
   endfacet
   facet normal 2.11965e-17 -5.1682e-17 1
      outer loop
         vertex 0.0162509 -0.237159 0.17329
         vertex 0.0139811 -0.241037 0.17329
         vertex 0.0143749 -0.241086 0.17329
      endloop
   endfacet
   facet normal 2.11965e-17 -5.1682e-17 1
      outer loop
         vertex -0.00186929 -0.228694 0.17329
         vertex 0.000665474 -0.23135 0.17329
         vertex 7.35254e-05 -0.229631 0.17329
      endloop
   endfacet
   facet normal 2.11965e-17 -5.1682e-17 1
      outer loop
         vertex 0.000354293 -0.232598 0.17329
         vertex 0.000593939 -0.232282 0.17329
         vertex -0.00186929 -0.228694 0.17329
      endloop
   endfacet
   facet normal 2.11965e-17 -5.1682e-17 1
      outer loop
         vertex 0.0185958 -0.245532 0.17329
         vertex 0.0194886 -0.244784 0.17329
         vertex 0.0150262 -0.244109 0.17329
      endloop
   endfacet
   facet normal 2.11965e-17 -5.1682e-17 1
      outer loop
         vertex -0.000354107 -0.267606 0.17329
         vertex 0.000228006 -0.268615 0.17329
         vertex 0.00158871 -0.268544 0.17329
      endloop
   endfacet
   facet normal 2.11965e-17 -5.1682e-17 1
      outer loop
         vertex -0.00267419 -0.256546 0.17329
         vertex -0.00109902 -0.256435 0.17329
         vertex -0.00760416 -0.244936 0.17329
      endloop
   endfacet
   facet normal 2.11965e-17 -5.1682e-17 1
      outer loop
         vertex -0.0094602 -0.257056 0.17329
         vertex -0.0109944 -0.257429 0.17329
         vertex -0.0056786 -0.259905 0.17329
      endloop
   endfacet
   facet normal 2.11965e-17 -5.1682e-17 1
      outer loop
         vertex 0.0113487 -0.259498 0.17329
         vertex 0.0103425 -0.262365 0.17329
         vertex 0.0119008 -0.263301 0.17329
      endloop
   endfacet
   facet normal 2.11965e-17 -5.1682e-17 1
      outer loop
         vertex 0.0113487 -0.259498 0.17329
         vertex 0.00983429 -0.259946 0.17329
         vertex 0.0102645 -0.262296 0.17329
      endloop
   endfacet
   facet normal 2.11965e-17 -5.1682e-17 1
      outer loop
         vertex 0.0129954 -0.2637 0.17329
         vertex 0.0127806 -0.259949 0.17329
         vertex 0.0124688 -0.259633 0.17329
      endloop
   endfacet
   facet normal 2.11965e-17 -5.1682e-17 1
      outer loop
         vertex 0.01367 -0.261651 0.17329
         vertex 0.0128444 -0.260032 0.17329
         vertex 0.0129954 -0.2637 0.17329
      endloop
   endfacet
   facet normal 2.11965e-17 -5.1682e-17 1
      outer loop
         vertex 0.0179799 -0.257084 0.17329
         vertex 0.0134867 -0.25666 0.17329
         vertex 0.0134865 -0.257057 0.17329
      endloop
   endfacet
   facet normal 2.11965e-17 -5.1682e-17 1
      outer loop
         vertex 0.0162509 -0.237159 0.17329
         vertex 0.0152177 -0.240682 0.17329
         vertex 0.0164102 -0.23931 0.17329
      endloop
   endfacet
   facet normal 2.11965e-17 -5.1682e-17 1
      outer loop
         vertex 0.0162509 -0.237159 0.17329
         vertex 0.0136374 -0.240838 0.17329
         vertex 0.0139811 -0.241037 0.17329
      endloop
   endfacet
   facet normal 2.11965e-17 -5.1682e-17 1
      outer loop
         vertex -0.00186929 -0.228694 0.17329
         vertex 0.000680684 -0.231453 0.17329
         vertex 0.000665474 -0.23135 0.17329
      endloop
   endfacet
   facet normal 2.11965e-17 -5.1682e-17 1
      outer loop
         vertex 0.000593939 -0.232282 0.17329
         vertex 0.000691618 -0.231897 0.17329
         vertex -0.00186929 -0.228694 0.17329
      endloop
   endfacet
   facet normal 2.11965e-17 -5.1682e-17 1
      outer loop
         vertex 1.0434e-05 -0.232797 0.17329
         vertex -0.00275105 -0.23153 0.17329
         vertex -0.00275535 -0.231634 0.17329
      endloop
   endfacet
   facet normal 2.11965e-17 -5.1682e-17 1
      outer loop
         vertex 1.0434e-05 -0.232797 0.17329
         vertex -0.00186929 -0.228694 0.17329
         vertex -0.00234246 -0.229758 0.17329
      endloop
   endfacet
   facet normal 2.11965e-17 -5.1682e-17 1
      outer loop
         vertex 0.0124311 -0.233064 0.17329
         vertex 0.0113428 -0.232244 0.17329
         vertex 0.0102961 -0.232755 0.17329
      endloop
   endfacet
   facet normal 2.11965e-17 -5.1682e-17 1
      outer loop
         vertex -0.0166908 -0.257927 0.17329
         vertex -0.0172737 -0.258936 0.17329
         vertex -0.0165315 -0.260079 0.17329
      endloop
   endfacet
   facet normal 2.11965e-17 -5.1682e-17 1
      outer loop
         vertex 0.0102645 -0.262296 0.17329
         vertex 0.0103425 -0.262365 0.17329
         vertex 0.0113487 -0.259498 0.17329
      endloop
   endfacet
   facet normal 2.11965e-17 -5.1682e-17 1
      outer loop
         vertex 0.0128444 -0.260032 0.17329
         vertex 0.0127806 -0.259949 0.17329
         vertex 0.0129954 -0.2637 0.17329
      endloop
   endfacet
   facet normal 2.11965e-17 -5.1682e-17 1
      outer loop
         vertex 0.0179799 -0.257084 0.17329
         vertex 0.0144119 -0.257951 0.17329
         vertex 0.0161964 -0.258298 0.17329
      endloop
   endfacet
   facet normal 2.11965e-17 -5.1682e-17 1
      outer loop
         vertex 0.0134865 -0.257057 0.17329
         vertex 0.0136407 -0.257423 0.17329
         vertex 0.0179799 -0.257084 0.17329
      endloop
   endfacet
   facet normal 2.11965e-17 -5.1682e-17 1
      outer loop
         vertex 0.0162509 -0.237159 0.17329
         vertex 0.0151358 -0.240747 0.17329
         vertex 0.0152177 -0.240682 0.17329
      endloop
   endfacet
   facet normal 2.11965e-17 -5.1682e-17 1
      outer loop
         vertex 0.0143749 -0.241086 0.17329
         vertex 0.0147569 -0.240978 0.17329
         vertex 0.0162509 -0.237159 0.17329
      endloop
   endfacet
   facet normal 2.11965e-17 -5.1682e-17 1
      outer loop
         vertex 0.0136374 -0.240838 0.17329
         vertex 0.013354 -0.237813 0.17329
         vertex 0.0132614 -0.237862 0.17329
      endloop
   endfacet
   facet normal 2.11965e-17 -5.1682e-17 1
      outer loop
         vertex 0.0136374 -0.240838 0.17329
         vertex 0.0162509 -0.237159 0.17329
         vertex 0.0150923 -0.237281 0.17329
      endloop
   endfacet
   facet normal 2.11965e-17 -5.1682e-17 1
      outer loop
         vertex 0.000691618 -0.231897 0.17329
         vertex 0.000680684 -0.231453 0.17329
         vertex -0.00186929 -0.228694 0.17329
      endloop
   endfacet
   facet normal 2.11965e-17 -5.1682e-17 1
      outer loop
         vertex -0.00234246 -0.229758 0.17329
         vertex -0.00275105 -0.23153 0.17329
         vertex 1.0434e-05 -0.232797 0.17329
      endloop
   endfacet
   facet normal 2.11965e-17 -5.1682e-17 1
      outer loop
         vertex -0.00958372 -0.249508 0.17329
         vertex -0.00827286 -0.250388 0.17329
         vertex -0.00908894 -0.245474 0.17329
      endloop
   endfacet
   facet normal 2.11965e-17 -5.1682e-17 1
      outer loop
         vertex 0.0117301 -0.259389 0.17329
         vertex 0.0113487 -0.259498 0.17329
         vertex 0.0129954 -0.2637 0.17329
      endloop
   endfacet
   facet normal 2.11965e-17 -5.1682e-17 1
      outer loop
         vertex 0.0179799 -0.257084 0.17329
         vertex 0.0143148 -0.257912 0.17329
         vertex 0.0144119 -0.257951 0.17329
      endloop
   endfacet
   facet normal 2.11965e-17 -5.1682e-17 1
      outer loop
         vertex 0.0136407 -0.257423 0.17329
         vertex 0.013925 -0.2577 0.17329
         vertex 0.0179799 -0.257084 0.17329
      endloop
   endfacet
   facet normal 2.11965e-17 -5.1682e-17 1
      outer loop
         vertex 0.0134867 -0.25666 0.17329
         vertex 0.0159648 -0.254902 0.17329
         vertex 0.0158765 -0.254846 0.17329
      endloop
   endfacet
   facet normal 2.11965e-17 -5.1682e-17 1
      outer loop
         vertex 0.0134867 -0.25666 0.17329
         vertex 0.0179799 -0.257084 0.17329
         vertex 0.0172945 -0.256142 0.17329
      endloop
   endfacet
   facet normal 2.11965e-17 -5.1682e-17 1
      outer loop
         vertex 0.0147569 -0.240978 0.17329
         vertex 0.0151358 -0.240747 0.17329
         vertex 0.0162509 -0.237159 0.17329
      endloop
   endfacet
   facet normal 2.11965e-17 -5.1682e-17 1
      outer loop
         vertex 0.0150923 -0.237281 0.17329
         vertex 0.013354 -0.237813 0.17329
         vertex 0.0136374 -0.240838 0.17329
      endloop
   endfacet
   facet normal 2.11965e-17 -5.1682e-17 1
      outer loop
         vertex -0.00275535 -0.231634 0.17329
         vertex -0.00136321 -0.233575 0.17329
         vertex 1.0434e-05 -0.232797 0.17329
      endloop
   endfacet
   facet normal 2.11965e-17 -5.1682e-17 1
      outer loop
         vertex 0.0119008 -0.263301 0.17329
         vertex 0.0129954 -0.2637 0.17329
         vertex 0.0113487 -0.259498 0.17329
      endloop
   endfacet
   facet normal 2.11965e-17 -5.1682e-17 1
      outer loop
         vertex 0.013925 -0.2577 0.17329
         vertex 0.0143148 -0.257912 0.17329
         vertex 0.0179799 -0.257084 0.17329
      endloop
   endfacet
   facet normal 2.11965e-17 -5.1682e-17 1
      outer loop
         vertex 0.0172945 -0.256142 0.17329
         vertex 0.0159648 -0.254902 0.17329
         vertex 0.0134867 -0.25666 0.17329
      endloop
   endfacet
   facet normal 2.11965e-17 -5.1682e-17 1
      outer loop
         vertex 0.0132614 -0.237862 0.17329
         vertex 0.0122761 -0.240038 0.17329
         vertex 0.0136374 -0.240838 0.17329
      endloop
   endfacet
   facet normal 2.11965e-17 -5.1682e-17 1
      outer loop
         vertex 0.0197824 -0.250376 0.17329
         vertex 0.0188161 -0.249725 0.17329
         vertex 0.0185216 -0.252126 0.17329
      endloop
   endfacet
   facet normal 2.11965e-17 -5.1682e-17 1
      outer loop
         vertex 0.0158765 -0.254846 0.17329
         vertex 0.013499 -0.255081 0.17329
         vertex 0.0134867 -0.25666 0.17329
      endloop
   endfacet
   facet normal 2.11965e-17 -5.1682e-17 1
      outer loop
         vertex 7.35254e-05 -0.229631 0.17329
         vertex -0.000508588 -0.228622 0.17329
         vertex -0.00186929 -0.228694 0.17329
      endloop
   endfacet
   facet normal 2.11965e-17 -5.1682e-17 1
      outer loop
         vertex 0.0164102 -0.23931 0.17329
         vertex 0.0169931 -0.238301 0.17329
         vertex 0.0162509 -0.237159 0.17329
      endloop
   endfacet
   facet normal 2.11965e-17 -5.1682e-17 1
      outer loop
         vertex 0.0161964 -0.258298 0.17329
         vertex 0.0173614 -0.258298 0.17329
         vertex 0.0179799 -0.257084 0.17329
      endloop
   endfacet
   facet normal -2.11965e-17 5.1682e-17 -1
      outer loop
         vertex -0.0183319 -0.254063 0.16059
         vertex -0.0194625 -0.253781 0.16059
         vertex -0.0197692 -0.252454 0.16059
      endloop
   endfacet
   facet normal -2.11965e-17 5.1682e-17 -1
      outer loop
         vertex -0.0197692 -0.252454 0.16059
         vertex -0.0188764 -0.251705 0.16059
         vertex -0.0183319 -0.254063 0.16059
      endloop
   endfacet
   facet normal -2.11965e-17 5.1682e-17 -1
      outer loop
         vertex -0.0172865 -0.250824 0.16059
         vertex -0.0165165 -0.254157 0.16059
         vertex -0.0183319 -0.254063 0.16059
      endloop
   endfacet
   facet normal -2.11965e-17 5.1682e-17 -1
      outer loop
         vertex -0.0188764 -0.251705 0.16059
         vertex -0.0172865 -0.250824 0.16059
         vertex -0.0183319 -0.254063 0.16059
      endloop
   endfacet
   facet normal -2.11965e-17 5.1682e-17 -1
      outer loop
         vertex -0.0164129 -0.254143 0.16059
         vertex -0.0171874 -0.250791 0.16059
         vertex -0.016299 -0.250646 0.16059
      endloop
   endfacet
   facet normal -2.11965e-17 5.1682e-17 -1
      outer loop
         vertex -0.0171874 -0.250791 0.16059
         vertex -0.0164129 -0.254143 0.16059
         vertex -0.0165165 -0.254157 0.16059
      endloop
   endfacet
   facet normal -2.11965e-17 5.1682e-17 -1
      outer loop
         vertex -0.016299 -0.250646 0.16059
         vertex -0.0160222 -0.250559 0.16059
         vertex -0.0155578 -0.252896 0.16059
      endloop
   endfacet
   facet normal -2.11965e-17 5.1682e-17 -1
      outer loop
         vertex -0.0172865 -0.250824 0.16059
         vertex -0.0171874 -0.250791 0.16059
         vertex -0.0165165 -0.254157 0.16059
      endloop
   endfacet
   facet normal -2.11965e-17 5.1682e-17 -1
      outer loop
         vertex -0.0155578 -0.252896 0.16059
         vertex -0.0155511 -0.253884 0.16059
         vertex -0.016299 -0.250646 0.16059
      endloop
   endfacet
   facet normal -2.11965e-17 5.1682e-17 -1
      outer loop
         vertex -0.0155578 -0.252896 0.16059
         vertex -0.0152641 -0.253841 0.16059
         vertex -0.0155511 -0.253884 0.16059
      endloop
   endfacet
   facet normal -2.11965e-17 5.1682e-17 -1
      outer loop
         vertex -0.016299 -0.250646 0.16059
         vertex -0.0155511 -0.253884 0.16059
         vertex -0.0164129 -0.254143 0.16059
      endloop
   endfacet
   facet normal -0.953845 0.300299 3.57382e-17
      outer loop
         vertex -0.0156311 -0.250089 0.17329
         vertex -0.0155962 -0.249787 0.17329
         vertex -0.0155962 -0.249787 0.16059
      endloop
   endfacet
   facet normal -0.774138 0.633017 4.91246e-17
      outer loop
         vertex -0.0157757 -0.250357 0.17329
         vertex -0.0156311 -0.250089 0.17329
         vertex -0.0156311 -0.250089 0.16059
      endloop
   endfacet
   facet normal -0.483733 0.875216 5.54864e-17
      outer loop
         vertex -0.0160095 -0.250552 0.17329
         vertex -0.0157757 -0.250357 0.17329
         vertex -0.0157757 -0.250357 0.16059
      endloop
   endfacet
   facet normal -0.483733 0.875216 5.54864e-17
      outer loop
         vertex -0.0160095 -0.250552 0.17329
         vertex -0.0160095 -0.250552 0.16059
         vertex -0.0160222 -0.250559 0.16059
      endloop
   endfacet
   facet normal -0.46793 0.883766 5.55933e-17
      outer loop
         vertex -0.0160222 -0.250559 0.16059
         vertex -0.016299 -0.250646 0.17329
         vertex -0.0160095 -0.250552 0.17329
      endloop
   endfacet
   facet normal -0.46793 0.883766 5.55933e-17
      outer loop
         vertex -0.0160222 -0.250559 0.16059
         vertex -0.016299 -0.250646 0.16059
         vertex -0.016299 -0.250646 0.17329
      endloop
   endfacet
   facet normal -0.774138 0.633017 4.91246e-17
      outer loop
         vertex -0.0157757 -0.250357 0.16059
         vertex -0.0160095 -0.250552 0.16059
         vertex -0.0160095 -0.250552 0.17329
      endloop
   endfacet
   facet normal -0.953845 0.300299 3.57382e-17
      outer loop
         vertex -0.0156311 -0.250089 0.16059
         vertex -0.0157757 -0.250357 0.16059
         vertex -0.0157757 -0.250357 0.17329
      endloop
   endfacet
   facet normal -0.997156 -0.0753605 1.72415e-17
      outer loop
         vertex -0.0155962 -0.249787 0.16059
         vertex -0.0156311 -0.250089 0.16059
         vertex -0.0156311 -0.250089 0.17329
      endloop
   endfacet
   facet normal -0.299709 0.954031 5.5659e-17
      outer loop
         vertex -0.0171874 -0.250791 0.16059
         vertex -0.0171874 -0.250791 0.17329
         vertex -0.016299 -0.250646 0.17329
      endloop
   endfacet
   facet normal -0.329725 0.944077 5.57808e-17
      outer loop
         vertex -0.0172865 -0.250824 0.16059
         vertex -0.0172865 -0.250824 0.17329
         vertex -0.0171874 -0.250791 0.17329
      endloop
   endfacet
   facet normal -0.593208 0.805049 5.41805e-17
      outer loop
         vertex -0.0188764 -0.251705 0.16059
         vertex -0.0188764 -0.251705 0.17329
         vertex -0.0172865 -0.250824 0.17329
      endloop
   endfacet
   facet normal -0.686387 0.727236 5.2134e-17
      outer loop
         vertex -0.0197692 -0.252454 0.16059
         vertex -0.0197692 -0.252454 0.17329
         vertex -0.0188764 -0.251705 0.17329
      endloop
   endfacet
   facet normal -0.593208 0.805049 5.41805e-17
      outer loop
         vertex -0.0188764 -0.251705 0.17329
         vertex -0.0188764 -0.251705 0.16059
         vertex -0.0197692 -0.252454 0.16059
      endloop
   endfacet
   facet normal -0.329725 0.944077 5.57808e-17
      outer loop
         vertex -0.0172865 -0.250824 0.17329
         vertex -0.0172865 -0.250824 0.16059
         vertex -0.0188764 -0.251705 0.16059
      endloop
   endfacet
   facet normal -0.299709 0.954031 5.5659e-17
      outer loop
         vertex -0.0171874 -0.250791 0.17329
         vertex -0.0171874 -0.250791 0.16059
         vertex -0.0172865 -0.250824 0.16059
      endloop
   endfacet
   facet normal -0.124156 0.992263 5.39138e-17
      outer loop
         vertex -0.016299 -0.250646 0.17329
         vertex -0.016299 -0.250646 0.16059
         vertex -0.0171874 -0.250791 0.16059
      endloop
   endfacet
   facet normal -0.999564 -0.0295376 1.96607e-17
      outer loop
         vertex -0.0156335 -0.249077 0.17329
         vertex -0.0156335 -0.249077 0.16059
         vertex -0.0155962 -0.249787 0.16059
      endloop
   endfacet
   facet normal -0.997156 -0.0753605 1.72415e-17
      outer loop
         vertex -0.0155962 -0.249787 0.16059
         vertex -0.0155962 -0.249787 0.17329
         vertex -0.0156335 -0.249077 0.17329
      endloop
   endfacet
   facet normal 2.11965e-17 -5.1682e-17 1
      outer loop
         vertex -0.0160095 -0.250552 0.16059
         vertex -0.0157757 -0.250357 0.16059
         vertex -0.0156311 -0.250089 0.16059
      endloop
   endfacet
   facet normal 2.11965e-17 -5.1682e-17 1
      outer loop
         vertex -0.0156335 -0.249077 0.16059
         vertex -0.0156999 -0.248779 0.16059
         vertex -0.0158718 -0.248528 0.16059
      endloop
   endfacet
   facet normal 2.11965e-17 -5.1682e-17 1
      outer loop
         vertex -0.0160222 -0.250559 0.16059
         vertex -0.0155962 -0.249787 0.16059
         vertex -0.0156335 -0.249077 0.16059
      endloop
   endfacet
   facet normal 2.11965e-17 -5.1682e-17 1
      outer loop
         vertex -0.0155962 -0.249787 0.16059
         vertex -0.0160222 -0.250559 0.16059
         vertex -0.0160095 -0.250552 0.16059
      endloop
   endfacet
   facet normal 2.11965e-17 -5.1682e-17 1
      outer loop
         vertex -0.0158718 -0.248528 0.16059
         vertex -0.0161247 -0.248359 0.16059
         vertex -0.0156335 -0.249077 0.16059
      endloop
   endfacet
   facet normal 2.11965e-17 -5.1682e-17 1
      outer loop
         vertex -0.0156311 -0.250089 0.16059
         vertex -0.0155962 -0.249787 0.16059
         vertex -0.0160095 -0.250552 0.16059
      endloop
   endfacet
   facet normal 2.11965e-17 -5.1682e-17 1
      outer loop
         vertex -0.0156335 -0.249077 0.16059
         vertex -0.0161381 -0.248353 0.16059
         vertex -0.0160222 -0.250559 0.16059
      endloop
   endfacet
   facet normal 2.11965e-17 -5.1682e-17 1
      outer loop
         vertex -0.0161247 -0.248359 0.16059
         vertex -0.0161381 -0.248353 0.16059
         vertex -0.0156335 -0.249077 0.16059
      endloop
   endfacet
endsolid Lid Gear. Units = meters