solid Knee Kicker. STL generated by ONSHAPE BY PTC INC, 1.212. Units = meters
   facet normal -1 -2.13742e-15 6.2187e-17
      outer loop
         vertex -0.172043 -0.211201 -0.14785
         vertex -0.172043 -0.21174 -0.13834
         vertex -0.172043 -0.208059 -0.138858
      endloop
   endfacet
   facet normal -1 -2.13742e-15 6.2187e-17
      outer loop
         vertex -0.172043 -0.208059 -0.138858
         vertex -0.172043 -0.204857 -0.140745
         vertex -0.172043 -0.211201 -0.14785
      endloop
   endfacet
   facet normal -1 -2.13742e-15 6.2187e-17
      outer loop
         vertex -0.172043 -0.204857 -0.140745
         vertex -0.172043 -0.202621 -0.143713
         vertex -0.172043 -0.211201 -0.14785
      endloop
   endfacet
   facet normal -1 -2.13742e-15 6.2187e-17
      outer loop
         vertex -0.172043 -0.202621 -0.143713
         vertex -0.172043 -0.201691 -0.147311
         vertex -0.172043 -0.211201 -0.14785
      endloop
   endfacet
   facet normal -1 -2.13742e-15 6.2187e-17
      outer loop
         vertex -0.172043 -0.201691 -0.147311
         vertex -0.172043 -0.202209 -0.150991
         vertex -0.172043 -0.211201 -0.14785
      endloop
   endfacet
   facet normal -1 -2.13742e-15 6.2187e-17
      outer loop
         vertex -0.172043 -0.202209 -0.150991
         vertex -0.172043 -0.204095 -0.154193
         vertex -0.172043 -0.211201 -0.14785
      endloop
   endfacet
   facet normal -1 -2.13742e-15 6.2187e-17
      outer loop
         vertex -0.172043 -0.204095 -0.154193
         vertex -0.172043 -0.207064 -0.15643
         vertex -0.172043 -0.211201 -0.14785
      endloop
   endfacet
   facet normal -1 -2.13742e-15 6.2187e-17
      outer loop
         vertex -0.172043 -0.207064 -0.15643
         vertex -0.172043 -0.210662 -0.15736
         vertex -0.172043 -0.211201 -0.14785
      endloop
   endfacet
   facet normal -1 -2.13742e-15 6.2187e-17
      outer loop
         vertex -0.172043 -0.210662 -0.15736
         vertex -0.172043 -0.214342 -0.156842
         vertex -0.172043 -0.211201 -0.14785
      endloop
   endfacet
   facet normal -1 -2.13742e-15 6.2187e-17
      outer loop
         vertex -0.172043 -0.214342 -0.156842
         vertex -0.172043 -0.217544 -0.154955
         vertex -0.172043 -0.211201 -0.14785
      endloop
   endfacet
   facet normal -1 -2.13742e-15 6.2187e-17
      outer loop
         vertex -0.172043 -0.217544 -0.154955
         vertex -0.172043 -0.21978 -0.151987
         vertex -0.172043 -0.211201 -0.14785
      endloop
   endfacet
   facet normal -1 -2.13742e-15 6.2187e-17
      outer loop
         vertex -0.172043 -0.21978 -0.151987
         vertex -0.172043 -0.220711 -0.148389
         vertex -0.172043 -0.211201 -0.14785
      endloop
   endfacet
   facet normal -1 -2.13742e-15 6.2187e-17
      outer loop
         vertex -0.172043 -0.220711 -0.148389
         vertex -0.172043 -0.220193 -0.144709
         vertex -0.172043 -0.211201 -0.14785
      endloop
   endfacet
   facet normal -1 -2.13742e-15 6.2187e-17
      outer loop
         vertex -0.172043 -0.220193 -0.144709
         vertex -0.172043 -0.218306 -0.141507
         vertex -0.172043 -0.211201 -0.14785
      endloop
   endfacet
   facet normal -1 -2.13742e-15 6.2187e-17
      outer loop
         vertex -0.172043 -0.218306 -0.141507
         vertex -0.172043 -0.215338 -0.13927
         vertex -0.172043 -0.211201 -0.14785
      endloop
   endfacet
   facet normal -1 -2.13742e-15 6.2187e-17
      outer loop
         vertex -0.172043 -0.215338 -0.13927
         vertex -0.172043 -0.21174 -0.13834
         vertex -0.172043 -0.211201 -0.14785
      endloop
   endfacet
   facet normal 9.8437e-16 -0.434334 0.900752
      outer loop
         vertex -0.170456 -0.215338 -0.13927
         vertex -0.172043 -0.215338 -0.13927
         vertex -0.172043 -0.218306 -0.141507
      endloop
   endfacet
   facet normal 1.63588e-15 -0.745975 0.665973
      outer loop
         vertex -0.170456 -0.218306 -0.141507
         vertex -0.172043 -0.218306 -0.141507
         vertex -0.172043 -0.220193 -0.144709
      endloop
   endfacet
   facet normal 2.03834e-15 -0.944048 0.329807
      outer loop
         vertex -0.170456 -0.220193 -0.144709
         vertex -0.172043 -0.220193 -0.144709
         vertex -0.172043 -0.220711 -0.148389
      endloop
   endfacet
   facet normal 2.13048e-15 -0.998399 -0.0565699
      outer loop
         vertex -0.170456 -0.220711 -0.148389
         vertex -0.172043 -0.220711 -0.148389
         vertex -0.172043 -0.21978 -0.151987
      endloop
   endfacet
   facet normal 1.89827e-15 -0.900752 -0.434334
      outer loop
         vertex -0.170456 -0.21978 -0.151987
         vertex -0.172043 -0.21978 -0.151987
         vertex -0.172043 -0.217544 -0.154955
      endloop
   endfacet
   facet normal 1.37707e-15 -0.665973 -0.745975
      outer loop
         vertex -0.170456 -0.217544 -0.154955
         vertex -0.172043 -0.217544 -0.154955
         vertex -0.172043 -0.214342 -0.156842
      endloop
   endfacet
   facet normal 6.46228e-16 -0.329807 -0.944048
      outer loop
         vertex -0.170456 -0.214342 -0.156842
         vertex -0.172043 -0.214342 -0.156842
         vertex -0.172043 -0.210662 -0.15736
      endloop
   endfacet
   facet normal -1.83001e-16 0.0565699 -0.998399
      outer loop
         vertex -0.170456 -0.210662 -0.15736
         vertex -0.172043 -0.210662 -0.15736
         vertex -0.172043 -0.207064 -0.15643
      endloop
   endfacet
   facet normal -9.8437e-16 0.434334 -0.900752
      outer loop
         vertex -0.170456 -0.207064 -0.15643
         vertex -0.172043 -0.207064 -0.15643
         vertex -0.172043 -0.204095 -0.154193
      endloop
   endfacet
   facet normal -1.63588e-15 0.745975 -0.665973
      outer loop
         vertex -0.170456 -0.204095 -0.154193
         vertex -0.172043 -0.204095 -0.154193
         vertex -0.172043 -0.202209 -0.150991
      endloop
   endfacet
   facet normal -2.03834e-15 0.944048 -0.329807
      outer loop
         vertex -0.170456 -0.202209 -0.150991
         vertex -0.172043 -0.202209 -0.150991
         vertex -0.172043 -0.201691 -0.147311
      endloop
   endfacet
   facet normal -2.13048e-15 0.998399 0.0565699
      outer loop
         vertex -0.170456 -0.201691 -0.147311
         vertex -0.172043 -0.201691 -0.147311
         vertex -0.172043 -0.202621 -0.143713
      endloop
   endfacet
   facet normal -1.89827e-15 0.900752 0.434334
      outer loop
         vertex -0.170456 -0.202621 -0.143713
         vertex -0.172043 -0.202621 -0.143713
         vertex -0.172043 -0.204857 -0.140745
      endloop
   endfacet
   facet normal -1.37707e-15 0.665973 0.745975
      outer loop
         vertex -0.170456 -0.204857 -0.140745
         vertex -0.172043 -0.204857 -0.140745
         vertex -0.172043 -0.208059 -0.138858
      endloop
   endfacet
   facet normal -6.46228e-16 0.329807 0.944048
      outer loop
         vertex -0.170456 -0.208059 -0.138858
         vertex -0.172043 -0.208059 -0.138858
         vertex -0.172043 -0.21174 -0.13834
      endloop
   endfacet
   facet normal 1.83001e-16 -0.0565699 0.998399
      outer loop
         vertex -0.170456 -0.21174 -0.13834
         vertex -0.172043 -0.21174 -0.13834
         vertex -0.172043 -0.215338 -0.13927
      endloop
   endfacet
   facet normal 9.8437e-16 -0.434334 0.900752
      outer loop
         vertex -0.172043 -0.215338 -0.13927
         vertex -0.170456 -0.215338 -0.13927
         vertex -0.170456 -0.21174 -0.13834
      endloop
   endfacet
   facet normal 1.83001e-16 -0.0565699 0.998399
      outer loop
         vertex -0.172043 -0.21174 -0.13834
         vertex -0.170456 -0.21174 -0.13834
         vertex -0.170456 -0.208059 -0.138858
      endloop
   endfacet
   facet normal -6.46228e-16 0.329807 0.944048
      outer loop
         vertex -0.172043 -0.208059 -0.138858
         vertex -0.170456 -0.208059 -0.138858
         vertex -0.170456 -0.204857 -0.140745
      endloop
   endfacet
   facet normal -1.37707e-15 0.665973 0.745975
      outer loop
         vertex -0.172043 -0.204857 -0.140745
         vertex -0.170456 -0.204857 -0.140745
         vertex -0.170456 -0.202621 -0.143713
      endloop
   endfacet
   facet normal -1.89827e-15 0.900752 0.434334
      outer loop
         vertex -0.172043 -0.202621 -0.143713
         vertex -0.170456 -0.202621 -0.143713
         vertex -0.170456 -0.201691 -0.147311
      endloop
   endfacet
   facet normal -2.13048e-15 0.998399 0.0565699
      outer loop
         vertex -0.172043 -0.201691 -0.147311
         vertex -0.170456 -0.201691 -0.147311
         vertex -0.170456 -0.202209 -0.150991
      endloop
   endfacet
   facet normal -2.03834e-15 0.944048 -0.329807
      outer loop
         vertex -0.172043 -0.202209 -0.150991
         vertex -0.170456 -0.202209 -0.150991
         vertex -0.170456 -0.204095 -0.154193
      endloop
   endfacet
   facet normal -1.63588e-15 0.745975 -0.665973
      outer loop
         vertex -0.172043 -0.204095 -0.154193
         vertex -0.170456 -0.204095 -0.154193
         vertex -0.170456 -0.207064 -0.15643
      endloop
   endfacet
   facet normal -9.8437e-16 0.434334 -0.900752
      outer loop
         vertex -0.172043 -0.207064 -0.15643
         vertex -0.170456 -0.207064 -0.15643
         vertex -0.170456 -0.210662 -0.15736
      endloop
   endfacet
   facet normal -1.83001e-16 0.0565699 -0.998399
      outer loop
         vertex -0.172043 -0.210662 -0.15736
         vertex -0.170456 -0.210662 -0.15736
         vertex -0.170456 -0.214342 -0.156842
      endloop
   endfacet
   facet normal 6.46228e-16 -0.329807 -0.944048
      outer loop
         vertex -0.172043 -0.214342 -0.156842
         vertex -0.170456 -0.214342 -0.156842
         vertex -0.170456 -0.217544 -0.154955
      endloop
   endfacet
   facet normal 1.37707e-15 -0.665973 -0.745975
      outer loop
         vertex -0.172043 -0.217544 -0.154955
         vertex -0.170456 -0.217544 -0.154955
         vertex -0.170456 -0.21978 -0.151987
      endloop
   endfacet
   facet normal 1.89827e-15 -0.900752 -0.434334
      outer loop
         vertex -0.172043 -0.21978 -0.151987
         vertex -0.170456 -0.21978 -0.151987
         vertex -0.170456 -0.220711 -0.148389
      endloop
   endfacet
   facet normal 2.13048e-15 -0.998399 -0.0565699
      outer loop
         vertex -0.172043 -0.220711 -0.148389
         vertex -0.170456 -0.220711 -0.148389
         vertex -0.170456 -0.220193 -0.144709
      endloop
   endfacet
   facet normal 2.03834e-15 -0.944048 0.329807
      outer loop
         vertex -0.172043 -0.220193 -0.144709
         vertex -0.170456 -0.220193 -0.144709
         vertex -0.170456 -0.218306 -0.141507
      endloop
   endfacet
   facet normal 1.63588e-15 -0.745975 0.665973
      outer loop
         vertex -0.172043 -0.218306 -0.141507
         vertex -0.170456 -0.218306 -0.141507
         vertex -0.170456 -0.215338 -0.13927
      endloop
   endfacet
   facet normal 1 2.13742e-15 -6.2187e-17
      outer loop
         vertex -0.170456 -0.201691 -0.147311
         vertex -0.170456 -0.202621 -0.143713
         vertex -0.170456 -0.203147 -0.143967
      endloop
   endfacet
   facet normal 1 2.13742e-15 -6.2187e-17
      outer loop
         vertex -0.170456 -0.204857 -0.140745
         vertex -0.170456 -0.205246 -0.14118
         vertex -0.170456 -0.203147 -0.143967
      endloop
   endfacet
   facet normal 1 2.13742e-15 -6.2187e-17
      outer loop
         vertex -0.170456 -0.208059 -0.138858
         vertex -0.170456 -0.21174 -0.13834
         vertex -0.170456 -0.211707 -0.138923
      endloop
   endfacet
   facet normal 1 2.13742e-15 -6.2187e-17
      outer loop
         vertex -0.170456 -0.21174 -0.13834
         vertex -0.170456 -0.215338 -0.13927
         vertex -0.170456 -0.215084 -0.139796
      endloop
   endfacet
   facet normal 1 2.13742e-15 -6.2187e-17
      outer loop
         vertex -0.170456 -0.218306 -0.141507
         vertex -0.170456 -0.21787 -0.141896
         vertex -0.170456 -0.215084 -0.139796
      endloop
   endfacet
   facet normal 1 2.13742e-15 -6.2187e-17
      outer loop
         vertex -0.170456 -0.220193 -0.144709
         vertex -0.170456 -0.219641 -0.144901
         vertex -0.170456 -0.21787 -0.141896
      endloop
   endfacet
   facet normal 1 2.13742e-15 -6.2187e-17
      outer loop
         vertex -0.170456 -0.203147 -0.143967
         vertex -0.170456 -0.202621 -0.143713
         vertex -0.170456 -0.204857 -0.140745
      endloop
   endfacet
   facet normal 1 2.13742e-15 -6.2187e-17
      outer loop
         vertex -0.170456 -0.208059 -0.138858
         vertex -0.170456 -0.208252 -0.139409
         vertex -0.170456 -0.205246 -0.14118
      endloop
   endfacet
   facet normal 1 2.13742e-15 -6.2187e-17
      outer loop
         vertex -0.170456 -0.215084 -0.139796
         vertex -0.170456 -0.211707 -0.138923
         vertex -0.170456 -0.21174 -0.13834
      endloop
   endfacet
   facet normal 1 2.13742e-15 -6.2187e-17
      outer loop
         vertex -0.170456 -0.21787 -0.141896
         vertex -0.170456 -0.218306 -0.141507
         vertex -0.170456 -0.220193 -0.144709
      endloop
   endfacet
   facet normal 1 2.13742e-15 -6.2187e-17
      outer loop
         vertex -0.170456 -0.220711 -0.148389
         vertex -0.170456 -0.21978 -0.151987
         vertex -0.170456 -0.219254 -0.151733
      endloop
   endfacet
   facet normal 1 2.13742e-15 -6.2187e-17
      outer loop
         vertex -0.170456 -0.21978 -0.151987
         vertex -0.170456 -0.217544 -0.154955
         vertex -0.170456 -0.217155 -0.15452
      endloop
   endfacet
   facet normal 1 2.13742e-15 -6.2187e-17
      outer loop
         vertex -0.170456 -0.205246 -0.14118
         vertex -0.170456 -0.204857 -0.140745
         vertex -0.170456 -0.208059 -0.138858
      endloop
   endfacet
   facet normal 1 2.13742e-15 -6.2187e-17
      outer loop
         vertex -0.170456 -0.215084 -0.139796
         vertex -0.170456 -0.215338 -0.13927
         vertex -0.170456 -0.218306 -0.141507
      endloop
   endfacet
   facet normal 1 2.13742e-15 -6.2187e-17
      outer loop
         vertex -0.170456 -0.220193 -0.144709
         vertex -0.170456 -0.220711 -0.148389
         vertex -0.170456 -0.220127 -0.148356
      endloop
   endfacet
   facet normal 1 2.13742e-15 -6.2187e-17
      outer loop
         vertex -0.170456 -0.217155 -0.15452
         vertex -0.170456 -0.219254 -0.151733
         vertex -0.170456 -0.21978 -0.151987
      endloop
   endfacet
   facet normal 1 2.13742e-15 -6.2187e-17
      outer loop
         vertex -0.170456 -0.207064 -0.15643
         vertex -0.170456 -0.207318 -0.155903
         vertex -0.170456 -0.210695 -0.156776
      endloop
   endfacet
   facet normal 1 2.13742e-15 -6.2187e-17
      outer loop
         vertex -0.170456 -0.204095 -0.154193
         vertex -0.170456 -0.204531 -0.153804
         vertex -0.170456 -0.207318 -0.155903
      endloop
   endfacet
   facet normal 1 2.13742e-15 -6.2187e-17
      outer loop
         vertex -0.170456 -0.211707 -0.138923
         vertex -0.170456 -0.208252 -0.139409
         vertex -0.170456 -0.208059 -0.138858
      endloop
   endfacet
   facet normal 1 2.13742e-15 -6.2187e-17
      outer loop
         vertex -0.170456 -0.219254 -0.151733
         vertex -0.170456 -0.220127 -0.148356
         vertex -0.170456 -0.220711 -0.148389
      endloop
   endfacet
   facet normal 1 2.13742e-15 -6.2187e-17
      outer loop
         vertex -0.170456 -0.214342 -0.156842
         vertex -0.170456 -0.21415 -0.15629
         vertex -0.170456 -0.217155 -0.15452
      endloop
   endfacet
   facet normal 1 2.13742e-15 -6.2187e-17
      outer loop
         vertex -0.170456 -0.214342 -0.156842
         vertex -0.170456 -0.210662 -0.15736
         vertex -0.170456 -0.210695 -0.156776
      endloop
   endfacet
   facet normal 1 2.13742e-15 -6.2187e-17
      outer loop
         vertex -0.170456 -0.207318 -0.155903
         vertex -0.170456 -0.207064 -0.15643
         vertex -0.170456 -0.204095 -0.154193
      endloop
   endfacet
   facet normal 1 2.13742e-15 -6.2187e-17
      outer loop
         vertex -0.170456 -0.202209 -0.150991
         vertex -0.170456 -0.20276 -0.150799
         vertex -0.170456 -0.204531 -0.153804
      endloop
   endfacet
   facet normal 1 2.13742e-15 -6.2187e-17
      outer loop
         vertex -0.170456 -0.220127 -0.148356
         vertex -0.170456 -0.219641 -0.144901
         vertex -0.170456 -0.220193 -0.144709
      endloop
   endfacet
   facet normal 1 2.13742e-15 -6.2187e-17
      outer loop
         vertex -0.170456 -0.210695 -0.156776
         vertex -0.170456 -0.21415 -0.15629
         vertex -0.170456 -0.214342 -0.156842
      endloop
   endfacet
   facet normal 1 2.13742e-15 -6.2187e-17
      outer loop
         vertex -0.170456 -0.204531 -0.153804
         vertex -0.170456 -0.204095 -0.154193
         vertex -0.170456 -0.202209 -0.150991
      endloop
   endfacet
   facet normal 1 2.13742e-15 -6.2187e-17
      outer loop
         vertex -0.170456 -0.201691 -0.147311
         vertex -0.170456 -0.202274 -0.147344
         vertex -0.170456 -0.20276 -0.150799
      endloop
   endfacet
   facet normal 1 2.13742e-15 -6.2187e-17
      outer loop
         vertex -0.170456 -0.217155 -0.15452
         vertex -0.170456 -0.217544 -0.154955
         vertex -0.170456 -0.214342 -0.156842
      endloop
   endfacet
   facet normal 1 2.13742e-15 -6.2187e-17
      outer loop
         vertex -0.170456 -0.20276 -0.150799
         vertex -0.170456 -0.202209 -0.150991
         vertex -0.170456 -0.201691 -0.147311
      endloop
   endfacet
   facet normal 1 2.13742e-15 -6.2187e-17
      outer loop
         vertex -0.170456 -0.210695 -0.156776
         vertex -0.170456 -0.210662 -0.15736
         vertex -0.170456 -0.207064 -0.15643
      endloop
   endfacet
   facet normal 1 2.13742e-15 -6.2187e-17
      outer loop
         vertex -0.170456 -0.203147 -0.143967
         vertex -0.170456 -0.202274 -0.147344
         vertex -0.170456 -0.201691 -0.147311
      endloop
   endfacet
   facet normal 9.8437e-16 -0.434334 0.900752
      outer loop
         vertex -0.169288 -0.215084 -0.139796
         vertex -0.170456 -0.215084 -0.139796
         vertex -0.170456 -0.21787 -0.141896
      endloop
   endfacet
   facet normal 1.63588e-15 -0.745975 0.665973
      outer loop
         vertex -0.169288 -0.21787 -0.141896
         vertex -0.170456 -0.21787 -0.141896
         vertex -0.170456 -0.219641 -0.144901
      endloop
   endfacet
   facet normal 2.03834e-15 -0.944048 0.329807
      outer loop
         vertex -0.169288 -0.219641 -0.144901
         vertex -0.170456 -0.219641 -0.144901
         vertex -0.170456 -0.220127 -0.148356
      endloop
   endfacet
   facet normal 2.13048e-15 -0.998399 -0.0565699
      outer loop
         vertex -0.169288 -0.220127 -0.148356
         vertex -0.170456 -0.220127 -0.148356
         vertex -0.170456 -0.219254 -0.151733
      endloop
   endfacet
   facet normal 1.89827e-15 -0.900752 -0.434334
      outer loop
         vertex -0.169288 -0.219254 -0.151733
         vertex -0.170456 -0.219254 -0.151733
         vertex -0.170456 -0.217155 -0.15452
      endloop
   endfacet
   facet normal 1.37707e-15 -0.665973 -0.745975
      outer loop
         vertex -0.169288 -0.217155 -0.15452
         vertex -0.170456 -0.217155 -0.15452
         vertex -0.170456 -0.21415 -0.15629
      endloop
   endfacet
   facet normal 6.46228e-16 -0.329807 -0.944048
      outer loop
         vertex -0.169288 -0.21415 -0.15629
         vertex -0.170456 -0.21415 -0.15629
         vertex -0.170456 -0.210695 -0.156776
      endloop
   endfacet
   facet normal -1.83001e-16 0.0565699 -0.998399
      outer loop
         vertex -0.169288 -0.210695 -0.156776
         vertex -0.170456 -0.210695 -0.156776
         vertex -0.170456 -0.207318 -0.155903
      endloop
   endfacet
   facet normal -9.8437e-16 0.434334 -0.900752
      outer loop
         vertex -0.169288 -0.207318 -0.155903
         vertex -0.170456 -0.207318 -0.155903
         vertex -0.170456 -0.204531 -0.153804
      endloop
   endfacet
   facet normal -1.63588e-15 0.745975 -0.665973
      outer loop
         vertex -0.169288 -0.204531 -0.153804
         vertex -0.170456 -0.204531 -0.153804
         vertex -0.170456 -0.20276 -0.150799
      endloop
   endfacet
   facet normal -2.03834e-15 0.944048 -0.329807
      outer loop
         vertex -0.169288 -0.20276 -0.150799
         vertex -0.170456 -0.20276 -0.150799
         vertex -0.170456 -0.202274 -0.147344
      endloop
   endfacet
   facet normal -2.13048e-15 0.998399 0.0565699
      outer loop
         vertex -0.169288 -0.202274 -0.147344
         vertex -0.170456 -0.202274 -0.147344
         vertex -0.170456 -0.203147 -0.143967
      endloop
   endfacet
   facet normal -1.89827e-15 0.900752 0.434334
      outer loop
         vertex -0.169288 -0.203147 -0.143967
         vertex -0.170456 -0.203147 -0.143967
         vertex -0.170456 -0.205246 -0.14118
      endloop
   endfacet
   facet normal -1.37707e-15 0.665973 0.745975
      outer loop
         vertex -0.169288 -0.205246 -0.14118
         vertex -0.170456 -0.205246 -0.14118
         vertex -0.170456 -0.208252 -0.139409
      endloop
   endfacet
   facet normal -6.46228e-16 0.329807 0.944048
      outer loop
         vertex -0.169288 -0.208252 -0.139409
         vertex -0.170456 -0.208252 -0.139409
         vertex -0.170456 -0.211707 -0.138923
      endloop
   endfacet
   facet normal 1.83001e-16 -0.0565699 0.998399
      outer loop
         vertex -0.169288 -0.211707 -0.138923
         vertex -0.170456 -0.211707 -0.138923
         vertex -0.170456 -0.215084 -0.139796
      endloop
   endfacet
   facet normal 9.8437e-16 -0.434334 0.900752
      outer loop
         vertex -0.170456 -0.215084 -0.139796
         vertex -0.169288 -0.215084 -0.139796
         vertex -0.169288 -0.211707 -0.138923
      endloop
   endfacet
   facet normal 1.83001e-16 -0.0565699 0.998399
      outer loop
         vertex -0.170456 -0.211707 -0.138923
         vertex -0.169288 -0.211707 -0.138923
         vertex -0.169288 -0.208252 -0.139409
      endloop
   endfacet
   facet normal -6.46228e-16 0.329807 0.944048
      outer loop
         vertex -0.170456 -0.208252 -0.139409
         vertex -0.169288 -0.208252 -0.139409
         vertex -0.169288 -0.205246 -0.14118
      endloop
   endfacet
   facet normal -1.37707e-15 0.665973 0.745975
      outer loop
         vertex -0.170456 -0.205246 -0.14118
         vertex -0.169288 -0.205246 -0.14118
         vertex -0.169288 -0.203147 -0.143967
      endloop
   endfacet
   facet normal -1.89827e-15 0.900752 0.434334
      outer loop
         vertex -0.170456 -0.203147 -0.143967
         vertex -0.169288 -0.203147 -0.143967
         vertex -0.169288 -0.202274 -0.147344
      endloop
   endfacet
   facet normal -2.13048e-15 0.998399 0.0565699
      outer loop
         vertex -0.170456 -0.202274 -0.147344
         vertex -0.169288 -0.202274 -0.147344
         vertex -0.169288 -0.20276 -0.150799
      endloop
   endfacet
   facet normal -2.03834e-15 0.944048 -0.329807
      outer loop
         vertex -0.170456 -0.20276 -0.150799
         vertex -0.169288 -0.20276 -0.150799
         vertex -0.169288 -0.204531 -0.153804
      endloop
   endfacet
   facet normal -1.63588e-15 0.745975 -0.665973
      outer loop
         vertex -0.170456 -0.204531 -0.153804
         vertex -0.169288 -0.204531 -0.153804
         vertex -0.169288 -0.207318 -0.155903
      endloop
   endfacet
   facet normal -9.8437e-16 0.434334 -0.900752
      outer loop
         vertex -0.170456 -0.207318 -0.155903
         vertex -0.169288 -0.207318 -0.155903
         vertex -0.169288 -0.210695 -0.156776
      endloop
   endfacet
   facet normal -1.83001e-16 0.0565699 -0.998399
      outer loop
         vertex -0.170456 -0.210695 -0.156776
         vertex -0.169288 -0.210695 -0.156776
         vertex -0.169288 -0.21415 -0.15629
      endloop
   endfacet
   facet normal 6.46228e-16 -0.329807 -0.944048
      outer loop
         vertex -0.170456 -0.21415 -0.15629
         vertex -0.169288 -0.21415 -0.15629
         vertex -0.169288 -0.217155 -0.15452
      endloop
   endfacet
   facet normal 1.37707e-15 -0.665973 -0.745975
      outer loop
         vertex -0.170456 -0.217155 -0.15452
         vertex -0.169288 -0.217155 -0.15452
         vertex -0.169288 -0.219254 -0.151733
      endloop
   endfacet
   facet normal 1.89827e-15 -0.900752 -0.434334
      outer loop
         vertex -0.170456 -0.219254 -0.151733
         vertex -0.169288 -0.219254 -0.151733
         vertex -0.169288 -0.220127 -0.148356
      endloop
   endfacet
   facet normal 2.13048e-15 -0.998399 -0.0565699
      outer loop
         vertex -0.170456 -0.220127 -0.148356
         vertex -0.169288 -0.220127 -0.148356
         vertex -0.169288 -0.219641 -0.144901
      endloop
   endfacet
   facet normal 2.03834e-15 -0.944048 0.329807
      outer loop
         vertex -0.170456 -0.219641 -0.144901
         vertex -0.169288 -0.219641 -0.144901
         vertex -0.169288 -0.21787 -0.141896
      endloop
   endfacet
   facet normal 1.63588e-15 -0.745975 0.665973
      outer loop
         vertex -0.170456 -0.21787 -0.141896
         vertex -0.169288 -0.21787 -0.141896
         vertex -0.169288 -0.215084 -0.139796
      endloop
   endfacet
   facet normal -1 -2.13742e-15 6.2187e-17
      outer loop
         vertex -0.169288 -0.204857 -0.140745
         vertex -0.169288 -0.202621 -0.143713
         vertex -0.169288 -0.203147 -0.143967
      endloop
   endfacet
   facet normal -1 -2.13742e-15 6.2187e-17
      outer loop
         vertex -0.169288 -0.201691 -0.147311
         vertex -0.169288 -0.202274 -0.147344
         vertex -0.169288 -0.203147 -0.143967
      endloop
   endfacet
   facet normal -1 -2.13742e-15 6.2187e-17
      outer loop
         vertex -0.169288 -0.220193 -0.144709
         vertex -0.169288 -0.218306 -0.141507
         vertex -0.169288 -0.21787 -0.141896
      endloop
   endfacet
   facet normal -1 -2.13742e-15 6.2187e-17
      outer loop
         vertex -0.169288 -0.218306 -0.141507
         vertex -0.169288 -0.215338 -0.13927
         vertex -0.169288 -0.215084 -0.139796
      endloop
   endfacet
   facet normal -1 -2.13742e-15 6.2187e-17
      outer loop
         vertex -0.169288 -0.21174 -0.13834
         vertex -0.169288 -0.211707 -0.138923
         vertex -0.169288 -0.215084 -0.139796
      endloop
   endfacet
   facet normal -1 -2.13742e-15 6.2187e-17
      outer loop
         vertex -0.169288 -0.208059 -0.138858
         vertex -0.169288 -0.208252 -0.139409
         vertex -0.169288 -0.211707 -0.138923
      endloop
   endfacet
   facet normal -1 -2.13742e-15 6.2187e-17
      outer loop
         vertex -0.169288 -0.208059 -0.138858
         vertex -0.169288 -0.204857 -0.140745
         vertex -0.169288 -0.205246 -0.14118
      endloop
   endfacet
   facet normal -1 -2.13742e-15 6.2187e-17
      outer loop
         vertex -0.169288 -0.203147 -0.143967
         vertex -0.169288 -0.202621 -0.143713
         vertex -0.169288 -0.201691 -0.147311
      endloop
   endfacet
   facet normal -1 -2.13742e-15 6.2187e-17
      outer loop
         vertex -0.169288 -0.215084 -0.139796
         vertex -0.169288 -0.21787 -0.141896
         vertex -0.169288 -0.218306 -0.141507
      endloop
   endfacet
   facet normal -1 -2.13742e-15 6.2187e-17
      outer loop
         vertex -0.169288 -0.211707 -0.138923
         vertex -0.169288 -0.21174 -0.13834
         vertex -0.169288 -0.208059 -0.138858
      endloop
   endfacet
   facet normal -1 -2.13742e-15 6.2187e-17
      outer loop
         vertex -0.169288 -0.203147 -0.143967
         vertex -0.169288 -0.205246 -0.14118
         vertex -0.169288 -0.204857 -0.140745
      endloop
   endfacet
   facet normal -1 -2.13742e-15 6.2187e-17
      outer loop
         vertex -0.169288 -0.201691 -0.147311
         vertex -0.169288 -0.202209 -0.150991
         vertex -0.169288 -0.20276 -0.150799
      endloop
   endfacet
   facet normal -1 -2.13742e-15 6.2187e-17
      outer loop
         vertex -0.169288 -0.204095 -0.154193
         vertex -0.169288 -0.207064 -0.15643
         vertex -0.169288 -0.207318 -0.155903
      endloop
   endfacet
   facet normal -1 -2.13742e-15 6.2187e-17
      outer loop
         vertex -0.169288 -0.207064 -0.15643
         vertex -0.169288 -0.210662 -0.15736
         vertex -0.169288 -0.210695 -0.156776
      endloop
   endfacet
   facet normal -1 -2.13742e-15 6.2187e-17
      outer loop
         vertex -0.169288 -0.215084 -0.139796
         vertex -0.169288 -0.215338 -0.13927
         vertex -0.169288 -0.21174 -0.13834
      endloop
   endfacet
   facet normal -1 -2.13742e-15 6.2187e-17
      outer loop
         vertex -0.169288 -0.20276 -0.150799
         vertex -0.169288 -0.202274 -0.147344
         vertex -0.169288 -0.201691 -0.147311
      endloop
   endfacet
   facet normal -1 -2.13742e-15 6.2187e-17
      outer loop
         vertex -0.169288 -0.202209 -0.150991
         vertex -0.169288 -0.204095 -0.154193
         vertex -0.169288 -0.204531 -0.153804
      endloop
   endfacet
   facet normal -1 -2.13742e-15 6.2187e-17
      outer loop
         vertex -0.169288 -0.210695 -0.156776
         vertex -0.169288 -0.207318 -0.155903
         vertex -0.169288 -0.207064 -0.15643
      endloop
   endfacet
   facet normal -1 -2.13742e-15 6.2187e-17
      outer loop
         vertex -0.169288 -0.205246 -0.14118
         vertex -0.169288 -0.208252 -0.139409
         vertex -0.169288 -0.208059 -0.138858
      endloop
   endfacet
   facet normal -1 -2.13742e-15 6.2187e-17
      outer loop
         vertex -0.169288 -0.207318 -0.155903
         vertex -0.169288 -0.204531 -0.153804
         vertex -0.169288 -0.204095 -0.154193
      endloop
   endfacet
   facet normal -1 -2.13742e-15 6.2187e-17
      outer loop
         vertex -0.169288 -0.214342 -0.156842
         vertex -0.169288 -0.21415 -0.15629
         vertex -0.169288 -0.210695 -0.156776
      endloop
   endfacet
   facet normal -1 -2.13742e-15 6.2187e-17
      outer loop
         vertex -0.169288 -0.214342 -0.156842
         vertex -0.169288 -0.217544 -0.154955
         vertex -0.169288 -0.217155 -0.15452
      endloop
   endfacet
   facet normal -1 -2.13742e-15 6.2187e-17
      outer loop
         vertex -0.169288 -0.21978 -0.151987
         vertex -0.169288 -0.219254 -0.151733
         vertex -0.169288 -0.217155 -0.15452
      endloop
   endfacet
   facet normal -1 -2.13742e-15 6.2187e-17
      outer loop
         vertex -0.169288 -0.220711 -0.148389
         vertex -0.169288 -0.220127 -0.148356
         vertex -0.169288 -0.219254 -0.151733
      endloop
   endfacet
   facet normal -1 -2.13742e-15 6.2187e-17
      outer loop
         vertex -0.169288 -0.220193 -0.144709
         vertex -0.169288 -0.219641 -0.144901
         vertex -0.169288 -0.220127 -0.148356
      endloop
   endfacet
   facet normal -1 -2.13742e-15 6.2187e-17
      outer loop
         vertex -0.169288 -0.204531 -0.153804
         vertex -0.169288 -0.20276 -0.150799
         vertex -0.169288 -0.202209 -0.150991
      endloop
   endfacet
   facet normal -1 -2.13742e-15 6.2187e-17
      outer loop
         vertex -0.169288 -0.217155 -0.15452
         vertex -0.169288 -0.21415 -0.15629
         vertex -0.169288 -0.214342 -0.156842
      endloop
   endfacet
   facet normal -1 -2.13742e-15 6.2187e-17
      outer loop
         vertex -0.169288 -0.219254 -0.151733
         vertex -0.169288 -0.21978 -0.151987
         vertex -0.169288 -0.220711 -0.148389
      endloop
   endfacet
   facet normal -1 -2.13742e-15 6.2187e-17
      outer loop
         vertex -0.169288 -0.21787 -0.141896
         vertex -0.169288 -0.219641 -0.144901
         vertex -0.169288 -0.220193 -0.144709
      endloop
   endfacet
   facet normal -1 -2.13742e-15 6.2187e-17
      outer loop
         vertex -0.169288 -0.217155 -0.15452
         vertex -0.169288 -0.217544 -0.154955
         vertex -0.169288 -0.21978 -0.151987
      endloop
   endfacet
   facet normal -1 -2.13742e-15 6.2187e-17
      outer loop
         vertex -0.169288 -0.210695 -0.156776
         vertex -0.169288 -0.210662 -0.15736
         vertex -0.169288 -0.214342 -0.156842
      endloop
   endfacet
   facet normal -1 -2.13742e-15 6.2187e-17
      outer loop
         vertex -0.169288 -0.220127 -0.148356
         vertex -0.169288 -0.220711 -0.148389
         vertex -0.169288 -0.220193 -0.144709
      endloop
   endfacet
   facet normal 9.8437e-16 -0.434334 0.900752
      outer loop
         vertex -0.140713 -0.215338 -0.13927
         vertex -0.169288 -0.215338 -0.13927
         vertex -0.169288 -0.218306 -0.141507
      endloop
   endfacet
   facet normal 1.63588e-15 -0.745975 0.665973
      outer loop
         vertex -0.140713 -0.218306 -0.141507
         vertex -0.169288 -0.218306 -0.141507
         vertex -0.169288 -0.220193 -0.144709
      endloop
   endfacet
   facet normal 2.03834e-15 -0.944048 0.329807
      outer loop
         vertex -0.169288 -0.220193 -0.144709
         vertex -0.169288 -0.220711 -0.148389
         vertex -0.140713 -0.220726 -0.14785
      endloop
   endfacet
   facet normal 2.13048e-15 -0.998399 -0.0565699
      outer loop
         vertex -0.169288 -0.220711 -0.148389
         vertex -0.140713 -0.220711 -0.148389
         vertex -0.140713 -0.220726 -0.14785
      endloop
   endfacet
   facet normal 2.13048e-15 -0.998399 -0.0565699
      outer loop
         vertex -0.140713 -0.220711 -0.148389
         vertex -0.169288 -0.220711 -0.148389
         vertex -0.169288 -0.21978 -0.151987
      endloop
   endfacet
   facet normal 1.89827e-15 -0.900752 -0.434334
      outer loop
         vertex -0.140713 -0.21978 -0.151987
         vertex -0.169288 -0.21978 -0.151987
         vertex -0.169288 -0.217544 -0.154955
      endloop
   endfacet
   facet normal 1.37707e-15 -0.665973 -0.745975
      outer loop
         vertex -0.140713 -0.217544 -0.154955
         vertex -0.169288 -0.217544 -0.154955
         vertex -0.169288 -0.214342 -0.156842
      endloop
   endfacet
   facet normal 6.46228e-16 -0.329807 -0.944048
      outer loop
         vertex -0.140713 -0.214342 -0.156842
         vertex -0.169288 -0.214342 -0.156842
         vertex -0.169288 -0.210662 -0.15736
      endloop
   endfacet
   facet normal -1.83001e-16 0.0565699 -0.998399
      outer loop
         vertex -0.140713 -0.210662 -0.15736
         vertex -0.169288 -0.210662 -0.15736
         vertex -0.169288 -0.207064 -0.15643
      endloop
   endfacet
   facet normal -9.8437e-16 0.434334 -0.900752
      outer loop
         vertex -0.140713 -0.207064 -0.15643
         vertex -0.169288 -0.207064 -0.15643
         vertex -0.169288 -0.204095 -0.154193
      endloop
   endfacet
   facet normal -1.63588e-15 0.745975 -0.665973
      outer loop
         vertex -0.140713 -0.204095 -0.154193
         vertex -0.169288 -0.204095 -0.154193
         vertex -0.169288 -0.202209 -0.150991
      endloop
   endfacet
   facet normal -2.03834e-15 0.944048 -0.329807
      outer loop
         vertex -0.140713 -0.202209 -0.150991
         vertex -0.169288 -0.202209 -0.150991
         vertex -0.169288 -0.201691 -0.147311
      endloop
   endfacet
   facet normal -2.13048e-15 0.998399 0.0565699
      outer loop
         vertex -0.140713 -0.201691 -0.147311
         vertex -0.169288 -0.201691 -0.147311
         vertex -0.169288 -0.202621 -0.143713
      endloop
   endfacet
   facet normal -1.89827e-15 0.900752 0.434334
      outer loop
         vertex -0.140713 -0.202621 -0.143713
         vertex -0.169288 -0.202621 -0.143713
         vertex -0.169288 -0.204857 -0.140745
      endloop
   endfacet
   facet normal -1.37707e-15 0.665973 0.745975
      outer loop
         vertex -0.140713 -0.204857 -0.140745
         vertex -0.169288 -0.204857 -0.140745
         vertex -0.169288 -0.208059 -0.138858
      endloop
   endfacet
   facet normal -6.46228e-16 0.329807 0.944048
      outer loop
         vertex -0.140713 -0.208059 -0.138858
         vertex -0.169288 -0.208059 -0.138858
         vertex -0.169288 -0.21174 -0.13834
      endloop
   endfacet
   facet normal 1.83001e-16 -0.0565699 0.998399
      outer loop
         vertex -0.140713 -0.21174 -0.13834
         vertex -0.169288 -0.21174 -0.13834
         vertex -0.169288 -0.215338 -0.13927
      endloop
   endfacet
   facet normal 9.8437e-16 -0.434334 0.900752
      outer loop
         vertex -0.169288 -0.215338 -0.13927
         vertex -0.140713 -0.215338 -0.13927
         vertex -0.140713 -0.21174 -0.13834
      endloop
   endfacet
   facet normal 1.83001e-16 -0.0565699 0.998399
      outer loop
         vertex -0.169288 -0.21174 -0.13834
         vertex -0.140713 -0.21174 -0.13834
         vertex -0.140713 -0.208059 -0.138858
      endloop
   endfacet
   facet normal -6.46228e-16 0.329807 0.944048
      outer loop
         vertex -0.169288 -0.208059 -0.138858
         vertex -0.140713 -0.208059 -0.138858
         vertex -0.140713 -0.204857 -0.140745
      endloop
   endfacet
   facet normal -1.37707e-15 0.665973 0.745975
      outer loop
         vertex -0.169288 -0.204857 -0.140745
         vertex -0.140713 -0.204857 -0.140745
         vertex -0.140713 -0.202621 -0.143713
      endloop
   endfacet
   facet normal -1.89827e-15 0.900752 0.434334
      outer loop
         vertex -0.169288 -0.202621 -0.143713
         vertex -0.140713 -0.202621 -0.143713
         vertex -0.140713 -0.201691 -0.147311
      endloop
   endfacet
   facet normal -2.13048e-15 0.998399 0.0565699
      outer loop
         vertex -0.169288 -0.201691 -0.147311
         vertex -0.140713 -0.201691 -0.147311
         vertex -0.140713 -0.202209 -0.150991
      endloop
   endfacet
   facet normal -2.03834e-15 0.944048 -0.329807
      outer loop
         vertex -0.169288 -0.202209 -0.150991
         vertex -0.140713 -0.202209 -0.150991
         vertex -0.140713 -0.204095 -0.154193
      endloop
   endfacet
   facet normal -1.63588e-15 0.745975 -0.665973
      outer loop
         vertex -0.169288 -0.204095 -0.154193
         vertex -0.140713 -0.204095 -0.154193
         vertex -0.140713 -0.207064 -0.15643
      endloop
   endfacet
   facet normal -9.8437e-16 0.434334 -0.900752
      outer loop
         vertex -0.169288 -0.207064 -0.15643
         vertex -0.140713 -0.207064 -0.15643
         vertex -0.140713 -0.210662 -0.15736
      endloop
   endfacet
   facet normal -1.83001e-16 0.0565699 -0.998399
      outer loop
         vertex -0.169288 -0.210662 -0.15736
         vertex -0.140713 -0.210662 -0.15736
         vertex -0.140713 -0.214342 -0.156842
      endloop
   endfacet
   facet normal 6.46228e-16 -0.329807 -0.944048
      outer loop
         vertex -0.169288 -0.214342 -0.156842
         vertex -0.140713 -0.214342 -0.156842
         vertex -0.140713 -0.217544 -0.154955
      endloop
   endfacet
   facet normal 1.37707e-15 -0.665973 -0.745975
      outer loop
         vertex -0.169288 -0.217544 -0.154955
         vertex -0.140713 -0.217544 -0.154955
         vertex -0.140713 -0.21978 -0.151987
      endloop
   endfacet
   facet normal 1.89827e-15 -0.900752 -0.434334
      outer loop
         vertex -0.169288 -0.21978 -0.151987
         vertex -0.140713 -0.21978 -0.151987
         vertex -0.140713 -0.220711 -0.148389
      endloop
   endfacet
   facet normal 2.13742e-15 -1 5.55112e-17
      outer loop
         vertex -0.140713 -0.220726 -0.14785
         vertex -0.140713 -0.220193 -0.144709
         vertex -0.169288 -0.220193 -0.144709
      endloop
   endfacet
   facet normal 2.03834e-15 -0.944048 0.329807
      outer loop
         vertex -0.169288 -0.220193 -0.144709
         vertex -0.140713 -0.220193 -0.144709
         vertex -0.140713 -0.218306 -0.141507
      endloop
   endfacet
   facet normal 1.63588e-15 -0.745975 0.665973
      outer loop
         vertex -0.169288 -0.218306 -0.141507
         vertex -0.140713 -0.218306 -0.141507
         vertex -0.140713 -0.215338 -0.13927
      endloop
   endfacet
   facet normal -1 -2.31334e-15 -3.31007e-17
      outer loop
         vertex -0.140713 -0.20567 -0.139313
         vertex -0.140713 -0.204857 -0.140745
         vertex -0.140713 -0.208059 -0.138858
      endloop
   endfacet
   facet normal -1 -2.31334e-15 -3.31007e-17
      outer loop
         vertex -0.140713 -0.202824 -0.14208
         vertex -0.140713 -0.202621 -0.143713
         vertex -0.140713 -0.204857 -0.140745
      endloop
   endfacet
   facet normal -1 -2.31334e-15 -3.31007e-17
      outer loop
         vertex -0.140713 -0.201254 -0.145724
         vertex -0.140713 -0.201691 -0.147311
         vertex -0.140713 -0.202621 -0.143713
      endloop
   endfacet
   facet normal -1 -2.31334e-15 -3.31007e-17
      outer loop
         vertex -0.140713 -0.201197 -0.149693
         vertex -0.140713 -0.202209 -0.150991
         vertex -0.140713 -0.201691 -0.147311
      endloop
   endfacet
   facet normal -1 -2.31334e-15 -3.31007e-17
      outer loop
         vertex -0.140713 -0.204857 -0.140745
         vertex -0.140713 -0.20567 -0.139313
         vertex -0.140713 -0.202824 -0.14208
      endloop
   endfacet
   facet normal -1 -2.31334e-15 -3.31007e-17
      outer loop
         vertex -0.140713 -0.201691 -0.147311
         vertex -0.140713 -0.201254 -0.145724
         vertex -0.140713 -0.201197 -0.149693
      endloop
   endfacet
   facet normal -1 -2.31334e-15 -3.31007e-17
      outer loop
         vertex -0.140713 -0.209075 -0.157797
         vertex -0.140713 -0.210662 -0.15736
         vertex -0.140713 -0.207064 -0.15643
      endloop
   endfacet
   facet normal -1 -2.31334e-15 -3.31007e-17
      outer loop
         vertex -0.140713 -0.213044 -0.157853
         vertex -0.140713 -0.214342 -0.156842
         vertex -0.140713 -0.210662 -0.15736
      endloop
   endfacet
   facet normal -1 -2.31334e-15 -3.31007e-17
      outer loop
         vertex -0.140713 -0.221148 -0.149975
         vertex -0.140713 -0.220711 -0.148389
         vertex -0.140713 -0.21978 -0.151987
      endloop
   endfacet
   facet normal -1 -2.31334e-15 -3.31007e-17
      outer loop
         vertex -0.140713 -0.221148 -0.149975
         vertex -0.140713 -0.221204 -0.146007
         vertex -0.140713 -0.220726 -0.14785
      endloop
   endfacet
   facet normal -1 -2.31334e-15 -3.31007e-17
      outer loop
         vertex -0.140713 -0.209358 -0.137846
         vertex -0.140713 -0.208059 -0.138858
         vertex -0.140713 -0.21174 -0.13834
      endloop
   endfacet
   facet normal -1 -2.31334e-15 -3.31007e-17
      outer loop
         vertex -0.140713 -0.202621 -0.143713
         vertex -0.140713 -0.202824 -0.14208
         vertex -0.140713 -0.201254 -0.145724
      endloop
   endfacet
   facet normal -1 -2.31334e-15 -3.31007e-17
      outer loop
         vertex -0.140713 -0.202664 -0.153381
         vertex -0.140713 -0.204095 -0.154193
         vertex -0.140713 -0.202209 -0.150991
      endloop
   endfacet
   facet normal -1 -2.31334e-15 -3.31007e-17
      outer loop
         vertex -0.140713 -0.20543 -0.156227
         vertex -0.140713 -0.207064 -0.15643
         vertex -0.140713 -0.204095 -0.154193
      endloop
   endfacet
   facet normal -1 -2.31334e-15 -3.31007e-17
      outer loop
         vertex -0.140713 -0.210662 -0.15736
         vertex -0.140713 -0.209075 -0.157797
         vertex -0.140713 -0.213044 -0.157853
      endloop
   endfacet
   facet normal -1 -2.31334e-15 -3.31007e-17
      outer loop
         vertex -0.140713 -0.216732 -0.156387
         vertex -0.140713 -0.217544 -0.154955
         vertex -0.140713 -0.214342 -0.156842
      endloop
   endfacet
   facet normal -1 -2.31334e-15 -3.31007e-17
      outer loop
         vertex -0.140713 -0.219577 -0.15362
         vertex -0.140713 -0.21978 -0.151987
         vertex -0.140713 -0.217544 -0.154955
      endloop
   endfacet
   facet normal -1 -2.31334e-15 -3.31007e-17
      outer loop
         vertex -0.140713 -0.220726 -0.14785
         vertex -0.140713 -0.220711 -0.148389
         vertex -0.140713 -0.221148 -0.149975
      endloop
   endfacet
   facet normal -1 -2.31334e-15 -3.31007e-17
      outer loop
         vertex -0.140713 -0.208059 -0.138858
         vertex -0.140713 -0.209358 -0.137846
         vertex -0.140713 -0.20567 -0.139313
      endloop
   endfacet
   facet normal -1 -2.31334e-15 -3.31007e-17
      outer loop
         vertex -0.140713 -0.204095 -0.154193
         vertex -0.140713 -0.202664 -0.153381
         vertex -0.140713 -0.20543 -0.156227
      endloop
   endfacet
   facet normal -1 -2.31334e-15 -3.31007e-17
      outer loop
         vertex -0.140713 -0.214342 -0.156842
         vertex -0.140713 -0.213044 -0.157853
         vertex -0.140713 -0.216732 -0.156387
      endloop
   endfacet
   facet normal -1 -2.31334e-15 -3.31007e-17
      outer loop
         vertex -0.140713 -0.21978 -0.151987
         vertex -0.140713 -0.219577 -0.15362
         vertex -0.140713 -0.221148 -0.149975
      endloop
   endfacet
   facet normal -1 -2.31334e-15 -3.31007e-17
      outer loop
         vertex -0.140713 -0.216971 -0.139473
         vertex -0.140713 -0.215338 -0.13927
         vertex -0.140713 -0.218306 -0.141507
      endloop
   endfacet
   facet normal -1 -2.31334e-15 -3.31007e-17
      outer loop
         vertex -0.140713 -0.213326 -0.137903
         vertex -0.140713 -0.21174 -0.13834
         vertex -0.140713 -0.215338 -0.13927
      endloop
   endfacet
   facet normal -1 -2.31334e-15 -3.31007e-17
      outer loop
         vertex -0.140713 -0.202209 -0.150991
         vertex -0.140713 -0.201197 -0.149693
         vertex -0.140713 -0.202664 -0.153381
      endloop
   endfacet
   facet normal -1 -2.31334e-15 -3.31007e-17
      outer loop
         vertex -0.140713 -0.217544 -0.154955
         vertex -0.140713 -0.216732 -0.156387
         vertex -0.140713 -0.219577 -0.15362
      endloop
   endfacet
   facet normal -1 -2.31334e-15 -3.31007e-17
      outer loop
         vertex -0.140713 -0.219738 -0.142319
         vertex -0.140713 -0.218306 -0.141507
         vertex -0.140713 -0.220193 -0.144709
      endloop
   endfacet
   facet normal -1 -2.31334e-15 -3.31007e-17
      outer loop
         vertex -0.140713 -0.215338 -0.13927
         vertex -0.140713 -0.216971 -0.139473
         vertex -0.140713 -0.213326 -0.137903
      endloop
   endfacet
   facet normal -1 -2.31334e-15 -3.31007e-17
      outer loop
         vertex -0.140713 -0.207064 -0.15643
         vertex -0.140713 -0.20543 -0.156227
         vertex -0.140713 -0.209075 -0.157797
      endloop
   endfacet
   facet normal -1 -2.31334e-15 -3.31007e-17
      outer loop
         vertex -0.140713 -0.220193 -0.144709
         vertex -0.140713 -0.221204 -0.146007
         vertex -0.140713 -0.219738 -0.142319
      endloop
   endfacet
   facet normal -1 -2.31334e-15 -3.31007e-17
      outer loop
         vertex -0.140713 -0.21174 -0.13834
         vertex -0.140713 -0.213326 -0.137903
         vertex -0.140713 -0.209358 -0.137846
      endloop
   endfacet
   facet normal -1 -2.31334e-15 -3.31007e-17
      outer loop
         vertex -0.140713 -0.218306 -0.141507
         vertex -0.140713 -0.219738 -0.142319
         vertex -0.140713 -0.216971 -0.139473
      endloop
   endfacet
   facet normal -1 -2.31334e-15 -3.31007e-17
      outer loop
         vertex -0.140713 -0.220193 -0.144709
         vertex -0.140713 -0.220726 -0.14785
         vertex -0.140713 -0.221204 -0.146007
      endloop
   endfacet
   facet normal 0.922699 0.323551 -0.209623
      outer loop
         vertex -0.140713 -0.219738 -0.142319
         vertex -0.140713 -0.221204 -0.146007
         vertex -0.140962 -0.220617 -0.146115
      endloop
   endfacet
   facet normal 0.922699 0.379141 -0.0698492
      outer loop
         vertex -0.140713 -0.221204 -0.146007
         vertex -0.140713 -0.221148 -0.149975
         vertex -0.140962 -0.220564 -0.149851
      endloop
   endfacet
   facet normal 0.922699 0.377011 0.0805588
      outer loop
         vertex -0.140713 -0.221148 -0.149975
         vertex -0.140713 -0.219577 -0.15362
         vertex -0.140962 -0.219085 -0.153281
      endloop
   endfacet
   facet normal 0.922699 0.317484 0.218702
      outer loop
         vertex -0.140713 -0.219577 -0.15362
         vertex -0.140713 -0.216732 -0.156387
         vertex -0.140962 -0.216407 -0.155885
      endloop
   endfacet
   facet normal 0.922699 0.209623 0.323551
      outer loop
         vertex -0.140713 -0.216732 -0.156387
         vertex -0.140713 -0.213044 -0.157853
         vertex -0.140962 -0.212935 -0.157266
      endloop
   endfacet
   facet normal 0.922699 0.0698492 0.379141
      outer loop
         vertex -0.140713 -0.213044 -0.157853
         vertex -0.140713 -0.209075 -0.157797
         vertex -0.140962 -0.2092 -0.157213
      endloop
   endfacet
   facet normal 0.922699 -0.0805588 0.377011
      outer loop
         vertex -0.140713 -0.209075 -0.157797
         vertex -0.140713 -0.20543 -0.156227
         vertex -0.140962 -0.205769 -0.155734
      endloop
   endfacet
   facet normal 0.922699 -0.218702 0.317484
      outer loop
         vertex -0.140713 -0.20543 -0.156227
         vertex -0.140713 -0.202664 -0.153381
         vertex -0.140962 -0.203166 -0.153056
      endloop
   endfacet
   facet normal 0.922699 -0.323551 0.209623
      outer loop
         vertex -0.140713 -0.202664 -0.153381
         vertex -0.140713 -0.201197 -0.149693
         vertex -0.140962 -0.201785 -0.149585
      endloop
   endfacet
   facet normal 0.922699 -0.379141 0.0698492
      outer loop
         vertex -0.140713 -0.201197 -0.149693
         vertex -0.140713 -0.201254 -0.145724
         vertex -0.140962 -0.201838 -0.145849
      endloop
   endfacet
   facet normal 0.922699 -0.377011 -0.0805588
      outer loop
         vertex -0.140713 -0.201254 -0.145724
         vertex -0.140713 -0.202824 -0.14208
         vertex -0.140962 -0.203316 -0.142419
      endloop
   endfacet
   facet normal 0.922699 -0.317484 -0.218702
      outer loop
         vertex -0.140713 -0.202824 -0.14208
         vertex -0.140713 -0.20567 -0.139313
         vertex -0.140962 -0.205995 -0.139815
      endloop
   endfacet
   facet normal 0.922699 -0.209623 -0.323551
      outer loop
         vertex -0.140713 -0.20567 -0.139313
         vertex -0.140713 -0.209358 -0.137846
         vertex -0.140962 -0.209466 -0.138434
      endloop
   endfacet
   facet normal 0.922699 -0.0698492 -0.379141
      outer loop
         vertex -0.140713 -0.209358 -0.137846
         vertex -0.140713 -0.213326 -0.137903
         vertex -0.140962 -0.213201 -0.138487
      endloop
   endfacet
   facet normal 0.922699 0.0805588 -0.377011
      outer loop
         vertex -0.140713 -0.213326 -0.137903
         vertex -0.140713 -0.216971 -0.139473
         vertex -0.140962 -0.216632 -0.139965
      endloop
   endfacet
   facet normal 0.922699 0.218702 -0.317484
      outer loop
         vertex -0.140713 -0.216971 -0.139473
         vertex -0.140713 -0.219738 -0.142319
         vertex -0.140962 -0.219236 -0.142644
      endloop
   endfacet
   facet normal 0.922699 0.323551 -0.209623
      outer loop
         vertex -0.140962 -0.219236 -0.142644
         vertex -0.140962 -0.216632 -0.139965
         vertex -0.140713 -0.216971 -0.139473
      endloop
   endfacet
   facet normal 0.922699 0.218702 -0.317484
      outer loop
         vertex -0.140962 -0.216632 -0.139965
         vertex -0.140962 -0.213201 -0.138487
         vertex -0.140713 -0.213326 -0.137903
      endloop
   endfacet
   facet normal 0.922699 0.0805588 -0.377011
      outer loop
         vertex -0.140962 -0.213201 -0.138487
         vertex -0.140962 -0.209466 -0.138434
         vertex -0.140713 -0.209358 -0.137846
      endloop
   endfacet
   facet normal 0.922699 -0.0698492 -0.379141
      outer loop
         vertex -0.140962 -0.209466 -0.138434
         vertex -0.140962 -0.205995 -0.139815
         vertex -0.140713 -0.20567 -0.139313
      endloop
   endfacet
   facet normal 0.922699 -0.209623 -0.323551
      outer loop
         vertex -0.140962 -0.205995 -0.139815
         vertex -0.140962 -0.203316 -0.142419
         vertex -0.140713 -0.202824 -0.14208
      endloop
   endfacet
   facet normal 0.922699 -0.317484 -0.218702
      outer loop
         vertex -0.140962 -0.203316 -0.142419
         vertex -0.140962 -0.201838 -0.145849
         vertex -0.140713 -0.201254 -0.145724
      endloop
   endfacet
   facet normal 0.922699 -0.377011 -0.0805588
      outer loop
         vertex -0.140962 -0.201838 -0.145849
         vertex -0.140962 -0.201785 -0.149585
         vertex -0.140713 -0.201197 -0.149693
      endloop
   endfacet
   facet normal 0.922699 -0.379141 0.0698492
      outer loop
         vertex -0.140962 -0.201785 -0.149585
         vertex -0.140962 -0.203166 -0.153056
         vertex -0.140713 -0.202664 -0.153381
      endloop
   endfacet
   facet normal 0.922699 -0.323551 0.209623
      outer loop
         vertex -0.140962 -0.203166 -0.153056
         vertex -0.140962 -0.205769 -0.155734
         vertex -0.140713 -0.20543 -0.156227
      endloop
   endfacet
   facet normal 0.922699 -0.218702 0.317484
      outer loop
         vertex -0.140962 -0.205769 -0.155734
         vertex -0.140962 -0.2092 -0.157213
         vertex -0.140713 -0.209075 -0.157797
      endloop
   endfacet
   facet normal 0.922699 -0.0805588 0.377011
      outer loop
         vertex -0.140962 -0.2092 -0.157213
         vertex -0.140962 -0.212935 -0.157266
         vertex -0.140713 -0.213044 -0.157853
      endloop
   endfacet
   facet normal 0.922699 0.0698492 0.379141
      outer loop
         vertex -0.140962 -0.212935 -0.157266
         vertex -0.140962 -0.216407 -0.155885
         vertex -0.140713 -0.216732 -0.156387
      endloop
   endfacet
   facet normal 0.922699 0.209623 0.323551
      outer loop
         vertex -0.140962 -0.216407 -0.155885
         vertex -0.140962 -0.219085 -0.153281
         vertex -0.140713 -0.219577 -0.15362
      endloop
   endfacet
   facet normal 0.922699 0.317484 0.218702
      outer loop
         vertex -0.140962 -0.219085 -0.153281
         vertex -0.140962 -0.220564 -0.149851
         vertex -0.140713 -0.221148 -0.149975
      endloop
   endfacet
   facet normal 0.922699 0.377011 0.0805588
      outer loop
         vertex -0.140962 -0.220564 -0.149851
         vertex -0.140962 -0.220617 -0.146115
         vertex -0.140713 -0.221204 -0.146007
      endloop
   endfacet
   facet normal 0.922699 0.379141 -0.0698492
      outer loop
         vertex -0.140962 -0.220617 -0.146115
         vertex -0.140962 -0.219236 -0.142644
         vertex -0.140713 -0.219738 -0.142319
      endloop
   endfacet
   facet normal -0.0873798 -0.54166 -0.836044
      outer loop
         vertex -0.14205 -0.205995 -0.139815
         vertex -0.140962 -0.205995 -0.139815
         vertex -0.140962 -0.209466 -0.138434
      endloop
   endfacet
   facet normal -0.0873798 -0.180488 -0.979688
      outer loop
         vertex -0.14205 -0.209466 -0.138434
         vertex -0.140962 -0.209466 -0.138434
         vertex -0.140962 -0.213201 -0.138487
      endloop
   endfacet
   facet normal -0.0873798 0.208161 -0.974184
      outer loop
         vertex -0.14205 -0.213201 -0.138487
         vertex -0.140962 -0.213201 -0.138487
         vertex -0.140962 -0.216632 -0.139965
      endloop
   endfacet
   facet normal -0.0873798 0.56512 -0.820368
      outer loop
         vertex -0.14205 -0.216632 -0.139965
         vertex -0.140962 -0.216632 -0.139965
         vertex -0.140962 -0.219236 -0.142644
      endloop
   endfacet
   facet normal -0.0873798 0.836044 -0.54166
      outer loop
         vertex -0.14205 -0.219236 -0.142644
         vertex -0.140962 -0.219236 -0.142644
         vertex -0.140962 -0.220617 -0.146115
      endloop
   endfacet
   facet normal -0.0873798 0.979688 -0.180488
      outer loop
         vertex -0.14205 -0.220617 -0.146115
         vertex -0.140962 -0.220617 -0.146115
         vertex -0.140962 -0.220564 -0.149851
      endloop
   endfacet
   facet normal -0.0873798 0.974184 0.208161
      outer loop
         vertex -0.14205 -0.220564 -0.149851
         vertex -0.140962 -0.220564 -0.149851
         vertex -0.140962 -0.219085 -0.153281
      endloop
   endfacet
   facet normal -0.0873798 0.820368 0.56512
      outer loop
         vertex -0.14205 -0.219085 -0.153281
         vertex -0.140962 -0.219085 -0.153281
         vertex -0.140962 -0.216407 -0.155885
      endloop
   endfacet
   facet normal -0.0873798 0.54166 0.836044
      outer loop
         vertex -0.14205 -0.216407 -0.155885
         vertex -0.140962 -0.216407 -0.155885
         vertex -0.140962 -0.212935 -0.157266
      endloop
   endfacet
   facet normal -0.0873798 0.180488 0.979688
      outer loop
         vertex -0.14205 -0.212935 -0.157266
         vertex -0.140962 -0.212935 -0.157266
         vertex -0.140962 -0.2092 -0.157213
      endloop
   endfacet
   facet normal -0.0873798 -0.208161 0.974184
      outer loop
         vertex -0.14205 -0.2092 -0.157213
         vertex -0.140962 -0.2092 -0.157213
         vertex -0.140962 -0.205769 -0.155734
      endloop
   endfacet
   facet normal -0.0873798 -0.56512 0.820368
      outer loop
         vertex -0.14205 -0.205769 -0.155734
         vertex -0.140962 -0.205769 -0.155734
         vertex -0.140962 -0.203166 -0.153056
      endloop
   endfacet
   facet normal -0.0873798 -0.836044 0.54166
      outer loop
         vertex -0.14205 -0.203166 -0.153056
         vertex -0.140962 -0.203166 -0.153056
         vertex -0.140962 -0.201785 -0.149585
      endloop
   endfacet
   facet normal -0.0873798 -0.979688 0.180488
      outer loop
         vertex -0.14205 -0.201785 -0.149585
         vertex -0.140962 -0.201785 -0.149585
         vertex -0.140962 -0.201838 -0.145849
      endloop
   endfacet
   facet normal -0.0873798 -0.974184 -0.208161
      outer loop
         vertex -0.14205 -0.201838 -0.145849
         vertex -0.140962 -0.201838 -0.145849
         vertex -0.140962 -0.203316 -0.142419
      endloop
   endfacet
   facet normal -0.0873798 -0.820368 -0.56512
      outer loop
         vertex -0.14205 -0.203316 -0.142419
         vertex -0.140962 -0.203316 -0.142419
         vertex -0.140962 -0.205995 -0.139815
      endloop
   endfacet
   facet normal 0.0873798 -0.54166 -0.836044
      outer loop
         vertex -0.140962 -0.205995 -0.139815
         vertex -0.14205 -0.205995 -0.139815
         vertex -0.14205 -0.203316 -0.142419
      endloop
   endfacet
   facet normal 0.0873798 -0.820368 -0.56512
      outer loop
         vertex -0.140962 -0.203316 -0.142419
         vertex -0.14205 -0.203316 -0.142419
         vertex -0.14205 -0.201838 -0.145849
      endloop
   endfacet
   facet normal 0.0873798 -0.974184 -0.208161
      outer loop
         vertex -0.140962 -0.201838 -0.145849
         vertex -0.14205 -0.201838 -0.145849
         vertex -0.14205 -0.201785 -0.149585
      endloop
   endfacet
   facet normal 0.0873798 -0.979688 0.180488
      outer loop
         vertex -0.140962 -0.201785 -0.149585
         vertex -0.14205 -0.201785 -0.149585
         vertex -0.14205 -0.203166 -0.153056
      endloop
   endfacet
   facet normal 0.0873798 -0.836044 0.54166
      outer loop
         vertex -0.140962 -0.203166 -0.153056
         vertex -0.14205 -0.203166 -0.153056
         vertex -0.14205 -0.205769 -0.155734
      endloop
   endfacet
   facet normal 0.0873798 -0.56512 0.820368
      outer loop
         vertex -0.140962 -0.205769 -0.155734
         vertex -0.14205 -0.205769 -0.155734
         vertex -0.14205 -0.2092 -0.157213
      endloop
   endfacet
   facet normal 0.0873798 -0.208161 0.974184
      outer loop
         vertex -0.140962 -0.2092 -0.157213
         vertex -0.14205 -0.2092 -0.157213
         vertex -0.14205 -0.212935 -0.157266
      endloop
   endfacet
   facet normal 0.0873798 0.180488 0.979688
      outer loop
         vertex -0.140962 -0.212935 -0.157266
         vertex -0.14205 -0.212935 -0.157266
         vertex -0.14205 -0.216407 -0.155885
      endloop
   endfacet
   facet normal 0.0873798 0.54166 0.836044
      outer loop
         vertex -0.140962 -0.216407 -0.155885
         vertex -0.14205 -0.216407 -0.155885
         vertex -0.14205 -0.219085 -0.153281
      endloop
   endfacet
   facet normal 0.0873798 0.820368 0.56512
      outer loop
         vertex -0.140962 -0.219085 -0.153281
         vertex -0.14205 -0.219085 -0.153281
         vertex -0.14205 -0.220564 -0.149851
      endloop
   endfacet
   facet normal 0.0873798 0.974184 0.208161
      outer loop
         vertex -0.140962 -0.220564 -0.149851
         vertex -0.14205 -0.220564 -0.149851
         vertex -0.14205 -0.220617 -0.146115
      endloop
   endfacet
   facet normal 0.0873798 0.979688 -0.180488
      outer loop
         vertex -0.140962 -0.220617 -0.146115
         vertex -0.14205 -0.220617 -0.146115
         vertex -0.14205 -0.219236 -0.142644
      endloop
   endfacet
   facet normal 0.0873798 0.836044 -0.54166
      outer loop
         vertex -0.140962 -0.219236 -0.142644
         vertex -0.14205 -0.219236 -0.142644
         vertex -0.14205 -0.216632 -0.139965
      endloop
   endfacet
   facet normal 0.0873798 0.56512 -0.820368
      outer loop
         vertex -0.140962 -0.216632 -0.139965
         vertex -0.14205 -0.216632 -0.139965
         vertex -0.14205 -0.213201 -0.138487
      endloop
   endfacet
   facet normal 0.0873798 0.208161 -0.974184
      outer loop
         vertex -0.140962 -0.213201 -0.138487
         vertex -0.14205 -0.213201 -0.138487
         vertex -0.14205 -0.209466 -0.138434
      endloop
   endfacet
   facet normal 0.0873798 -0.180488 -0.979688
      outer loop
         vertex -0.140962 -0.209466 -0.138434
         vertex -0.14205 -0.209466 -0.138434
         vertex -0.14205 -0.205995 -0.139815
      endloop
   endfacet
   facet normal -0.922699 -0.323551 0.209623
      outer loop
         vertex -0.1423 -0.202664 -0.153381
         vertex -0.1423 -0.20543 -0.156227
         vertex -0.14205 -0.205769 -0.155734
      endloop
   endfacet
   facet normal -0.922699 -0.218702 0.317484
      outer loop
         vertex -0.1423 -0.20543 -0.156227
         vertex -0.1423 -0.209075 -0.157797
         vertex -0.14205 -0.2092 -0.157213
      endloop
   endfacet
   facet normal -0.922699 -0.0805588 0.377011
      outer loop
         vertex -0.1423 -0.209075 -0.157797
         vertex -0.1423 -0.213044 -0.157853
         vertex -0.14205 -0.212935 -0.157266
      endloop
   endfacet
   facet normal -0.922699 0.0698492 0.379141
      outer loop
         vertex -0.1423 -0.213044 -0.157853
         vertex -0.1423 -0.216732 -0.156387
         vertex -0.14205 -0.216407 -0.155885
      endloop
   endfacet
   facet normal -0.922699 0.209623 0.323551
      outer loop
         vertex -0.1423 -0.216732 -0.156387
         vertex -0.1423 -0.219577 -0.15362
         vertex -0.14205 -0.219085 -0.153281
      endloop
   endfacet
   facet normal -0.922699 0.317484 0.218702
      outer loop
         vertex -0.1423 -0.219577 -0.15362
         vertex -0.1423 -0.221148 -0.149975
         vertex -0.14205 -0.220564 -0.149851
      endloop
   endfacet
   facet normal -0.922699 0.377011 0.0805588
      outer loop
         vertex -0.1423 -0.221148 -0.149975
         vertex -0.1423 -0.221204 -0.146007
         vertex -0.14205 -0.220617 -0.146115
      endloop
   endfacet
   facet normal -0.922699 0.379141 -0.0698492
      outer loop
         vertex -0.1423 -0.221204 -0.146007
         vertex -0.1423 -0.219738 -0.142319
         vertex -0.14205 -0.219236 -0.142644
      endloop
   endfacet
   facet normal -0.922699 0.323551 -0.209623
      outer loop
         vertex -0.1423 -0.219738 -0.142319
         vertex -0.1423 -0.216971 -0.139473
         vertex -0.14205 -0.216632 -0.139965
      endloop
   endfacet
   facet normal -0.922699 0.218702 -0.317484
      outer loop
         vertex -0.1423 -0.216971 -0.139473
         vertex -0.1423 -0.213326 -0.137903
         vertex -0.14205 -0.213201 -0.138487
      endloop
   endfacet
   facet normal -0.922699 0.0805588 -0.377011
      outer loop
         vertex -0.1423 -0.213326 -0.137903
         vertex -0.1423 -0.209358 -0.137846
         vertex -0.14205 -0.209466 -0.138434
      endloop
   endfacet
   facet normal -0.922699 -0.0698492 -0.379141
      outer loop
         vertex -0.1423 -0.209358 -0.137846
         vertex -0.1423 -0.20567 -0.139313
         vertex -0.14205 -0.205995 -0.139815
      endloop
   endfacet
   facet normal -0.922699 -0.209623 -0.323551
      outer loop
         vertex -0.1423 -0.20567 -0.139313
         vertex -0.1423 -0.202824 -0.14208
         vertex -0.14205 -0.203316 -0.142419
      endloop
   endfacet
   facet normal -0.922699 -0.317484 -0.218702
      outer loop
         vertex -0.1423 -0.202824 -0.14208
         vertex -0.1423 -0.201254 -0.145724
         vertex -0.14205 -0.201838 -0.145849
      endloop
   endfacet
   facet normal -0.922699 -0.377011 -0.0805588
      outer loop
         vertex -0.1423 -0.201254 -0.145724
         vertex -0.1423 -0.201197 -0.149693
         vertex -0.14205 -0.201785 -0.149585
      endloop
   endfacet
   facet normal -0.922699 -0.379141 0.0698492
      outer loop
         vertex -0.1423 -0.201197 -0.149693
         vertex -0.1423 -0.202664 -0.153381
         vertex -0.14205 -0.203166 -0.153056
      endloop
   endfacet
   facet normal -0.922699 -0.323551 0.209623
      outer loop
         vertex -0.14205 -0.203166 -0.153056
         vertex -0.14205 -0.201785 -0.149585
         vertex -0.1423 -0.201197 -0.149693
      endloop
   endfacet
   facet normal -0.922699 -0.379141 0.0698492
      outer loop
         vertex -0.14205 -0.201785 -0.149585
         vertex -0.14205 -0.201838 -0.145849
         vertex -0.1423 -0.201254 -0.145724
      endloop
   endfacet
   facet normal -0.922699 -0.377011 -0.0805588
      outer loop
         vertex -0.14205 -0.201838 -0.145849
         vertex -0.14205 -0.203316 -0.142419
         vertex -0.1423 -0.202824 -0.14208
      endloop
   endfacet
   facet normal -0.922699 -0.317484 -0.218702
      outer loop
         vertex -0.14205 -0.203316 -0.142419
         vertex -0.14205 -0.205995 -0.139815
         vertex -0.1423 -0.20567 -0.139313
      endloop
   endfacet
   facet normal -0.922699 -0.209623 -0.323551
      outer loop
         vertex -0.14205 -0.205995 -0.139815
         vertex -0.14205 -0.209466 -0.138434
         vertex -0.1423 -0.209358 -0.137846
      endloop
   endfacet
   facet normal -0.922699 -0.0698492 -0.379141
      outer loop
         vertex -0.14205 -0.209466 -0.138434
         vertex -0.14205 -0.213201 -0.138487
         vertex -0.1423 -0.213326 -0.137903
      endloop
   endfacet
   facet normal -0.922699 0.0805588 -0.377011
      outer loop
         vertex -0.14205 -0.213201 -0.138487
         vertex -0.14205 -0.216632 -0.139965
         vertex -0.1423 -0.216971 -0.139473
      endloop
   endfacet
   facet normal -0.922699 0.218702 -0.317484
      outer loop
         vertex -0.14205 -0.216632 -0.139965
         vertex -0.14205 -0.219236 -0.142644
         vertex -0.1423 -0.219738 -0.142319
      endloop
   endfacet
   facet normal -0.922699 0.323551 -0.209623
      outer loop
         vertex -0.14205 -0.219236 -0.142644
         vertex -0.14205 -0.220617 -0.146115
         vertex -0.1423 -0.221204 -0.146007
      endloop
   endfacet
   facet normal -0.922699 0.379141 -0.0698492
      outer loop
         vertex -0.14205 -0.220617 -0.146115
         vertex -0.14205 -0.220564 -0.149851
         vertex -0.1423 -0.221148 -0.149975
      endloop
   endfacet
   facet normal -0.922699 0.377011 0.0805588
      outer loop
         vertex -0.14205 -0.220564 -0.149851
         vertex -0.14205 -0.219085 -0.153281
         vertex -0.1423 -0.219577 -0.15362
      endloop
   endfacet
   facet normal -0.922699 0.317484 0.218702
      outer loop
         vertex -0.14205 -0.219085 -0.153281
         vertex -0.14205 -0.216407 -0.155885
         vertex -0.1423 -0.216732 -0.156387
      endloop
   endfacet
   facet normal -0.922699 0.209623 0.323551
      outer loop
         vertex -0.14205 -0.216407 -0.155885
         vertex -0.14205 -0.212935 -0.157266
         vertex -0.1423 -0.213044 -0.157853
      endloop
   endfacet
   facet normal -0.922699 0.0698492 0.379141
      outer loop
         vertex -0.14205 -0.212935 -0.157266
         vertex -0.14205 -0.2092 -0.157213
         vertex -0.1423 -0.209075 -0.157797
      endloop
   endfacet
   facet normal -0.922699 -0.0805588 0.377011
      outer loop
         vertex -0.14205 -0.2092 -0.157213
         vertex -0.14205 -0.205769 -0.155734
         vertex -0.1423 -0.20543 -0.156227
      endloop
   endfacet
   facet normal -0.922699 -0.218702 0.317484
      outer loop
         vertex -0.14205 -0.205769 -0.155734
         vertex -0.14205 -0.203166 -0.153056
         vertex -0.1423 -0.202664 -0.153381
      endloop
   endfacet
   facet normal -1 -2.41234e-15 -9.89601e-17
      outer loop
         vertex -0.1423 -0.219957 -0.135139
         vertex -0.1423 -0.216971 -0.139473
         vertex -0.1423 -0.219738 -0.142319
      endloop
   endfacet
   facet normal -1 -2.41234e-15 -9.89601e-17
      outer loop
         vertex -0.1423 -0.219957 -0.135139
         vertex -0.1423 -0.214426 -0.132756
         vertex -0.1423 -0.213326 -0.137903
      endloop
   endfacet
   facet normal -1 -2.41234e-15 -9.89601e-17
      outer loop
         vertex -0.1423 -0.214426 -0.132756
         vertex -0.1423 -0.208404 -0.13267
         vertex -0.1423 -0.209358 -0.137846
      endloop
   endfacet
   facet normal -1 -2.41234e-15 -9.89601e-17
      outer loop
         vertex -0.1423 -0.208404 -0.13267
         vertex -0.1423 -0.202808 -0.134896
         vertex -0.1423 -0.20567 -0.139313
      endloop
   endfacet
   facet normal -1 -2.41234e-15 -9.89601e-17
      outer loop
         vertex -0.1423 -0.202808 -0.134896
         vertex -0.1423 -0.19849 -0.139094
         vertex -0.1423 -0.202824 -0.14208
      endloop
   endfacet
   facet normal -1 -2.41234e-15 -9.89601e-17
      outer loop
         vertex -0.1423 -0.19849 -0.139094
         vertex -0.1423 -0.196107 -0.144625
         vertex -0.1423 -0.201254 -0.145724
      endloop
   endfacet
   facet normal -1 -2.41234e-15 -9.89601e-17
      outer loop
         vertex -0.1423 -0.202445 -0.160561
         vertex -0.1423 -0.20543 -0.156227
         vertex -0.1423 -0.202664 -0.153381
      endloop
   endfacet
   facet normal -1 -2.41234e-15 -9.89601e-17
      outer loop
         vertex -0.1423 -0.202445 -0.160561
         vertex -0.1423 -0.207976 -0.162944
         vertex -0.1423 -0.209075 -0.157797
      endloop
   endfacet
   facet normal -1 -2.41234e-15 -9.89601e-17
      outer loop
         vertex -0.1423 -0.224155 -0.139457
         vertex -0.1423 -0.219738 -0.142319
         vertex -0.1423 -0.221204 -0.146007
      endloop
   endfacet
   facet normal -1 -2.41234e-15 -9.89601e-17
      outer loop
         vertex -0.1423 -0.213326 -0.137903
         vertex -0.1423 -0.216971 -0.139473
         vertex -0.1423 -0.219957 -0.135139
      endloop
   endfacet
   facet normal -1 -2.41234e-15 -9.89601e-17
      outer loop
         vertex -0.1423 -0.20567 -0.139313
         vertex -0.1423 -0.209358 -0.137846
         vertex -0.1423 -0.208404 -0.13267
      endloop
   endfacet
   facet normal -1 -2.41234e-15 -9.89601e-17
      outer loop
         vertex -0.1423 -0.201254 -0.145724
         vertex -0.1423 -0.202824 -0.14208
         vertex -0.1423 -0.19849 -0.139094
      endloop
   endfacet
   facet normal -1 -2.41234e-15 -9.89601e-17
      outer loop
         vertex -0.1423 -0.198247 -0.156243
         vertex -0.1423 -0.202664 -0.153381
         vertex -0.1423 -0.201197 -0.149693
      endloop
   endfacet
   facet normal -1 -2.41234e-15 -9.89601e-17
      outer loop
         vertex -0.1423 -0.209075 -0.157797
         vertex -0.1423 -0.20543 -0.156227
         vertex -0.1423 -0.202445 -0.160561
      endloop
   endfacet
   facet normal -1 -2.41234e-15 -9.89601e-17
      outer loop
         vertex -0.1423 -0.223912 -0.156606
         vertex -0.1423 -0.219577 -0.15362
         vertex -0.1423 -0.216732 -0.156387
      endloop
   endfacet
   facet normal -1 -2.41234e-15 -9.89601e-17
      outer loop
         vertex -0.1423 -0.223912 -0.156606
         vertex -0.1423 -0.226295 -0.151075
         vertex -0.1423 -0.221148 -0.149975
      endloop
   endfacet
   facet normal -1 -2.41234e-15 -9.89601e-17
      outer loop
         vertex -0.1423 -0.219738 -0.142319
         vertex -0.1423 -0.224155 -0.139457
         vertex -0.1423 -0.219957 -0.135139
      endloop
   endfacet
   facet normal -1 -2.41234e-15 -9.89601e-17
      outer loop
         vertex -0.1423 -0.202824 -0.14208
         vertex -0.1423 -0.20567 -0.139313
         vertex -0.1423 -0.202808 -0.134896
      endloop
   endfacet
   facet normal -1 -2.41234e-15 -9.89601e-17
      outer loop
         vertex -0.1423 -0.196107 -0.144625
         vertex -0.1423 -0.196021 -0.150646
         vertex -0.1423 -0.201197 -0.149693
      endloop
   endfacet
   facet normal -1 -2.41234e-15 -9.89601e-17
      outer loop
         vertex -0.1423 -0.202664 -0.153381
         vertex -0.1423 -0.198247 -0.156243
         vertex -0.1423 -0.202445 -0.160561
      endloop
   endfacet
   facet normal -1 -2.41234e-15 -9.89601e-17
      outer loop
         vertex -0.1423 -0.219593 -0.160804
         vertex -0.1423 -0.216732 -0.156387
         vertex -0.1423 -0.213044 -0.157853
      endloop
   endfacet
   facet normal -1 -2.41234e-15 -9.89601e-17
      outer loop
         vertex -0.1423 -0.221148 -0.149975
         vertex -0.1423 -0.219577 -0.15362
         vertex -0.1423 -0.223912 -0.156606
      endloop
   endfacet
   facet normal -1 -2.41234e-15 -9.89601e-17
      outer loop
         vertex -0.1423 -0.209358 -0.137846
         vertex -0.1423 -0.213326 -0.137903
         vertex -0.1423 -0.214426 -0.132756
      endloop
   endfacet
   facet normal -1 -2.41234e-15 -9.89601e-17
      outer loop
         vertex -0.1423 -0.201197 -0.149693
         vertex -0.1423 -0.196021 -0.150646
         vertex -0.1423 -0.198247 -0.156243
      endloop
   endfacet
   facet normal -1 -2.41234e-15 -9.89601e-17
      outer loop
         vertex -0.1423 -0.207976 -0.162944
         vertex -0.1423 -0.213997 -0.16303
         vertex -0.1423 -0.213044 -0.157853
      endloop
   endfacet
   facet normal -1 -2.41234e-15 -9.89601e-17
      outer loop
         vertex -0.1423 -0.216732 -0.156387
         vertex -0.1423 -0.219593 -0.160804
         vertex -0.1423 -0.223912 -0.156606
      endloop
   endfacet
   facet normal -1 -2.41234e-15 -9.89601e-17
      outer loop
         vertex -0.1423 -0.201197 -0.149693
         vertex -0.1423 -0.201254 -0.145724
         vertex -0.1423 -0.196107 -0.144625
      endloop
   endfacet
   facet normal -1 -2.41234e-15 -9.89601e-17
      outer loop
         vertex -0.1423 -0.213044 -0.157853
         vertex -0.1423 -0.213997 -0.16303
         vertex -0.1423 -0.219593 -0.160804
      endloop
   endfacet
   facet normal -1 -2.41234e-15 -9.89601e-17
      outer loop
         vertex -0.1423 -0.213044 -0.157853
         vertex -0.1423 -0.209075 -0.157797
         vertex -0.1423 -0.207976 -0.162944
      endloop
   endfacet
   facet normal -1 -2.41234e-15 -9.89601e-17
      outer loop
         vertex -0.1423 -0.226295 -0.151075
         vertex -0.1423 -0.22638 -0.145053
         vertex -0.1423 -0.221204 -0.146007
      endloop
   endfacet
   facet normal -1 -2.41234e-15 -9.89601e-17
      outer loop
         vertex -0.1423 -0.221204 -0.146007
         vertex -0.1423 -0.221148 -0.149975
         vertex -0.1423 -0.226295 -0.151075
      endloop
   endfacet
   facet normal -1 -2.41234e-15 -9.89601e-17
      outer loop
         vertex -0.1423 -0.221204 -0.146007
         vertex -0.1423 -0.22638 -0.145053
         vertex -0.1423 -0.224155 -0.139457
      endloop
   endfacet
   facet normal -0.866025 -0.419627 0.27187
      outer loop
         vertex -0.142046 -0.224524 -0.139218
         vertex -0.1423 -0.224155 -0.139457
         vertex -0.1423 -0.22638 -0.145053
      endloop
   endfacet
   facet normal -0.866025 -0.491725 0.0905905
      outer loop
         vertex -0.142046 -0.226813 -0.144974
         vertex -0.1423 -0.22638 -0.145053
         vertex -0.1423 -0.226295 -0.151075
      endloop
   endfacet
   facet normal -0.866025 -0.488962 -0.10448
      outer loop
         vertex -0.142046 -0.226725 -0.151167
         vertex -0.1423 -0.226295 -0.151075
         vertex -0.1423 -0.223912 -0.156606
      endloop
   endfacet
   facet normal -0.866025 -0.411759 -0.283645
      outer loop
         vertex -0.142046 -0.224274 -0.156856
         vertex -0.1423 -0.223912 -0.156606
         vertex -0.1423 -0.219593 -0.160804
      endloop
   endfacet
   facet normal -0.866025 -0.27187 -0.419627
      outer loop
         vertex -0.142046 -0.219833 -0.161173
         vertex -0.1423 -0.219593 -0.160804
         vertex -0.1423 -0.213997 -0.16303
      endloop
   endfacet
   facet normal -0.866025 -0.0905905 -0.491725
      outer loop
         vertex -0.142046 -0.214077 -0.163462
         vertex -0.1423 -0.213997 -0.16303
         vertex -0.1423 -0.207976 -0.162944
      endloop
   endfacet
   facet normal -0.866025 0.10448 -0.488962
      outer loop
         vertex -0.142046 -0.207884 -0.163374
         vertex -0.1423 -0.207976 -0.162944
         vertex -0.1423 -0.202445 -0.160561
      endloop
   endfacet
   facet normal -0.866025 0.283645 -0.411759
      outer loop
         vertex -0.142046 -0.202195 -0.160923
         vertex -0.1423 -0.202445 -0.160561
         vertex -0.1423 -0.198247 -0.156243
      endloop
   endfacet
   facet normal -0.866025 0.419627 -0.27187
      outer loop
         vertex -0.142046 -0.197878 -0.156482
         vertex -0.1423 -0.198247 -0.156243
         vertex -0.1423 -0.196021 -0.150646
      endloop
   endfacet
   facet normal -0.866025 0.491725 -0.0905905
      outer loop
         vertex -0.142046 -0.195589 -0.150726
         vertex -0.1423 -0.196021 -0.150646
         vertex -0.1423 -0.196107 -0.144625
      endloop
   endfacet
   facet normal -0.866025 0.488962 0.10448
      outer loop
         vertex -0.142046 -0.195676 -0.144533
         vertex -0.1423 -0.196107 -0.144625
         vertex -0.1423 -0.19849 -0.139094
      endloop
   endfacet
   facet normal -0.866025 0.411759 0.283645
      outer loop
         vertex -0.142046 -0.198127 -0.138844
         vertex -0.1423 -0.19849 -0.139094
         vertex -0.1423 -0.202808 -0.134896
      endloop
   endfacet
   facet normal -0.866025 0.27187 0.419627
      outer loop
         vertex -0.142046 -0.202569 -0.134527
         vertex -0.1423 -0.202808 -0.134896
         vertex -0.1423 -0.208404 -0.13267
      endloop
   endfacet
   facet normal -0.866025 0.0905905 0.491725
      outer loop
         vertex -0.142046 -0.208325 -0.132238
         vertex -0.1423 -0.208404 -0.13267
         vertex -0.1423 -0.214426 -0.132756
      endloop
   endfacet
   facet normal -0.866025 -0.10448 0.488962
      outer loop
         vertex -0.142046 -0.214518 -0.132325
         vertex -0.1423 -0.214426 -0.132756
         vertex -0.1423 -0.219957 -0.135139
      endloop
   endfacet
   facet normal -0.866025 -0.283645 0.411759
      outer loop
         vertex -0.142046 -0.220207 -0.134777
         vertex -0.1423 -0.219957 -0.135139
         vertex -0.1423 -0.224155 -0.139457
      endloop
   endfacet
   facet normal -0.866025 -0.419627 0.27187
      outer loop
         vertex -0.1423 -0.224155 -0.139457
         vertex -0.142046 -0.224524 -0.139218
         vertex -0.142046 -0.220207 -0.134777
      endloop
   endfacet
   facet normal -0.866025 -0.283645 0.411759
      outer loop
         vertex -0.1423 -0.219957 -0.135139
         vertex -0.142046 -0.220207 -0.134777
         vertex -0.142046 -0.214518 -0.132325
      endloop
   endfacet
   facet normal -0.866025 -0.10448 0.488962
      outer loop
         vertex -0.1423 -0.214426 -0.132756
         vertex -0.142046 -0.214518 -0.132325
         vertex -0.142046 -0.208325 -0.132238
      endloop
   endfacet
   facet normal -0.866025 0.0905905 0.491725
      outer loop
         vertex -0.1423 -0.208404 -0.13267
         vertex -0.142046 -0.208325 -0.132238
         vertex -0.142046 -0.202569 -0.134527
      endloop
   endfacet
   facet normal -0.866025 0.27187 0.419627
      outer loop
         vertex -0.1423 -0.202808 -0.134896
         vertex -0.142046 -0.202569 -0.134527
         vertex -0.142046 -0.198127 -0.138844
      endloop
   endfacet
   facet normal -0.866025 0.411759 0.283645
      outer loop
         vertex -0.1423 -0.19849 -0.139094
         vertex -0.142046 -0.198127 -0.138844
         vertex -0.142046 -0.195676 -0.144533
      endloop
   endfacet
   facet normal -0.866025 0.488962 0.10448
      outer loop
         vertex -0.1423 -0.196107 -0.144625
         vertex -0.142046 -0.195676 -0.144533
         vertex -0.142046 -0.195589 -0.150726
      endloop
   endfacet
   facet normal -0.866025 0.491725 -0.0905905
      outer loop
         vertex -0.1423 -0.196021 -0.150646
         vertex -0.142046 -0.195589 -0.150726
         vertex -0.142046 -0.197878 -0.156482
      endloop
   endfacet
   facet normal -0.866025 0.419627 -0.27187
      outer loop
         vertex -0.1423 -0.198247 -0.156243
         vertex -0.142046 -0.197878 -0.156482
         vertex -0.142046 -0.202195 -0.160923
      endloop
   endfacet
   facet normal -0.866025 0.283645 -0.411759
      outer loop
         vertex -0.1423 -0.202445 -0.160561
         vertex -0.142046 -0.202195 -0.160923
         vertex -0.142046 -0.207884 -0.163374
      endloop
   endfacet
   facet normal -0.866025 0.10448 -0.488962
      outer loop
         vertex -0.1423 -0.207976 -0.162944
         vertex -0.142046 -0.207884 -0.163374
         vertex -0.142046 -0.214077 -0.163462
      endloop
   endfacet
   facet normal -0.866025 -0.0905905 -0.491725
      outer loop
         vertex -0.1423 -0.213997 -0.16303
         vertex -0.142046 -0.214077 -0.163462
         vertex -0.142046 -0.219833 -0.161173
      endloop
   endfacet
   facet normal -0.866025 -0.27187 -0.419627
      outer loop
         vertex -0.1423 -0.219593 -0.160804
         vertex -0.142046 -0.219833 -0.161173
         vertex -0.142046 -0.224274 -0.156856
      endloop
   endfacet
   facet normal -0.866025 -0.411759 -0.283645
      outer loop
         vertex -0.1423 -0.223912 -0.156606
         vertex -0.142046 -0.224274 -0.156856
         vertex -0.142046 -0.226725 -0.151167
      endloop
   endfacet
   facet normal -0.866025 -0.488962 -0.10448
      outer loop
         vertex -0.1423 -0.226295 -0.151075
         vertex -0.142046 -0.226725 -0.151167
         vertex -0.142046 -0.226813 -0.144974
      endloop
   endfacet
   facet normal -0.866025 -0.491725 0.0905905
      outer loop
         vertex -0.1423 -0.22638 -0.145053
         vertex -0.142046 -0.226813 -0.144974
         vertex -0.142046 -0.224524 -0.139218
      endloop
   endfacet
   facet normal -1.97076e-15 0.839254 -0.543739
      outer loop
         vertex -0.142046 -0.197878 -0.156482
         vertex -0.140967 -0.197878 -0.156482
         vertex -0.140967 -0.202195 -0.160923
      endloop
   endfacet
   facet normal -1.287e-15 0.56729 -0.823518
      outer loop
         vertex -0.142046 -0.202195 -0.160923
         vertex -0.140967 -0.202195 -0.160923
         vertex -0.140967 -0.207884 -0.163374
      endloop
   endfacet
   facet normal -4.07309e-16 0.208961 -0.977924
      outer loop
         vertex -0.142046 -0.207884 -0.163374
         vertex -0.140967 -0.207884 -0.163374
         vertex -0.140967 -0.214077 -0.163462
      endloop
   endfacet
   facet normal 5.34393e-16 -0.181181 -0.98345
      outer loop
         vertex -0.142046 -0.214077 -0.163462
         vertex -0.140967 -0.214077 -0.163462
         vertex -0.140967 -0.219833 -0.161173
      endloop
   endfacet
   facet normal 1.39474e-15 -0.543739 -0.839254
      outer loop
         vertex -0.142046 -0.219833 -0.161173
         vertex -0.140967 -0.219833 -0.161173
         vertex -0.140967 -0.224274 -0.156856
      endloop
   endfacet
   facet normal 2.04275e-15 -0.823518 -0.56729
      outer loop
         vertex -0.142046 -0.224274 -0.156856
         vertex -0.140967 -0.224274 -0.156856
         vertex -0.140967 -0.226725 -0.151167
      endloop
   endfacet
   facet normal 2.37977e-15 -0.977924 -0.208961
      outer loop
         vertex -0.142046 -0.226725 -0.151167
         vertex -0.140967 -0.226725 -0.151167
         vertex -0.140967 -0.226813 -0.144974
      endloop
   endfacet
   facet normal 2.35449e-15 -0.98345 0.181181
      outer loop
         vertex -0.142046 -0.226813 -0.144974
         vertex -0.140967 -0.226813 -0.144974
         vertex -0.140967 -0.224524 -0.139218
      endloop
   endfacet
   facet normal 1.97076e-15 -0.839254 0.543739
      outer loop
         vertex -0.142046 -0.224524 -0.139218
         vertex -0.140967 -0.224524 -0.139218
         vertex -0.140967 -0.220207 -0.134777
      endloop
   endfacet
   facet normal 1.287e-15 -0.56729 0.823518
      outer loop
         vertex -0.142046 -0.220207 -0.134777
         vertex -0.140967 -0.220207 -0.134777
         vertex -0.140967 -0.214518 -0.132325
      endloop
   endfacet
   facet normal 4.07309e-16 -0.208961 0.977924
      outer loop
         vertex -0.142046 -0.214518 -0.132325
         vertex -0.140967 -0.214518 -0.132325
         vertex -0.140967 -0.208325 -0.132238
      endloop
   endfacet
   facet normal -5.34393e-16 0.181181 0.98345
      outer loop
         vertex -0.142046 -0.208325 -0.132238
         vertex -0.140967 -0.208325 -0.132238
         vertex -0.140967 -0.202569 -0.134527
      endloop
   endfacet
   facet normal -1.39474e-15 0.543739 0.839254
      outer loop
         vertex -0.142046 -0.202569 -0.134527
         vertex -0.140967 -0.202569 -0.134527
         vertex -0.140967 -0.198127 -0.138844
      endloop
   endfacet
   facet normal -2.04275e-15 0.823518 0.56729
      outer loop
         vertex -0.142046 -0.198127 -0.138844
         vertex -0.140967 -0.198127 -0.138844
         vertex -0.140967 -0.195676 -0.144533
      endloop
   endfacet
   facet normal -2.37977e-15 0.977924 0.208961
      outer loop
         vertex -0.142046 -0.195676 -0.144533
         vertex -0.140967 -0.195676 -0.144533
         vertex -0.140967 -0.195589 -0.150726
      endloop
   endfacet
   facet normal -2.35449e-15 0.98345 -0.181181
      outer loop
         vertex -0.142046 -0.195589 -0.150726
         vertex -0.140967 -0.195589 -0.150726
         vertex -0.140967 -0.197878 -0.156482
      endloop
   endfacet
   facet normal -1.97076e-15 0.839254 -0.543739
      outer loop
         vertex -0.140967 -0.197878 -0.156482
         vertex -0.142046 -0.197878 -0.156482
         vertex -0.142046 -0.195589 -0.150726
      endloop
   endfacet
   facet normal -2.35449e-15 0.98345 -0.181181
      outer loop
         vertex -0.140967 -0.195589 -0.150726
         vertex -0.142046 -0.195589 -0.150726
         vertex -0.142046 -0.195676 -0.144533
      endloop
   endfacet
   facet normal -2.37977e-15 0.977924 0.208961
      outer loop
         vertex -0.140967 -0.195676 -0.144533
         vertex -0.142046 -0.195676 -0.144533
         vertex -0.142046 -0.198127 -0.138844
      endloop
   endfacet
   facet normal -2.04275e-15 0.823518 0.56729
      outer loop
         vertex -0.140967 -0.198127 -0.138844
         vertex -0.142046 -0.198127 -0.138844
         vertex -0.142046 -0.202569 -0.134527
      endloop
   endfacet
   facet normal -1.39474e-15 0.543739 0.839254
      outer loop
         vertex -0.140967 -0.202569 -0.134527
         vertex -0.142046 -0.202569 -0.134527
         vertex -0.142046 -0.208325 -0.132238
      endloop
   endfacet
   facet normal -5.34393e-16 0.181181 0.98345
      outer loop
         vertex -0.140967 -0.208325 -0.132238
         vertex -0.142046 -0.208325 -0.132238
         vertex -0.142046 -0.214518 -0.132325
      endloop
   endfacet
   facet normal 4.07309e-16 -0.208961 0.977924
      outer loop
         vertex -0.140967 -0.214518 -0.132325
         vertex -0.142046 -0.214518 -0.132325
         vertex -0.142046 -0.220207 -0.134777
      endloop
   endfacet
   facet normal 1.287e-15 -0.56729 0.823518
      outer loop
         vertex -0.140967 -0.220207 -0.134777
         vertex -0.142046 -0.220207 -0.134777
         vertex -0.142046 -0.224524 -0.139218
      endloop
   endfacet
   facet normal 1.97076e-15 -0.839254 0.543739
      outer loop
         vertex -0.140967 -0.224524 -0.139218
         vertex -0.142046 -0.224524 -0.139218
         vertex -0.142046 -0.226813 -0.144974
      endloop
   endfacet
   facet normal 2.35449e-15 -0.98345 0.181181
      outer loop
         vertex -0.140967 -0.226813 -0.144974
         vertex -0.142046 -0.226813 -0.144974
         vertex -0.142046 -0.226725 -0.151167
      endloop
   endfacet
   facet normal 2.37977e-15 -0.977924 -0.208961
      outer loop
         vertex -0.140967 -0.226725 -0.151167
         vertex -0.142046 -0.226725 -0.151167
         vertex -0.142046 -0.224274 -0.156856
      endloop
   endfacet
   facet normal 2.04275e-15 -0.823518 -0.56729
      outer loop
         vertex -0.140967 -0.224274 -0.156856
         vertex -0.142046 -0.224274 -0.156856
         vertex -0.142046 -0.219833 -0.161173
      endloop
   endfacet
   facet normal 1.39474e-15 -0.543739 -0.839254
      outer loop
         vertex -0.140967 -0.219833 -0.161173
         vertex -0.142046 -0.219833 -0.161173
         vertex -0.142046 -0.214077 -0.163462
      endloop
   endfacet
   facet normal 5.34393e-16 -0.181181 -0.98345
      outer loop
         vertex -0.140967 -0.214077 -0.163462
         vertex -0.142046 -0.214077 -0.163462
         vertex -0.142046 -0.207884 -0.163374
      endloop
   endfacet
   facet normal -4.07309e-16 0.208961 -0.977924
      outer loop
         vertex -0.140967 -0.207884 -0.163374
         vertex -0.142046 -0.207884 -0.163374
         vertex -0.142046 -0.202195 -0.160923
      endloop
   endfacet
   facet normal -1.287e-15 0.56729 -0.823518
      outer loop
         vertex -0.140967 -0.202195 -0.160923
         vertex -0.142046 -0.202195 -0.160923
         vertex -0.142046 -0.197878 -0.156482
      endloop
   endfacet
   facet normal 0.866025 0.419627 -0.27187
      outer loop
         vertex -0.140967 -0.197878 -0.156482
         vertex -0.140713 -0.198247 -0.156243
         vertex -0.140713 -0.202445 -0.160561
      endloop
   endfacet
   facet normal 0.866025 0.283645 -0.411759
      outer loop
         vertex -0.140967 -0.202195 -0.160923
         vertex -0.140713 -0.202445 -0.160561
         vertex -0.140713 -0.207976 -0.162944
      endloop
   endfacet
   facet normal 0.866025 0.10448 -0.488962
      outer loop
         vertex -0.140967 -0.207884 -0.163374
         vertex -0.140713 -0.207976 -0.162944
         vertex -0.140713 -0.213997 -0.16303
      endloop
   endfacet
   facet normal 0.866025 -0.0905905 -0.491725
      outer loop
         vertex -0.140967 -0.214077 -0.163462
         vertex -0.140713 -0.213997 -0.16303
         vertex -0.140713 -0.219593 -0.160804
      endloop
   endfacet
   facet normal 0.866025 -0.27187 -0.419627
      outer loop
         vertex -0.140967 -0.219833 -0.161173
         vertex -0.140713 -0.219593 -0.160804
         vertex -0.140713 -0.223912 -0.156606
      endloop
   endfacet
   facet normal 0.866025 -0.411759 -0.283645
      outer loop
         vertex -0.140967 -0.224274 -0.156856
         vertex -0.140713 -0.223912 -0.156606
         vertex -0.140713 -0.226295 -0.151075
      endloop
   endfacet
   facet normal 0.866025 -0.488962 -0.10448
      outer loop
         vertex -0.140967 -0.226725 -0.151167
         vertex -0.140713 -0.226295 -0.151075
         vertex -0.140713 -0.22638 -0.145053
      endloop
   endfacet
   facet normal 0.866025 -0.491725 0.0905905
      outer loop
         vertex -0.140967 -0.226813 -0.144974
         vertex -0.140713 -0.22638 -0.145053
         vertex -0.140713 -0.224155 -0.139457
      endloop
   endfacet
   facet normal 0.866025 -0.419627 0.27187
      outer loop
         vertex -0.140967 -0.224524 -0.139218
         vertex -0.140713 -0.224155 -0.139457
         vertex -0.140713 -0.219957 -0.135139
      endloop
   endfacet
   facet normal 0.866025 -0.283645 0.411759
      outer loop
         vertex -0.140967 -0.220207 -0.134777
         vertex -0.140713 -0.219957 -0.135139
         vertex -0.140713 -0.214426 -0.132756
      endloop
   endfacet
   facet normal 0.866025 -0.10448 0.488962
      outer loop
         vertex -0.140967 -0.214518 -0.132325
         vertex -0.140713 -0.214426 -0.132756
         vertex -0.140713 -0.208404 -0.13267
      endloop
   endfacet
   facet normal 0.866025 0.0905905 0.491725
      outer loop
         vertex -0.140967 -0.208325 -0.132238
         vertex -0.140713 -0.208404 -0.13267
         vertex -0.140713 -0.202808 -0.134896
      endloop
   endfacet
   facet normal 0.866025 0.27187 0.419627
      outer loop
         vertex -0.140967 -0.202569 -0.134527
         vertex -0.140713 -0.202808 -0.134896
         vertex -0.140713 -0.19849 -0.139094
      endloop
   endfacet
   facet normal 0.866025 0.411759 0.283645
      outer loop
         vertex -0.140967 -0.198127 -0.138844
         vertex -0.140713 -0.19849 -0.139094
         vertex -0.140713 -0.196107 -0.144625
      endloop
   endfacet
   facet normal 0.866025 0.488962 0.10448
      outer loop
         vertex -0.140967 -0.195676 -0.144533
         vertex -0.140713 -0.196107 -0.144625
         vertex -0.140713 -0.196021 -0.150646
      endloop
   endfacet
   facet normal 0.866025 0.491725 -0.0905905
      outer loop
         vertex -0.140967 -0.195589 -0.150726
         vertex -0.140713 -0.196021 -0.150646
         vertex -0.140713 -0.198247 -0.156243
      endloop
   endfacet
   facet normal 0.866025 0.419627 -0.27187
      outer loop
         vertex -0.140713 -0.198247 -0.156243
         vertex -0.140967 -0.197878 -0.156482
         vertex -0.140967 -0.195589 -0.150726
      endloop
   endfacet
   facet normal 0.866025 0.491725 -0.0905905
      outer loop
         vertex -0.140713 -0.196021 -0.150646
         vertex -0.140967 -0.195589 -0.150726
         vertex -0.140967 -0.195676 -0.144533
      endloop
   endfacet
   facet normal 0.866025 0.488962 0.10448
      outer loop
         vertex -0.140713 -0.196107 -0.144625
         vertex -0.140967 -0.195676 -0.144533
         vertex -0.140967 -0.198127 -0.138844
      endloop
   endfacet
   facet normal 0.866025 0.411759 0.283645
      outer loop
         vertex -0.140713 -0.19849 -0.139094
         vertex -0.140967 -0.198127 -0.138844
         vertex -0.140967 -0.202569 -0.134527
      endloop
   endfacet
   facet normal 0.866025 0.27187 0.419627
      outer loop
         vertex -0.140713 -0.202808 -0.134896
         vertex -0.140967 -0.202569 -0.134527
         vertex -0.140967 -0.208325 -0.132238
      endloop
   endfacet
   facet normal 0.866025 0.0905905 0.491725
      outer loop
         vertex -0.140713 -0.208404 -0.13267
         vertex -0.140967 -0.208325 -0.132238
         vertex -0.140967 -0.214518 -0.132325
      endloop
   endfacet
   facet normal 0.866025 -0.10448 0.488962
      outer loop
         vertex -0.140713 -0.214426 -0.132756
         vertex -0.140967 -0.214518 -0.132325
         vertex -0.140967 -0.220207 -0.134777
      endloop
   endfacet
   facet normal 0.866025 -0.283645 0.411759
      outer loop
         vertex -0.140713 -0.219957 -0.135139
         vertex -0.140967 -0.220207 -0.134777
         vertex -0.140967 -0.224524 -0.139218
      endloop
   endfacet
   facet normal 0.866025 -0.419627 0.27187
      outer loop
         vertex -0.140713 -0.224155 -0.139457
         vertex -0.140967 -0.224524 -0.139218
         vertex -0.140967 -0.226813 -0.144974
      endloop
   endfacet
   facet normal 0.866025 -0.491725 0.0905905
      outer loop
         vertex -0.140713 -0.22638 -0.145053
         vertex -0.140967 -0.226813 -0.144974
         vertex -0.140967 -0.226725 -0.151167
      endloop
   endfacet
   facet normal 0.866025 -0.488962 -0.10448
      outer loop
         vertex -0.140713 -0.226295 -0.151075
         vertex -0.140967 -0.226725 -0.151167
         vertex -0.140967 -0.224274 -0.156856
      endloop
   endfacet
   facet normal 0.866025 -0.411759 -0.283645
      outer loop
         vertex -0.140713 -0.223912 -0.156606
         vertex -0.140967 -0.224274 -0.156856
         vertex -0.140967 -0.219833 -0.161173
      endloop
   endfacet
   facet normal 0.866025 -0.27187 -0.419627
      outer loop
         vertex -0.140713 -0.219593 -0.160804
         vertex -0.140967 -0.219833 -0.161173
         vertex -0.140967 -0.214077 -0.163462
      endloop
   endfacet
   facet normal 0.866025 -0.0905905 -0.491725
      outer loop
         vertex -0.140713 -0.213997 -0.16303
         vertex -0.140967 -0.214077 -0.163462
         vertex -0.140967 -0.207884 -0.163374
      endloop
   endfacet
   facet normal 0.866025 0.10448 -0.488962
      outer loop
         vertex -0.140713 -0.207976 -0.162944
         vertex -0.140967 -0.207884 -0.163374
         vertex -0.140967 -0.202195 -0.160923
      endloop
   endfacet
   facet normal 0.866025 0.283645 -0.411759
      outer loop
         vertex -0.140713 -0.202445 -0.160561
         vertex -0.140967 -0.202195 -0.160923
         vertex -0.140967 -0.197878 -0.156482
      endloop
   endfacet
   facet normal 1 2.41234e-15 9.89601e-17
      outer loop
         vertex -0.140713 -0.219593 -0.160804
         vertex -0.140713 -0.218997 -0.160665
         vertex -0.140713 -0.223307 -0.156706
      endloop
   endfacet
   facet normal 1 2.41234e-15 9.89601e-17
      outer loop
         vertex -0.140713 -0.213997 -0.16303
         vertex -0.140713 -0.213499 -0.162673
         vertex -0.140713 -0.218997 -0.160665
      endloop
   endfacet
   facet normal 1 2.41234e-15 9.89601e-17
      outer loop
         vertex -0.140713 -0.207976 -0.162944
         vertex -0.140713 -0.207652 -0.162424
         vertex -0.140713 -0.213499 -0.162673
      endloop
   endfacet
   facet normal 1 2.41234e-15 9.89601e-17
      outer loop
         vertex -0.140713 -0.202445 -0.160561
         vertex -0.140713 -0.202345 -0.159956
         vertex -0.140713 -0.207652 -0.162424
      endloop
   endfacet
   facet normal 1 2.41234e-15 9.89601e-17
      outer loop
         vertex -0.140713 -0.219957 -0.135139
         vertex -0.140713 -0.220057 -0.135743
         vertex -0.140713 -0.21475 -0.133276
      endloop
   endfacet
   facet normal 1 2.41234e-15 9.89601e-17
      outer loop
         vertex -0.140713 -0.224155 -0.139457
         vertex -0.140713 -0.224016 -0.140054
         vertex -0.140713 -0.220057 -0.135743
      endloop
   endfacet
   facet normal 1 2.41234e-15 9.89601e-17
      outer loop
         vertex -0.140713 -0.22638 -0.145053
         vertex -0.140713 -0.226024 -0.145551
         vertex -0.140713 -0.224016 -0.140054
      endloop
   endfacet
   facet normal 1 2.41234e-15 9.89601e-17
      outer loop
         vertex -0.140713 -0.226295 -0.151075
         vertex -0.140713 -0.225775 -0.151399
         vertex -0.140713 -0.226024 -0.145551
      endloop
   endfacet
   facet normal 1 2.41234e-15 9.89601e-17
      outer loop
         vertex -0.140713 -0.223912 -0.156606
         vertex -0.140713 -0.223307 -0.156706
         vertex -0.140713 -0.225775 -0.151399
      endloop
   endfacet
   facet normal 1 2.41234e-15 9.89601e-17
      outer loop
         vertex -0.140713 -0.218997 -0.160665
         vertex -0.140713 -0.219593 -0.160804
         vertex -0.140713 -0.213997 -0.16303
      endloop
   endfacet
   facet normal 1 2.41234e-15 9.89601e-17
      outer loop
         vertex -0.140713 -0.207652 -0.162424
         vertex -0.140713 -0.207976 -0.162944
         vertex -0.140713 -0.202445 -0.160561
      endloop
   endfacet
   facet normal 1 2.41234e-15 9.89601e-17
      outer loop
         vertex -0.140713 -0.198247 -0.156243
         vertex -0.140713 -0.198386 -0.155646
         vertex -0.140713 -0.202345 -0.159956
      endloop
   endfacet
   facet normal 1 2.41234e-15 9.89601e-17
      outer loop
         vertex -0.140713 -0.208404 -0.13267
         vertex -0.140713 -0.208902 -0.133027
         vertex -0.140713 -0.203405 -0.135035
      endloop
   endfacet
   facet normal 1 2.41234e-15 9.89601e-17
      outer loop
         vertex -0.140713 -0.214426 -0.132756
         vertex -0.140713 -0.21475 -0.133276
         vertex -0.140713 -0.208902 -0.133027
      endloop
   endfacet
   facet normal 1 2.41234e-15 9.89601e-17
      outer loop
         vertex -0.140713 -0.220057 -0.135743
         vertex -0.140713 -0.219957 -0.135139
         vertex -0.140713 -0.224155 -0.139457
      endloop
   endfacet
   facet normal 1 2.41234e-15 9.89601e-17
      outer loop
         vertex -0.140713 -0.226024 -0.145551
         vertex -0.140713 -0.22638 -0.145053
         vertex -0.140713 -0.226295 -0.151075
      endloop
   endfacet
   facet normal 1 2.41234e-15 9.89601e-17
      outer loop
         vertex -0.140713 -0.223307 -0.156706
         vertex -0.140713 -0.223912 -0.156606
         vertex -0.140713 -0.219593 -0.160804
      endloop
   endfacet
   facet normal 1 2.41234e-15 9.89601e-17
      outer loop
         vertex -0.140713 -0.202345 -0.159956
         vertex -0.140713 -0.202445 -0.160561
         vertex -0.140713 -0.198247 -0.156243
      endloop
   endfacet
   facet normal 1 2.41234e-15 9.89601e-17
      outer loop
         vertex -0.140713 -0.19849 -0.139094
         vertex -0.140713 -0.199094 -0.138994
         vertex -0.140713 -0.196627 -0.144301
      endloop
   endfacet
   facet normal 1 2.41234e-15 9.89601e-17
      outer loop
         vertex -0.140713 -0.202808 -0.134896
         vertex -0.140713 -0.203405 -0.135035
         vertex -0.140713 -0.199094 -0.138994
      endloop
   endfacet
   facet normal 1 2.41234e-15 9.89601e-17
      outer loop
         vertex -0.140713 -0.208902 -0.133027
         vertex -0.140713 -0.208404 -0.13267
         vertex -0.140713 -0.214426 -0.132756
      endloop
   endfacet
   facet normal 1 2.41234e-15 9.89601e-17
      outer loop
         vertex -0.140713 -0.224016 -0.140054
         vertex -0.140713 -0.224155 -0.139457
         vertex -0.140713 -0.22638 -0.145053
      endloop
   endfacet
   facet normal 1 2.41234e-15 9.89601e-17
      outer loop
         vertex -0.140713 -0.213499 -0.162673
         vertex -0.140713 -0.213997 -0.16303
         vertex -0.140713 -0.207976 -0.162944
      endloop
   endfacet
   facet normal 1 2.41234e-15 9.89601e-17
      outer loop
         vertex -0.140713 -0.196021 -0.150646
         vertex -0.140713 -0.196378 -0.150148
         vertex -0.140713 -0.198386 -0.155646
      endloop
   endfacet
   facet normal 1 2.41234e-15 9.89601e-17
      outer loop
         vertex -0.140713 -0.196021 -0.150646
         vertex -0.140713 -0.196107 -0.144625
         vertex -0.140713 -0.196201 -0.14785
      endloop
   endfacet
   facet normal 1 2.41234e-15 9.89601e-17
      outer loop
         vertex -0.140713 -0.196627 -0.144301
         vertex -0.140713 -0.196107 -0.144625
         vertex -0.140713 -0.19849 -0.139094
      endloop
   endfacet
   facet normal 1 2.41234e-15 9.89601e-17
      outer loop
         vertex -0.140713 -0.203405 -0.135035
         vertex -0.140713 -0.202808 -0.134896
         vertex -0.140713 -0.208404 -0.13267
      endloop
   endfacet
   facet normal 1 2.41234e-15 9.89601e-17
      outer loop
         vertex -0.140713 -0.225775 -0.151399
         vertex -0.140713 -0.226295 -0.151075
         vertex -0.140713 -0.223912 -0.156606
      endloop
   endfacet
   facet normal 1 2.41234e-15 9.89601e-17
      outer loop
         vertex -0.140713 -0.196201 -0.14785
         vertex -0.140713 -0.196378 -0.150148
         vertex -0.140713 -0.196021 -0.150646
      endloop
   endfacet
   facet normal 1 2.41234e-15 9.89601e-17
      outer loop
         vertex -0.140713 -0.199094 -0.138994
         vertex -0.140713 -0.19849 -0.139094
         vertex -0.140713 -0.202808 -0.134896
      endloop
   endfacet
   facet normal 1 2.41234e-15 9.89601e-17
      outer loop
         vertex -0.140713 -0.198386 -0.155646
         vertex -0.140713 -0.198247 -0.156243
         vertex -0.140713 -0.196021 -0.150646
      endloop
   endfacet
   facet normal 1 2.41234e-15 9.89601e-17
      outer loop
         vertex -0.140713 -0.21475 -0.133276
         vertex -0.140713 -0.214426 -0.132756
         vertex -0.140713 -0.219957 -0.135139
      endloop
   endfacet
   facet normal 1 2.41234e-15 9.89601e-17
      outer loop
         vertex -0.140713 -0.196627 -0.144301
         vertex -0.140713 -0.196201 -0.14785
         vertex -0.140713 -0.196107 -0.144625
      endloop
   endfacet
   facet normal -1.96842e-15 0.807105 0.590408
      outer loop
         vertex -0.127713 -0.199094 -0.138994
         vertex -0.140713 -0.199094 -0.138994
         vertex -0.140713 -0.203405 -0.135035
      endloop
   endfacet
   facet normal -1.27484e-15 0.519729 0.854331
      outer loop
         vertex -0.127713 -0.203405 -0.135035
         vertex -0.140713 -0.203405 -0.135035
         vertex -0.140713 -0.208902 -0.133027
      endloop
   endfacet
   facet normal -3.87178e-16 0.153228 0.988191
      outer loop
         vertex -0.127713 -0.208902 -0.133027
         vertex -0.140713 -0.208902 -0.133027
         vertex -0.140713 -0.21475 -0.133276
      endloop
   endfacet
   facet normal 5.59431e-16 -0.2366 0.971607
      outer loop
         vertex -0.127713 -0.21475 -0.133276
         vertex -0.140713 -0.21475 -0.133276
         vertex -0.140713 -0.220057 -0.135743
      endloop
   endfacet
   facet normal 1.42087e-15 -0.590408 0.807105
      outer loop
         vertex -0.127713 -0.220057 -0.135743
         vertex -0.140713 -0.220057 -0.135743
         vertex -0.140713 -0.224016 -0.140054
      endloop
   endfacet
   facet normal 2.066e-15 -0.854331 0.519729
      outer loop
         vertex -0.127713 -0.224016 -0.140054
         vertex -0.140713 -0.224016 -0.140054
         vertex -0.140713 -0.226024 -0.145551
      endloop
   endfacet
   facet normal -2.36233e-15 0.971607 0.2366
      outer loop
         vertex -0.140713 -0.196627 -0.144301
         vertex -0.140713 -0.199094 -0.138994
         vertex -0.135538 -0.197858 -0.140996
      endloop
   endfacet
   facet normal -1.96842e-15 0.807105 0.590408
      outer loop
         vertex -0.127713 -0.199094 -0.138994
         vertex -0.127713 -0.197858 -0.140996
         vertex -0.135538 -0.197858 -0.140996
      endloop
   endfacet
   facet normal -2.16639e-15 0.8895 0.456936
      outer loop
         vertex -0.135538 -0.197858 -0.140996
         vertex -0.140713 -0.199094 -0.138994
         vertex -0.127713 -0.199094 -0.138994
      endloop
   endfacet
   facet normal -2.36233e-15 0.971607 0.2366
      outer loop
         vertex -0.135538 -0.196627 -0.144301
         vertex -0.135538 -0.196378 -0.150148
         vertex -0.140713 -0.196201 -0.14785
      endloop
   endfacet
   facet normal 0 0.988191 -0.153228
      outer loop
         vertex -0.135538 -0.196378 -0.150148
         vertex -0.140713 -0.196378 -0.150148
         vertex -0.140713 -0.196201 -0.14785
      endloop
   endfacet
   facet normal 0 0.854331 -0.519729
      outer loop
         vertex -0.135538 -0.198386 -0.155646
         vertex -0.140713 -0.198386 -0.155646
         vertex -0.140713 -0.196378 -0.150148
      endloop
   endfacet
   facet normal 0 0.854331 -0.519729
      outer loop
         vertex -0.140713 -0.198386 -0.155646
         vertex -0.135538 -0.198386 -0.155646
         vertex -0.135538 -0.201814 -0.159379
      endloop
   endfacet
   facet normal 0 0.63139 -0.775465
      outer loop
         vertex -0.135538 -0.201814 -0.159379
         vertex -0.140713 -0.202345 -0.159956
         vertex -0.140713 -0.198386 -0.155646
      endloop
   endfacet
   facet normal 0 0.2366 -0.971607
      outer loop
         vertex -0.135538 -0.207652 -0.162424
         vertex -0.140713 -0.207652 -0.162424
         vertex -0.140713 -0.202345 -0.159956
      endloop
   endfacet
   facet normal 0 -0.153228 -0.988191
      outer loop
         vertex -0.135538 -0.213499 -0.162673
         vertex -0.140713 -0.213499 -0.162673
         vertex -0.140713 -0.207652 -0.162424
      endloop
   endfacet
   facet normal 0 -0.519729 -0.854331
      outer loop
         vertex -0.135538 -0.218997 -0.160665
         vertex -0.140713 -0.218997 -0.160665
         vertex -0.140713 -0.213499 -0.162673
      endloop
   endfacet
   facet normal 0 -0.807105 -0.590408
      outer loop
         vertex -0.135538 -0.223307 -0.156706
         vertex -0.140713 -0.223307 -0.156706
         vertex -0.140713 -0.218997 -0.160665
      endloop
   endfacet
   facet normal 0 -0.971607 -0.2366
      outer loop
         vertex -0.135538 -0.225775 -0.151399
         vertex -0.140713 -0.225775 -0.151399
         vertex -0.140713 -0.223307 -0.156706
      endloop
   endfacet
   facet normal 2.39659e-15 -0.988191 0.153228
      outer loop
         vertex -0.127713 -0.226024 -0.145551
         vertex -0.140713 -0.226024 -0.145551
         vertex -0.135538 -0.225943 -0.150618
      endloop
   endfacet
   facet normal 0 -0.971607 -0.2366
      outer loop
         vertex -0.140713 -0.225775 -0.151399
         vertex -0.135538 -0.225775 -0.151399
         vertex -0.135538 -0.225943 -0.150618
      endloop
   endfacet
   facet normal 2.38877e-15 -0.982828 -0.184523
      outer loop
         vertex -0.135538 -0.225943 -0.150618
         vertex -0.140713 -0.226024 -0.145551
         vertex -0.140713 -0.225775 -0.151399
      endloop
   endfacet
   facet normal 2.38877e-15 -0.982828 -0.184523
      outer loop
         vertex -0.135538 -0.225943 -0.150618
         vertex -0.127713 -0.225943 -0.150618
         vertex -0.127713 -0.226024 -0.145551
      endloop
   endfacet
   facet normal 0 -0.807105 -0.590408
      outer loop
         vertex -0.140713 -0.223307 -0.156706
         vertex -0.135538 -0.223307 -0.156706
         vertex -0.135538 -0.225775 -0.151399
      endloop
   endfacet
   facet normal 0 -0.519729 -0.854331
      outer loop
         vertex -0.140713 -0.218997 -0.160665
         vertex -0.135538 -0.218997 -0.160665
         vertex -0.135538 -0.223307 -0.156706
      endloop
   endfacet
   facet normal 0 -0.153228 -0.988191
      outer loop
         vertex -0.140713 -0.213499 -0.162673
         vertex -0.135538 -0.213499 -0.162673
         vertex -0.135538 -0.218997 -0.160665
      endloop
   endfacet
   facet normal 0 0.2366 -0.971607
      outer loop
         vertex -0.140713 -0.207652 -0.162424
         vertex -0.135538 -0.207652 -0.162424
         vertex -0.135538 -0.213499 -0.162673
      endloop
   endfacet
   facet normal -1.42087e-15 0.590408 -0.807105
      outer loop
         vertex -0.140713 -0.202345 -0.159956
         vertex -0.135538 -0.202345 -0.159956
         vertex -0.135538 -0.207652 -0.162424
      endloop
   endfacet
   facet normal 0 0.63139 -0.775465
      outer loop
         vertex -0.135538 -0.201814 -0.159379
         vertex -0.135538 -0.202345 -0.159956
         vertex -0.140713 -0.202345 -0.159956
      endloop
   endfacet
   facet normal 0 0.988191 -0.153228
      outer loop
         vertex -0.140713 -0.196378 -0.150148
         vertex -0.135538 -0.196378 -0.150148
         vertex -0.135538 -0.198386 -0.155646
      endloop
   endfacet
   facet normal -2.42762e-15 1 -2.05391e-15
      outer loop
         vertex -0.140713 -0.196201 -0.14785
         vertex -0.140713 -0.196627 -0.144301
         vertex -0.135538 -0.196627 -0.144301
      endloop
   endfacet
   facet normal -2.16639e-15 0.8895 0.456936
      outer loop
         vertex -0.135538 -0.197858 -0.140996
         vertex -0.135538 -0.196627 -0.144301
         vertex -0.140713 -0.196627 -0.144301
      endloop
   endfacet
   facet normal 2.39659e-15 -0.988191 0.153228
      outer loop
         vertex -0.140713 -0.226024 -0.145551
         vertex -0.127713 -0.226024 -0.145551
         vertex -0.127713 -0.224016 -0.140054
      endloop
   endfacet
   facet normal 2.066e-15 -0.854331 0.519729
      outer loop
         vertex -0.140713 -0.224016 -0.140054
         vertex -0.127713 -0.224016 -0.140054
         vertex -0.127713 -0.220057 -0.135743
      endloop
   endfacet
   facet normal 1.42087e-15 -0.590408 0.807105
      outer loop
         vertex -0.140713 -0.220057 -0.135743
         vertex -0.127713 -0.220057 -0.135743
         vertex -0.127713 -0.21475 -0.133276
      endloop
   endfacet
   facet normal 5.59431e-16 -0.2366 0.971607
      outer loop
         vertex -0.140713 -0.21475 -0.133276
         vertex -0.127713 -0.21475 -0.133276
         vertex -0.127713 -0.208902 -0.133027
      endloop
   endfacet
   facet normal -3.87178e-16 0.153228 0.988191
      outer loop
         vertex -0.140713 -0.208902 -0.133027
         vertex -0.127713 -0.208902 -0.133027
         vertex -0.127713 -0.203405 -0.135035
      endloop
   endfacet
   facet normal -1.27484e-15 0.519729 0.854331
      outer loop
         vertex -0.140713 -0.203405 -0.135035
         vertex -0.127713 -0.203405 -0.135035
         vertex -0.127713 -0.199094 -0.138994
      endloop
   endfacet
   facet normal 2.38877e-15 -0.982828 -0.184523
      outer loop
         vertex -0.127713 -0.213261 -0.218169
         vertex -0.135538 -0.214251 -0.212892
         vertex -0.135538 -0.213421 -0.217317
      endloop
   endfacet
   facet normal 2.38877e-15 -0.982828 -0.184523
      outer loop
         vertex -0.127713 -0.213261 -0.218169
         vertex -0.135538 -0.216514 -0.200841
         vertex -0.135538 -0.214251 -0.212892
      endloop
   endfacet
   facet normal 2.38877e-15 -0.982828 -0.184523
      outer loop
         vertex -0.127713 -0.213261 -0.218169
         vertex -0.135538 -0.216961 -0.198458
         vertex -0.135538 -0.216514 -0.200841
      endloop
   endfacet
   facet normal 2.38877e-15 -0.982828 -0.184523
      outer loop
         vertex -0.127713 -0.213261 -0.218169
         vertex -0.135538 -0.217509 -0.19554
         vertex -0.135538 -0.216961 -0.198458
      endloop
   endfacet
   facet normal 2.38877e-15 -0.982828 -0.184523
      outer loop
         vertex -0.127713 -0.225943 -0.150618
         vertex -0.135538 -0.225943 -0.150618
         vertex -0.135538 -0.219572 -0.184554
      endloop
   endfacet
   facet normal 2.38877e-15 -0.982828 -0.184523
      outer loop
         vertex -0.127713 -0.213261 -0.218169
         vertex -0.135538 -0.219025 -0.187468
         vertex -0.135538 -0.217509 -0.19554
      endloop
   endfacet
   facet normal 2.38877e-15 -0.982828 -0.184523
      outer loop
         vertex -0.135538 -0.219572 -0.184554
         vertex -0.127713 -0.213261 -0.218169
         vertex -0.127713 -0.225943 -0.150618
      endloop
   endfacet
   facet normal 2.38877e-15 -0.982828 -0.184523
      outer loop
         vertex -0.135538 -0.219572 -0.184554
         vertex -0.135538 -0.219025 -0.187468
         vertex -0.127713 -0.213261 -0.218169
      endloop
   endfacet
   facet normal 2.38877e-15 -0.982828 -0.184523
      outer loop
         vertex -0.135538 -0.213421 -0.217317
         vertex -0.135538 -0.213261 -0.218169
         vertex -0.127713 -0.213261 -0.218169
      endloop
   endfacet
   facet normal -2.17085e-15 0.8895 0.456936
      outer loop
         vertex -0.127713 -0.166453 -0.202132
         vertex -0.135538 -0.180979 -0.173853
         vertex -0.135538 -0.183265 -0.169404
      endloop
   endfacet
   facet normal -2.17085e-15 0.8895 0.456936
      outer loop
         vertex -0.127713 -0.197858 -0.140996
         vertex -0.135538 -0.191816 -0.152759
         vertex -0.135538 -0.19248 -0.151466
      endloop
   endfacet
   facet normal -2.17085e-15 0.8895 0.456936
      outer loop
         vertex -0.127713 -0.166453 -0.202132
         vertex -0.135538 -0.177783 -0.180076
         vertex -0.135538 -0.180979 -0.173853
      endloop
   endfacet
   facet normal -2.17085e-15 0.8895 0.456936
      outer loop
         vertex -0.127713 -0.197858 -0.140996
         vertex -0.135538 -0.185324 -0.165397
         vertex -0.135538 -0.191816 -0.152759
      endloop
   endfacet
   facet normal -2.17085e-15 0.8895 0.456936
      outer loop
         vertex -0.127713 -0.166453 -0.202132
         vertex -0.135538 -0.173053 -0.189284
         vertex -0.135538 -0.177783 -0.180076
      endloop
   endfacet
   facet normal -2.17085e-15 0.8895 0.456936
      outer loop
         vertex -0.127713 -0.197858 -0.140996
         vertex -0.135538 -0.183265 -0.169404
         vertex -0.135538 -0.185324 -0.165397
      endloop
   endfacet
   facet normal -2.17085e-15 0.8895 0.456936
      outer loop
         vertex -0.127713 -0.166453 -0.202132
         vertex -0.135538 -0.172531 -0.190299
         vertex -0.135538 -0.173053 -0.189284
      endloop
   endfacet
   facet normal -2.17085e-15 0.8895 0.456936
      outer loop
         vertex -0.127713 -0.166453 -0.202132
         vertex -0.135538 -0.170088 -0.195056
         vertex -0.135538 -0.171667 -0.191982
      endloop
   endfacet
   facet normal -2.17085e-15 0.8895 0.456936
      outer loop
         vertex -0.127713 -0.166453 -0.202132
         vertex -0.135538 -0.166453 -0.202132
         vertex -0.135538 -0.166628 -0.201791
      endloop
   endfacet
   facet normal -2.17085e-15 0.8895 0.456936
      outer loop
         vertex -0.135538 -0.183265 -0.169404
         vertex -0.127713 -0.197858 -0.140996
         vertex -0.127713 -0.166453 -0.202132
      endloop
   endfacet
   facet normal -2.17085e-15 0.8895 0.456936
      outer loop
         vertex -0.135538 -0.166628 -0.201791
         vertex -0.135538 -0.170088 -0.195056
         vertex -0.127713 -0.166453 -0.202132
      endloop
   endfacet
   facet normal -2.17085e-15 0.8895 0.456936
      outer loop
         vertex -0.135538 -0.171667 -0.191982
         vertex -0.135538 -0.172531 -0.190299
         vertex -0.127713 -0.166453 -0.202132
      endloop
   endfacet
   facet normal -2.17085e-15 0.8895 0.456936
      outer loop
         vertex -0.135538 -0.19248 -0.151466
         vertex -0.135538 -0.197858 -0.140996
         vertex -0.127713 -0.197858 -0.140996
      endloop
   endfacet
   facet normal -2.36233e-15 0.971607 0.2366
      outer loop
         vertex -0.11875 -0.1644 -0.207641
         vertex -0.11875 -0.164345 -0.20893
         vertex -0.135538 -0.164345 -0.20893
      endloop
   endfacet
   facet normal -2.39659e-15 0.988191 -0.153228
      outer loop
         vertex -0.11875 -0.163985 -0.217386
         vertex -0.135538 -0.163985 -0.217386
         vertex -0.135538 -0.164345 -0.20893
      endloop
   endfacet
   facet normal 0 0.982424 0.186661
      outer loop
         vertex -0.135538 -0.164345 -0.20893
         vertex -0.11875 -0.164345 -0.20893
         vertex -0.11875 -0.163985 -0.217386
      endloop
   endfacet
   facet normal 0 -0.838204 -0.545357
      outer loop
         vertex -0.135538 -0.20945 -0.227063
         vertex -0.11875 -0.208868 -0.228316
         vertex -0.11875 -0.210646 -0.22449
      endloop
   endfacet
   facet normal 0 -0.895137 -0.445791
      outer loop
         vertex -0.11875 -0.210646 -0.22449
         vertex -0.135538 -0.211278 -0.223131
         vertex -0.135538 -0.20945 -0.227063
      endloop
   endfacet
   facet normal 0 -0.895137 -0.445791
      outer loop
         vertex -0.11875 -0.210646 -0.22449
         vertex -0.11875 -0.21078 -0.224202
         vertex -0.135538 -0.211278 -0.223131
      endloop
   endfacet
   facet normal 0 -0.920692 -0.390289
      outer loop
         vertex -0.11875 -0.211278 -0.223131
         vertex -0.135538 -0.211594 -0.222452
         vertex -0.135538 -0.211278 -0.223131
      endloop
   endfacet
   facet normal 2.36233e-15 -0.971607 -0.2366
      outer loop
         vertex -0.11875 -0.21298 -0.219471
         vertex -0.135538 -0.21298 -0.219471
         vertex -0.135538 -0.211594 -0.222452
      endloop
   endfacet
   facet normal 0 -0.932157 -0.362055
      outer loop
         vertex -0.135538 -0.211594 -0.222452
         vertex -0.11875 -0.211278 -0.223131
         vertex -0.11875 -0.21298 -0.219471
      endloop
   endfacet
   facet normal 0 -0.900831 -0.434169
      outer loop
         vertex -0.11875 -0.21078 -0.224202
         vertex -0.11875 -0.211278 -0.223131
         vertex -0.135538 -0.211278 -0.223131
      endloop
   endfacet
   facet normal 1.27484e-15 -0.519729 -0.854331
      outer loop
         vertex -0.11875 -0.201683 -0.234914
         vertex -0.11875 -0.204359 -0.232456
         vertex -0.135538 -0.204197 -0.232606
      endloop
   endfacet
   facet normal 1.96842e-15 -0.807105 -0.590408
      outer loop
         vertex -0.135538 -0.208868 -0.228316
         vertex -0.135538 -0.204954 -0.231911
         vertex -0.11875 -0.205945 -0.231
      endloop
   endfacet
   facet normal 0 -0.703238 -0.710954
      outer loop
         vertex -0.11875 -0.205945 -0.231
         vertex -0.11875 -0.208291 -0.228846
         vertex -0.135538 -0.208868 -0.228316
      endloop
   endfacet
   facet normal 0 -0.663184 -0.748457
      outer loop
         vertex -0.135538 -0.204954 -0.231911
         vertex -0.11875 -0.204359 -0.232456
         vertex -0.11875 -0.205945 -0.231
      endloop
   endfacet
   facet normal 0 -0.788468 -0.615076
      outer loop
         vertex -0.11875 -0.208291 -0.228846
         vertex -0.11875 -0.208868 -0.228316
         vertex -0.135538 -0.208868 -0.228316
      endloop
   endfacet
   facet normal 0 -0.663184 -0.748457
      outer loop
         vertex -0.135538 -0.204954 -0.231911
         vertex -0.135538 -0.204197 -0.232606
         vertex -0.11875 -0.204359 -0.232456
      endloop
   endfacet
   facet normal 1.27484e-15 -0.519729 -0.854331
      outer loop
         vertex -0.11875 -0.201683 -0.234914
         vertex -0.135538 -0.201 -0.235163
         vertex -0.135538 -0.196402 -0.236843
      endloop
   endfacet
   facet normal 0 -0.314374 -0.949299
      outer loop
         vertex -0.135538 -0.196402 -0.236843
         vertex -0.11875 -0.192521 -0.238261
         vertex -0.11875 -0.201683 -0.234914
      endloop
   endfacet
   facet normal 0 -0.314374 -0.949299
      outer loop
         vertex -0.135538 -0.196402 -0.236843
         vertex -0.135538 -0.193866 -0.237769
         vertex -0.11875 -0.192521 -0.238261
      endloop
   endfacet
   facet normal 1.27484e-15 -0.519729 -0.854331
      outer loop
         vertex -0.11875 -0.201683 -0.234914
         vertex -0.135538 -0.201683 -0.234914
         vertex -0.135538 -0.201 -0.235163
      endloop
   endfacet
   facet normal 0 0.208649 -0.977991
      outer loop
         vertex -0.135538 -0.183501 -0.237877
         vertex -0.11875 -0.182775 -0.237846
         vertex -0.11875 -0.185634 -0.237968
      endloop
   endfacet
   facet normal 0 0.0783815 -0.996923
      outer loop
         vertex -0.135538 -0.186767 -0.238016
         vertex -0.11875 -0.185634 -0.237968
         vertex -0.11875 -0.1907 -0.238183
      endloop
   endfacet
   facet normal 0 -0.081359 -0.996685
      outer loop
         vertex -0.11875 -0.1907 -0.238183
         vertex -0.135538 -0.192521 -0.238261
         vertex -0.135538 -0.186767 -0.238016
      endloop
   endfacet
   facet normal 0 -0.081359 -0.996685
      outer loop
         vertex -0.11875 -0.1907 -0.238183
         vertex -0.11875 -0.192521 -0.238261
         vertex -0.135538 -0.192521 -0.238261
      endloop
   endfacet
   facet normal 0 0.124232 -0.992253
      outer loop
         vertex -0.11875 -0.185634 -0.237968
         vertex -0.135538 -0.186767 -0.238016
         vertex -0.135538 -0.183501 -0.237877
      endloop
   endfacet
   facet normal -1.42087e-15 0.590408 -0.807105
      outer loop
         vertex -0.135538 -0.17393 -0.233733
         vertex -0.11875 -0.17464 -0.234064
         vertex -0.11875 -0.177528 -0.235406
      endloop
   endfacet
   facet normal -1.42087e-15 0.590408 -0.807105
      outer loop
         vertex -0.135538 -0.17393 -0.233733
         vertex -0.11875 -0.17393 -0.233733
         vertex -0.11875 -0.17464 -0.234064
      endloop
   endfacet
   facet normal 0 0.454912 -0.890536
      outer loop
         vertex -0.11875 -0.177528 -0.235406
         vertex -0.135538 -0.179681 -0.236407
         vertex -0.135538 -0.17393 -0.233733
      endloop
   endfacet
   facet normal 0 0.276511 -0.961011
      outer loop
         vertex -0.11875 -0.181828 -0.237406
         vertex -0.135538 -0.180413 -0.236748
         vertex -0.135538 -0.179681 -0.236407
      endloop
   endfacet
   facet normal -5.59431e-16 0.2366 -0.971607
      outer loop
         vertex -0.135538 -0.182775 -0.237846
         vertex -0.135538 -0.180413 -0.236748
         vertex -0.11875 -0.181828 -0.237406
      endloop
   endfacet
   facet normal 0 0.276511 -0.961011
      outer loop
         vertex -0.11875 -0.181828 -0.237406
         vertex -0.11875 -0.182775 -0.237846
         vertex -0.135538 -0.182775 -0.237846
      endloop
   endfacet
   facet normal -2.066e-15 0.854331 -0.519729
      outer loop
         vertex -0.11875 -0.167332 -0.226549
         vertex -0.11875 -0.170062 -0.229522
         vertex -0.135538 -0.170062 -0.229522
      endloop
   endfacet
   facet normal 0 0.759265 -0.650782
      outer loop
         vertex -0.135538 -0.170062 -0.229522
         vertex -0.11875 -0.170062 -0.229522
         vertex -0.11875 -0.170861 -0.230392
      endloop
   endfacet
   facet normal 0 0.727048 -0.686587
      outer loop
         vertex -0.11875 -0.170861 -0.230392
         vertex -0.11875 -0.17393 -0.233733
         vertex -0.135538 -0.172995 -0.232716
      endloop
   endfacet
   facet normal 0 0.633689 -0.773588
      outer loop
         vertex -0.135538 -0.172995 -0.232716
         vertex -0.135538 -0.171104 -0.230656
         vertex -0.11875 -0.170861 -0.230392
      endloop
   endfacet
   facet normal 0 0.727048 -0.686587
      outer loop
         vertex -0.11875 -0.170861 -0.230392
         vertex -0.135538 -0.171104 -0.230656
         vertex -0.135538 -0.170062 -0.229522
      endloop
   endfacet
   facet normal -1.42087e-15 0.590408 -0.807105
      outer loop
         vertex -0.11875 -0.17393 -0.233733
         vertex -0.135538 -0.17393 -0.233733
         vertex -0.135538 -0.172995 -0.232716
      endloop
   endfacet
   facet normal -2.39659e-15 0.988191 -0.153228
      outer loop
         vertex -0.135538 -0.163985 -0.217386
         vertex -0.11875 -0.163985 -0.217386
         vertex -0.11875 -0.164737 -0.219444
      endloop
   endfacet
   facet normal 0 0.914285 -0.40507
      outer loop
         vertex -0.11875 -0.166222 -0.22351
         vertex -0.135538 -0.166611 -0.224576
         vertex -0.135538 -0.165126 -0.22051
      endloop
   endfacet
   facet normal 0 0.959107 -0.283044
      outer loop
         vertex -0.135538 -0.165126 -0.22051
         vertex -0.11875 -0.164737 -0.219444
         vertex -0.11875 -0.166222 -0.22351
      endloop
   endfacet
   facet normal -2.066e-15 0.854331 -0.519729
      outer loop
         vertex -0.11875 -0.167332 -0.226549
         vertex -0.135538 -0.167332 -0.226549
         vertex -0.135538 -0.166611 -0.224576
      endloop
   endfacet
   facet normal 0 0.894745 -0.446577
      outer loop
         vertex -0.135538 -0.166611 -0.224576
         vertex -0.11875 -0.166222 -0.22351
         vertex -0.11875 -0.167332 -0.226549
      endloop
   endfacet
   facet normal -1.96842e-15 0.807105 0.590408
      outer loop
         vertex -0.11875 -0.168512 -0.198796
         vertex -0.11875 -0.166835 -0.202404
         vertex -0.127713 -0.166453 -0.202132
      endloop
   endfacet
   facet normal -2.16639e-15 0.8895 0.456936
      outer loop
         vertex -0.127713 -0.166453 -0.202132
         vertex -0.127713 -0.168512 -0.198796
         vertex -0.11875 -0.168512 -0.198796
      endloop
   endfacet
   facet normal 0 0.89074 0.454514
      outer loop
         vertex -0.11875 -0.166835 -0.202404
         vertex -0.11875 -0.166125 -0.203929
         vertex -0.127713 -0.166453 -0.202132
      endloop
   endfacet
   facet normal -2.36233e-15 0.971607 0.2366
      outer loop
         vertex -0.135538 -0.1644 -0.207641
         vertex -0.135538 -0.165929 -0.203538
         vertex -0.127713 -0.166453 -0.202132
      endloop
   endfacet
   facet normal -2.16639e-15 0.8895 0.456936
      outer loop
         vertex -0.127713 -0.166453 -0.202132
         vertex -0.11875 -0.1644 -0.207641
         vertex -0.135538 -0.1644 -0.207641
      endloop
   endfacet
   facet normal 0 0.91528 0.402818
      outer loop
         vertex -0.135538 -0.165929 -0.203538
         vertex -0.135538 -0.166453 -0.202132
         vertex -0.127713 -0.166453 -0.202132
      endloop
   endfacet
   facet normal 0 0.519729 0.854331
      outer loop
         vertex -0.127713 -0.175697 -0.192197
         vertex -0.11875 -0.174927 -0.192904
         vertex -0.11875 -0.171435 -0.196111
      endloop
   endfacet
   facet normal 0 0.519729 0.854331
      outer loop
         vertex -0.127713 -0.175697 -0.192197
         vertex -0.11875 -0.175697 -0.192197
         vertex -0.11875 -0.174927 -0.192904
      endloop
   endfacet
   facet normal 0 0.703238 0.710954
      outer loop
         vertex -0.11875 -0.171435 -0.196111
         vertex -0.127713 -0.168512 -0.198796
         vertex -0.127713 -0.175697 -0.192197
      endloop
   endfacet
   facet normal 0 0.153228 0.988191
      outer loop
         vertex -0.127713 -0.184859 -0.188851
         vertex -0.11875 -0.183148 -0.189476
         vertex -0.11875 -0.178384 -0.191216
      endloop
   endfacet
   facet normal 0 0.153228 0.988191
      outer loop
         vertex -0.127713 -0.184859 -0.188851
         vertex -0.11875 -0.184859 -0.188851
         vertex -0.11875 -0.183148 -0.189476
      endloop
   endfacet
   facet normal 0 0.41889 0.908037
      outer loop
         vertex -0.11875 -0.178384 -0.191216
         vertex -0.127713 -0.175697 -0.192197
         vertex -0.127713 -0.184859 -0.188851
      endloop
   endfacet
   facet normal 0 -0.2366 0.971607
      outer loop
         vertex -0.127713 -0.194605 -0.189266
         vertex -0.11875 -0.194605 -0.189266
         vertex -0.11875 -0.187423 -0.18896
      endloop
   endfacet
   facet normal 0 0.0514466 0.998676
      outer loop
         vertex -0.11875 -0.187423 -0.18896
         vertex -0.127713 -0.184859 -0.188851
         vertex -0.127713 -0.194605 -0.189266
      endloop
   endfacet
   facet normal 0 -0.2366 0.971607
      outer loop
         vertex -0.127713 -0.194605 -0.189266
         vertex -0.127713 -0.20345 -0.193378
         vertex -0.11875 -0.199852 -0.191705
      endloop
   endfacet
   facet normal 0 -0.590408 0.807105
      outer loop
         vertex -0.127713 -0.20345 -0.193378
         vertex -0.11875 -0.20345 -0.193378
         vertex -0.11875 -0.199852 -0.191705
      endloop
   endfacet
   facet normal 0 -0.454912 0.890536
      outer loop
         vertex -0.11875 -0.199852 -0.191705
         vertex -0.11875 -0.1979 -0.190797
         vertex -0.127713 -0.194605 -0.189266
      endloop
   endfacet
   facet normal 0 -0.590408 0.807105
      outer loop
         vertex -0.127713 -0.20345 -0.193378
         vertex -0.11875 -0.206304 -0.196485
         vertex -0.11875 -0.206142 -0.196309
      endloop
   endfacet
   facet normal 0 -0.854331 0.519729
      outer loop
         vertex -0.127713 -0.210048 -0.200563
         vertex -0.11875 -0.20728 -0.197548
         vertex -0.11875 -0.206304 -0.196485
      endloop
   endfacet
   facet normal 0 -0.854331 0.519729
      outer loop
         vertex -0.127713 -0.210048 -0.200563
         vertex -0.11875 -0.210048 -0.200563
         vertex -0.11875 -0.20728 -0.197548
      endloop
   endfacet
   facet normal 0 -0.718101 0.695939
      outer loop
         vertex -0.11875 -0.206304 -0.196485
         vertex -0.127713 -0.20345 -0.193378
         vertex -0.127713 -0.210048 -0.200563
      endloop
   endfacet
   facet normal 0 -0.988191 0.153228
      outer loop
         vertex -0.127713 -0.213395 -0.209725
         vertex -0.11875 -0.213395 -0.209725
         vertex -0.11875 -0.210491 -0.201775
      endloop
   endfacet
   facet normal 0 -0.879764 0.475411
      outer loop
         vertex -0.11875 -0.210491 -0.201775
         vertex -0.127713 -0.210048 -0.200563
         vertex -0.127713 -0.213395 -0.209725
      endloop
   endfacet
   facet normal 2.36233e-15 -0.971607 -0.2366
      outer loop
         vertex -0.135538 -0.21298 -0.219471
         vertex -0.11875 -0.21298 -0.219471
         vertex -0.127713 -0.213261 -0.218169
      endloop
   endfacet
   facet normal 2.38877e-15 -0.982828 -0.184523
      outer loop
         vertex -0.127713 -0.213261 -0.218169
         vertex -0.11875 -0.21298 -0.219471
         vertex -0.11875 -0.213302 -0.211914
      endloop
   endfacet
   facet normal 0 -0.997782 0.066563
      outer loop
         vertex -0.11875 -0.213302 -0.211914
         vertex -0.127713 -0.213395 -0.209725
         vertex -0.127713 -0.213261 -0.218169
      endloop
   endfacet
   facet normal 0 -0.997782 0.066563
      outer loop
         vertex -0.11875 -0.213302 -0.211914
         vertex -0.11875 -0.213395 -0.209725
         vertex -0.127713 -0.213395 -0.209725
      endloop
   endfacet
   facet normal 2.38877e-15 -0.982828 -0.184523
      outer loop
         vertex -0.127713 -0.213261 -0.218169
         vertex -0.135538 -0.213261 -0.218169
         vertex -0.135538 -0.21298 -0.219471
      endloop
   endfacet
   facet normal 0 -0.879764 0.475411
      outer loop
         vertex -0.11875 -0.210491 -0.201775
         vertex -0.11875 -0.210048 -0.200563
         vertex -0.127713 -0.210048 -0.200563
      endloop
   endfacet
   facet normal 0 -0.711269 0.70292
      outer loop
         vertex -0.11875 -0.206142 -0.196309
         vertex -0.11875 -0.20345 -0.193378
         vertex -0.127713 -0.20345 -0.193378
      endloop
   endfacet
   facet normal 0 -0.375116 0.926978
      outer loop
         vertex -0.11875 -0.1979 -0.190797
         vertex -0.11875 -0.194605 -0.189266
         vertex -0.127713 -0.194605 -0.189266
      endloop
   endfacet
   facet normal 0 0.0514466 0.998676
      outer loop
         vertex -0.11875 -0.187423 -0.18896
         vertex -0.11875 -0.184859 -0.188851
         vertex -0.127713 -0.184859 -0.188851
      endloop
   endfacet
   facet normal 0 0.41889 0.908037
      outer loop
         vertex -0.11875 -0.178384 -0.191216
         vertex -0.11875 -0.175697 -0.192197
         vertex -0.127713 -0.175697 -0.192197
      endloop
   endfacet
   facet normal 0 0.703238 0.710954
      outer loop
         vertex -0.11875 -0.171435 -0.196111
         vertex -0.11875 -0.168512 -0.198796
         vertex -0.127713 -0.168512 -0.198796
      endloop
   endfacet
   facet normal 0 0.919795 0.392398
      outer loop
         vertex -0.11875 -0.166125 -0.203929
         vertex -0.11875 -0.1644 -0.207641
         vertex -0.127713 -0.166453 -0.202132
      endloop
   endfacet
   facet normal 0 0.971086 -0.238729
      outer loop
         vertex -0.11875 -0.164737 -0.219444
         vertex -0.135538 -0.165126 -0.22051
         vertex -0.135538 -0.163985 -0.217386
      endloop
   endfacet
   facet normal 0 0.759265 -0.650782
      outer loop
         vertex -0.135538 -0.170062 -0.229522
         vertex -0.135538 -0.167332 -0.226549
         vertex -0.11875 -0.167332 -0.226549
      endloop
   endfacet
   facet normal 0 0.454912 -0.890536
      outer loop
         vertex -0.11875 -0.177528 -0.235406
         vertex -0.11875 -0.181828 -0.237406
         vertex -0.135538 -0.179681 -0.236407
      endloop
   endfacet
   facet normal 0 0.208649 -0.977991
      outer loop
         vertex -0.135538 -0.183501 -0.237877
         vertex -0.135538 -0.182775 -0.237846
         vertex -0.11875 -0.182775 -0.237846
      endloop
   endfacet
   facet normal 0 -0.209022 -0.977911
      outer loop
         vertex -0.135538 -0.193866 -0.237769
         vertex -0.135538 -0.192521 -0.238261
         vertex -0.11875 -0.192521 -0.238261
      endloop
   endfacet
   facet normal 0 -0.631288 -0.775549
      outer loop
         vertex -0.135538 -0.204197 -0.232606
         vertex -0.135538 -0.201683 -0.234914
         vertex -0.11875 -0.201683 -0.234914
      endloop
   endfacet
   facet normal 0 -0.838204 -0.545357
      outer loop
         vertex -0.135538 -0.20945 -0.227063
         vertex -0.135538 -0.208868 -0.228316
         vertex -0.11875 -0.208868 -0.228316
      endloop
   endfacet
   facet normal 0 0.982424 0.186661
      outer loop
         vertex -0.135538 -0.164345 -0.20893
         vertex -0.135538 -0.1644 -0.207641
         vertex -0.11875 -0.1644 -0.207641
      endloop
   endfacet
   facet normal 1 2.31334e-15 3.31007e-17
      outer loop
         vertex -0.127713 -0.200829 -0.186547
         vertex -0.127713 -0.187089 -0.186102
         vertex -0.127713 -0.191658 -0.186216
      endloop
   endfacet
   facet normal 1 2.31334e-15 3.31007e-17
      outer loop
         vertex -0.127713 -0.206078 -0.170516
         vertex -0.127713 -0.201045 -0.185208
         vertex -0.127713 -0.19634 -0.183513
      endloop
   endfacet
   facet normal 1 2.31334e-15 3.31007e-17
      outer loop
         vertex -0.127713 -0.206688 -0.169378
         vertex -0.127713 -0.206078 -0.170516
         vertex -0.127713 -0.201348 -0.168896
      endloop
   endfacet
   facet normal 1 2.31334e-15 3.31007e-17
      outer loop
         vertex -0.127713 -0.191658 -0.186216
         vertex -0.127713 -0.192357 -0.186231
         vertex -0.127713 -0.200829 -0.186547
      endloop
   endfacet
   facet normal 1 2.31334e-15 3.31007e-17
      outer loop
         vertex -0.127713 -0.195784 -0.184579
         vertex -0.127713 -0.19634 -0.183513
         vertex -0.127713 -0.201045 -0.185208
      endloop
   endfacet
   facet normal 1 2.31334e-15 3.31007e-17
      outer loop
         vertex -0.127713 -0.201348 -0.168896
         vertex -0.127713 -0.201564 -0.167623
         vertex -0.127713 -0.206688 -0.169378
      endloop
   endfacet
   facet normal 1 2.31334e-15 3.31007e-17
      outer loop
         vertex -0.127713 -0.200829 -0.186547
         vertex -0.127713 -0.193872 -0.185994
         vertex -0.127713 -0.194935 -0.185432
      endloop
   endfacet
   facet normal 1 2.31334e-15 3.31007e-17
      outer loop
         vertex -0.127713 -0.192357 -0.186231
         vertex -0.127713 -0.192689 -0.186214
         vertex -0.127713 -0.200829 -0.186547
      endloop
   endfacet
   facet normal 1 2.31334e-15 3.31007e-17
      outer loop
         vertex -0.127713 -0.197858 -0.140996
         vertex -0.127713 -0.191688 -0.163951
         vertex -0.127713 -0.183298 -0.180281
      endloop
   endfacet
   facet normal 1 2.31334e-15 3.31007e-17
      outer loop
         vertex -0.127713 -0.19634 -0.183513
         vertex -0.127713 -0.201348 -0.168896
         vertex -0.127713 -0.206078 -0.170516
      endloop
   endfacet
   facet normal 1 2.31334e-15 3.31007e-17
      outer loop
         vertex -0.127713 -0.192689 -0.186214
         vertex -0.127713 -0.193872 -0.185994
         vertex -0.127713 -0.200829 -0.186547
      endloop
   endfacet
   facet normal 1 2.31334e-15 3.31007e-17
      outer loop
         vertex -0.127713 -0.183298 -0.180281
         vertex -0.127713 -0.168512 -0.198796
         vertex -0.127713 -0.197858 -0.140996
      endloop
   endfacet
   facet normal 1 2.31334e-15 3.31007e-17
      outer loop
         vertex -0.127713 -0.197905 -0.16279
         vertex -0.127713 -0.196664 -0.162038
         vertex -0.127713 -0.208902 -0.133027
      endloop
   endfacet
   facet normal 1 2.31334e-15 3.31007e-17
      outer loop
         vertex -0.127713 -0.220057 -0.135743
         vertex -0.127713 -0.224016 -0.140054
         vertex -0.127713 -0.199837 -0.164308
      endloop
   endfacet
   facet normal 1 2.31334e-15 3.31007e-17
      outer loop
         vertex -0.127713 -0.194935 -0.185432
         vertex -0.127713 -0.195784 -0.184579
         vertex -0.127713 -0.200829 -0.186547
      endloop
   endfacet
   facet normal 1 2.31334e-15 3.31007e-17
      outer loop
         vertex -0.127713 -0.210048 -0.200563
         vertex -0.127713 -0.20345 -0.193378
         vertex -0.127713 -0.206789 -0.192852
      endloop
   endfacet
   facet normal 1 2.31334e-15 3.31007e-17
      outer loop
         vertex -0.127713 -0.20345 -0.193378
         vertex -0.127713 -0.201749 -0.189057
         vertex -0.127713 -0.202779 -0.189939
      endloop
   endfacet
   facet normal 1 2.31334e-15 3.31007e-17
      outer loop
         vertex -0.127713 -0.168512 -0.198796
         vertex -0.127713 -0.166453 -0.202132
         vertex -0.127713 -0.197858 -0.140996
      endloop
   endfacet
   facet normal 1 2.31334e-15 3.31007e-17
      outer loop
         vertex -0.127713 -0.196664 -0.162038
         vertex -0.127713 -0.199094 -0.138994
         vertex -0.127713 -0.203405 -0.135035
      endloop
   endfacet
   facet normal 1 2.31334e-15 3.31007e-17
      outer loop
         vertex -0.127713 -0.196664 -0.162038
         vertex -0.127713 -0.195237 -0.161778
         vertex -0.127713 -0.197858 -0.140996
      endloop
   endfacet
   facet normal 1 2.31334e-15 3.31007e-17
      outer loop
         vertex -0.127713 -0.208902 -0.133027
         vertex -0.127713 -0.21475 -0.133276
         vertex -0.127713 -0.197905 -0.16279
      endloop
   endfacet
   facet normal 1 2.31334e-15 3.31007e-17
      outer loop
         vertex -0.127713 -0.224016 -0.140054
         vertex -0.127713 -0.200767 -0.165203
         vertex -0.127713 -0.199837 -0.164308
      endloop
   endfacet
   facet normal 1 2.31334e-15 3.31007e-17
      outer loop
         vertex -0.127713 -0.224016 -0.140054
         vertex -0.127713 -0.213983 -0.167972
         vertex -0.127713 -0.201363 -0.166348
      endloop
   endfacet
   facet normal 1 2.31334e-15 3.31007e-17
      outer loop
         vertex -0.127713 -0.201363 -0.166348
         vertex -0.127713 -0.213983 -0.167972
         vertex -0.127713 -0.212542 -0.167805
      endloop
   endfacet
   facet normal 1 2.31334e-15 3.31007e-17
      outer loop
         vertex -0.127713 -0.201564 -0.167623
         vertex -0.127713 -0.207628 -0.168494
         vertex -0.127713 -0.206688 -0.169378
      endloop
   endfacet
   facet normal 1 2.31334e-15 3.31007e-17
      outer loop
         vertex -0.127713 -0.213983 -0.167972
         vertex -0.127713 -0.226024 -0.145551
         vertex -0.127713 -0.225943 -0.150618
      endloop
   endfacet
   facet normal 1 2.31334e-15 3.31007e-17
      outer loop
         vertex -0.127713 -0.202779 -0.189939
         vertex -0.127713 -0.206789 -0.192852
         vertex -0.127713 -0.20345 -0.193378
      endloop
   endfacet
   facet normal 1 2.31334e-15 3.31007e-17
      outer loop
         vertex -0.127713 -0.197858 -0.140996
         vertex -0.127713 -0.192573 -0.162802
         vertex -0.127713 -0.191688 -0.163951
      endloop
   endfacet
   facet normal 1 2.31334e-15 3.31007e-17
      outer loop
         vertex -0.127713 -0.197858 -0.140996
         vertex -0.127713 -0.199094 -0.138994
         vertex -0.127713 -0.196664 -0.162038
      endloop
   endfacet
   facet normal 1 2.31334e-15 3.31007e-17
      outer loop
         vertex -0.127713 -0.199837 -0.164308
         vertex -0.127713 -0.197905 -0.16279
         vertex -0.127713 -0.220057 -0.135743
      endloop
   endfacet
   facet normal 1 2.31334e-15 3.31007e-17
      outer loop
         vertex -0.127713 -0.212542 -0.167805
         vertex -0.127713 -0.201564 -0.167623
         vertex -0.127713 -0.201363 -0.166348
      endloop
   endfacet
   facet normal 1 2.31334e-15 3.31007e-17
      outer loop
         vertex -0.127713 -0.201564 -0.167623
         vertex -0.127713 -0.208802 -0.167956
         vertex -0.127713 -0.207628 -0.168494
      endloop
   endfacet
   facet normal 1 2.31334e-15 3.31007e-17
      outer loop
         vertex -0.127713 -0.201564 -0.167623
         vertex -0.127713 -0.212542 -0.167805
         vertex -0.127713 -0.210085 -0.167819
      endloop
   endfacet
   facet normal 1 2.31334e-15 3.31007e-17
      outer loop
         vertex -0.127713 -0.213983 -0.167972
         vertex -0.127713 -0.224016 -0.140054
         vertex -0.127713 -0.226024 -0.145551
      endloop
   endfacet
   facet normal 1 2.31334e-15 3.31007e-17
      outer loop
         vertex -0.127713 -0.225943 -0.150618
         vertex -0.127713 -0.213395 -0.209725
         vertex -0.127713 -0.213353 -0.190578
      endloop
   endfacet
   facet normal 1 2.31334e-15 3.31007e-17
      outer loop
         vertex -0.127713 -0.20345 -0.193378
         vertex -0.127713 -0.201073 -0.187881
         vertex -0.127713 -0.201749 -0.189057
      endloop
   endfacet
   facet normal 1 2.31334e-15 3.31007e-17
      outer loop
         vertex -0.127713 -0.197858 -0.140996
         vertex -0.127713 -0.193811 -0.162045
         vertex -0.127713 -0.192573 -0.162802
      endloop
   endfacet
   facet normal 1 2.31334e-15 3.31007e-17
      outer loop
         vertex -0.127713 -0.203405 -0.135035
         vertex -0.127713 -0.208902 -0.133027
         vertex -0.127713 -0.196664 -0.162038
      endloop
   endfacet
   facet normal 1 2.31334e-15 3.31007e-17
      outer loop
         vertex -0.127713 -0.201363 -0.166348
         vertex -0.127713 -0.200767 -0.165203
         vertex -0.127713 -0.224016 -0.140054
      endloop
   endfacet
   facet normal 1 2.31334e-15 3.31007e-17
      outer loop
         vertex -0.127713 -0.210085 -0.167819
         vertex -0.127713 -0.208802 -0.167956
         vertex -0.127713 -0.201564 -0.167623
      endloop
   endfacet
   facet normal 1 2.31334e-15 3.31007e-17
      outer loop
         vertex -0.127713 -0.225943 -0.150618
         vertex -0.127713 -0.216233 -0.169726
         vertex -0.127713 -0.21527 -0.168642
      endloop
   endfacet
   facet normal 1 2.31334e-15 3.31007e-17
      outer loop
         vertex -0.127713 -0.213395 -0.209725
         vertex -0.127713 -0.210048 -0.200563
         vertex -0.127713 -0.213353 -0.190578
      endloop
   endfacet
   facet normal 1 2.31334e-15 3.31007e-17
      outer loop
         vertex -0.127713 -0.187089 -0.186102
         vertex -0.127713 -0.200829 -0.186547
         vertex -0.127713 -0.194605 -0.189266
      endloop
   endfacet
   facet normal 1 2.31334e-15 3.31007e-17
      outer loop
         vertex -0.127713 -0.210048 -0.200563
         vertex -0.127713 -0.209353 -0.19384
         vertex -0.127713 -0.210731 -0.19362
      endloop
   endfacet
   facet normal 1 2.31334e-15 3.31007e-17
      outer loop
         vertex -0.127713 -0.206789 -0.192852
         vertex -0.127713 -0.207984 -0.193573
         vertex -0.127713 -0.210048 -0.200563
      endloop
   endfacet
   facet normal 1 2.31334e-15 3.31007e-17
      outer loop
         vertex -0.127713 -0.195237 -0.161778
         vertex -0.127713 -0.193811 -0.162045
         vertex -0.127713 -0.197858 -0.140996
      endloop
   endfacet
   facet normal 1 2.31334e-15 3.31007e-17
      outer loop
         vertex -0.127713 -0.201045 -0.185208
         vertex -0.127713 -0.200829 -0.186547
         vertex -0.127713 -0.195784 -0.184579
      endloop
   endfacet
   facet normal 1 2.31334e-15 3.31007e-17
      outer loop
         vertex -0.127713 -0.225943 -0.150618
         vertex -0.127713 -0.216746 -0.171083
         vertex -0.127713 -0.216233 -0.169726
      endloop
   endfacet
   facet normal 1 2.31334e-15 3.31007e-17
      outer loop
         vertex -0.127713 -0.213353 -0.190578
         vertex -0.127713 -0.216741 -0.172534
         vertex -0.127713 -0.225943 -0.150618
      endloop
   endfacet
   facet normal 1 2.31334e-15 3.31007e-17
      outer loop
         vertex -0.127713 -0.184458 -0.18531
         vertex -0.127713 -0.185704 -0.185939
         vertex -0.127713 -0.184859 -0.188851
      endloop
   endfacet
   facet normal 1 2.31334e-15 3.31007e-17
      outer loop
         vertex -0.127713 -0.184859 -0.188851
         vertex -0.127713 -0.185704 -0.185939
         vertex -0.127713 -0.187089 -0.186102
      endloop
   endfacet
   facet normal 1 2.31334e-15 3.31007e-17
      outer loop
         vertex -0.127713 -0.194605 -0.189266
         vertex -0.127713 -0.200829 -0.186547
         vertex -0.127713 -0.201073 -0.187881
      endloop
   endfacet
   facet normal 1 2.31334e-15 3.31007e-17
      outer loop
         vertex -0.127713 -0.210048 -0.200563
         vertex -0.127713 -0.21195 -0.19294
         vertex -0.127713 -0.212861 -0.191884
      endloop
   endfacet
   facet normal 1 2.31334e-15 3.31007e-17
      outer loop
         vertex -0.127713 -0.207984 -0.193573
         vertex -0.127713 -0.209353 -0.19384
         vertex -0.127713 -0.210048 -0.200563
      endloop
   endfacet
   facet normal 1 2.31334e-15 3.31007e-17
      outer loop
         vertex -0.127713 -0.21475 -0.133276
         vertex -0.127713 -0.220057 -0.135743
         vertex -0.127713 -0.197905 -0.16279
      endloop
   endfacet
   facet normal 1 2.31334e-15 3.31007e-17
      outer loop
         vertex -0.127713 -0.216741 -0.172534
         vertex -0.127713 -0.216746 -0.171083
         vertex -0.127713 -0.225943 -0.150618
      endloop
   endfacet
   facet normal 1 2.31334e-15 3.31007e-17
      outer loop
         vertex -0.127713 -0.175697 -0.192197
         vertex -0.127713 -0.183505 -0.184292
         vertex -0.127713 -0.184458 -0.18531
      endloop
   endfacet
   facet normal 1 2.31334e-15 3.31007e-17
      outer loop
         vertex -0.127713 -0.175697 -0.192197
         vertex -0.127713 -0.182887 -0.181615
         vertex -0.127713 -0.182959 -0.183008
      endloop
   endfacet
   facet normal 1 2.31334e-15 3.31007e-17
      outer loop
         vertex -0.127713 -0.201073 -0.187881
         vertex -0.127713 -0.20345 -0.193378
         vertex -0.127713 -0.194605 -0.189266
      endloop
   endfacet
   facet normal 1 2.31334e-15 3.31007e-17
      outer loop
         vertex -0.127713 -0.210731 -0.19362
         vertex -0.127713 -0.21195 -0.19294
         vertex -0.127713 -0.210048 -0.200563
      endloop
   endfacet
   facet normal 1 2.31334e-15 3.31007e-17
      outer loop
         vertex -0.127713 -0.225943 -0.150618
         vertex -0.127713 -0.21527 -0.168642
         vertex -0.127713 -0.213983 -0.167972
      endloop
   endfacet
   facet normal 1 2.31334e-15 3.31007e-17
      outer loop
         vertex -0.127713 -0.182959 -0.183008
         vertex -0.127713 -0.183505 -0.184292
         vertex -0.127713 -0.175697 -0.192197
      endloop
   endfacet
   facet normal 1 2.31334e-15 3.31007e-17
      outer loop
         vertex -0.127713 -0.212861 -0.191884
         vertex -0.127713 -0.213353 -0.190578
         vertex -0.127713 -0.210048 -0.200563
      endloop
   endfacet
   facet normal 1 2.31334e-15 3.31007e-17
      outer loop
         vertex -0.127713 -0.225943 -0.150618
         vertex -0.127713 -0.213261 -0.218169
         vertex -0.127713 -0.213395 -0.209725
      endloop
   endfacet
   facet normal 1 2.31334e-15 3.31007e-17
      outer loop
         vertex -0.127713 -0.184859 -0.188851
         vertex -0.127713 -0.175697 -0.192197
         vertex -0.127713 -0.184458 -0.18531
      endloop
   endfacet
   facet normal 1 2.31334e-15 3.31007e-17
      outer loop
         vertex -0.127713 -0.183298 -0.180281
         vertex -0.127713 -0.182887 -0.181615
         vertex -0.127713 -0.168512 -0.198796
      endloop
   endfacet
   facet normal 1 2.31334e-15 3.31007e-17
      outer loop
         vertex -0.127713 -0.194605 -0.189266
         vertex -0.127713 -0.184859 -0.188851
         vertex -0.127713 -0.187089 -0.186102
      endloop
   endfacet
   facet normal 1 2.31334e-15 3.31007e-17
      outer loop
         vertex -0.127713 -0.175697 -0.192197
         vertex -0.127713 -0.168512 -0.198796
         vertex -0.127713 -0.182887 -0.181615
      endloop
   endfacet
   facet normal 2.16778e-16 -0.107933 0.994158
      outer loop
         vertex -0.127713 -0.191658 -0.186216
         vertex -0.127713 -0.187089 -0.186102
         vertex -0.135538 -0.18854 -0.186139
      endloop
   endfacet
   facet normal -1.67697e-16 0.0582072 0.998305
      outer loop
         vertex -0.127713 -0.187089 -0.186102
         vertex -0.135538 -0.187089 -0.186102
         vertex -0.135538 -0.18854 -0.186139
      endloop
   endfacet
   facet normal 0 0.00548202 0.999985
      outer loop
         vertex -0.135538 -0.18854 -0.186139
         vertex -0.135538 -0.191658 -0.186216
         vertex -0.127713 -0.191658 -0.186216
      endloop
   endfacet
   facet normal 2.16778e-16 -0.107933 0.994158
      outer loop
         vertex -0.135538 -0.191658 -0.186216
         vertex -0.135538 -0.192357 -0.186231
         vertex -0.127713 -0.192357 -0.186231
      endloop
   endfacet
   facet normal -1.87701e-16 0.066862 0.997762
      outer loop
         vertex -0.127713 -0.192357 -0.186231
         vertex -0.127713 -0.191658 -0.186216
         vertex -0.135538 -0.191658 -0.186216
      endloop
   endfacet
   facet normal -1.10048e-16 0.0332703 0.999446
      outer loop
         vertex -0.135538 -0.192689 -0.186214
         vertex -0.127713 -0.192689 -0.186214
         vertex -0.127713 -0.192357 -0.186231
      endloop
   endfacet
   facet normal -1.87701e-16 0.066862 0.997762
      outer loop
         vertex -0.127713 -0.192357 -0.186231
         vertex -0.135538 -0.192357 -0.186231
         vertex -0.135538 -0.192689 -0.186214
      endloop
   endfacet
   facet normal -1.88616e-15 0.806889 0.590703
      outer loop
         vertex -0.135538 -0.195784 -0.184579
         vertex -0.135538 -0.19634 -0.183513
         vertex -0.127713 -0.19634 -0.183513
      endloop
   endfacet
   facet normal -1.40256e-15 0.594789 0.803882
      outer loop
         vertex -0.135538 -0.194935 -0.185432
         vertex -0.135538 -0.195784 -0.184579
         vertex -0.127713 -0.195784 -0.184579
      endloop
   endfacet
   facet normal -7.92118e-16 0.328901 0.944364
      outer loop
         vertex -0.135538 -0.193872 -0.185994
         vertex -0.135538 -0.194935 -0.185432
         vertex -0.127713 -0.194935 -0.185432
      endloop
   endfacet
   facet normal -1.10048e-16 0.0332703 0.999446
      outer loop
         vertex -0.135538 -0.192689 -0.186214
         vertex -0.135538 -0.193872 -0.185994
         vertex -0.127713 -0.193872 -0.185994
      endloop
   endfacet
   facet normal -7.92118e-16 0.328901 0.944364
      outer loop
         vertex -0.127713 -0.193872 -0.185994
         vertex -0.127713 -0.192689 -0.186214
         vertex -0.135538 -0.192689 -0.186214
      endloop
   endfacet
   facet normal -1.40256e-15 0.594789 0.803882
      outer loop
         vertex -0.127713 -0.194935 -0.185432
         vertex -0.127713 -0.193872 -0.185994
         vertex -0.135538 -0.193872 -0.185994
      endloop
   endfacet
   facet normal -1.88616e-15 0.806889 0.590703
      outer loop
         vertex -0.127713 -0.195784 -0.184579
         vertex -0.127713 -0.194935 -0.185432
         vertex -0.135538 -0.194935 -0.185432
      endloop
   endfacet
   facet normal -2.19919e-15 0.946021 0.324107
      outer loop
         vertex -0.127713 -0.19634 -0.183513
         vertex -0.127713 -0.195784 -0.184579
         vertex -0.135538 -0.195784 -0.184579
      endloop
   endfacet
   facet normal -2.20096e-15 0.946021 0.324107
      outer loop
         vertex -0.127713 -0.201348 -0.168896
         vertex -0.127713 -0.19634 -0.183513
         vertex -0.135538 -0.197104 -0.181284
      endloop
   endfacet
   facet normal -2.20096e-15 0.946021 0.324107
      outer loop
         vertex -0.127713 -0.19634 -0.183513
         vertex -0.135538 -0.196508 -0.183022
         vertex -0.135538 -0.197104 -0.181284
      endloop
   endfacet
   facet normal -2.20096e-15 0.946021 0.324107
      outer loop
         vertex -0.127713 -0.19634 -0.183513
         vertex -0.135538 -0.19634 -0.183513
         vertex -0.135538 -0.196508 -0.183022
      endloop
   endfacet
   facet normal -2.20096e-15 0.946021 0.324107
      outer loop
         vertex -0.135538 -0.197104 -0.181284
         vertex -0.135538 -0.201348 -0.168896
         vertex -0.127713 -0.201348 -0.168896
      endloop
   endfacet
   facet normal -1.83246e-15 0.800698 -0.599068
      outer loop
         vertex -0.135538 -0.200767 -0.165203
         vertex -0.135538 -0.199837 -0.164308
         vertex -0.127713 -0.199837 -0.164308
      endloop
   endfacet
   facet normal -2.18685e-15 0.9498 -0.312859
      outer loop
         vertex -0.135538 -0.201363 -0.166348
         vertex -0.135538 -0.200767 -0.165203
         vertex -0.127713 -0.200767 -0.165203
      endloop
   endfacet
   facet normal -2.31349e-15 0.999982 0.00593276
      outer loop
         vertex -0.135538 -0.201564 -0.167623
         vertex -0.135538 -0.201363 -0.166348
         vertex -0.127713 -0.201363 -0.166348
      endloop
   endfacet
   facet normal -2.19919e-15 0.946021 0.324107
      outer loop
         vertex -0.135538 -0.201348 -0.168896
         vertex -0.135538 -0.201564 -0.167623
         vertex -0.127713 -0.201564 -0.167623
      endloop
   endfacet
   facet normal -2.31349e-15 0.999982 0.00593276
      outer loop
         vertex -0.127713 -0.201564 -0.167623
         vertex -0.127713 -0.201348 -0.168896
         vertex -0.135538 -0.201348 -0.168896
      endloop
   endfacet
   facet normal -2.18685e-15 0.9498 -0.312859
      outer loop
         vertex -0.127713 -0.201363 -0.166348
         vertex -0.127713 -0.201564 -0.167623
         vertex -0.135538 -0.201564 -0.167623
      endloop
   endfacet
   facet normal -1.83246e-15 0.800698 -0.599068
      outer loop
         vertex -0.127713 -0.200767 -0.165203
         vertex -0.127713 -0.201363 -0.166348
         vertex -0.135538 -0.201363 -0.166348
      endloop
   endfacet
   facet normal -1.28722e-15 0.568207 -0.822885
      outer loop
         vertex -0.127713 -0.199837 -0.164308
         vertex -0.127713 -0.200767 -0.165203
         vertex -0.135538 -0.200767 -0.165203
      endloop
   endfacet
   facet normal -1.51318e-15 0.664801 -0.74702
      outer loop
         vertex -0.135538 -0.197905 -0.16279
         vertex -0.127713 -0.197905 -0.16279
         vertex -0.127713 -0.199837 -0.164308
      endloop
   endfacet
   facet normal -1.28722e-15 0.568207 -0.822885
      outer loop
         vertex -0.127713 -0.199837 -0.164308
         vertex -0.135538 -0.199837 -0.164308
         vertex -0.135538 -0.197905 -0.16279
      endloop
   endfacet
   facet normal 1.57e-15 -0.668026 -0.744137
      outer loop
         vertex -0.135538 -0.192573 -0.162802
         vertex -0.135538 -0.191688 -0.163951
         vertex -0.127713 -0.191688 -0.163951
      endloop
   endfacet
   facet normal 1.57e-15 -0.668026 -0.744137
      outer loop
         vertex -0.127713 -0.192573 -0.162802
         vertex -0.127713 -0.193811 -0.162045
         vertex -0.135538 -0.193303 -0.162355
      endloop
   endfacet
   facet normal 8.60656e-16 -0.358684 -0.933459
      outer loop
         vertex -0.127713 -0.193811 -0.162045
         vertex -0.135538 -0.193811 -0.162045
         vertex -0.135538 -0.193303 -0.162355
      endloop
   endfacet
   facet normal 3.81042e-17 -0.00216291 -0.999998
      outer loop
         vertex -0.127713 -0.195237 -0.161778
         vertex -0.135538 -0.195237 -0.161778
         vertex -0.135538 -0.194112 -0.161988
      endloop
   endfacet
   facet normal 0 -0.286673 -0.958029
      outer loop
         vertex -0.135538 -0.194112 -0.161988
         vertex -0.127713 -0.193811 -0.162045
         vertex -0.127713 -0.195237 -0.161778
      endloop
   endfacet
   facet normal -7.8946e-16 0.354643 -0.935002
      outer loop
         vertex -0.135538 -0.196664 -0.162038
         vertex -0.135538 -0.195237 -0.161778
         vertex -0.127713 -0.195237 -0.161778
      endloop
   endfacet
   facet normal -1.51318e-15 0.664801 -0.74702
      outer loop
         vertex -0.135538 -0.197905 -0.16279
         vertex -0.135538 -0.196664 -0.162038
         vertex -0.127713 -0.196664 -0.162038
      endloop
   endfacet
   facet normal -7.8946e-16 0.354643 -0.935002
      outer loop
         vertex -0.127713 -0.196664 -0.162038
         vertex -0.127713 -0.197905 -0.16279
         vertex -0.135538 -0.197905 -0.16279
      endloop
   endfacet
   facet normal 3.81042e-17 -0.00216291 -0.999998
      outer loop
         vertex -0.127713 -0.195237 -0.161778
         vertex -0.127713 -0.196664 -0.162038
         vertex -0.135538 -0.196664 -0.162038
      endloop
   endfacet
   facet normal 0 -0.286673 -0.958029
      outer loop
         vertex -0.135538 -0.194112 -0.161988
         vertex -0.135538 -0.193811 -0.162045
         vertex -0.127713 -0.193811 -0.162045
      endloop
   endfacet
   facet normal 0 -0.493439 -0.869781
      outer loop
         vertex -0.135538 -0.193303 -0.162355
         vertex -0.135538 -0.192573 -0.162802
         vertex -0.127713 -0.192573 -0.162802
      endloop
   endfacet
   facet normal 2.07284e-15 -0.8895 -0.456936
      outer loop
         vertex -0.127713 -0.191688 -0.163951
         vertex -0.127713 -0.192573 -0.162802
         vertex -0.135538 -0.192573 -0.162802
      endloop
   endfacet
   facet normal 2.0773e-15 -0.8895 -0.456936
      outer loop
         vertex -0.127713 -0.191688 -0.163951
         vertex -0.135538 -0.191688 -0.163951
         vertex -0.135538 -0.186627 -0.173802
      endloop
   endfacet
   facet normal 2.0773e-15 -0.8895 -0.456936
      outer loop
         vertex -0.135538 -0.186627 -0.173802
         vertex -0.127713 -0.183298 -0.180281
         vertex -0.127713 -0.191688 -0.163951
      endloop
   endfacet
   facet normal 2.0773e-15 -0.8895 -0.456936
      outer loop
         vertex -0.135538 -0.186627 -0.173802
         vertex -0.135538 -0.184568 -0.17781
         vertex -0.127713 -0.183298 -0.180281
      endloop
   endfacet
   facet normal 2.0773e-15 -0.8895 -0.456936
      outer loop
         vertex -0.135538 -0.184568 -0.17781
         vertex -0.135538 -0.183298 -0.180281
         vertex -0.127713 -0.183298 -0.180281
      endloop
   endfacet
   facet normal -1.67697e-16 0.0582072 0.998305
      outer loop
         vertex -0.127713 -0.187089 -0.186102
         vertex -0.127713 -0.185704 -0.185939
         vertex -0.135538 -0.185831 -0.185954
      endloop
   endfacet
   facet normal 6.35031e-16 -0.28821 0.957567
      outer loop
         vertex -0.127713 -0.185704 -0.185939
         vertex -0.135538 -0.185704 -0.185939
         vertex -0.135538 -0.185831 -0.185954
      endloop
   endfacet
   facet normal 1.3605e-15 -0.599563 0.800328
      outer loop
         vertex -0.135538 -0.184458 -0.18531
         vertex -0.135538 -0.185704 -0.185939
         vertex -0.127713 -0.185704 -0.185939
      endloop
   endfacet
   facet normal 1.92044e-15 -0.83797 0.545717
      outer loop
         vertex -0.135538 -0.183505 -0.184292
         vertex -0.135538 -0.184458 -0.18531
         vertex -0.127713 -0.184458 -0.18531
      endloop
   endfacet
   facet normal 2.24674e-15 -0.974425 0.224712
      outer loop
         vertex -0.135538 -0.182959 -0.183008
         vertex -0.135538 -0.183505 -0.184292
         vertex -0.127713 -0.183505 -0.184292
      endloop
   endfacet
   facet normal 2.29968e-15 -0.992328 -0.123633
      outer loop
         vertex -0.135538 -0.182887 -0.181615
         vertex -0.135538 -0.182959 -0.183008
         vertex -0.127713 -0.182959 -0.183008
      endloop
   endfacet
   facet normal 2.07284e-15 -0.8895 -0.456936
      outer loop
         vertex -0.135538 -0.183298 -0.180281
         vertex -0.135538 -0.182887 -0.181615
         vertex -0.127713 -0.182887 -0.181615
      endloop
   endfacet
   facet normal 2.29968e-15 -0.992328 -0.123633
      outer loop
         vertex -0.127713 -0.182887 -0.181615
         vertex -0.127713 -0.183298 -0.180281
         vertex -0.135538 -0.183298 -0.180281
      endloop
   endfacet
   facet normal 2.24674e-15 -0.974425 0.224712
      outer loop
         vertex -0.127713 -0.182959 -0.183008
         vertex -0.127713 -0.182887 -0.181615
         vertex -0.135538 -0.182887 -0.181615
      endloop
   endfacet
   facet normal 1.92044e-15 -0.83797 0.545717
      outer loop
         vertex -0.127713 -0.183505 -0.184292
         vertex -0.127713 -0.182959 -0.183008
         vertex -0.135538 -0.182959 -0.183008
      endloop
   endfacet
   facet normal 1.3605e-15 -0.599563 0.800328
      outer loop
         vertex -0.127713 -0.184458 -0.18531
         vertex -0.127713 -0.183505 -0.184292
         vertex -0.135538 -0.183505 -0.184292
      endloop
   endfacet
   facet normal 6.35031e-16 -0.28821 0.957567
      outer loop
         vertex -0.127713 -0.185704 -0.185939
         vertex -0.127713 -0.184458 -0.18531
         vertex -0.135538 -0.184458 -0.18531
      endloop
   endfacet
   facet normal 0 -0.257653 0.966237
      outer loop
         vertex -0.135538 -0.185831 -0.185954
         vertex -0.135538 -0.187089 -0.186102
         vertex -0.127713 -0.187089 -0.186102
      endloop
   endfacet
   facet normal 2.20096e-15 -0.946021 -0.324107
      outer loop
         vertex -0.127713 -0.201045 -0.185208
         vertex -0.127713 -0.206078 -0.170516
         vertex -0.135538 -0.204331 -0.175614
      endloop
   endfacet
   facet normal 2.20096e-15 -0.946021 -0.324107
      outer loop
         vertex -0.127713 -0.206078 -0.170516
         vertex -0.135538 -0.206078 -0.170516
         vertex -0.135538 -0.204331 -0.175614
      endloop
   endfacet
   facet normal 2.20096e-15 -0.946021 -0.324107
      outer loop
         vertex -0.135538 -0.204331 -0.175614
         vertex -0.135538 -0.201045 -0.185208
         vertex -0.127713 -0.201045 -0.185208
      endloop
   endfacet
   facet normal 1.75986e-15 -0.769877 0.638193
      outer loop
         vertex -0.135538 -0.201749 -0.189057
         vertex -0.135538 -0.202779 -0.189939
         vertex -0.127713 -0.202779 -0.189939
      endloop
   endfacet
   facet normal 2.16057e-15 -0.938888 0.344222
      outer loop
         vertex -0.135538 -0.201073 -0.187881
         vertex -0.135538 -0.201749 -0.189057
         vertex -0.127713 -0.201749 -0.189057
      endloop
   endfacet
   facet normal 2.31285e-15 -0.999943 0.0106711
      outer loop
         vertex -0.127713 -0.200829 -0.186547
         vertex -0.135538 -0.200829 -0.186547
         vertex -0.135538 -0.200992 -0.187435
      endloop
   endfacet
   facet normal 0 -0.971807 0.235778
      outer loop
         vertex -0.135538 -0.200992 -0.187435
         vertex -0.127713 -0.201073 -0.187881
         vertex -0.127713 -0.200829 -0.186547
      endloop
   endfacet
   facet normal 2.19919e-15 -0.946021 -0.324107
      outer loop
         vertex -0.135538 -0.201045 -0.185208
         vertex -0.135538 -0.200829 -0.186547
         vertex -0.127713 -0.200829 -0.186547
      endloop
   endfacet
   facet normal 2.31285e-15 -0.999943 0.0106711
      outer loop
         vertex -0.127713 -0.200829 -0.186547
         vertex -0.127713 -0.201045 -0.185208
         vertex -0.135538 -0.201045 -0.185208
      endloop
   endfacet
   facet normal 0 -0.971807 0.235778
      outer loop
         vertex -0.135538 -0.200992 -0.187435
         vertex -0.135538 -0.201073 -0.187881
         vertex -0.127713 -0.201073 -0.187881
      endloop
   endfacet
   facet normal 1.75986e-15 -0.769877 0.638193
      outer loop
         vertex -0.127713 -0.201749 -0.189057
         vertex -0.127713 -0.201073 -0.187881
         vertex -0.135538 -0.201073 -0.187881
      endloop
   endfacet
   facet normal 1.15679e-15 -0.512342 0.858782
      outer loop
         vertex -0.127713 -0.202779 -0.189939
         vertex -0.127713 -0.201749 -0.189057
         vertex -0.135538 -0.201749 -0.189057
      endloop
   endfacet
   facet normal 1.49763e-15 -0.658162 0.752877
      outer loop
         vertex -0.127713 -0.206789 -0.192852
         vertex -0.127713 -0.202779 -0.189939
         vertex -0.135538 -0.202833 -0.189979
      endloop
   endfacet
   facet normal 1.15679e-15 -0.512342 0.858782
      outer loop
         vertex -0.127713 -0.202779 -0.189939
         vertex -0.135538 -0.202779 -0.189939
         vertex -0.135538 -0.202833 -0.189979
      endloop
   endfacet
   facet normal 0 -0.514418 0.857539
      outer loop
         vertex -0.135538 -0.202833 -0.189979
         vertex -0.135538 -0.206789 -0.192852
         vertex -0.127713 -0.206789 -0.192852
      endloop
   endfacet
   facet normal -2.0056e-15 0.859664 0.510859
      outer loop
         vertex -0.135538 -0.212861 -0.191884
         vertex -0.135538 -0.213353 -0.190578
         vertex -0.127713 -0.213353 -0.190578
      endloop
   endfacet
   facet normal -1.48747e-15 0.63191 0.775042
      outer loop
         vertex -0.135538 -0.21195 -0.19294
         vertex -0.135538 -0.212861 -0.191884
         vertex -0.127713 -0.212861 -0.191884
      endloop
   endfacet
   facet normal -7.88373e-16 0.327274 0.944929
      outer loop
         vertex -0.135538 -0.210731 -0.19362
         vertex -0.135538 -0.21195 -0.19294
         vertex -0.127713 -0.21195 -0.19294
      endloop
   endfacet
   facet normal 6.64509e-18 -0.0171791 0.999852
      outer loop
         vertex -0.135538 -0.209353 -0.19384
         vertex -0.135538 -0.210731 -0.19362
         vertex -0.127713 -0.210731 -0.19362
      endloop
   endfacet
   facet normal 8.00855e-16 -0.359542 0.933129
      outer loop
         vertex -0.135538 -0.207984 -0.193573
         vertex -0.135538 -0.209353 -0.19384
         vertex -0.127713 -0.209353 -0.19384
      endloop
   endfacet
   facet normal 8.00855e-16 -0.359542 0.933129
      outer loop
         vertex -0.127713 -0.207984 -0.193573
         vertex -0.127713 -0.206789 -0.192852
         vertex -0.135538 -0.207027 -0.192995
      endloop
   endfacet
   facet normal 1.49763e-15 -0.658162 0.752877
      outer loop
         vertex -0.127713 -0.206789 -0.192852
         vertex -0.135538 -0.206789 -0.192852
         vertex -0.135538 -0.207027 -0.192995
      endloop
   endfacet
   facet normal 0 -0.604774 0.796397
      outer loop
         vertex -0.135538 -0.207027 -0.192995
         vertex -0.135538 -0.207984 -0.193573
         vertex -0.127713 -0.207984 -0.193573
      endloop
   endfacet
   facet normal 6.64509e-18 -0.0171791 0.999852
      outer loop
         vertex -0.127713 -0.209353 -0.19384
         vertex -0.127713 -0.207984 -0.193573
         vertex -0.135538 -0.207984 -0.193573
      endloop
   endfacet
   facet normal -7.88373e-16 0.327274 0.944929
      outer loop
         vertex -0.127713 -0.210731 -0.19362
         vertex -0.127713 -0.209353 -0.19384
         vertex -0.135538 -0.209353 -0.19384
      endloop
   endfacet
   facet normal -1.48747e-15 0.63191 0.775042
      outer loop
         vertex -0.127713 -0.21195 -0.19294
         vertex -0.127713 -0.210731 -0.19362
         vertex -0.135538 -0.210731 -0.19362
      endloop
   endfacet
   facet normal -2.0056e-15 0.859664 0.510859
      outer loop
         vertex -0.127713 -0.212861 -0.191884
         vertex -0.127713 -0.21195 -0.19294
         vertex -0.135538 -0.21195 -0.19294
      endloop
   endfacet
   facet normal -2.27972e-15 0.982828 0.184523
      outer loop
         vertex -0.127713 -0.213353 -0.190578
         vertex -0.127713 -0.212861 -0.191884
         vertex -0.135538 -0.212861 -0.191884
      endloop
   endfacet
   facet normal -2.27876e-15 0.982828 0.184523
      outer loop
         vertex -0.127713 -0.216741 -0.172534
         vertex -0.127713 -0.213353 -0.190578
         vertex -0.135538 -0.214332 -0.185367
      endloop
   endfacet
   facet normal -2.27876e-15 0.982828 0.184523
      outer loop
         vertex -0.127713 -0.213353 -0.190578
         vertex -0.135538 -0.213785 -0.18828
         vertex -0.135538 -0.214332 -0.185367
      endloop
   endfacet
   facet normal -2.27876e-15 0.982828 0.184523
      outer loop
         vertex -0.127713 -0.213353 -0.190578
         vertex -0.135538 -0.213353 -0.190578
         vertex -0.135538 -0.213785 -0.18828
      endloop
   endfacet
   facet normal -2.27876e-15 0.982828 0.184523
      outer loop
         vertex -0.135538 -0.214332 -0.185367
         vertex -0.135538 -0.216741 -0.172534
         vertex -0.127713 -0.216741 -0.172534
      endloop
   endfacet
   facet normal -6.4669e-16 0.293228 -0.956042
      outer loop
         vertex -0.135538 -0.213983 -0.167972
         vertex -0.135538 -0.212542 -0.167805
         vertex -0.127713 -0.212542 -0.167805
      endloop
   endfacet
   facet normal -1.39644e-15 0.61493 -0.788582
      outer loop
         vertex -0.135538 -0.21527 -0.168642
         vertex -0.135538 -0.213983 -0.167972
         vertex -0.127713 -0.213983 -0.167972
      endloop
   endfacet
   facet normal -1.9625e-15 0.855747 -0.517395
      outer loop
         vertex -0.135538 -0.216233 -0.169726
         vertex -0.135538 -0.21527 -0.168642
         vertex -0.127713 -0.21527 -0.168642
      endloop
   endfacet
   facet normal -2.27043e-15 0.984003 -0.178152
      outer loop
         vertex -0.135538 -0.216746 -0.171083
         vertex -0.135538 -0.216233 -0.169726
         vertex -0.127713 -0.216233 -0.169726
      endloop
   endfacet
   facet normal -2.27972e-15 0.982828 0.184523
      outer loop
         vertex -0.135538 -0.216741 -0.172534
         vertex -0.135538 -0.216746 -0.171083
         vertex -0.127713 -0.216746 -0.171083
      endloop
   endfacet
   facet normal -2.27043e-15 0.984003 -0.178152
      outer loop
         vertex -0.127713 -0.216746 -0.171083
         vertex -0.127713 -0.216741 -0.172534
         vertex -0.135538 -0.216741 -0.172534
      endloop
   endfacet
   facet normal -1.9625e-15 0.855747 -0.517395
      outer loop
         vertex -0.127713 -0.216233 -0.169726
         vertex -0.127713 -0.216746 -0.171083
         vertex -0.135538 -0.216746 -0.171083
      endloop
   endfacet
   facet normal -1.39644e-15 0.61493 -0.788582
      outer loop
         vertex -0.127713 -0.21527 -0.168642
         vertex -0.127713 -0.216233 -0.169726
         vertex -0.135538 -0.216233 -0.169726
      endloop
   endfacet
   facet normal -6.4669e-16 0.293228 -0.956042
      outer loop
         vertex -0.127713 -0.213983 -0.167972
         vertex -0.127713 -0.21527 -0.168642
         vertex -0.135538 -0.21527 -0.168642
      endloop
   endfacet
   facet normal 1.88119e-16 -0.067043 -0.99775
      outer loop
         vertex -0.127713 -0.212542 -0.167805
         vertex -0.127713 -0.213983 -0.167972
         vertex -0.135538 -0.213983 -0.167972
      endloop
   endfacet
   facet normal -9.59878e-17 0.0557796 -0.998443
      outer loop
         vertex -0.135538 -0.210085 -0.167819
         vertex -0.127713 -0.210085 -0.167819
         vertex -0.127713 -0.212542 -0.167805
      endloop
   endfacet
   facet normal 1.88119e-16 -0.067043 -0.99775
      outer loop
         vertex -0.127713 -0.212542 -0.167805
         vertex -0.135538 -0.212542 -0.167805
         vertex -0.135538 -0.210085 -0.167819
      endloop
   endfacet
   facet normal 1.85585e-15 -0.793534 -0.608526
      outer loop
         vertex -0.135538 -0.206688 -0.169378
         vertex -0.135538 -0.206078 -0.170516
         vertex -0.127713 -0.206078 -0.170516
      endloop
   endfacet
   facet normal 1.31923e-15 -0.558404 -0.829569
      outer loop
         vertex -0.135538 -0.207628 -0.168494
         vertex -0.135538 -0.206688 -0.169378
         vertex -0.127713 -0.206688 -0.169378
      endloop
   endfacet
   facet normal 6.45222e-16 -0.265118 -0.964216
      outer loop
         vertex -0.135538 -0.208802 -0.167956
         vertex -0.135538 -0.207628 -0.168494
         vertex -0.127713 -0.207628 -0.168494
      endloop
   endfacet
   facet normal -9.59878e-17 0.0557796 -0.998443
      outer loop
         vertex -0.135538 -0.210085 -0.167819
         vertex -0.135538 -0.208802 -0.167956
         vertex -0.127713 -0.208802 -0.167956
      endloop
   endfacet
   facet normal 6.45222e-16 -0.265118 -0.964216
      outer loop
         vertex -0.127713 -0.208802 -0.167956
         vertex -0.127713 -0.210085 -0.167819
         vertex -0.135538 -0.210085 -0.167819
      endloop
   endfacet
   facet normal 1.31923e-15 -0.558404 -0.829569
      outer loop
         vertex -0.127713 -0.207628 -0.168494
         vertex -0.127713 -0.208802 -0.167956
         vertex -0.135538 -0.208802 -0.167956
      endloop
   endfacet
   facet normal 1.85585e-15 -0.793534 -0.608526
      outer loop
         vertex -0.127713 -0.206688 -0.169378
         vertex -0.127713 -0.207628 -0.168494
         vertex -0.135538 -0.207628 -0.168494
      endloop
   endfacet
   facet normal 2.19919e-15 -0.946021 -0.324107
      outer loop
         vertex -0.127713 -0.206078 -0.170516
         vertex -0.127713 -0.206688 -0.169378
         vertex -0.135538 -0.206688 -0.169378
      endloop
   endfacet
   facet normal -1 -2.30622e-15 -3.42041e-17
      outer loop
         vertex -0.135538 -0.189705 -0.230125
         vertex -0.135538 -0.190733 -0.236756
         vertex -0.135538 -0.193638 -0.236305
      endloop
   endfacet
   facet normal -1 -2.30622e-15 -3.42041e-17
      outer loop
         vertex -0.135538 -0.19261 -0.229674
         vertex -0.135538 -0.193638 -0.236305
         vertex -0.135538 -0.196256 -0.235899
      endloop
   endfacet
   facet normal -1 -2.30622e-15 -3.42041e-17
      outer loop
         vertex -0.135538 -0.189152 -0.226562
         vertex -0.135538 -0.189705 -0.230125
         vertex -0.135538 -0.19261 -0.229674
      endloop
   endfacet
   facet normal -1 -2.30622e-15 -3.42041e-17
      outer loop
         vertex -0.135538 -0.192058 -0.226111
         vertex -0.135538 -0.19261 -0.229674
         vertex -0.135538 -0.195227 -0.229268
      endloop
   endfacet
   facet normal -1 -2.30622e-15 -3.42041e-17
      outer loop
         vertex -0.135538 -0.176932 -0.218679
         vertex -0.135538 -0.177582 -0.222874
         vertex -0.135538 -0.178245 -0.222772
      endloop
   endfacet
   facet normal -1 -2.30622e-15 -3.42041e-17
      outer loop
         vertex -0.135538 -0.201448 -0.214878
         vertex -0.135538 -0.202098 -0.219073
         vertex -0.135538 -0.202943 -0.218942
      endloop
   endfacet
   facet normal -1 -2.30622e-15 -3.42041e-17
      outer loop
         vertex -0.135538 -0.17516 -0.207253
         vertex -0.135538 -0.176932 -0.218679
         vertex -0.135538 -0.177595 -0.218576
      endloop
   endfacet
   facet normal -1 -2.30622e-15 -3.42041e-17
      outer loop
         vertex -0.135538 -0.199326 -0.201192
         vertex -0.135538 -0.199676 -0.203452
         vertex -0.135538 -0.20052 -0.203321
      endloop
   endfacet
   facet normal -1 -2.30622e-15 -3.42041e-17
      outer loop
         vertex -0.135538 -0.20017 -0.201061
         vertex -0.135538 -0.20052 -0.203321
         vertex -0.135538 -0.208437 -0.202093
      endloop
   endfacet
   facet normal -1 -2.30622e-15 -3.42041e-17
      outer loop
         vertex -0.135538 -0.198897 -0.198426
         vertex -0.135538 -0.199326 -0.201192
         vertex -0.135538 -0.20017 -0.201061
      endloop
   endfacet
   facet normal -1 -2.30622e-15 -3.42041e-17
      outer loop
         vertex -0.135538 -0.199741 -0.198295
         vertex -0.135538 -0.20017 -0.201061
         vertex -0.135538 -0.208087 -0.199834
      endloop
   endfacet
   facet normal -1 -2.30622e-15 -3.42041e-17
      outer loop
         vertex -0.135538 -0.19771 -0.190773
         vertex -0.135538 -0.198897 -0.198426
         vertex -0.135538 -0.199741 -0.198295
      endloop
   endfacet
   facet normal -1 -2.30622e-15 -3.42041e-17
      outer loop
         vertex -0.135538 -0.172766 -0.191812
         vertex -0.135538 -0.173194 -0.194574
         vertex -0.135538 -0.173857 -0.194472
      endloop
   endfacet
   facet normal -1 -2.30622e-15 -3.42041e-17
      outer loop
         vertex -0.135538 -0.173429 -0.191709
         vertex -0.135538 -0.173857 -0.194472
         vertex -0.135538 -0.17987 -0.193539
      endloop
   endfacet
   facet normal -1 -2.30622e-15 -3.42041e-17
      outer loop
         vertex -0.135538 -0.179442 -0.190777
         vertex -0.135538 -0.17987 -0.193539
         vertex -0.135538 -0.183934 -0.192909
      endloop
   endfacet
   facet normal -1 -2.30622e-15 -3.42041e-17
      outer loop
         vertex -0.135538 -0.183506 -0.190146
         vertex -0.135538 -0.183934 -0.192909
         vertex -0.135538 -0.18684 -0.192459
      endloop
   endfacet
   facet normal -1 -2.30622e-15 -3.42041e-17
      outer loop
         vertex -0.135538 -0.186411 -0.189696
         vertex -0.135538 -0.18684 -0.192459
         vertex -0.135538 -0.189457 -0.192053
      endloop
   endfacet
   facet normal -1 -2.30622e-15 -3.42041e-17
      outer loop
         vertex -0.135538 -0.197282 -0.18801
         vertex -0.135538 -0.19771 -0.190773
         vertex -0.135538 -0.198555 -0.190642
      endloop
   endfacet
   facet normal -1 -2.30622e-15 -3.42041e-17
      outer loop
         vertex -0.135538 -0.194675 -0.225706
         vertex -0.135538 -0.194089 -0.224128
         vertex -0.135538 -0.191913 -0.225144
      endloop
   endfacet
   facet normal -1 -2.30622e-15 -3.42041e-17
      outer loop
         vertex -0.135538 -0.194675 -0.225706
         vertex -0.135538 -0.194385 -0.223834
         vertex -0.135538 -0.194089 -0.224128
      endloop
   endfacet
   facet normal -1 -2.30622e-15 -3.42041e-17
      outer loop
         vertex -0.135538 -0.192058 -0.226111
         vertex -0.135538 -0.191913 -0.225144
         vertex -0.135538 -0.189522 -0.225365
      endloop
   endfacet
   facet normal -1 -2.30622e-15 -3.42041e-17
      outer loop
         vertex -0.135538 -0.189522 -0.225365
         vertex -0.135538 -0.189152 -0.226562
         vertex -0.135538 -0.192058 -0.226111
      endloop
   endfacet
   facet normal -1 -2.30622e-15 -3.42041e-17
      outer loop
         vertex -0.135538 -0.177595 -0.218576
         vertex -0.135538 -0.178245 -0.222772
         vertex -0.135538 -0.178904 -0.220232
      endloop
   endfacet
   facet normal -1 -2.30622e-15 -3.42041e-17
      outer loop
         vertex -0.135538 -0.178245 -0.222772
         vertex -0.135538 -0.180348 -0.222221
         vertex -0.135538 -0.178904 -0.220232
      endloop
   endfacet
   facet normal -1 -2.30622e-15 -3.42041e-17
      outer loop
         vertex -0.135538 -0.178245 -0.222772
         vertex -0.135538 -0.18062 -0.222403
         vertex -0.135538 -0.180348 -0.222221
      endloop
   endfacet
   facet normal -1 -2.30622e-15 -3.42041e-17
      outer loop
         vertex -0.135538 -0.175823 -0.20715
         vertex -0.135538 -0.178015 -0.208419
         vertex -0.135538 -0.179729 -0.206659
      endloop
   endfacet
   facet normal -1 -2.30622e-15 -3.42041e-17
      outer loop
         vertex -0.135538 -0.177595 -0.218576
         vertex -0.135538 -0.178237 -0.217867
         vertex -0.135538 -0.177546 -0.215473
      endloop
   endfacet
   facet normal -1 -2.30622e-15 -3.42041e-17
      outer loop
         vertex -0.135538 -0.175823 -0.20715
         vertex -0.135538 -0.177014 -0.210664
         vertex -0.135538 -0.178015 -0.208419
      endloop
   endfacet
   facet normal -1 -2.30622e-15 -3.42041e-17
      outer loop
         vertex -0.135538 -0.177595 -0.218576
         vertex -0.135538 -0.178401 -0.218451
         vertex -0.135538 -0.178237 -0.217867
      endloop
   endfacet
   facet normal -1 -2.30622e-15 -3.42041e-17
      outer loop
         vertex -0.135538 -0.175823 -0.20715
         vertex -0.135538 -0.176852 -0.213116
         vertex -0.135538 -0.177014 -0.210664
      endloop
   endfacet
   facet normal -1 -2.30622e-15 -3.42041e-17
      outer loop
         vertex -0.135538 -0.177546 -0.215473
         vertex -0.135538 -0.176852 -0.213116
         vertex -0.135538 -0.177595 -0.218576
      endloop
   endfacet
   facet normal -1 -2.30622e-15 -3.42041e-17
      outer loop
         vertex -0.135538 -0.176852 -0.213116
         vertex -0.135538 -0.175823 -0.20715
         vertex -0.135538 -0.177595 -0.218576
      endloop
   endfacet
   facet normal -1 -2.30622e-15 -3.42041e-17
      outer loop
         vertex -0.135538 -0.185121 -0.200562
         vertex -0.135538 -0.181057 -0.201193
         vertex -0.135538 -0.183152 -0.203083
      endloop
   endfacet
   facet normal -1 -2.30622e-15 -3.42041e-17
      outer loop
         vertex -0.135538 -0.181057 -0.201193
         vertex -0.135538 -0.181486 -0.203958
         vertex -0.135538 -0.182463 -0.203807
      endloop
   endfacet
   facet normal -1 -2.30622e-15 -3.42041e-17
      outer loop
         vertex -0.135538 -0.182463 -0.203807
         vertex -0.135538 -0.183152 -0.203083
         vertex -0.135538 -0.181057 -0.201193
      endloop
   endfacet
   facet normal -1 -2.30622e-15 -3.42041e-17
      outer loop
         vertex -0.135538 -0.185121 -0.200562
         vertex -0.135538 -0.185357 -0.201999
         vertex -0.135538 -0.187801 -0.201743
      endloop
   endfacet
   facet normal -1 -2.30622e-15 -3.42041e-17
      outer loop
         vertex -0.135538 -0.187801 -0.201743
         vertex -0.135538 -0.188026 -0.200112
         vertex -0.135538 -0.185121 -0.200562
      endloop
   endfacet
   facet normal -1 -2.30622e-15 -3.42041e-17
      outer loop
         vertex -0.135538 -0.185121 -0.200562
         vertex -0.135538 -0.185344 -0.202005
         vertex -0.135538 -0.185357 -0.201999
      endloop
   endfacet
   facet normal -1 -2.30622e-15 -3.42041e-17
      outer loop
         vertex -0.135538 -0.191072 -0.202472
         vertex -0.135538 -0.191088 -0.202571
         vertex -0.135538 -0.192601 -0.202946
      endloop
   endfacet
   facet normal -1 -2.30622e-15 -3.42041e-17
      outer loop
         vertex -0.135538 -0.199326 -0.201192
         vertex -0.135538 -0.19499 -0.203523
         vertex -0.135538 -0.195785 -0.204055
      endloop
   endfacet
   facet normal -1 -2.30622e-15 -3.42041e-17
      outer loop
         vertex -0.135538 -0.192601 -0.202946
         vertex -0.135538 -0.199326 -0.201192
         vertex -0.135538 -0.191072 -0.202472
      endloop
   endfacet
   facet normal -1 -2.30622e-15 -3.42041e-17
      outer loop
         vertex -0.135538 -0.192601 -0.202946
         vertex -0.135538 -0.19499 -0.203523
         vertex -0.135538 -0.199326 -0.201192
      endloop
   endfacet
   facet normal -1 -2.30622e-15 -3.42041e-17
      outer loop
         vertex -0.135538 -0.201448 -0.214878
         vertex -0.135538 -0.199676 -0.203452
         vertex -0.135538 -0.199834 -0.211638
      endloop
   endfacet
   facet normal -1 -2.30622e-15 -3.42041e-17
      outer loop
         vertex -0.135538 -0.199676 -0.203452
         vertex -0.135538 -0.199143 -0.209244
         vertex -0.135538 -0.199834 -0.211638
      endloop
   endfacet
   facet normal -1 -2.30622e-15 -3.42041e-17
      outer loop
         vertex -0.135538 -0.199676 -0.203452
         vertex -0.135538 -0.198476 -0.206879
         vertex -0.135538 -0.199143 -0.209244
      endloop
   endfacet
   facet normal -1 -2.30622e-15 -3.42041e-17
      outer loop
         vertex -0.135538 -0.199834 -0.211638
         vertex -0.135538 -0.200522 -0.213939
         vertex -0.135538 -0.201448 -0.214878
      endloop
   endfacet
   facet normal -1 -2.30622e-15 -3.42041e-17
      outer loop
         vertex -0.135538 -0.199676 -0.203452
         vertex -0.135538 -0.197032 -0.20489
         vertex -0.135538 -0.198476 -0.206879
      endloop
   endfacet
   facet normal -1 -2.30622e-15 -3.42041e-17
      outer loop
         vertex -0.135538 -0.199676 -0.203452
         vertex -0.135538 -0.195785 -0.204055
         vertex -0.135538 -0.197032 -0.20489
      endloop
   endfacet
   facet normal -1 -2.30622e-15 -3.42041e-17
      outer loop
         vertex -0.135538 -0.202098 -0.219073
         vertex -0.135538 -0.200392 -0.216336
         vertex -0.135538 -0.19946 -0.218549
      endloop
   endfacet
   facet normal -1 -2.30622e-15 -3.42041e-17
      outer loop
         vertex -0.135538 -0.201448 -0.214878
         vertex -0.135538 -0.200463 -0.21503
         vertex -0.135538 -0.200392 -0.216336
      endloop
   endfacet
   facet normal -1 -2.30622e-15 -3.42041e-17
      outer loop
         vertex -0.135538 -0.200392 -0.216336
         vertex -0.135538 -0.202098 -0.219073
         vertex -0.135538 -0.201448 -0.214878
      endloop
   endfacet
   facet normal -1 -2.30622e-15 -3.42041e-17
      outer loop
         vertex -0.135538 -0.199741 -0.198295
         vertex -0.135538 -0.206789 -0.192852
         vertex -0.135538 -0.202833 -0.189979
      endloop
   endfacet
   facet normal -1 -2.30622e-15 -3.42041e-17
      outer loop
         vertex -0.135538 -0.199741 -0.198295
         vertex -0.135538 -0.207658 -0.197068
         vertex -0.135538 -0.207027 -0.192995
      endloop
   endfacet
   facet normal -1 -2.30622e-15 -3.42041e-17
      outer loop
         vertex -0.135538 -0.207027 -0.192995
         vertex -0.135538 -0.206789 -0.192852
         vertex -0.135538 -0.199741 -0.198295
      endloop
   endfacet
   facet normal -1 -2.30622e-15 -3.42041e-17
      outer loop
         vertex -0.135538 -0.198555 -0.190642
         vertex -0.135538 -0.201749 -0.189057
         vertex -0.135538 -0.201073 -0.187881
      endloop
   endfacet
   facet normal -1 -2.30622e-15 -3.42041e-17
      outer loop
         vertex -0.135538 -0.201073 -0.187881
         vertex -0.135538 -0.198126 -0.187879
         vertex -0.135538 -0.198555 -0.190642
      endloop
   endfacet
   facet normal -1 -2.30622e-15 -3.42041e-17
      outer loop
         vertex -0.135538 -0.198555 -0.190642
         vertex -0.135538 -0.202833 -0.189979
         vertex -0.135538 -0.202779 -0.189939
      endloop
   endfacet
   facet normal -1 -2.30622e-15 -3.42041e-17
      outer loop
         vertex -0.135538 -0.202779 -0.189939
         vertex -0.135538 -0.201749 -0.189057
         vertex -0.135538 -0.198555 -0.190642
      endloop
   endfacet
   facet normal -1 -2.30622e-15 -3.42041e-17
      outer loop
         vertex -0.135538 -0.187197 -0.224764
         vertex -0.135538 -0.184779 -0.224165
         vertex -0.135538 -0.185516 -0.226291
      endloop
   endfacet
   facet normal -1 -2.30622e-15 -3.42041e-17
      outer loop
         vertex -0.135538 -0.186862 -0.226917
         vertex -0.135538 -0.189152 -0.226562
         vertex -0.135538 -0.188944 -0.225215
      endloop
   endfacet
   facet normal -1 -2.30622e-15 -3.42041e-17
      outer loop
         vertex -0.135538 -0.188944 -0.225215
         vertex -0.135538 -0.187197 -0.224764
         vertex -0.135538 -0.186862 -0.226917
      endloop
   endfacet
   facet normal -1 -2.30622e-15 -3.42041e-17
      outer loop
         vertex -0.135538 -0.184945 -0.226267
         vertex -0.135538 -0.185516 -0.226291
         vertex -0.135538 -0.184779 -0.224165
      endloop
   endfacet
   facet normal -1 -2.30622e-15 -3.42041e-17
      outer loop
         vertex -0.135538 -0.184779 -0.224165
         vertex -0.135538 -0.184613 -0.224125
         vertex -0.135538 -0.184945 -0.226267
      endloop
   endfacet
   facet normal -1 -2.30622e-15 -3.42041e-17
      outer loop
         vertex -0.135538 -0.189705 -0.230125
         vertex -0.135538 -0.189152 -0.226562
         vertex -0.135538 -0.188527 -0.228494
      endloop
   endfacet
   facet normal -1 -2.30622e-15 -3.42041e-17
      outer loop
         vertex -0.135538 -0.189152 -0.226562
         vertex -0.135538 -0.186862 -0.226917
         vertex -0.135538 -0.187241 -0.227093
      endloop
   endfacet
   facet normal -1 -2.30622e-15 -3.42041e-17
      outer loop
         vertex -0.135538 -0.187241 -0.227093
         vertex -0.135538 -0.188527 -0.228494
         vertex -0.135538 -0.189152 -0.226562
      endloop
   endfacet
   facet normal -1 -2.30622e-15 -3.42041e-17
      outer loop
         vertex -0.135538 -0.189705 -0.230125
         vertex -0.135538 -0.18918 -0.230281
         vertex -0.135538 -0.189099 -0.232181
      endloop
   endfacet
   facet normal -1 -2.30622e-15 -3.42041e-17
      outer loop
         vertex -0.135538 -0.189099 -0.232181
         vertex -0.135538 -0.190733 -0.236756
         vertex -0.135538 -0.189705 -0.230125
      endloop
   endfacet
   facet normal -1 -2.30622e-15 -3.42041e-17
      outer loop
         vertex -0.135538 -0.186669 -0.237386
         vertex -0.135538 -0.190733 -0.236756
         vertex -0.135538 -0.186896 -0.235193
      endloop
   endfacet
   facet normal -1 -2.30622e-15 -3.42041e-17
      outer loop
         vertex -0.135538 -0.189099 -0.232181
         vertex -0.135538 -0.188297 -0.233906
         vertex -0.135538 -0.190733 -0.236756
      endloop
   endfacet
   facet normal -1 -2.30622e-15 -3.42041e-17
      outer loop
         vertex -0.135538 -0.188297 -0.233906
         vertex -0.135538 -0.186896 -0.235193
         vertex -0.135538 -0.190733 -0.236756
      endloop
   endfacet
   facet normal -1 -2.30622e-15 -3.42041e-17
      outer loop
         vertex -0.135538 -0.189705 -0.230125
         vertex -0.135538 -0.189154 -0.23021
         vertex -0.135538 -0.18918 -0.230281
      endloop
   endfacet
   facet normal -1 -2.30622e-15 -3.42041e-17
      outer loop
         vertex -0.135538 -0.179075 -0.228124
         vertex -0.135538 -0.179626 -0.229874
         vertex -0.135538 -0.180428 -0.22815
      endloop
   endfacet
   facet normal -1 -2.30622e-15 -3.42041e-17
      outer loop
         vertex -0.135538 -0.179075 -0.228124
         vertex -0.135538 -0.179566 -0.231286
         vertex -0.135538 -0.179626 -0.229874
      endloop
   endfacet
   facet normal -1 -2.30622e-15 -3.42041e-17
      outer loop
         vertex -0.135538 -0.202943 -0.218942
         vertex -0.135538 -0.202098 -0.219073
         vertex -0.135538 -0.202441 -0.221287
      endloop
   endfacet
   facet normal -1 -2.30622e-15 -3.42041e-17
      outer loop
         vertex -0.135538 -0.202441 -0.221287
         vertex -0.135538 -0.202811 -0.221303
         vertex -0.135538 -0.202943 -0.218942
      endloop
   endfacet
   facet normal -1 -2.30622e-15 -3.42041e-17
      outer loop
         vertex -0.135538 -0.195227 -0.229268
         vertex -0.135538 -0.197493 -0.228573
         vertex -0.135538 -0.19684 -0.226787
      endloop
   endfacet
   facet normal -1 -2.30622e-15 -3.42041e-17
      outer loop
         vertex -0.135538 -0.195227 -0.229268
         vertex -0.135538 -0.197769 -0.228874
         vertex -0.135538 -0.197493 -0.228573
      endloop
   endfacet
   facet normal -1 -2.30622e-15 -3.42041e-17
      outer loop
         vertex -0.135538 -0.19684 -0.226787
         vertex -0.135538 -0.194675 -0.225706
         vertex -0.135538 -0.195227 -0.229268
      endloop
   endfacet
   facet normal -1 -2.30622e-15 -3.42041e-17
      outer loop
         vertex -0.135538 -0.198459 -0.219637
         vertex -0.135538 -0.199124 -0.221875
         vertex -0.135538 -0.20091 -0.221222
      endloop
   endfacet
   facet normal -1 -2.30622e-15 -3.42041e-17
      outer loop
         vertex -0.135538 -0.20091 -0.221222
         vertex -0.135538 -0.202098 -0.219073
         vertex -0.135538 -0.198459 -0.219637
      endloop
   endfacet
   facet normal -1 -2.30622e-15 -3.42041e-17
      outer loop
         vertex -0.135538 -0.197834 -0.220317
         vertex -0.135538 -0.195793 -0.222437
         vertex -0.135538 -0.197723 -0.223161
      endloop
   endfacet
   facet normal -1 -2.30622e-15 -3.42041e-17
      outer loop
         vertex -0.135538 -0.196921 -0.224886
         vertex -0.135538 -0.197723 -0.223161
         vertex -0.135538 -0.195793 -0.222437
      endloop
   endfacet
   facet normal -1 -2.30622e-15 -3.42041e-17
      outer loop
         vertex -0.135538 -0.194675 -0.225706
         vertex -0.135538 -0.196901 -0.225361
         vertex -0.135538 -0.196921 -0.224886
      endloop
   endfacet
   facet normal -1 -2.30622e-15 -3.42041e-17
      outer loop
         vertex -0.135538 -0.197723 -0.223161
         vertex -0.135538 -0.199124 -0.221875
         vertex -0.135538 -0.197834 -0.220317
      endloop
   endfacet
   facet normal -1 -2.30622e-15 -3.42041e-17
      outer loop
         vertex -0.135538 -0.196921 -0.224886
         vertex -0.135538 -0.194385 -0.223834
         vertex -0.135538 -0.194675 -0.225706
      endloop
   endfacet
   facet normal -1 -2.30622e-15 -3.42041e-17
      outer loop
         vertex -0.135538 -0.195793 -0.222437
         vertex -0.135538 -0.194385 -0.223834
         vertex -0.135538 -0.196921 -0.224886
      endloop
   endfacet
   facet normal -1 -2.30622e-15 -3.42041e-17
      outer loop
         vertex -0.135538 -0.198459 -0.219637
         vertex -0.135538 -0.197834 -0.220317
         vertex -0.135538 -0.199124 -0.221875
      endloop
   endfacet
   facet normal -1 -2.30622e-15 -3.42041e-17
      outer loop
         vertex -0.135538 -0.202292 -0.214747
         vertex -0.135538 -0.204832 -0.213304
         vertex -0.135538 -0.203107 -0.212502
      endloop
   endfacet
   facet normal -1 -2.30622e-15 -3.42041e-17
      outer loop
         vertex -0.135538 -0.202292 -0.214747
         vertex -0.135538 -0.210209 -0.213519
         vertex -0.135538 -0.206732 -0.213385
      endloop
   endfacet
   facet normal -1 -2.30622e-15 -3.42041e-17
      outer loop
         vertex -0.135538 -0.206732 -0.213385
         vertex -0.135538 -0.204832 -0.213304
         vertex -0.135538 -0.202292 -0.214747
      endloop
   endfacet
   facet normal -1 -2.30622e-15 -3.42041e-17
      outer loop
         vertex -0.135538 -0.210209 -0.213519
         vertex -0.135538 -0.208519 -0.212732
         vertex -0.135538 -0.206732 -0.213385
      endloop
   endfacet
   facet normal -1 -2.30622e-15 -3.42041e-17
      outer loop
         vertex -0.135538 -0.203107 -0.212502
         vertex -0.135538 -0.20182 -0.211101
         vertex -0.135538 -0.202292 -0.214747
      endloop
   endfacet
   facet normal -1 -2.30622e-15 -3.42041e-17
      outer loop
         vertex -0.135538 -0.210209 -0.213519
         vertex -0.135538 -0.209892 -0.211472
         vertex -0.135538 -0.208519 -0.212732
      endloop
   endfacet
   facet normal -1 -2.30622e-15 -3.42041e-17
      outer loop
         vertex -0.135538 -0.199676 -0.203452
         vertex -0.135538 -0.201168 -0.209315
         vertex -0.135538 -0.201228 -0.207886
      endloop
   endfacet
   facet normal -1 -2.30622e-15 -3.42041e-17
      outer loop
         vertex -0.135538 -0.199676 -0.203452
         vertex -0.135538 -0.201448 -0.214878
         vertex -0.135538 -0.201168 -0.209315
      endloop
   endfacet
   facet normal -1 -2.30622e-15 -3.42041e-17
      outer loop
         vertex -0.135538 -0.201448 -0.214878
         vertex -0.135538 -0.202292 -0.214747
         vertex -0.135538 -0.201658 -0.210658
      endloop
   endfacet
   facet normal -1 -2.30622e-15 -3.42041e-17
      outer loop
         vertex -0.135538 -0.201658 -0.210658
         vertex -0.135538 -0.201168 -0.209315
         vertex -0.135538 -0.201448 -0.214878
      endloop
   endfacet
   facet normal -1 -2.30622e-15 -3.42041e-17
      outer loop
         vertex -0.135538 -0.20052 -0.203321
         vertex -0.135538 -0.203451 -0.204403
         vertex -0.135538 -0.205238 -0.20375
      endloop
   endfacet
   facet normal -1 -2.30622e-15 -3.42041e-17
      outer loop
         vertex -0.135538 -0.20052 -0.203321
         vertex -0.135538 -0.201228 -0.207886
         vertex -0.135538 -0.201248 -0.207414
      endloop
   endfacet
   facet normal -1 -2.30622e-15 -3.42041e-17
      outer loop
         vertex -0.135538 -0.205238 -0.20375
         vertex -0.135538 -0.208437 -0.202093
         vertex -0.135538 -0.20052 -0.203321
      endloop
   endfacet
   facet normal -1 -2.30622e-15 -3.42041e-17
      outer loop
         vertex -0.135538 -0.201248 -0.207414
         vertex -0.135538 -0.20205 -0.205689
         vertex -0.135538 -0.20052 -0.203321
      endloop
   endfacet
   facet normal -1 -2.30622e-15 -3.42041e-17
      outer loop
         vertex -0.135538 -0.20205 -0.205689
         vertex -0.135538 -0.203451 -0.204403
         vertex -0.135538 -0.20052 -0.203321
      endloop
   endfacet
   facet normal -1 -2.30622e-15 -3.42041e-17
      outer loop
         vertex -0.135538 -0.205238 -0.20375
         vertex -0.135538 -0.207138 -0.203831
         vertex -0.135538 -0.208437 -0.202093
      endloop
   endfacet
   facet normal -1 -2.30622e-15 -3.42041e-17
      outer loop
         vertex -0.135538 -0.19771 -0.190773
         vertex -0.135538 -0.197182 -0.19355
         vertex -0.135538 -0.197835 -0.195337
      endloop
   endfacet
   facet normal -1 -2.30622e-15 -3.42041e-17
      outer loop
         vertex -0.135538 -0.197835 -0.195337
         vertex -0.135538 -0.198897 -0.198426
         vertex -0.135538 -0.19771 -0.190773
      endloop
   endfacet
   facet normal -1 -2.30622e-15 -3.42041e-17
      outer loop
         vertex -0.135538 -0.19771 -0.190773
         vertex -0.135538 -0.195896 -0.192149
         vertex -0.135538 -0.197182 -0.19355
      endloop
   endfacet
   facet normal -1 -2.30622e-15 -3.42041e-17
      outer loop
         vertex -0.135538 -0.197835 -0.195337
         vertex -0.135538 -0.197754 -0.197237
         vertex -0.135538 -0.198897 -0.198426
      endloop
   endfacet
   facet normal -1 -2.30622e-15 -3.42041e-17
      outer loop
         vertex -0.135538 -0.19771 -0.190773
         vertex -0.135538 -0.194171 -0.191347
         vertex -0.135538 -0.195896 -0.192149
      endloop
   endfacet
   facet normal -1 -2.30622e-15 -3.42041e-17
      outer loop
         vertex -0.135538 -0.19771 -0.190773
         vertex -0.135538 -0.194042 -0.191342
         vertex -0.135538 -0.194171 -0.191347
      endloop
   endfacet
   facet normal -1 -2.30622e-15 -3.42041e-17
      outer loop
         vertex -0.135538 -0.199326 -0.201192
         vertex -0.135538 -0.195551 -0.200249
         vertex -0.135538 -0.193765 -0.200901
      endloop
   endfacet
   facet normal -1 -2.30622e-15 -3.42041e-17
      outer loop
         vertex -0.135538 -0.193765 -0.200901
         vertex -0.135538 -0.191072 -0.202472
         vertex -0.135538 -0.199326 -0.201192
      endloop
   endfacet
   facet normal -1 -2.30622e-15 -3.42041e-17
      outer loop
         vertex -0.135538 -0.199326 -0.201192
         vertex -0.135538 -0.196952 -0.198962
         vertex -0.135538 -0.195551 -0.200249
      endloop
   endfacet
   facet normal -1 -2.30622e-15 -3.42041e-17
      outer loop
         vertex -0.135538 -0.193765 -0.200901
         vertex -0.135538 -0.191864 -0.20082
         vertex -0.135538 -0.191072 -0.202472
      endloop
   endfacet
   facet normal -1 -2.30622e-15 -3.42041e-17
      outer loop
         vertex -0.135538 -0.199326 -0.201192
         vertex -0.135538 -0.198897 -0.198426
         vertex -0.135538 -0.19707 -0.19871
      endloop
   endfacet
   facet normal -1 -2.30622e-15 -3.42041e-17
      outer loop
         vertex -0.135538 -0.19707 -0.19871
         vertex -0.135538 -0.196952 -0.198962
         vertex -0.135538 -0.199326 -0.201192
      endloop
   endfacet
   facet normal -1 -2.30622e-15 -3.42041e-17
      outer loop
         vertex -0.135538 -0.190735 -0.200295
         vertex -0.135538 -0.190183 -0.202347
         vertex -0.135538 -0.190835 -0.202509
      endloop
   endfacet
   facet normal -1 -2.30622e-15 -3.42041e-17
      outer loop
         vertex -0.135538 -0.190183 -0.202347
         vertex -0.135538 -0.190735 -0.200295
         vertex -0.135538 -0.190139 -0.200018
      endloop
   endfacet
   facet normal -1 -2.30622e-15 -3.42041e-17
      outer loop
         vertex -0.135538 -0.188299 -0.201869
         vertex -0.135538 -0.190139 -0.200018
         vertex -0.135538 -0.189951 -0.199813
      endloop
   endfacet
   facet normal -1 -2.30622e-15 -3.42041e-17
      outer loop
         vertex -0.135538 -0.190139 -0.200018
         vertex -0.135538 -0.188299 -0.201869
         vertex -0.135538 -0.190183 -0.202347
      endloop
   endfacet
   facet normal -1 -2.30622e-15 -3.42041e-17
      outer loop
         vertex -0.135538 -0.190835 -0.202509
         vertex -0.135538 -0.191072 -0.202472
         vertex -0.135538 -0.190735 -0.200295
      endloop
   endfacet
   facet normal -1 -2.30622e-15 -3.42041e-17
      outer loop
         vertex -0.135538 -0.18684 -0.192459
         vertex -0.135538 -0.188026 -0.200112
         vertex -0.135538 -0.1882 -0.196831
      endloop
   endfacet
   facet normal -1 -2.30622e-15 -3.42041e-17
      outer loop
         vertex -0.135538 -0.18684 -0.192459
         vertex -0.135538 -0.189083 -0.193206
         vertex -0.135538 -0.189567 -0.192761
      endloop
   endfacet
   facet normal -1 -2.30622e-15 -3.42041e-17
      outer loop
         vertex -0.135538 -0.1882 -0.196831
         vertex -0.135538 -0.188281 -0.19493
         vertex -0.135538 -0.18684 -0.192459
      endloop
   endfacet
   facet normal -1 -2.30622e-15 -3.42041e-17
      outer loop
         vertex -0.135538 -0.188281 -0.19493
         vertex -0.135538 -0.189083 -0.193206
         vertex -0.135538 -0.18684 -0.192459
      endloop
   endfacet
   facet normal -1 -2.30622e-15 -3.42041e-17
      outer loop
         vertex -0.135538 -0.188026 -0.200112
         vertex -0.135538 -0.189951 -0.199813
         vertex -0.135538 -0.188853 -0.198617
      endloop
   endfacet
   facet normal -1 -2.30622e-15 -3.42041e-17
      outer loop
         vertex -0.135538 -0.188853 -0.198617
         vertex -0.135538 -0.1882 -0.196831
         vertex -0.135538 -0.188026 -0.200112
      endloop
   endfacet
   facet normal -1 -2.30622e-15 -3.42041e-17
      outer loop
         vertex -0.135538 -0.189457 -0.192053
         vertex -0.135538 -0.189567 -0.192761
         vertex -0.135538 -0.190484 -0.191919
      endloop
   endfacet
   facet normal -1 -2.30622e-15 -3.42041e-17
      outer loop
         vertex -0.135538 -0.197282 -0.18801
         vertex -0.135538 -0.189028 -0.18929
         vertex -0.135538 -0.192271 -0.191266
      endloop
   endfacet
   facet normal -1 -2.30622e-15 -3.42041e-17
      outer loop
         vertex -0.135538 -0.192271 -0.191266
         vertex -0.135538 -0.194042 -0.191342
         vertex -0.135538 -0.197282 -0.18801
      endloop
   endfacet
   facet normal -1 -2.30622e-15 -3.42041e-17
      outer loop
         vertex -0.135538 -0.189028 -0.18929
         vertex -0.135538 -0.189457 -0.192053
         vertex -0.135538 -0.190605 -0.191875
      endloop
   endfacet
   facet normal -1 -2.30622e-15 -3.42041e-17
      outer loop
         vertex -0.135538 -0.190605 -0.191875
         vertex -0.135538 -0.192271 -0.191266
         vertex -0.135538 -0.189028 -0.18929
      endloop
   endfacet
   facet normal -1 -2.30622e-15 -3.42041e-17
      outer loop
         vertex -0.135538 -0.181057 -0.201193
         vertex -0.135538 -0.180499 -0.201279
         vertex -0.135538 -0.180459 -0.202225
      endloop
   endfacet
   facet normal -1 -2.30622e-15 -3.42041e-17
      outer loop
         vertex -0.135538 -0.180459 -0.202225
         vertex -0.135538 -0.181486 -0.203958
         vertex -0.135538 -0.181057 -0.201193
      endloop
   endfacet
   facet normal -1 -2.30622e-15 -3.42041e-17
      outer loop
         vertex -0.135538 -0.180459 -0.202225
         vertex -0.135538 -0.179657 -0.20395
         vertex -0.135538 -0.181486 -0.203958
      endloop
   endfacet
   facet normal -1 -2.30622e-15 -3.42041e-17
      outer loop
         vertex -0.135538 -0.179858 -0.206525
         vertex -0.135538 -0.178256 -0.205237
         vertex -0.135538 -0.17647 -0.205889
      endloop
   endfacet
   facet normal -1 -2.30622e-15 -3.42041e-17
      outer loop
         vertex -0.135538 -0.179275 -0.204301
         vertex -0.135538 -0.181457 -0.204864
         vertex -0.135538 -0.181603 -0.204711
      endloop
   endfacet
   facet normal -1 -2.30622e-15 -3.42041e-17
      outer loop
         vertex -0.135538 -0.179858 -0.206525
         vertex -0.135538 -0.181457 -0.204864
         vertex -0.135538 -0.179275 -0.204301
      endloop
   endfacet
   facet normal -1 -2.30622e-15 -3.42041e-17
      outer loop
         vertex -0.135538 -0.17647 -0.205889
         vertex -0.135538 -0.175823 -0.20715
         vertex -0.135538 -0.179858 -0.206525
      endloop
   endfacet
   facet normal -1 -2.30622e-15 -3.42041e-17
      outer loop
         vertex -0.135538 -0.179275 -0.204301
         vertex -0.135538 -0.178256 -0.205237
         vertex -0.135538 -0.179858 -0.206525
      endloop
   endfacet
   facet normal -1 -2.30622e-15 -3.42041e-17
      outer loop
         vertex -0.135538 -0.181603 -0.204711
         vertex -0.135538 -0.181486 -0.203958
         vertex -0.135538 -0.179275 -0.204301
      endloop
   endfacet
   facet normal -1 -2.30622e-15 -3.42041e-17
      outer loop
         vertex -0.135538 -0.17516 -0.207253
         vertex -0.135538 -0.175823 -0.20715
         vertex -0.135538 -0.175622 -0.205853
      endloop
   endfacet
   facet normal -1 -2.30622e-15 -3.42041e-17
      outer loop
         vertex -0.135538 -0.167655 -0.208417
         vertex -0.135538 -0.17516 -0.207253
         vertex -0.135538 -0.173315 -0.205225
      endloop
   endfacet
   facet normal -1 -2.30622e-15 -3.42041e-17
      outer loop
         vertex -0.135538 -0.17516 -0.207253
         vertex -0.135538 -0.174569 -0.205809
         vertex -0.135538 -0.173315 -0.205225
      endloop
   endfacet
   facet normal -1 -2.30622e-15 -3.42041e-17
      outer loop
         vertex -0.135538 -0.17516 -0.207253
         vertex -0.135538 -0.174939 -0.205824
         vertex -0.135538 -0.174569 -0.205809
      endloop
   endfacet
   facet normal -1 -2.30622e-15 -3.42041e-17
      outer loop
         vertex -0.135538 -0.167305 -0.206157
         vertex -0.135538 -0.171558 -0.203606
         vertex -0.135538 -0.171233 -0.202716
      endloop
   endfacet
   facet normal -1 -2.30622e-15 -3.42041e-17
      outer loop
         vertex -0.135538 -0.167305 -0.206157
         vertex -0.135538 -0.173315 -0.205225
         vertex -0.135538 -0.172844 -0.205007
      endloop
   endfacet
   facet normal -1 -2.30622e-15 -3.42041e-17
      outer loop
         vertex -0.135538 -0.172844 -0.205007
         vertex -0.135538 -0.171558 -0.203606
         vertex -0.135538 -0.167305 -0.206157
      endloop
   endfacet
   facet normal -1 -2.30622e-15 -3.42041e-17
      outer loop
         vertex -0.135538 -0.173194 -0.194574
         vertex -0.135538 -0.173536 -0.19678
         vertex -0.135538 -0.174179 -0.196546
      endloop
   endfacet
   facet normal -1 -2.30622e-15 -3.42041e-17
      outer loop
         vertex -0.135538 -0.173857 -0.194472
         vertex -0.135538 -0.174976 -0.196255
         vertex -0.135538 -0.176876 -0.196335
      endloop
   endfacet
   facet normal -1 -2.30622e-15 -3.42041e-17
      outer loop
         vertex -0.135538 -0.176876 -0.196335
         vertex -0.135538 -0.17987 -0.193539
         vertex -0.135538 -0.173857 -0.194472
      endloop
   endfacet
   facet normal -1 -2.30622e-15 -3.42041e-17
      outer loop
         vertex -0.135538 -0.17987 -0.193539
         vertex -0.135538 -0.179887 -0.198538
         vertex -0.135538 -0.18054 -0.200325
      endloop
   endfacet
   facet normal -1 -2.30622e-15 -3.42041e-17
      outer loop
         vertex -0.135538 -0.176876 -0.196335
         vertex -0.135538 -0.178601 -0.197137
         vertex -0.135538 -0.17987 -0.193539
      endloop
   endfacet
   facet normal -1 -2.30622e-15 -3.42041e-17
      outer loop
         vertex -0.135538 -0.18054 -0.200325
         vertex -0.135538 -0.181057 -0.201193
         vertex -0.135538 -0.17987 -0.193539
      endloop
   endfacet
   facet normal -1 -2.30622e-15 -3.42041e-17
      outer loop
         vertex -0.135538 -0.173857 -0.194472
         vertex -0.135538 -0.174179 -0.196546
         vertex -0.135538 -0.174976 -0.196255
      endloop
   endfacet
   facet normal -1 -2.30622e-15 -3.42041e-17
      outer loop
         vertex -0.135538 -0.178601 -0.197137
         vertex -0.135538 -0.179887 -0.198538
         vertex -0.135538 -0.17987 -0.193539
      endloop
   endfacet
   facet normal -1 -2.30622e-15 -3.42041e-17
      outer loop
         vertex -0.135538 -0.177582 -0.222874
         vertex -0.135538 -0.173929 -0.222709
         vertex -0.135538 -0.172142 -0.223361
      endloop
   endfacet
   facet normal -1 -2.30622e-15 -3.42041e-17
      outer loop
         vertex -0.135538 -0.176932 -0.218679
         vertex -0.135538 -0.17617 -0.218797
         vertex -0.135538 -0.176132 -0.219697
      endloop
   endfacet
   facet normal -1 -2.30622e-15 -3.42041e-17
      outer loop
         vertex -0.135538 -0.177582 -0.222874
         vertex -0.135538 -0.17533 -0.221422
         vertex -0.135538 -0.173929 -0.222709
      endloop
   endfacet
   facet normal -1 -2.30622e-15 -3.42041e-17
      outer loop
         vertex -0.135538 -0.176132 -0.219697
         vertex -0.135538 -0.177582 -0.222874
         vertex -0.135538 -0.176932 -0.218679
      endloop
   endfacet
   facet normal -1 -2.30622e-15 -3.42041e-17
      outer loop
         vertex -0.135538 -0.170077 -0.224038
         vertex -0.135538 -0.172142 -0.223361
         vertex -0.135538 -0.170242 -0.223281
      endloop
   endfacet
   facet normal -1 -2.30622e-15 -3.42041e-17
      outer loop
         vertex -0.135538 -0.176132 -0.219697
         vertex -0.135538 -0.17533 -0.221422
         vertex -0.135538 -0.177582 -0.222874
      endloop
   endfacet
   facet normal -1 -2.30622e-15 -3.42041e-17
      outer loop
         vertex -0.135538 -0.172142 -0.223361
         vertex -0.135538 -0.170077 -0.224038
         vertex -0.135538 -0.177582 -0.222874
      endloop
   endfacet
   facet normal -1 -2.30622e-15 -3.42041e-17
      outer loop
         vertex -0.135538 -0.17516 -0.207253
         vertex -0.135538 -0.167655 -0.208417
         vertex -0.135538 -0.170648 -0.213727
      endloop
   endfacet
   facet normal -1 -2.30622e-15 -3.42041e-17
      outer loop
         vertex -0.135538 -0.176932 -0.218679
         vertex -0.135538 -0.17516 -0.207253
         vertex -0.135538 -0.17556 -0.21601
      endloop
   endfacet
   facet normal -1 -2.30622e-15 -3.42041e-17
      outer loop
         vertex -0.135538 -0.170648 -0.213727
         vertex -0.135538 -0.172548 -0.213807
         vertex -0.135538 -0.17516 -0.207253
      endloop
   endfacet
   facet normal -1 -2.30622e-15 -3.42041e-17
      outer loop
         vertex -0.135538 -0.17516 -0.207253
         vertex -0.135538 -0.174273 -0.214609
         vertex -0.135538 -0.17556 -0.21601
      endloop
   endfacet
   facet normal -1 -2.30622e-15 -3.42041e-17
      outer loop
         vertex -0.135538 -0.167655 -0.208417
         vertex -0.135538 -0.168861 -0.214379
         vertex -0.135538 -0.170648 -0.213727
      endloop
   endfacet
   facet normal -1 -2.30622e-15 -3.42041e-17
      outer loop
         vertex -0.135538 -0.17556 -0.21601
         vertex -0.135538 -0.176212 -0.217797
         vertex -0.135538 -0.176932 -0.218679
      endloop
   endfacet
   facet normal -1 -2.30622e-15 -3.42041e-17
      outer loop
         vertex -0.135538 -0.167655 -0.208417
         vertex -0.135538 -0.168615 -0.214605
         vertex -0.135538 -0.168861 -0.214379
      endloop
   endfacet
   facet normal -1 -2.30622e-15 -3.42041e-17
      outer loop
         vertex -0.135538 -0.172548 -0.213807
         vertex -0.135538 -0.174273 -0.214609
         vertex -0.135538 -0.17516 -0.207253
      endloop
   endfacet
   facet normal -1 -2.30622e-15 -3.42041e-17
      outer loop
         vertex -0.135538 -0.21086 -0.217714
         vertex -0.135538 -0.210209 -0.213519
         vertex -0.135538 -0.208657 -0.216307
      endloop
   endfacet
   facet normal -1 -2.30622e-15 -3.42041e-17
      outer loop
         vertex -0.135538 -0.210209 -0.213519
         vertex -0.135538 -0.202292 -0.214747
         vertex -0.135538 -0.205634 -0.214902
      endloop
   endfacet
   facet normal -1 -2.30622e-15 -3.42041e-17
      outer loop
         vertex -0.135538 -0.208657 -0.216307
         vertex -0.135538 -0.209059 -0.217407
         vertex -0.135538 -0.21086 -0.217714
      endloop
   endfacet
   facet normal -1 -2.30622e-15 -3.42041e-17
      outer loop
         vertex -0.135538 -0.205634 -0.214902
         vertex -0.135538 -0.206804 -0.214952
         vertex -0.135538 -0.210209 -0.213519
      endloop
   endfacet
   facet normal -1 -2.30622e-15 -3.42041e-17
      outer loop
         vertex -0.135538 -0.202292 -0.214747
         vertex -0.135538 -0.203673 -0.216095
         vertex -0.135538 -0.204535 -0.215304
      endloop
   endfacet
   facet normal -1 -2.30622e-15 -3.42041e-17
      outer loop
         vertex -0.135538 -0.210209 -0.213519
         vertex -0.135538 -0.207865 -0.215445
         vertex -0.135538 -0.208657 -0.216307
      endloop
   endfacet
   facet normal -1 -2.30622e-15 -3.42041e-17
      outer loop
         vertex -0.135538 -0.204535 -0.215304
         vertex -0.135538 -0.205634 -0.214902
         vertex -0.135538 -0.202292 -0.214747
      endloop
   endfacet
   facet normal -1 -2.30622e-15 -3.42041e-17
      outer loop
         vertex -0.135538 -0.202292 -0.214747
         vertex -0.135538 -0.202943 -0.218942
         vertex -0.135538 -0.20313 -0.218326
      endloop
   endfacet
   facet normal -1 -2.30622e-15 -3.42041e-17
      outer loop
         vertex -0.135538 -0.206804 -0.214952
         vertex -0.135538 -0.207865 -0.215445
         vertex -0.135538 -0.210209 -0.213519
      endloop
   endfacet
   facet normal -1 -2.30622e-15 -3.42041e-17
      outer loop
         vertex -0.135538 -0.20313 -0.218326
         vertex -0.135538 -0.203179 -0.217157
         vertex -0.135538 -0.202292 -0.214747
      endloop
   endfacet
   facet normal -1 -2.30622e-15 -3.42041e-17
      outer loop
         vertex -0.135538 -0.203179 -0.217157
         vertex -0.135538 -0.203673 -0.216095
         vertex -0.135538 -0.202292 -0.214747
      endloop
   endfacet
   facet normal -1 -2.30622e-15 -3.42041e-17
      outer loop
         vertex -0.135538 -0.202943 -0.218942
         vertex -0.135538 -0.203332 -0.218882
         vertex -0.135538 -0.20313 -0.218326
      endloop
   endfacet
   facet normal -1 -2.30622e-15 -3.42041e-17
      outer loop
         vertex -0.135538 -0.170077 -0.224038
         vertex -0.135538 -0.174696 -0.22391
         vertex -0.135538 -0.175795 -0.223508
      endloop
   endfacet
   facet normal -1 -2.30622e-15 -3.42041e-17
      outer loop
         vertex -0.135538 -0.170077 -0.224038
         vertex -0.135538 -0.173833 -0.224702
         vertex -0.135538 -0.174696 -0.22391
      endloop
   endfacet
   facet normal -1 -2.30622e-15 -3.42041e-17
      outer loop
         vertex -0.135538 -0.170077 -0.224038
         vertex -0.135538 -0.170908 -0.229391
         vertex -0.135538 -0.17329 -0.226932
      endloop
   endfacet
   facet normal -1 -2.30622e-15 -3.42041e-17
      outer loop
         vertex -0.135538 -0.177582 -0.222874
         vertex -0.135538 -0.175795 -0.223508
         vertex -0.135538 -0.176965 -0.223558
      endloop
   endfacet
   facet normal -1 -2.30622e-15 -3.42041e-17
      outer loop
         vertex -0.135538 -0.170077 -0.224038
         vertex -0.135538 -0.17334 -0.225763
         vertex -0.135538 -0.173833 -0.224702
      endloop
   endfacet
   facet normal -1 -2.30622e-15 -3.42041e-17
      outer loop
         vertex -0.135538 -0.170908 -0.229391
         vertex -0.135538 -0.173692 -0.228032
         vertex -0.135538 -0.17329 -0.226932
      endloop
   endfacet
   facet normal -1 -2.30622e-15 -3.42041e-17
      outer loop
         vertex -0.135538 -0.175795 -0.223508
         vertex -0.135538 -0.177582 -0.222874
         vertex -0.135538 -0.170077 -0.224038
      endloop
   endfacet
   facet normal -1 -2.30622e-15 -3.42041e-17
      outer loop
         vertex -0.135538 -0.170908 -0.229391
         vertex -0.135538 -0.174437 -0.228844
         vertex -0.135538 -0.173692 -0.228032
      endloop
   endfacet
   facet normal -1 -2.30622e-15 -3.42041e-17
      outer loop
         vertex -0.135538 -0.17329 -0.226932
         vertex -0.135538 -0.17334 -0.225763
         vertex -0.135538 -0.170077 -0.224038
      endloop
   endfacet
   facet normal -1 -2.30622e-15 -3.42041e-17
      outer loop
         vertex -0.135538 -0.178245 -0.222772
         vertex -0.135538 -0.177582 -0.222874
         vertex -0.135538 -0.177745 -0.223921
      endloop
   endfacet
   facet normal -1 -2.30622e-15 -3.42041e-17
      outer loop
         vertex -0.135538 -0.177745 -0.223921
         vertex -0.135538 -0.178026 -0.224051
         vertex -0.135538 -0.178245 -0.222772
      endloop
   endfacet
   facet normal -1 -2.30622e-15 -3.42041e-17
      outer loop
         vertex -0.135538 -0.184613 -0.224125
         vertex -0.135538 -0.179219 -0.226013
         vertex -0.135538 -0.181829 -0.226863
      endloop
   endfacet
   facet normal -1 -2.30622e-15 -3.42041e-17
      outer loop
         vertex -0.135538 -0.180735 -0.227867
         vertex -0.135538 -0.17917 -0.227183
         vertex -0.135538 -0.178989 -0.22757
      endloop
   endfacet
   facet normal -1 -2.30622e-15 -3.42041e-17
      outer loop
         vertex -0.135538 -0.179219 -0.226013
         vertex -0.135538 -0.17917 -0.227183
         vertex -0.135538 -0.180735 -0.227867
      endloop
   endfacet
   facet normal -1 -2.30622e-15 -3.42041e-17
      outer loop
         vertex -0.135538 -0.178529 -0.224599
         vertex -0.135538 -0.18239 -0.223588
         vertex -0.135538 -0.18062 -0.222403
      endloop
   endfacet
   facet normal -1 -2.30622e-15 -3.42041e-17
      outer loop
         vertex -0.135538 -0.181829 -0.226863
         vertex -0.135538 -0.183615 -0.22621
         vertex -0.135538 -0.184613 -0.224125
      endloop
   endfacet
   facet normal -1 -2.30622e-15 -3.42041e-17
      outer loop
         vertex -0.135538 -0.180735 -0.227867
         vertex -0.135538 -0.181829 -0.226863
         vertex -0.135538 -0.179219 -0.226013
      endloop
   endfacet
   facet normal -1 -2.30622e-15 -3.42041e-17
      outer loop
         vertex -0.135538 -0.179219 -0.226013
         vertex -0.135538 -0.184613 -0.224125
         vertex -0.135538 -0.18239 -0.223588
      endloop
   endfacet
   facet normal -1 -2.30622e-15 -3.42041e-17
      outer loop
         vertex -0.135538 -0.18062 -0.222403
         vertex -0.135538 -0.178245 -0.222772
         vertex -0.135538 -0.178529 -0.224599
      endloop
   endfacet
   facet normal -1 -2.30622e-15 -3.42041e-17
      outer loop
         vertex -0.135538 -0.178989 -0.22757
         vertex -0.135538 -0.179075 -0.228124
         vertex -0.135538 -0.180735 -0.227867
      endloop
   endfacet
   facet normal -1 -2.30622e-15 -3.42041e-17
      outer loop
         vertex -0.135538 -0.178529 -0.224599
         vertex -0.135538 -0.178818 -0.224914
         vertex -0.135538 -0.18239 -0.223588
      endloop
   endfacet
   facet normal -1 -2.30622e-15 -3.42041e-17
      outer loop
         vertex -0.135538 -0.18239 -0.223588
         vertex -0.135538 -0.178818 -0.224914
         vertex -0.135538 -0.179219 -0.226013
      endloop
   endfacet
   facet normal -1 -2.30622e-15 -3.42041e-17
      outer loop
         vertex -0.135538 -0.179566 -0.231286
         vertex -0.135538 -0.178676 -0.228244
         vertex -0.135538 -0.178447 -0.228454
      endloop
   endfacet
   facet normal -1 -2.30622e-15 -3.42041e-17
      outer loop
         vertex -0.135538 -0.178965 -0.23179
         vertex -0.135538 -0.179548 -0.2317
         vertex -0.135538 -0.179566 -0.231286
      endloop
   endfacet
   facet normal -1 -2.30622e-15 -3.42041e-17
      outer loop
         vertex -0.135538 -0.179075 -0.228124
         vertex -0.135538 -0.178705 -0.228182
         vertex -0.135538 -0.178676 -0.228244
      endloop
   endfacet
   facet normal -1 -2.30622e-15 -3.42041e-17
      outer loop
         vertex -0.135538 -0.178676 -0.228244
         vertex -0.135538 -0.179566 -0.231286
         vertex -0.135538 -0.179075 -0.228124
      endloop
   endfacet
   facet normal -1 -2.30622e-15 -3.42041e-17
      outer loop
         vertex -0.135538 -0.188026 -0.200112
         vertex -0.135538 -0.18684 -0.192459
         vertex -0.135538 -0.186686 -0.195868
      endloop
   endfacet
   facet normal -1 -2.30622e-15 -3.42041e-17
      outer loop
         vertex -0.135538 -0.18684 -0.192459
         vertex -0.135538 -0.186284 -0.194769
         vertex -0.135538 -0.186686 -0.195868
      endloop
   endfacet
   facet normal -1 -2.30622e-15 -3.42041e-17
      outer loop
         vertex -0.135538 -0.18684 -0.192459
         vertex -0.135538 -0.184431 -0.193413
         vertex -0.135538 -0.185492 -0.193907
      endloop
   endfacet
   facet normal -1 -2.30622e-15 -3.42041e-17
      outer loop
         vertex -0.135538 -0.185121 -0.200562
         vertex -0.135538 -0.188026 -0.200112
         vertex -0.135538 -0.18528 -0.198891
      endloop
   endfacet
   facet normal -1 -2.30622e-15 -3.42041e-17
      outer loop
         vertex -0.135538 -0.188026 -0.200112
         vertex -0.135538 -0.186636 -0.197038
         vertex -0.135538 -0.186143 -0.198099
      endloop
   endfacet
   facet normal -1 -2.30622e-15 -3.42041e-17
      outer loop
         vertex -0.135538 -0.185492 -0.193907
         vertex -0.135538 -0.186284 -0.194769
         vertex -0.135538 -0.18684 -0.192459
      endloop
   endfacet
   facet normal -1 -2.30622e-15 -3.42041e-17
      outer loop
         vertex -0.135538 -0.183934 -0.192909
         vertex -0.135538 -0.18401 -0.193395
         vertex -0.135538 -0.184431 -0.193413
      endloop
   endfacet
   facet normal -1 -2.30622e-15 -3.42041e-17
      outer loop
         vertex -0.135538 -0.186143 -0.198099
         vertex -0.135538 -0.18528 -0.198891
         vertex -0.135538 -0.188026 -0.200112
      endloop
   endfacet
   facet normal -1 -2.30622e-15 -3.42041e-17
      outer loop
         vertex -0.135538 -0.184431 -0.193413
         vertex -0.135538 -0.18684 -0.192459
         vertex -0.135538 -0.183934 -0.192909
      endloop
   endfacet
   facet normal -1 -2.30622e-15 -3.42041e-17
      outer loop
         vertex -0.135538 -0.186686 -0.195868
         vertex -0.135538 -0.186636 -0.197038
         vertex -0.135538 -0.188026 -0.200112
      endloop
   endfacet
   facet normal -1 -2.30622e-15 -3.42041e-17
      outer loop
         vertex -0.135538 -0.17987 -0.193539
         vertex -0.135538 -0.182162 -0.193765
         vertex -0.135538 -0.183262 -0.193363
      endloop
   endfacet
   facet normal -1 -2.30622e-15 -3.42041e-17
      outer loop
         vertex -0.135538 -0.17987 -0.193539
         vertex -0.135538 -0.180806 -0.195618
         vertex -0.135538 -0.1813 -0.194557
      endloop
   endfacet
   facet normal -1 -2.30622e-15 -3.42041e-17
      outer loop
         vertex -0.135538 -0.181057 -0.201193
         vertex -0.135538 -0.181158 -0.197887
         vertex -0.135538 -0.180757 -0.196788
      endloop
   endfacet
   facet normal -1 -2.30622e-15 -3.42041e-17
      outer loop
         vertex -0.135538 -0.183262 -0.193363
         vertex -0.135538 -0.183934 -0.192909
         vertex -0.135538 -0.17987 -0.193539
      endloop
   endfacet
   facet normal -1 -2.30622e-15 -3.42041e-17
      outer loop
         vertex -0.135538 -0.17987 -0.193539
         vertex -0.135538 -0.180757 -0.196788
         vertex -0.135538 -0.180806 -0.195618
      endloop
   endfacet
   facet normal -1 -2.30622e-15 -3.42041e-17
      outer loop
         vertex -0.135538 -0.181057 -0.201193
         vertex -0.135538 -0.18195 -0.198749
         vertex -0.135538 -0.181158 -0.197887
      endloop
   endfacet
   facet normal -1 -2.30622e-15 -3.42041e-17
      outer loop
         vertex -0.135538 -0.1813 -0.194557
         vertex -0.135538 -0.182162 -0.193765
         vertex -0.135538 -0.17987 -0.193539
      endloop
   endfacet
   facet normal -1 -2.30622e-15 -3.42041e-17
      outer loop
         vertex -0.135538 -0.181057 -0.201193
         vertex -0.135538 -0.183011 -0.199243
         vertex -0.135538 -0.18195 -0.198749
      endloop
   endfacet
   facet normal -1 -2.30622e-15 -3.42041e-17
      outer loop
         vertex -0.135538 -0.185121 -0.200562
         vertex -0.135538 -0.184181 -0.199293
         vertex -0.135538 -0.183011 -0.199243
      endloop
   endfacet
   facet normal -1 -2.30622e-15 -3.42041e-17
      outer loop
         vertex -0.135538 -0.180757 -0.196788
         vertex -0.135538 -0.17987 -0.193539
         vertex -0.135538 -0.181057 -0.201193
      endloop
   endfacet
   facet normal -1 -2.30622e-15 -3.42041e-17
      outer loop
         vertex -0.135538 -0.185121 -0.200562
         vertex -0.135538 -0.184884 -0.199036
         vertex -0.135538 -0.184181 -0.199293
      endloop
   endfacet
   facet normal -1 -2.30622e-15 -3.42041e-17
      outer loop
         vertex -0.135538 -0.183011 -0.199243
         vertex -0.135538 -0.181057 -0.201193
         vertex -0.135538 -0.185121 -0.200562
      endloop
   endfacet
   facet normal -1 -2.30622e-15 -3.42041e-17
      outer loop
         vertex -0.135538 -0.210209 -0.213519
         vertex -0.135538 -0.21086 -0.217714
         vertex -0.135538 -0.213421 -0.217317
      endloop
   endfacet
   facet normal -1 -2.30622e-15 -3.42041e-17
      outer loop
         vertex -0.135538 -0.214251 -0.212892
         vertex -0.135538 -0.216514 -0.200841
         vertex -0.135538 -0.210802 -0.207821
      endloop
   endfacet
   facet normal -1 -2.30622e-15 -3.42041e-17
      outer loop
         vertex -0.135538 -0.210802 -0.207821
         vertex -0.135538 -0.210722 -0.209721
         vertex -0.135538 -0.214251 -0.212892
      endloop
   endfacet
   facet normal -1 -2.30622e-15 -3.42041e-17
      outer loop
         vertex -0.135538 -0.216514 -0.200841
         vertex -0.135538 -0.21015 -0.206034
         vertex -0.135538 -0.210802 -0.207821
      endloop
   endfacet
   facet normal -1 -2.30622e-15 -3.42041e-17
      outer loop
         vertex -0.135538 -0.216514 -0.200841
         vertex -0.135538 -0.208863 -0.204633
         vertex -0.135538 -0.21015 -0.206034
      endloop
   endfacet
   facet normal -1 -2.30622e-15 -3.42041e-17
      outer loop
         vertex -0.135538 -0.208437 -0.202093
         vertex -0.135538 -0.208829 -0.204617
         vertex -0.135538 -0.208863 -0.204633
      endloop
   endfacet
   facet normal -1 -2.30622e-15 -3.42041e-17
      outer loop
         vertex -0.135538 -0.214251 -0.212892
         vertex -0.135538 -0.20992 -0.211446
         vertex -0.135538 -0.209892 -0.211472
      endloop
   endfacet
   facet normal -1 -2.30622e-15 -3.42041e-17
      outer loop
         vertex -0.135538 -0.208863 -0.204633
         vertex -0.135538 -0.216514 -0.200841
         vertex -0.135538 -0.208437 -0.202093
      endloop
   endfacet
   facet normal -1 -2.30622e-15 -3.42041e-17
      outer loop
         vertex -0.135538 -0.210722 -0.209721
         vertex -0.135538 -0.20992 -0.211446
         vertex -0.135538 -0.214251 -0.212892
      endloop
   endfacet
   facet normal -1 -2.30622e-15 -3.42041e-17
      outer loop
         vertex -0.135538 -0.208087 -0.199834
         vertex -0.135538 -0.208437 -0.202093
         vertex -0.135538 -0.216514 -0.200841
      endloop
   endfacet
   facet normal -1 -2.30622e-15 -3.42041e-17
      outer loop
         vertex -0.135538 -0.207658 -0.197068
         vertex -0.135538 -0.208087 -0.199834
         vertex -0.135538 -0.216961 -0.198458
      endloop
   endfacet
   facet normal -1 -2.30622e-15 -3.42041e-17
      outer loop
         vertex -0.135538 -0.219025 -0.187468
         vertex -0.135538 -0.213785 -0.18828
         vertex -0.135538 -0.213353 -0.190578
      endloop
   endfacet
   facet normal -1 -2.30622e-15 -3.42041e-17
      outer loop
         vertex -0.135538 -0.207658 -0.197068
         vertex -0.135538 -0.217509 -0.19554
         vertex -0.135538 -0.210731 -0.19362
      endloop
   endfacet
   facet normal -1 -2.30622e-15 -3.42041e-17
      outer loop
         vertex -0.135538 -0.213353 -0.190578
         vertex -0.135538 -0.217509 -0.19554
         vertex -0.135538 -0.219025 -0.187468
      endloop
   endfacet
   facet normal -1 -2.30622e-15 -3.42041e-17
      outer loop
         vertex -0.135538 -0.217509 -0.19554
         vertex -0.135538 -0.21195 -0.19294
         vertex -0.135538 -0.210731 -0.19362
      endloop
   endfacet
   facet normal -1 -2.30622e-15 -3.42041e-17
      outer loop
         vertex -0.135538 -0.213353 -0.190578
         vertex -0.135538 -0.212861 -0.191884
         vertex -0.135538 -0.217509 -0.19554
      endloop
   endfacet
   facet normal -1 -2.30622e-15 -3.42041e-17
      outer loop
         vertex -0.135538 -0.212861 -0.191884
         vertex -0.135538 -0.21195 -0.19294
         vertex -0.135538 -0.217509 -0.19554
      endloop
   endfacet
   facet normal -1 -2.30622e-15 -3.42041e-17
      outer loop
         vertex -0.135538 -0.210731 -0.19362
         vertex -0.135538 -0.209353 -0.19384
         vertex -0.135538 -0.207658 -0.197068
      endloop
   endfacet
   facet normal -1 -2.30622e-15 -3.42041e-17
      outer loop
         vertex -0.135538 -0.209353 -0.19384
         vertex -0.135538 -0.207984 -0.193573
         vertex -0.135538 -0.207658 -0.197068
      endloop
   endfacet
   facet normal -1 -2.30622e-15 -3.42041e-17
      outer loop
         vertex -0.135538 -0.214332 -0.185367
         vertex -0.135538 -0.213785 -0.18828
         vertex -0.135538 -0.219025 -0.187468
      endloop
   endfacet
   facet normal -1 -2.30622e-15 -3.42041e-17
      outer loop
         vertex -0.135538 -0.219572 -0.184554
         vertex -0.135538 -0.218997 -0.160665
         vertex -0.135538 -0.216746 -0.171083
      endloop
   endfacet
   facet normal -1 -2.30622e-15 -3.42041e-17
      outer loop
         vertex -0.135538 -0.213499 -0.162673
         vertex -0.135538 -0.207652 -0.162424
         vertex -0.135538 -0.210085 -0.167819
      endloop
   endfacet
   facet normal -1 -2.30622e-15 -3.42041e-17
      outer loop
         vertex -0.135538 -0.216746 -0.171083
         vertex -0.135538 -0.216741 -0.172534
         vertex -0.135538 -0.219572 -0.184554
      endloop
   endfacet
   facet normal -1 -2.30622e-15 -3.42041e-17
      outer loop
         vertex -0.135538 -0.207652 -0.162424
         vertex -0.135538 -0.208802 -0.167956
         vertex -0.135538 -0.210085 -0.167819
      endloop
   endfacet
   facet normal -1 -2.30622e-15 -3.42041e-17
      outer loop
         vertex -0.135538 -0.218997 -0.160665
         vertex -0.135538 -0.216233 -0.169726
         vertex -0.135538 -0.216746 -0.171083
      endloop
   endfacet
   facet normal -1 -2.30622e-15 -3.42041e-17
      outer loop
         vertex -0.135538 -0.210085 -0.167819
         vertex -0.135538 -0.212542 -0.167805
         vertex -0.135538 -0.213499 -0.162673
      endloop
   endfacet
   facet normal -1 -2.30622e-15 -3.42041e-17
      outer loop
         vertex -0.135538 -0.207652 -0.162424
         vertex -0.135538 -0.204331 -0.175614
         vertex -0.135538 -0.206078 -0.170516
      endloop
   endfacet
   facet normal -1 -2.30622e-15 -3.42041e-17
      outer loop
         vertex -0.135538 -0.218997 -0.160665
         vertex -0.135538 -0.21527 -0.168642
         vertex -0.135538 -0.216233 -0.169726
      endloop
   endfacet
   facet normal -1 -2.30622e-15 -3.42041e-17
      outer loop
         vertex -0.135538 -0.218997 -0.160665
         vertex -0.135538 -0.213499 -0.162673
         vertex -0.135538 -0.213983 -0.167972
      endloop
   endfacet
   facet normal -1 -2.30622e-15 -3.42041e-17
      outer loop
         vertex -0.135538 -0.207652 -0.162424
         vertex -0.135538 -0.207628 -0.168494
         vertex -0.135538 -0.208802 -0.167956
      endloop
   endfacet
   facet normal -1 -2.30622e-15 -3.42041e-17
      outer loop
         vertex -0.135538 -0.206078 -0.170516
         vertex -0.135538 -0.206688 -0.169378
         vertex -0.135538 -0.207652 -0.162424
      endloop
   endfacet
   facet normal -1 -2.30622e-15 -3.42041e-17
      outer loop
         vertex -0.135538 -0.213983 -0.167972
         vertex -0.135538 -0.21527 -0.168642
         vertex -0.135538 -0.218997 -0.160665
      endloop
   endfacet
   facet normal -1 -2.30622e-15 -3.42041e-17
      outer loop
         vertex -0.135538 -0.206688 -0.169378
         vertex -0.135538 -0.207628 -0.168494
         vertex -0.135538 -0.207652 -0.162424
      endloop
   endfacet
   facet normal -1 -2.30622e-15 -3.42041e-17
      outer loop
         vertex -0.135538 -0.219572 -0.184554
         vertex -0.135538 -0.223307 -0.156706
         vertex -0.135538 -0.218997 -0.160665
      endloop
   endfacet
   facet normal -1 -2.30622e-15 -3.42041e-17
      outer loop
         vertex -0.135538 -0.216741 -0.172534
         vertex -0.135538 -0.214332 -0.185367
         vertex -0.135538 -0.219572 -0.184554
      endloop
   endfacet
   facet normal -1 -2.30622e-15 -3.42041e-17
      outer loop
         vertex -0.135538 -0.219572 -0.184554
         vertex -0.135538 -0.225943 -0.150618
         vertex -0.135538 -0.225775 -0.151399
      endloop
   endfacet
   facet normal -1 -2.30622e-15 -3.42041e-17
      outer loop
         vertex -0.135538 -0.225775 -0.151399
         vertex -0.135538 -0.223307 -0.156706
         vertex -0.135538 -0.219572 -0.184554
      endloop
   endfacet
   facet normal -1 -2.30622e-15 -3.42041e-17
      outer loop
         vertex -0.135538 -0.212542 -0.167805
         vertex -0.135538 -0.213983 -0.167972
         vertex -0.135538 -0.213499 -0.162673
      endloop
   endfacet
   facet normal -1 -2.30622e-15 -3.42041e-17
      outer loop
         vertex -0.135538 -0.207652 -0.162424
         vertex -0.135538 -0.202345 -0.159956
         vertex -0.135538 -0.204331 -0.175614
      endloop
   endfacet
   facet normal -1 -2.30622e-15 -3.42041e-17
      outer loop
         vertex -0.135538 -0.183506 -0.190146
         vertex -0.135538 -0.180979 -0.173853
         vertex -0.135538 -0.177783 -0.180076
      endloop
   endfacet
   facet normal -1 -2.30622e-15 -3.42041e-17
      outer loop
         vertex -0.135538 -0.179442 -0.190777
         vertex -0.135538 -0.177783 -0.180076
         vertex -0.135538 -0.173053 -0.189284
      endloop
   endfacet
   facet normal -1 -2.30622e-15 -3.42041e-17
      outer loop
         vertex -0.135538 -0.173429 -0.191709
         vertex -0.135538 -0.173053 -0.189284
         vertex -0.135538 -0.172531 -0.190299
      endloop
   endfacet
   facet normal -1 -2.30622e-15 -3.42041e-17
      outer loop
         vertex -0.135538 -0.173194 -0.194574
         vertex -0.135538 -0.172766 -0.191812
         vertex -0.135538 -0.171667 -0.191982
      endloop
   endfacet
   facet normal -1 -2.30622e-15 -3.42041e-17
      outer loop
         vertex -0.135538 -0.170088 -0.195056
         vertex -0.135538 -0.166628 -0.201791
         vertex -0.135538 -0.170986 -0.199919
      endloop
   endfacet
   facet normal -1 -2.30622e-15 -3.42041e-17
      outer loop
         vertex -0.135538 -0.166628 -0.201791
         vertex -0.135538 -0.170905 -0.201819
         vertex -0.135538 -0.170986 -0.199919
      endloop
   endfacet
   facet normal -1 -2.30622e-15 -3.42041e-17
      outer loop
         vertex -0.135538 -0.166876 -0.203391
         vertex -0.135538 -0.171233 -0.202716
         vertex -0.135538 -0.170905 -0.201819
      endloop
   endfacet
   facet normal -1 -2.30622e-15 -3.42041e-17
      outer loop
         vertex -0.135538 -0.170905 -0.201819
         vertex -0.135538 -0.166628 -0.201791
         vertex -0.135538 -0.166876 -0.203391
      endloop
   endfacet
   facet normal -1 -2.30622e-15 -3.42041e-17
      outer loop
         vertex -0.135538 -0.173194 -0.194574
         vertex -0.135538 -0.170088 -0.195056
         vertex -0.135538 -0.173189 -0.196907
      endloop
   endfacet
   facet normal -1 -2.30622e-15 -3.42041e-17
      outer loop
         vertex -0.135538 -0.170986 -0.199919
         vertex -0.135538 -0.171788 -0.198194
         vertex -0.135538 -0.170088 -0.195056
      endloop
   endfacet
   facet normal -1 -2.30622e-15 -3.42041e-17
      outer loop
         vertex -0.135538 -0.171788 -0.198194
         vertex -0.135538 -0.173189 -0.196907
         vertex -0.135538 -0.170088 -0.195056
      endloop
   endfacet
   facet normal -1 -2.30622e-15 -3.42041e-17
      outer loop
         vertex -0.135538 -0.166876 -0.203391
         vertex -0.135538 -0.166628 -0.201791
         vertex -0.135538 -0.166453 -0.202132
      endloop
   endfacet
   facet normal -1 -2.30622e-15 -3.42041e-17
      outer loop
         vertex -0.135538 -0.167305 -0.206157
         vertex -0.135538 -0.166876 -0.203391
         vertex -0.135538 -0.165929 -0.203538
      endloop
   endfacet
   facet normal -1 -2.30622e-15 -3.42041e-17
      outer loop
         vertex -0.135538 -0.167655 -0.208417
         vertex -0.135538 -0.167305 -0.206157
         vertex -0.135538 -0.1644 -0.207641
      endloop
   endfacet
   facet normal -1 -2.30622e-15 -3.42041e-17
      outer loop
         vertex -0.135538 -0.163985 -0.217386
         vertex -0.135538 -0.166658 -0.217391
         vertex -0.135538 -0.16746 -0.215666
      endloop
   endfacet
   facet normal -1 -2.30622e-15 -3.42041e-17
      outer loop
         vertex -0.135538 -0.163985 -0.217386
         vertex -0.135538 -0.165126 -0.22051
         vertex -0.135538 -0.166578 -0.219291
      endloop
   endfacet
   facet normal -1 -2.30622e-15 -3.42041e-17
      outer loop
         vertex -0.135538 -0.164345 -0.20893
         vertex -0.135538 -0.16746 -0.215666
         vertex -0.135538 -0.168615 -0.214605
      endloop
   endfacet
   facet normal -1 -2.30622e-15 -3.42041e-17
      outer loop
         vertex -0.135538 -0.166578 -0.219291
         vertex -0.135538 -0.166658 -0.217391
         vertex -0.135538 -0.163985 -0.217386
      endloop
   endfacet
   facet normal -1 -2.30622e-15 -3.42041e-17
      outer loop
         vertex -0.135538 -0.16746 -0.215666
         vertex -0.135538 -0.164345 -0.20893
         vertex -0.135538 -0.163985 -0.217386
      endloop
   endfacet
   facet normal -1 -2.30622e-15 -3.42041e-17
      outer loop
         vertex -0.135538 -0.165126 -0.22051
         vertex -0.135538 -0.166921 -0.220231
         vertex -0.135538 -0.166578 -0.219291
      endloop
   endfacet
   facet normal -1 -2.30622e-15 -3.42041e-17
      outer loop
         vertex -0.135538 -0.166611 -0.224576
         vertex -0.135538 -0.168517 -0.222479
         vertex -0.135538 -0.16723 -0.221078
      endloop
   endfacet
   facet normal -1 -2.30622e-15 -3.42041e-17
      outer loop
         vertex -0.135538 -0.16723 -0.221078
         vertex -0.135538 -0.165126 -0.22051
         vertex -0.135538 -0.166611 -0.224576
      endloop
   endfacet
   facet normal -1 -2.30622e-15 -3.42041e-17
      outer loop
         vertex -0.135538 -0.166611 -0.224576
         vertex -0.135538 -0.170077 -0.224038
         vertex -0.135538 -0.169938 -0.22314
      endloop
   endfacet
   facet normal -1 -2.30622e-15 -3.42041e-17
      outer loop
         vertex -0.135538 -0.169938 -0.22314
         vertex -0.135538 -0.168517 -0.222479
         vertex -0.135538 -0.166611 -0.224576
      endloop
   endfacet
   facet normal -1 -2.30622e-15 -3.42041e-17
      outer loop
         vertex -0.135538 -0.170077 -0.224038
         vertex -0.135538 -0.167332 -0.226549
         vertex -0.135538 -0.170062 -0.229522
      endloop
   endfacet
   facet normal -1 -2.30622e-15 -3.42041e-17
      outer loop
         vertex -0.135538 -0.170077 -0.224038
         vertex -0.135538 -0.166611 -0.224576
         vertex -0.135538 -0.167332 -0.226549
      endloop
   endfacet
   facet normal -1 -2.30622e-15 -3.42041e-17
      outer loop
         vertex -0.135538 -0.172995 -0.232716
         vertex -0.135538 -0.178965 -0.23179
         vertex -0.135538 -0.176714 -0.229437
      endloop
   endfacet
   facet normal -1 -2.30622e-15 -3.42041e-17
      outer loop
         vertex -0.135538 -0.176714 -0.229437
         vertex -0.135538 -0.175545 -0.229388
         vertex -0.135538 -0.172995 -0.232716
      endloop
   endfacet
   facet normal -1 -2.30622e-15 -3.42041e-17
      outer loop
         vertex -0.135538 -0.171104 -0.230656
         vertex -0.135538 -0.174483 -0.228894
         vertex -0.135538 -0.174437 -0.228844
      endloop
   endfacet
   facet normal -1 -2.30622e-15 -3.42041e-17
      outer loop
         vertex -0.135538 -0.178965 -0.23179
         vertex -0.135538 -0.177814 -0.229036
         vertex -0.135538 -0.176714 -0.229437
      endloop
   endfacet
   facet normal -1 -2.30622e-15 -3.42041e-17
      outer loop
         vertex -0.135538 -0.174437 -0.228844
         vertex -0.135538 -0.170908 -0.229391
         vertex -0.135538 -0.171104 -0.230656
      endloop
   endfacet
   facet normal -1 -2.30622e-15 -3.42041e-17
      outer loop
         vertex -0.135538 -0.178965 -0.23179
         vertex -0.135538 -0.178447 -0.228454
         vertex -0.135538 -0.177814 -0.229036
      endloop
   endfacet
   facet normal -1 -2.30622e-15 -3.42041e-17
      outer loop
         vertex -0.135538 -0.175545 -0.229388
         vertex -0.135538 -0.174483 -0.228894
         vertex -0.135538 -0.172995 -0.232716
      endloop
   endfacet
   facet normal -1 -2.30622e-15 -3.42041e-17
      outer loop
         vertex -0.135538 -0.178965 -0.23179
         vertex -0.135538 -0.172995 -0.232716
         vertex -0.135538 -0.17393 -0.233733
      endloop
   endfacet
   facet normal -1 -2.30622e-15 -3.42041e-17
      outer loop
         vertex -0.135538 -0.179681 -0.236407
         vertex -0.135538 -0.180413 -0.236748
         vertex -0.135538 -0.179713 -0.232234
      endloop
   endfacet
   facet normal -1 -2.30622e-15 -3.42041e-17
      outer loop
         vertex -0.135538 -0.179713 -0.232234
         vertex -0.135538 -0.178965 -0.23179
         vertex -0.135538 -0.179681 -0.236407
      endloop
   endfacet
   facet normal -1 -2.30622e-15 -3.42041e-17
      outer loop
         vertex -0.135538 -0.179713 -0.232234
         vertex -0.135538 -0.179545 -0.231775
         vertex -0.135538 -0.178965 -0.23179
      endloop
   endfacet
   facet normal -1 -2.30622e-15 -3.42041e-17
      outer loop
         vertex -0.135538 -0.183501 -0.237877
         vertex -0.135538 -0.186669 -0.237386
         vertex -0.135538 -0.185109 -0.235845
      endloop
   endfacet
   facet normal -1 -2.30622e-15 -3.42041e-17
      outer loop
         vertex -0.135538 -0.180413 -0.236748
         vertex -0.135538 -0.182775 -0.237846
         vertex -0.135538 -0.183209 -0.235764
      endloop
   endfacet
   facet normal -1 -2.30622e-15 -3.42041e-17
      outer loop
         vertex -0.135538 -0.183209 -0.235764
         vertex -0.135538 -0.182775 -0.237846
         vertex -0.135538 -0.183501 -0.237877
      endloop
   endfacet
   facet normal -1 -2.30622e-15 -3.42041e-17
      outer loop
         vertex -0.135538 -0.185109 -0.235845
         vertex -0.135538 -0.183209 -0.235764
         vertex -0.135538 -0.183501 -0.237877
      endloop
   endfacet
   facet normal -1 -2.30622e-15 -3.42041e-17
      outer loop
         vertex -0.135538 -0.186669 -0.237386
         vertex -0.135538 -0.18636 -0.235389
         vertex -0.135538 -0.185109 -0.235845
      endloop
   endfacet
   facet normal -1 -2.30622e-15 -3.42041e-17
      outer loop
         vertex -0.135538 -0.183209 -0.235764
         vertex -0.135538 -0.181484 -0.234962
         vertex -0.135538 -0.180413 -0.236748
      endloop
   endfacet
   facet normal -1 -2.30622e-15 -3.42041e-17
      outer loop
         vertex -0.135538 -0.181484 -0.234962
         vertex -0.135538 -0.180198 -0.233561
         vertex -0.135538 -0.180413 -0.236748
      endloop
   endfacet
   facet normal -1 -2.30622e-15 -3.42041e-17
      outer loop
         vertex -0.135538 -0.186767 -0.238016
         vertex -0.135538 -0.192521 -0.238261
         vertex -0.135538 -0.190733 -0.236756
      endloop
   endfacet
   facet normal -1 -2.30622e-15 -3.42041e-17
      outer loop
         vertex -0.135538 -0.193638 -0.236305
         vertex -0.135538 -0.190733 -0.236756
         vertex -0.135538 -0.192521 -0.238261
      endloop
   endfacet
   facet normal -1 -2.30622e-15 -3.42041e-17
      outer loop
         vertex -0.135538 -0.193638 -0.236305
         vertex -0.135538 -0.193866 -0.237769
         vertex -0.135538 -0.196402 -0.236843
      endloop
   endfacet
   facet normal -1 -2.30622e-15 -3.42041e-17
      outer loop
         vertex -0.135538 -0.196256 -0.235899
         vertex -0.135538 -0.201 -0.235163
         vertex -0.135538 -0.200504 -0.230776
      endloop
   endfacet
   facet normal -1 -2.30622e-15 -3.42041e-17
      outer loop
         vertex -0.135538 -0.200504 -0.230776
         vertex -0.135538 -0.201 -0.235163
         vertex -0.135538 -0.201683 -0.234914
      endloop
   endfacet
   facet normal -1 -2.30622e-15 -3.42041e-17
      outer loop
         vertex -0.135538 -0.196256 -0.235899
         vertex -0.135538 -0.198779 -0.229974
         vertex -0.135538 -0.197769 -0.228874
      endloop
   endfacet
   facet normal -1 -2.30622e-15 -3.42041e-17
      outer loop
         vertex -0.135538 -0.201683 -0.234914
         vertex -0.135538 -0.202404 -0.230857
         vertex -0.135538 -0.200504 -0.230776
      endloop
   endfacet
   facet normal -1 -2.30622e-15 -3.42041e-17
      outer loop
         vertex -0.135538 -0.200504 -0.230776
         vertex -0.135538 -0.198779 -0.229974
         vertex -0.135538 -0.196256 -0.235899
      endloop
   endfacet
   facet normal -1 -2.30622e-15 -3.42041e-17
      outer loop
         vertex -0.135538 -0.202404 -0.230857
         vertex -0.135538 -0.201683 -0.234914
         vertex -0.135538 -0.204197 -0.232606
      endloop
   endfacet
   facet normal -1 -2.30622e-15 -3.42041e-17
      outer loop
         vertex -0.135538 -0.204197 -0.232606
         vertex -0.135538 -0.203844 -0.230331
         vertex -0.135538 -0.202404 -0.230857
      endloop
   endfacet
   facet normal -1 -2.30622e-15 -3.42041e-17
      outer loop
         vertex -0.135538 -0.203844 -0.230331
         vertex -0.135538 -0.204197 -0.232606
         vertex -0.135538 -0.204954 -0.231911
      endloop
   endfacet
   facet normal -1 -2.30622e-15 -3.42041e-17
      outer loop
         vertex -0.135538 -0.204954 -0.231911
         vertex -0.135538 -0.204627 -0.229804
         vertex -0.135538 -0.204191 -0.230204
      endloop
   endfacet
   facet normal -1 -2.30622e-15 -3.42041e-17
      outer loop
         vertex -0.135538 -0.204954 -0.231911
         vertex -0.135538 -0.208868 -0.228316
         vertex -0.135538 -0.205592 -0.228918
      endloop
   endfacet
   facet normal -1 -2.30622e-15 -3.42041e-17
      outer loop
         vertex -0.135538 -0.206222 -0.227564
         vertex -0.135538 -0.205592 -0.228918
         vertex -0.135538 -0.208868 -0.228316
      endloop
   endfacet
   facet normal -1 -2.30622e-15 -3.42041e-17
      outer loop
         vertex -0.135538 -0.208868 -0.228316
         vertex -0.135538 -0.20945 -0.227063
         vertex -0.135538 -0.206222 -0.227564
      endloop
   endfacet
   facet normal -1 -2.30622e-15 -3.42041e-17
      outer loop
         vertex -0.135538 -0.206475 -0.225293
         vertex -0.135538 -0.206394 -0.227193
         vertex -0.135538 -0.20945 -0.227063
      endloop
   endfacet
   facet normal -1 -2.30622e-15 -3.42041e-17
      outer loop
         vertex -0.135538 -0.20945 -0.227063
         vertex -0.135538 -0.211278 -0.223131
         vertex -0.135538 -0.206475 -0.225293
      endloop
   endfacet
   facet normal -1 -2.30622e-15 -3.42041e-17
      outer loop
         vertex -0.135538 -0.211278 -0.223131
         vertex -0.135538 -0.205985 -0.223952
         vertex -0.135538 -0.206475 -0.225293
      endloop
   endfacet
   facet normal -1 -2.30622e-15 -3.42041e-17
      outer loop
         vertex -0.135538 -0.204536 -0.222105
         vertex -0.135538 -0.205384 -0.220781
         vertex -0.135538 -0.204323 -0.220288
      endloop
   endfacet
   facet normal -1 -2.30622e-15 -3.42041e-17
      outer loop
         vertex -0.135538 -0.205822 -0.223506
         vertex -0.135538 -0.206554 -0.220831
         vertex -0.135538 -0.205384 -0.220781
      endloop
   endfacet
   facet normal -1 -2.30622e-15 -3.42041e-17
      outer loop
         vertex -0.135538 -0.202943 -0.218942
         vertex -0.135538 -0.203347 -0.221553
         vertex -0.135538 -0.203531 -0.219426
      endloop
   endfacet
   facet normal -1 -2.30622e-15 -3.42041e-17
      outer loop
         vertex -0.135538 -0.204323 -0.220288
         vertex -0.135538 -0.203347 -0.221553
         vertex -0.135538 -0.204536 -0.222105
      endloop
   endfacet
   facet normal -1 -2.30622e-15 -3.42041e-17
      outer loop
         vertex -0.135538 -0.207653 -0.22043
         vertex -0.135538 -0.211278 -0.223131
         vertex -0.135538 -0.211594 -0.222452
      endloop
   endfacet
   facet normal -1 -2.30622e-15 -3.42041e-17
      outer loop
         vertex -0.135538 -0.211594 -0.222452
         vertex -0.135538 -0.21086 -0.217714
         vertex -0.135538 -0.209009 -0.218576
      endloop
   endfacet
   facet normal -1 -2.30622e-15 -3.42041e-17
      outer loop
         vertex -0.135538 -0.205384 -0.220781
         vertex -0.135538 -0.204536 -0.222105
         vertex -0.135538 -0.205822 -0.223506
      endloop
   endfacet
   facet normal -1 -2.30622e-15 -3.42041e-17
      outer loop
         vertex -0.135538 -0.204323 -0.220288
         vertex -0.135538 -0.203531 -0.219426
         vertex -0.135538 -0.203347 -0.221553
      endloop
   endfacet
   facet normal -1 -2.30622e-15 -3.42041e-17
      outer loop
         vertex -0.135538 -0.205985 -0.223952
         vertex -0.135538 -0.211278 -0.223131
         vertex -0.135538 -0.207653 -0.22043
      endloop
   endfacet
   facet normal -1 -2.30622e-15 -3.42041e-17
      outer loop
         vertex -0.135538 -0.209009 -0.218576
         vertex -0.135538 -0.208515 -0.219638
         vertex -0.135538 -0.211594 -0.222452
      endloop
   endfacet
   facet normal -1 -2.30622e-15 -3.42041e-17
      outer loop
         vertex -0.135538 -0.203531 -0.219426
         vertex -0.135538 -0.203332 -0.218882
         vertex -0.135538 -0.202943 -0.218942
      endloop
   endfacet
   facet normal -1 -2.30622e-15 -3.42041e-17
      outer loop
         vertex -0.135538 -0.211594 -0.222452
         vertex -0.135538 -0.208515 -0.219638
         vertex -0.135538 -0.207653 -0.22043
      endloop
   endfacet
   facet normal -1 -2.30622e-15 -3.42041e-17
      outer loop
         vertex -0.135538 -0.207653 -0.22043
         vertex -0.135538 -0.206554 -0.220831
         vertex -0.135538 -0.205985 -0.223952
      endloop
   endfacet
   facet normal -1 -2.30622e-15 -3.42041e-17
      outer loop
         vertex -0.135538 -0.21086 -0.217714
         vertex -0.135538 -0.209034 -0.217998
         vertex -0.135538 -0.209009 -0.218576
      endloop
   endfacet
   facet normal -1 -2.30622e-15 -3.42041e-17
      outer loop
         vertex -0.135538 -0.21086 -0.217714
         vertex -0.135538 -0.211594 -0.222452
         vertex -0.135538 -0.21298 -0.219471
      endloop
   endfacet
   facet normal -1 -2.30622e-15 -3.42041e-17
      outer loop
         vertex -0.135538 -0.21298 -0.219471
         vertex -0.135538 -0.213261 -0.218169
         vertex -0.135538 -0.21086 -0.217714
      endloop
   endfacet
   facet normal -1 -2.30622e-15 -3.42041e-17
      outer loop
         vertex -0.135538 -0.180979 -0.173853
         vertex -0.135538 -0.183298 -0.180281
         vertex -0.135538 -0.184568 -0.17781
      endloop
   endfacet
   facet normal -1 -2.30622e-15 -3.42041e-17
      outer loop
         vertex -0.135538 -0.180979 -0.173853
         vertex -0.135538 -0.182887 -0.181615
         vertex -0.135538 -0.183298 -0.180281
      endloop
   endfacet
   facet normal -1 -2.30622e-15 -3.42041e-17
      outer loop
         vertex -0.135538 -0.180979 -0.173853
         vertex -0.135538 -0.183506 -0.190146
         vertex -0.135538 -0.182959 -0.183008
      endloop
   endfacet
   facet normal -1 -2.30622e-15 -3.42041e-17
      outer loop
         vertex -0.135538 -0.182959 -0.183008
         vertex -0.135538 -0.182887 -0.181615
         vertex -0.135538 -0.180979 -0.173853
      endloop
   endfacet
   facet normal -1 -2.30622e-15 -3.42041e-17
      outer loop
         vertex -0.135538 -0.183506 -0.190146
         vertex -0.135538 -0.184458 -0.18531
         vertex -0.135538 -0.183505 -0.184292
      endloop
   endfacet
   facet normal -1 -2.30622e-15 -3.42041e-17
      outer loop
         vertex -0.135538 -0.183505 -0.184292
         vertex -0.135538 -0.182959 -0.183008
         vertex -0.135538 -0.183506 -0.190146
      endloop
   endfacet
   facet normal -1 -2.30622e-15 -3.42041e-17
      outer loop
         vertex -0.135538 -0.183506 -0.190146
         vertex -0.135538 -0.185704 -0.185939
         vertex -0.135538 -0.184458 -0.18531
      endloop
   endfacet
   facet normal -1 -2.30622e-15 -3.42041e-17
      outer loop
         vertex -0.135538 -0.186411 -0.189696
         vertex -0.135538 -0.185831 -0.185954
         vertex -0.135538 -0.185704 -0.185939
      endloop
   endfacet
   facet normal -1 -2.30622e-15 -3.42041e-17
      outer loop
         vertex -0.135538 -0.185704 -0.185939
         vertex -0.135538 -0.183506 -0.190146
         vertex -0.135538 -0.186411 -0.189696
      endloop
   endfacet
   facet normal -1 -2.30622e-15 -3.42041e-17
      outer loop
         vertex -0.135538 -0.183265 -0.169404
         vertex -0.135538 -0.184568 -0.17781
         vertex -0.135538 -0.186627 -0.173802
      endloop
   endfacet
   facet normal -1 -2.30622e-15 -3.42041e-17
      outer loop
         vertex -0.135538 -0.191816 -0.152759
         vertex -0.135538 -0.185324 -0.165397
         vertex -0.135538 -0.191688 -0.163951
      endloop
   endfacet
   facet normal -1 -2.30622e-15 -3.42041e-17
      outer loop
         vertex -0.135538 -0.185324 -0.165397
         vertex -0.135538 -0.186627 -0.173802
         vertex -0.135538 -0.191688 -0.163951
      endloop
   endfacet
   facet normal -1 -2.30622e-15 -3.42041e-17
      outer loop
         vertex -0.135538 -0.191688 -0.163951
         vertex -0.135538 -0.192573 -0.162802
         vertex -0.135538 -0.191816 -0.152759
      endloop
   endfacet
   facet normal -1 -2.30622e-15 -3.42041e-17
      outer loop
         vertex -0.135538 -0.194112 -0.161988
         vertex -0.135538 -0.19248 -0.151466
         vertex -0.135538 -0.191816 -0.152759
      endloop
   endfacet
   facet normal -1 -2.30622e-15 -3.42041e-17
      outer loop
         vertex -0.135538 -0.191816 -0.152759
         vertex -0.135538 -0.193303 -0.162355
         vertex -0.135538 -0.193811 -0.162045
      endloop
   endfacet
   facet normal -1 -2.30622e-15 -3.42041e-17
      outer loop
         vertex -0.135538 -0.197104 -0.181284
         vertex -0.135538 -0.201045 -0.185208
         vertex -0.135538 -0.204331 -0.175614
      endloop
   endfacet
   facet normal -1 -2.30622e-15 -3.42041e-17
      outer loop
         vertex -0.135538 -0.201814 -0.159379
         vertex -0.135538 -0.201363 -0.166348
         vertex -0.135538 -0.201564 -0.167623
      endloop
   endfacet
   facet normal -1 -2.30622e-15 -3.42041e-17
      outer loop
         vertex -0.135538 -0.201814 -0.159379
         vertex -0.135538 -0.197905 -0.16279
         vertex -0.135538 -0.199837 -0.164308
      endloop
   endfacet
   facet normal -1 -2.30622e-15 -3.42041e-17
      outer loop
         vertex -0.135538 -0.198386 -0.155646
         vertex -0.135538 -0.196664 -0.162038
         vertex -0.135538 -0.197905 -0.16279
      endloop
   endfacet
   facet normal -1 -2.30622e-15 -3.42041e-17
      outer loop
         vertex -0.135538 -0.204331 -0.175614
         vertex -0.135538 -0.201564 -0.167623
         vertex -0.135538 -0.201348 -0.168896
      endloop
   endfacet
   facet normal -1 -2.30622e-15 -3.42041e-17
      outer loop
         vertex -0.135538 -0.198126 -0.187879
         vertex -0.135538 -0.200829 -0.186547
         vertex -0.135538 -0.201045 -0.185208
      endloop
   endfacet
   facet normal -1 -2.30622e-15 -3.42041e-17
      outer loop
         vertex -0.135538 -0.201814 -0.159379
         vertex -0.135538 -0.200767 -0.165203
         vertex -0.135538 -0.201363 -0.166348
      endloop
   endfacet
   facet normal -1 -2.30622e-15 -3.42041e-17
      outer loop
         vertex -0.135538 -0.197905 -0.16279
         vertex -0.135538 -0.201814 -0.159379
         vertex -0.135538 -0.198386 -0.155646
      endloop
   endfacet
   facet normal -1 -2.30622e-15 -3.42041e-17
      outer loop
         vertex -0.135538 -0.201045 -0.185208
         vertex -0.135538 -0.197104 -0.181284
         vertex -0.135538 -0.198126 -0.187879
      endloop
   endfacet
   facet normal -1 -2.30622e-15 -3.42041e-17
      outer loop
         vertex -0.135538 -0.199837 -0.164308
         vertex -0.135538 -0.200767 -0.165203
         vertex -0.135538 -0.201814 -0.159379
      endloop
   endfacet
   facet normal -1 -2.30622e-15 -3.42041e-17
      outer loop
         vertex -0.135538 -0.201564 -0.167623
         vertex -0.135538 -0.204331 -0.175614
         vertex -0.135538 -0.201814 -0.159379
      endloop
   endfacet
   facet normal -1 -2.30622e-15 -3.42041e-17
      outer loop
         vertex -0.135538 -0.19248 -0.151466
         vertex -0.135538 -0.196378 -0.150148
         vertex -0.135538 -0.196627 -0.144301
      endloop
   endfacet
   facet normal -1 -2.30622e-15 -3.42041e-17
      outer loop
         vertex -0.135538 -0.19248 -0.151466
         vertex -0.135538 -0.194112 -0.161988
         vertex -0.135538 -0.198386 -0.155646
      endloop
   endfacet
   facet normal -1 -2.30622e-15 -3.42041e-17
      outer loop
         vertex -0.135538 -0.198126 -0.187879
         vertex -0.135538 -0.200992 -0.187435
         vertex -0.135538 -0.200829 -0.186547
      endloop
   endfacet
   facet normal -1 -2.30622e-15 -3.42041e-17
      outer loop
         vertex -0.135538 -0.198386 -0.155646
         vertex -0.135538 -0.194112 -0.161988
         vertex -0.135538 -0.195237 -0.161778
      endloop
   endfacet
   facet normal -1 -2.30622e-15 -3.42041e-17
      outer loop
         vertex -0.135538 -0.198386 -0.155646
         vertex -0.135538 -0.196378 -0.150148
         vertex -0.135538 -0.19248 -0.151466
      endloop
   endfacet
   facet normal -1 -2.30622e-15 -3.42041e-17
      outer loop
         vertex -0.135538 -0.195237 -0.161778
         vertex -0.135538 -0.196664 -0.162038
         vertex -0.135538 -0.198386 -0.155646
      endloop
   endfacet
   facet normal -1 -2.30622e-15 -3.42041e-17
      outer loop
         vertex -0.135538 -0.204331 -0.175614
         vertex -0.135538 -0.201348 -0.168896
         vertex -0.135538 -0.197104 -0.181284
      endloop
   endfacet
   facet normal -1 -2.30622e-15 -3.42041e-17
      outer loop
         vertex -0.135538 -0.198126 -0.187879
         vertex -0.135538 -0.197104 -0.181284
         vertex -0.135538 -0.196508 -0.183022
      endloop
   endfacet
   facet normal -1 -2.30622e-15 -3.42041e-17
      outer loop
         vertex -0.135538 -0.189028 -0.18929
         vertex -0.135538 -0.192357 -0.186231
         vertex -0.135538 -0.191658 -0.186216
      endloop
   endfacet
   facet normal -1 -2.30622e-15 -3.42041e-17
      outer loop
         vertex -0.135538 -0.189028 -0.18929
         vertex -0.135538 -0.192689 -0.186214
         vertex -0.135538 -0.192357 -0.186231
      endloop
   endfacet
   facet normal -1 -2.30622e-15 -3.42041e-17
      outer loop
         vertex -0.135538 -0.197282 -0.18801
         vertex -0.135538 -0.193872 -0.185994
         vertex -0.135538 -0.192689 -0.186214
      endloop
   endfacet
   facet normal -1 -2.30622e-15 -3.42041e-17
      outer loop
         vertex -0.135538 -0.192689 -0.186214
         vertex -0.135538 -0.189028 -0.18929
         vertex -0.135538 -0.197282 -0.18801
      endloop
   endfacet
   facet normal -1 -2.30622e-15 -3.42041e-17
      outer loop
         vertex -0.135538 -0.197282 -0.18801
         vertex -0.135538 -0.194935 -0.185432
         vertex -0.135538 -0.193872 -0.185994
      endloop
   endfacet
   facet normal -1 -2.30622e-15 -3.42041e-17
      outer loop
         vertex -0.135538 -0.197282 -0.18801
         vertex -0.135538 -0.195784 -0.184579
         vertex -0.135538 -0.194935 -0.185432
      endloop
   endfacet
   facet normal -1 -2.30622e-15 -3.42041e-17
      outer loop
         vertex -0.135538 -0.197282 -0.18801
         vertex -0.135538 -0.196508 -0.183022
         vertex -0.135538 -0.19634 -0.183513
      endloop
   endfacet
   facet normal -1 -2.30622e-15 -3.42041e-17
      outer loop
         vertex -0.135538 -0.19634 -0.183513
         vertex -0.135538 -0.195784 -0.184579
         vertex -0.135538 -0.197282 -0.18801
      endloop
   endfacet
   facet normal -1 -2.30622e-15 -3.42041e-17
      outer loop
         vertex -0.135538 -0.186411 -0.189696
         vertex -0.135538 -0.189028 -0.18929
         vertex -0.135538 -0.18854 -0.186139
      endloop
   endfacet
   facet normal -1 -2.30622e-15 -3.42041e-17
      outer loop
         vertex -0.135538 -0.18854 -0.186139
         vertex -0.135538 -0.187089 -0.186102
         vertex -0.135538 -0.186411 -0.189696
      endloop
   endfacet
   facet normal -1 -2.30622e-15 -3.42041e-17
      outer loop
         vertex -0.135538 -0.187089 -0.186102
         vertex -0.135538 -0.185831 -0.185954
         vertex -0.135538 -0.186411 -0.189696
      endloop
   endfacet
   facet normal -1 -2.30622e-15 -3.42041e-17
      outer loop
         vertex -0.135538 -0.191658 -0.186216
         vertex -0.135538 -0.18854 -0.186139
         vertex -0.135538 -0.189028 -0.18929
      endloop
   endfacet
   facet normal -1 -2.30622e-15 -3.42041e-17
      outer loop
         vertex -0.135538 -0.196508 -0.183022
         vertex -0.135538 -0.197282 -0.18801
         vertex -0.135538 -0.198126 -0.187879
      endloop
   endfacet
   facet normal -1 -2.30622e-15 -3.42041e-17
      outer loop
         vertex -0.135538 -0.196627 -0.144301
         vertex -0.135538 -0.197858 -0.140996
         vertex -0.135538 -0.19248 -0.151466
      endloop
   endfacet
   facet normal -1 -2.30622e-15 -3.42041e-17
      outer loop
         vertex -0.135538 -0.191816 -0.152759
         vertex -0.135538 -0.193811 -0.162045
         vertex -0.135538 -0.194112 -0.161988
      endloop
   endfacet
   facet normal -1 -2.30622e-15 -3.42041e-17
      outer loop
         vertex -0.135538 -0.192573 -0.162802
         vertex -0.135538 -0.193303 -0.162355
         vertex -0.135538 -0.191816 -0.152759
      endloop
   endfacet
   facet normal -1 -2.30622e-15 -3.42041e-17
      outer loop
         vertex -0.135538 -0.186627 -0.173802
         vertex -0.135538 -0.185324 -0.165397
         vertex -0.135538 -0.183265 -0.169404
      endloop
   endfacet
   facet normal -1 -2.30622e-15 -3.42041e-17
      outer loop
         vertex -0.135538 -0.184568 -0.17781
         vertex -0.135538 -0.183265 -0.169404
         vertex -0.135538 -0.180979 -0.173853
      endloop
   endfacet
   facet normal -1 -2.30622e-15 -3.42041e-17
      outer loop
         vertex -0.135538 -0.213261 -0.218169
         vertex -0.135538 -0.213421 -0.217317
         vertex -0.135538 -0.21086 -0.217714
      endloop
   endfacet
   facet normal -1 -2.30622e-15 -3.42041e-17
      outer loop
         vertex -0.135538 -0.205822 -0.223506
         vertex -0.135538 -0.205985 -0.223952
         vertex -0.135538 -0.206554 -0.220831
      endloop
   endfacet
   facet normal -1 -2.30622e-15 -3.42041e-17
      outer loop
         vertex -0.135538 -0.206394 -0.227193
         vertex -0.135538 -0.206222 -0.227564
         vertex -0.135538 -0.20945 -0.227063
      endloop
   endfacet
   facet normal -1 -2.30622e-15 -3.42041e-17
      outer loop
         vertex -0.135538 -0.205592 -0.228918
         vertex -0.135538 -0.204627 -0.229804
         vertex -0.135538 -0.204954 -0.231911
      endloop
   endfacet
   facet normal -1 -2.30622e-15 -3.42041e-17
      outer loop
         vertex -0.135538 -0.204954 -0.231911
         vertex -0.135538 -0.204191 -0.230204
         vertex -0.135538 -0.203844 -0.230331
      endloop
   endfacet
   facet normal -1 -2.30622e-15 -3.42041e-17
      outer loop
         vertex -0.135538 -0.197769 -0.228874
         vertex -0.135538 -0.195227 -0.229268
         vertex -0.135538 -0.196256 -0.235899
      endloop
   endfacet
   facet normal -1 -2.30622e-15 -3.42041e-17
      outer loop
         vertex -0.135538 -0.201 -0.235163
         vertex -0.135538 -0.196256 -0.235899
         vertex -0.135538 -0.196402 -0.236843
      endloop
   endfacet
   facet normal -1 -2.30622e-15 -3.42041e-17
      outer loop
         vertex -0.135538 -0.196402 -0.236843
         vertex -0.135538 -0.196256 -0.235899
         vertex -0.135538 -0.193638 -0.236305
      endloop
   endfacet
   facet normal -1 -2.30622e-15 -3.42041e-17
      outer loop
         vertex -0.135538 -0.192521 -0.238261
         vertex -0.135538 -0.193866 -0.237769
         vertex -0.135538 -0.193638 -0.236305
      endloop
   endfacet
   facet normal -1 -2.30622e-15 -3.42041e-17
      outer loop
         vertex -0.135538 -0.190733 -0.236756
         vertex -0.135538 -0.186669 -0.237386
         vertex -0.135538 -0.186767 -0.238016
      endloop
   endfacet
   facet normal -1 -2.30622e-15 -3.42041e-17
      outer loop
         vertex -0.135538 -0.186767 -0.238016
         vertex -0.135538 -0.186669 -0.237386
         vertex -0.135538 -0.183501 -0.237877
      endloop
   endfacet
   facet normal -1 -2.30622e-15 -3.42041e-17
      outer loop
         vertex -0.135538 -0.180198 -0.233561
         vertex -0.135538 -0.179713 -0.232234
         vertex -0.135538 -0.180413 -0.236748
      endloop
   endfacet
   facet normal -1 -2.30622e-15 -3.42041e-17
      outer loop
         vertex -0.135538 -0.179545 -0.231775
         vertex -0.135538 -0.179548 -0.2317
         vertex -0.135538 -0.178965 -0.23179
      endloop
   endfacet
   facet normal -1 -2.30622e-15 -3.42041e-17
      outer loop
         vertex -0.135538 -0.17393 -0.233733
         vertex -0.135538 -0.179681 -0.236407
         vertex -0.135538 -0.178965 -0.23179
      endloop
   endfacet
   facet normal -1 -2.30622e-15 -3.42041e-17
      outer loop
         vertex -0.135538 -0.171104 -0.230656
         vertex -0.135538 -0.172995 -0.232716
         vertex -0.135538 -0.174483 -0.228894
      endloop
   endfacet
   facet normal -1 -2.30622e-15 -3.42041e-17
      outer loop
         vertex -0.135538 -0.171104 -0.230656
         vertex -0.135538 -0.170908 -0.229391
         vertex -0.135538 -0.170062 -0.229522
      endloop
   endfacet
   facet normal -1 -2.30622e-15 -3.42041e-17
      outer loop
         vertex -0.135538 -0.170062 -0.229522
         vertex -0.135538 -0.170908 -0.229391
         vertex -0.135538 -0.170077 -0.224038
      endloop
   endfacet
   facet normal -1 -2.30622e-15 -3.42041e-17
      outer loop
         vertex -0.135538 -0.16723 -0.221078
         vertex -0.135538 -0.166921 -0.220231
         vertex -0.135538 -0.165126 -0.22051
      endloop
   endfacet
   facet normal -1 -2.30622e-15 -3.42041e-17
      outer loop
         vertex -0.135538 -0.168615 -0.214605
         vertex -0.135538 -0.167655 -0.208417
         vertex -0.135538 -0.164345 -0.20893
      endloop
   endfacet
   facet normal -1 -2.30622e-15 -3.42041e-17
      outer loop
         vertex -0.135538 -0.1644 -0.207641
         vertex -0.135538 -0.164345 -0.20893
         vertex -0.135538 -0.167655 -0.208417
      endloop
   endfacet
   facet normal -1 -2.30622e-15 -3.42041e-17
      outer loop
         vertex -0.135538 -0.165929 -0.203538
         vertex -0.135538 -0.1644 -0.207641
         vertex -0.135538 -0.167305 -0.206157
      endloop
   endfacet
   facet normal -1 -2.30622e-15 -3.42041e-17
      outer loop
         vertex -0.135538 -0.166453 -0.202132
         vertex -0.135538 -0.165929 -0.203538
         vertex -0.135538 -0.166876 -0.203391
      endloop
   endfacet
   facet normal -1 -2.30622e-15 -3.42041e-17
      outer loop
         vertex -0.135538 -0.173189 -0.196907
         vertex -0.135538 -0.173536 -0.19678
         vertex -0.135538 -0.173194 -0.194574
      endloop
   endfacet
   facet normal -1 -2.30622e-15 -3.42041e-17
      outer loop
         vertex -0.135538 -0.171667 -0.191982
         vertex -0.135538 -0.170088 -0.195056
         vertex -0.135538 -0.173194 -0.194574
      endloop
   endfacet
   facet normal -1 -2.30622e-15 -3.42041e-17
      outer loop
         vertex -0.135538 -0.171667 -0.191982
         vertex -0.135538 -0.172766 -0.191812
         vertex -0.135538 -0.172531 -0.190299
      endloop
   endfacet
   facet normal -1 -2.30622e-15 -3.42041e-17
      outer loop
         vertex -0.135538 -0.172531 -0.190299
         vertex -0.135538 -0.172766 -0.191812
         vertex -0.135538 -0.173429 -0.191709
      endloop
   endfacet
   facet normal -1 -2.30622e-15 -3.42041e-17
      outer loop
         vertex -0.135538 -0.173053 -0.189284
         vertex -0.135538 -0.173429 -0.191709
         vertex -0.135538 -0.179442 -0.190777
      endloop
   endfacet
   facet normal -1 -2.30622e-15 -3.42041e-17
      outer loop
         vertex -0.135538 -0.177783 -0.180076
         vertex -0.135538 -0.179442 -0.190777
         vertex -0.135538 -0.183506 -0.190146
      endloop
   endfacet
   facet normal -1 -2.30622e-15 -3.42041e-17
      outer loop
         vertex -0.135538 -0.202345 -0.159956
         vertex -0.135538 -0.201814 -0.159379
         vertex -0.135538 -0.204331 -0.175614
      endloop
   endfacet
   facet normal -1 -2.30622e-15 -3.42041e-17
      outer loop
         vertex -0.135538 -0.219025 -0.187468
         vertex -0.135538 -0.219572 -0.184554
         vertex -0.135538 -0.214332 -0.185367
      endloop
   endfacet
   facet normal -1 -2.30622e-15 -3.42041e-17
      outer loop
         vertex -0.135538 -0.207984 -0.193573
         vertex -0.135538 -0.207027 -0.192995
         vertex -0.135538 -0.207658 -0.197068
      endloop
   endfacet
   facet normal -1 -2.30622e-15 -3.42041e-17
      outer loop
         vertex -0.135538 -0.216961 -0.198458
         vertex -0.135538 -0.217509 -0.19554
         vertex -0.135538 -0.207658 -0.197068
      endloop
   endfacet
   facet normal -1 -2.30622e-15 -3.42041e-17
      outer loop
         vertex -0.135538 -0.216514 -0.200841
         vertex -0.135538 -0.216961 -0.198458
         vertex -0.135538 -0.208087 -0.199834
      endloop
   endfacet
   facet normal -1 -2.30622e-15 -3.42041e-17
      outer loop
         vertex -0.135538 -0.209892 -0.211472
         vertex -0.135538 -0.210209 -0.213519
         vertex -0.135538 -0.214251 -0.212892
      endloop
   endfacet
   facet normal -1 -2.30622e-15 -3.42041e-17
      outer loop
         vertex -0.135538 -0.213421 -0.217317
         vertex -0.135538 -0.214251 -0.212892
         vertex -0.135538 -0.210209 -0.213519
      endloop
   endfacet
   facet normal -1 -2.30622e-15 -3.42041e-17
      outer loop
         vertex -0.135538 -0.183262 -0.193363
         vertex -0.135538 -0.18401 -0.193395
         vertex -0.135538 -0.183934 -0.192909
      endloop
   endfacet
   facet normal -1 -2.30622e-15 -3.42041e-17
      outer loop
         vertex -0.135538 -0.18528 -0.198891
         vertex -0.135538 -0.184884 -0.199036
         vertex -0.135538 -0.185121 -0.200562
      endloop
   endfacet
   facet normal -1 -2.30622e-15 -3.42041e-17
      outer loop
         vertex -0.135538 -0.178447 -0.228454
         vertex -0.135538 -0.178965 -0.23179
         vertex -0.135538 -0.179566 -0.231286
      endloop
   endfacet
   facet normal -1 -2.30622e-15 -3.42041e-17
      outer loop
         vertex -0.135538 -0.178705 -0.228182
         vertex -0.135538 -0.179075 -0.228124
         vertex -0.135538 -0.178989 -0.22757
      endloop
   endfacet
   facet normal -1 -2.30622e-15 -3.42041e-17
      outer loop
         vertex -0.135538 -0.183615 -0.22621
         vertex -0.135538 -0.184945 -0.226267
         vertex -0.135538 -0.184613 -0.224125
      endloop
   endfacet
   facet normal -1 -2.30622e-15 -3.42041e-17
      outer loop
         vertex -0.135538 -0.178026 -0.224051
         vertex -0.135538 -0.178529 -0.224599
         vertex -0.135538 -0.178245 -0.222772
      endloop
   endfacet
   facet normal -1 -2.30622e-15 -3.42041e-17
      outer loop
         vertex -0.135538 -0.176965 -0.223558
         vertex -0.135538 -0.177745 -0.223921
         vertex -0.135538 -0.177582 -0.222874
      endloop
   endfacet
   facet normal -1 -2.30622e-15 -3.42041e-17
      outer loop
         vertex -0.135538 -0.209059 -0.217407
         vertex -0.135538 -0.209034 -0.217998
         vertex -0.135538 -0.21086 -0.217714
      endloop
   endfacet
   facet normal -1 -2.30622e-15 -3.42041e-17
      outer loop
         vertex -0.135538 -0.176212 -0.217797
         vertex -0.135538 -0.17617 -0.218797
         vertex -0.135538 -0.176932 -0.218679
      endloop
   endfacet
   facet normal -1 -2.30622e-15 -3.42041e-17
      outer loop
         vertex -0.135538 -0.170242 -0.223281
         vertex -0.135538 -0.169938 -0.22314
         vertex -0.135538 -0.170077 -0.224038
      endloop
   endfacet
   facet normal -1 -2.30622e-15 -3.42041e-17
      outer loop
         vertex -0.135538 -0.18054 -0.200325
         vertex -0.135538 -0.180499 -0.201279
         vertex -0.135538 -0.181057 -0.201193
      endloop
   endfacet
   facet normal -1 -2.30622e-15 -3.42041e-17
      outer loop
         vertex -0.135538 -0.174179 -0.196546
         vertex -0.135538 -0.173857 -0.194472
         vertex -0.135538 -0.173194 -0.194574
      endloop
   endfacet
   facet normal -1 -2.30622e-15 -3.42041e-17
      outer loop
         vertex -0.135538 -0.171233 -0.202716
         vertex -0.135538 -0.166876 -0.203391
         vertex -0.135538 -0.167305 -0.206157
      endloop
   endfacet
   facet normal -1 -2.30622e-15 -3.42041e-17
      outer loop
         vertex -0.135538 -0.173315 -0.205225
         vertex -0.135538 -0.167305 -0.206157
         vertex -0.135538 -0.167655 -0.208417
      endloop
   endfacet
   facet normal -1 -2.30622e-15 -3.42041e-17
      outer loop
         vertex -0.135538 -0.175622 -0.205853
         vertex -0.135538 -0.174939 -0.205824
         vertex -0.135538 -0.17516 -0.207253
      endloop
   endfacet
   facet normal -1 -2.30622e-15 -3.42041e-17
      outer loop
         vertex -0.135538 -0.17647 -0.205889
         vertex -0.135538 -0.175622 -0.205853
         vertex -0.135538 -0.175823 -0.20715
      endloop
   endfacet
   facet normal -1 -2.30622e-15 -3.42041e-17
      outer loop
         vertex -0.135538 -0.179657 -0.20395
         vertex -0.135538 -0.179275 -0.204301
         vertex -0.135538 -0.181486 -0.203958
      endloop
   endfacet
   facet normal -1 -2.30622e-15 -3.42041e-17
      outer loop
         vertex -0.135538 -0.194042 -0.191342
         vertex -0.135538 -0.19771 -0.190773
         vertex -0.135538 -0.197282 -0.18801
      endloop
   endfacet
   facet normal -1 -2.30622e-15 -3.42041e-17
      outer loop
         vertex -0.135538 -0.190484 -0.191919
         vertex -0.135538 -0.190605 -0.191875
         vertex -0.135538 -0.189457 -0.192053
      endloop
   endfacet
   facet normal -1 -2.30622e-15 -3.42041e-17
      outer loop
         vertex -0.135538 -0.189567 -0.192761
         vertex -0.135538 -0.189457 -0.192053
         vertex -0.135538 -0.18684 -0.192459
      endloop
   endfacet
   facet normal -1 -2.30622e-15 -3.42041e-17
      outer loop
         vertex -0.135538 -0.189951 -0.199813
         vertex -0.135538 -0.188026 -0.200112
         vertex -0.135538 -0.188299 -0.201869
      endloop
   endfacet
   facet normal -1 -2.30622e-15 -3.42041e-17
      outer loop
         vertex -0.135538 -0.191864 -0.20082
         vertex -0.135538 -0.190735 -0.200295
         vertex -0.135538 -0.191072 -0.202472
      endloop
   endfacet
   facet normal -1 -2.30622e-15 -3.42041e-17
      outer loop
         vertex -0.135538 -0.197754 -0.197237
         vertex -0.135538 -0.19707 -0.19871
         vertex -0.135538 -0.198897 -0.198426
      endloop
   endfacet
   facet normal -1 -2.30622e-15 -3.42041e-17
      outer loop
         vertex -0.135538 -0.207138 -0.203831
         vertex -0.135538 -0.208829 -0.204617
         vertex -0.135538 -0.208437 -0.202093
      endloop
   endfacet
   facet normal -1 -2.30622e-15 -3.42041e-17
      outer loop
         vertex -0.135538 -0.201228 -0.207886
         vertex -0.135538 -0.20052 -0.203321
         vertex -0.135538 -0.199676 -0.203452
      endloop
   endfacet
   facet normal -1 -2.30622e-15 -3.42041e-17
      outer loop
         vertex -0.135538 -0.20182 -0.211101
         vertex -0.135538 -0.201658 -0.210658
         vertex -0.135538 -0.202292 -0.214747
      endloop
   endfacet
   facet normal -1 -2.30622e-15 -3.42041e-17
      outer loop
         vertex -0.135538 -0.20091 -0.221222
         vertex -0.135538 -0.202441 -0.221287
         vertex -0.135538 -0.202098 -0.219073
      endloop
   endfacet
   facet normal -1 -2.30622e-15 -3.42041e-17
      outer loop
         vertex -0.135538 -0.19684 -0.226787
         vertex -0.135538 -0.196901 -0.225361
         vertex -0.135538 -0.194675 -0.225706
      endloop
   endfacet
   facet normal -1 -2.30622e-15 -3.42041e-17
      outer loop
         vertex -0.135538 -0.202811 -0.221303
         vertex -0.135538 -0.203347 -0.221553
         vertex -0.135538 -0.202943 -0.218942
      endloop
   endfacet
   facet normal -1 -2.30622e-15 -3.42041e-17
      outer loop
         vertex -0.135538 -0.180428 -0.22815
         vertex -0.135538 -0.180735 -0.227867
         vertex -0.135538 -0.179075 -0.228124
      endloop
   endfacet
   facet normal -1 -2.30622e-15 -3.42041e-17
      outer loop
         vertex -0.135538 -0.186896 -0.235193
         vertex -0.135538 -0.18636 -0.235389
         vertex -0.135538 -0.186669 -0.237386
      endloop
   endfacet
   facet normal -1 -2.30622e-15 -3.42041e-17
      outer loop
         vertex -0.135538 -0.188527 -0.228494
         vertex -0.135538 -0.189154 -0.23021
         vertex -0.135538 -0.189705 -0.230125
      endloop
   endfacet
   facet normal -1 -2.30622e-15 -3.42041e-17
      outer loop
         vertex -0.135538 -0.185516 -0.226291
         vertex -0.135538 -0.186862 -0.226917
         vertex -0.135538 -0.187197 -0.224764
      endloop
   endfacet
   facet normal -1 -2.30622e-15 -3.42041e-17
      outer loop
         vertex -0.135538 -0.201073 -0.187881
         vertex -0.135538 -0.200992 -0.187435
         vertex -0.135538 -0.198126 -0.187879
      endloop
   endfacet
   facet normal -1 -2.30622e-15 -3.42041e-17
      outer loop
         vertex -0.135538 -0.202833 -0.189979
         vertex -0.135538 -0.198555 -0.190642
         vertex -0.135538 -0.199741 -0.198295
      endloop
   endfacet
   facet normal -1 -2.30622e-15 -3.42041e-17
      outer loop
         vertex -0.135538 -0.19946 -0.218549
         vertex -0.135538 -0.198459 -0.219637
         vertex -0.135538 -0.202098 -0.219073
      endloop
   endfacet
   facet normal -1 -2.30622e-15 -3.42041e-17
      outer loop
         vertex -0.135538 -0.200522 -0.213939
         vertex -0.135538 -0.200463 -0.21503
         vertex -0.135538 -0.201448 -0.214878
      endloop
   endfacet
   facet normal -1 -2.30622e-15 -3.42041e-17
      outer loop
         vertex -0.135538 -0.195785 -0.204055
         vertex -0.135538 -0.199676 -0.203452
         vertex -0.135538 -0.199326 -0.201192
      endloop
   endfacet
   facet normal -1 -2.30622e-15 -3.42041e-17
      outer loop
         vertex -0.135538 -0.191088 -0.202571
         vertex -0.135538 -0.191072 -0.202472
         vertex -0.135538 -0.190835 -0.202509
      endloop
   endfacet
   facet normal -1 -2.30622e-15 -3.42041e-17
      outer loop
         vertex -0.135538 -0.187801 -0.201743
         vertex -0.135538 -0.188299 -0.201869
         vertex -0.135538 -0.188026 -0.200112
      endloop
   endfacet
   facet normal -1 -2.30622e-15 -3.42041e-17
      outer loop
         vertex -0.135538 -0.183152 -0.203083
         vertex -0.135538 -0.185344 -0.202005
         vertex -0.135538 -0.185121 -0.200562
      endloop
   endfacet
   facet normal -1 -2.30622e-15 -3.42041e-17
      outer loop
         vertex -0.135538 -0.182463 -0.203807
         vertex -0.135538 -0.181486 -0.203958
         vertex -0.135538 -0.181603 -0.204711
      endloop
   endfacet
   facet normal -1 -2.30622e-15 -3.42041e-17
      outer loop
         vertex -0.135538 -0.179729 -0.206659
         vertex -0.135538 -0.179858 -0.206525
         vertex -0.135538 -0.175823 -0.20715
      endloop
   endfacet
   facet normal -1 -2.30622e-15 -3.42041e-17
      outer loop
         vertex -0.135538 -0.178904 -0.220232
         vertex -0.135538 -0.178401 -0.218451
         vertex -0.135538 -0.177595 -0.218576
      endloop
   endfacet
   facet normal -1 -2.30622e-15 -3.42041e-17
      outer loop
         vertex -0.135538 -0.189522 -0.225365
         vertex -0.135538 -0.188944 -0.225215
         vertex -0.135538 -0.189152 -0.226562
      endloop
   endfacet
   facet normal -1 -2.30622e-15 -3.42041e-17
      outer loop
         vertex -0.135538 -0.191913 -0.225144
         vertex -0.135538 -0.192058 -0.226111
         vertex -0.135538 -0.194675 -0.225706
      endloop
   endfacet
   facet normal -1 -2.30622e-15 -3.42041e-17
      outer loop
         vertex -0.135538 -0.198555 -0.190642
         vertex -0.135538 -0.198126 -0.187879
         vertex -0.135538 -0.197282 -0.18801
      endloop
   endfacet
   facet normal -1 -2.30622e-15 -3.42041e-17
      outer loop
         vertex -0.135538 -0.189457 -0.192053
         vertex -0.135538 -0.189028 -0.18929
         vertex -0.135538 -0.186411 -0.189696
      endloop
   endfacet
   facet normal -1 -2.30622e-15 -3.42041e-17
      outer loop
         vertex -0.135538 -0.18684 -0.192459
         vertex -0.135538 -0.186411 -0.189696
         vertex -0.135538 -0.183506 -0.190146
      endloop
   endfacet
   facet normal -1 -2.30622e-15 -3.42041e-17
      outer loop
         vertex -0.135538 -0.183934 -0.192909
         vertex -0.135538 -0.183506 -0.190146
         vertex -0.135538 -0.179442 -0.190777
      endloop
   endfacet
   facet normal -1 -2.30622e-15 -3.42041e-17
      outer loop
         vertex -0.135538 -0.17987 -0.193539
         vertex -0.135538 -0.179442 -0.190777
         vertex -0.135538 -0.173429 -0.191709
      endloop
   endfacet
   facet normal -1 -2.30622e-15 -3.42041e-17
      outer loop
         vertex -0.135538 -0.173857 -0.194472
         vertex -0.135538 -0.173429 -0.191709
         vertex -0.135538 -0.172766 -0.191812
      endloop
   endfacet
   facet normal -1 -2.30622e-15 -3.42041e-17
      outer loop
         vertex -0.135538 -0.199741 -0.198295
         vertex -0.135538 -0.198555 -0.190642
         vertex -0.135538 -0.19771 -0.190773
      endloop
   endfacet
   facet normal -1 -2.30622e-15 -3.42041e-17
      outer loop
         vertex -0.135538 -0.208087 -0.199834
         vertex -0.135538 -0.207658 -0.197068
         vertex -0.135538 -0.199741 -0.198295
      endloop
   endfacet
   facet normal -1 -2.30622e-15 -3.42041e-17
      outer loop
         vertex -0.135538 -0.20017 -0.201061
         vertex -0.135538 -0.199741 -0.198295
         vertex -0.135538 -0.198897 -0.198426
      endloop
   endfacet
   facet normal -1 -2.30622e-15 -3.42041e-17
      outer loop
         vertex -0.135538 -0.208437 -0.202093
         vertex -0.135538 -0.208087 -0.199834
         vertex -0.135538 -0.20017 -0.201061
      endloop
   endfacet
   facet normal -1 -2.30622e-15 -3.42041e-17
      outer loop
         vertex -0.135538 -0.20052 -0.203321
         vertex -0.135538 -0.20017 -0.201061
         vertex -0.135538 -0.199326 -0.201192
      endloop
   endfacet
   facet normal -1 -2.30622e-15 -3.42041e-17
      outer loop
         vertex -0.135538 -0.177595 -0.218576
         vertex -0.135538 -0.175823 -0.20715
         vertex -0.135538 -0.17516 -0.207253
      endloop
   endfacet
   facet normal -1 -2.30622e-15 -3.42041e-17
      outer loop
         vertex -0.135538 -0.202943 -0.218942
         vertex -0.135538 -0.202292 -0.214747
         vertex -0.135538 -0.201448 -0.214878
      endloop
   endfacet
   facet normal -1 -2.30622e-15 -3.42041e-17
      outer loop
         vertex -0.135538 -0.178245 -0.222772
         vertex -0.135538 -0.177595 -0.218576
         vertex -0.135538 -0.176932 -0.218679
      endloop
   endfacet
   facet normal -1 -2.30622e-15 -3.42041e-17
      outer loop
         vertex -0.135538 -0.195227 -0.229268
         vertex -0.135538 -0.194675 -0.225706
         vertex -0.135538 -0.192058 -0.226111
      endloop
   endfacet
   facet normal -1 -2.30622e-15 -3.42041e-17
      outer loop
         vertex -0.135538 -0.19261 -0.229674
         vertex -0.135538 -0.192058 -0.226111
         vertex -0.135538 -0.189152 -0.226562
      endloop
   endfacet
   facet normal -1 -2.30622e-15 -3.42041e-17
      outer loop
         vertex -0.135538 -0.196256 -0.235899
         vertex -0.135538 -0.195227 -0.229268
         vertex -0.135538 -0.19261 -0.229674
      endloop
   endfacet
   facet normal -1 -2.30622e-15 -3.42041e-17
      outer loop
         vertex -0.135538 -0.193638 -0.236305
         vertex -0.135538 -0.19261 -0.229674
         vertex -0.135538 -0.189705 -0.230125
      endloop
   endfacet
   facet normal -2.05499e-15 0.894714 -0.44664
      outer loop
         vertex -0.135538 -0.199834 -0.211638
         vertex -0.11875 -0.199834 -0.211638
         vertex -0.11875 -0.20051 -0.213897
      endloop
   endfacet
   facet normal 0 0.992279 -0.124024
      outer loop
         vertex -0.11875 -0.20051 -0.213897
         vertex -0.135538 -0.200522 -0.213939
         vertex -0.135538 -0.199834 -0.211638
      endloop
   endfacet
   facet normal -2.2617e-15 0.974465 0.224538
      outer loop
         vertex -0.11875 -0.200392 -0.216336
         vertex -0.135538 -0.200392 -0.216336
         vertex -0.135538 -0.200463 -0.21503
      endloop
   endfacet
   facet normal 0 0.999257 0.0385345
      outer loop
         vertex -0.135538 -0.200463 -0.21503
         vertex -0.11875 -0.200522 -0.213939
         vertex -0.11875 -0.200392 -0.216336
      endloop
   endfacet
   facet normal -2.2617e-15 0.974465 0.224538
      outer loop
         vertex -0.135538 -0.200392 -0.216336
         vertex -0.11875 -0.200392 -0.216336
         vertex -0.11875 -0.199547 -0.218343
      endloop
   endfacet
   facet normal 0 0.857951 0.513731
      outer loop
         vertex -0.11875 -0.199547 -0.218343
         vertex -0.135538 -0.19946 -0.218549
         vertex -0.135538 -0.200392 -0.216336
      endloop
   endfacet
   facet normal -1.96399e-15 0.841249 0.540648
      outer loop
         vertex -0.11875 -0.19946 -0.218549
         vertex -0.11875 -0.197834 -0.220317
         vertex -0.135538 -0.198459 -0.219637
      endloop
   endfacet
   facet normal -1.43517e-15 0.609041 0.793139
      outer loop
         vertex -0.11875 -0.197834 -0.220317
         vertex -0.135538 -0.197834 -0.220317
         vertex -0.135538 -0.198459 -0.219637
      endloop
   endfacet
   facet normal 0 0.708224 0.705988
      outer loop
         vertex -0.135538 -0.198459 -0.219637
         vertex -0.135538 -0.19946 -0.218549
         vertex -0.11875 -0.19946 -0.218549
      endloop
   endfacet
   facet normal 0 0.857951 0.513731
      outer loop
         vertex -0.11875 -0.199547 -0.218343
         vertex -0.11875 -0.19946 -0.218549
         vertex -0.135538 -0.19946 -0.218549
      endloop
   endfacet
   facet normal 0 0.999257 0.0385345
      outer loop
         vertex -0.135538 -0.200463 -0.21503
         vertex -0.135538 -0.200522 -0.213939
         vertex -0.11875 -0.200522 -0.213939
      endloop
   endfacet
   facet normal 0 0.992279 -0.124024
      outer loop
         vertex -0.11875 -0.20051 -0.213897
         vertex -0.11875 -0.200522 -0.213939
         vertex -0.135538 -0.200522 -0.213939
      endloop
   endfacet
   facet normal -2.29884e-15 0.995144 -0.0984296
      outer loop
         vertex -0.135538 -0.199143 -0.209244
         vertex -0.11875 -0.199143 -0.209244
         vertex -0.11875 -0.199834 -0.211638
      endloop
   endfacet
   facet normal -2.05499e-15 0.894714 -0.44664
      outer loop
         vertex -0.11875 -0.199834 -0.211638
         vertex -0.135538 -0.199834 -0.211638
         vertex -0.135538 -0.199143 -0.209244
      endloop
   endfacet
   facet normal -8.99217e-16 0.401813 -0.915722
      outer loop
         vertex -0.135538 -0.19499 -0.203523
         vertex -0.135538 -0.192601 -0.202946
         vertex -0.11875 -0.192601 -0.202946
      endloop
   endfacet
   facet normal 0 0.523043 -0.852306
      outer loop
         vertex -0.11875 -0.195785 -0.204055
         vertex -0.11875 -0.197032 -0.20489
         vertex -0.135538 -0.197032 -0.20489
      endloop
   endfacet
   facet normal 0 0.523043 -0.852306
      outer loop
         vertex -0.11875 -0.195785 -0.204055
         vertex -0.135538 -0.195785 -0.204055
         vertex -0.135538 -0.19499 -0.203523
      endloop
   endfacet
   facet normal -8.99217e-16 0.401813 -0.915722
      outer loop
         vertex -0.135538 -0.19499 -0.203523
         vertex -0.11875 -0.19499 -0.203523
         vertex -0.11875 -0.195785 -0.204055
      endloop
   endfacet
   facet normal -2.06709e-15 0.899797 -0.436309
      outer loop
         vertex -0.135538 -0.198476 -0.206879
         vertex -0.135538 -0.197032 -0.20489
         vertex -0.11875 -0.197032 -0.20489
      endloop
   endfacet
   facet normal -2.29884e-15 0.995144 -0.0984296
      outer loop
         vertex -0.135538 -0.199143 -0.209244
         vertex -0.135538 -0.198476 -0.206879
         vertex -0.11875 -0.198476 -0.206879
      endloop
   endfacet
   facet normal -2.06709e-15 0.899797 -0.436309
      outer loop
         vertex -0.11875 -0.198476 -0.206879
         vertex -0.11875 -0.199143 -0.209244
         vertex -0.135538 -0.199143 -0.209244
      endloop
   endfacet
   facet normal -1.58056e-15 0.693546 -0.720412
      outer loop
         vertex -0.11875 -0.197032 -0.20489
         vertex -0.11875 -0.198476 -0.206879
         vertex -0.135538 -0.198476 -0.206879
      endloop
   endfacet
   facet normal -1.58056e-15 0.693546 -0.720412
      outer loop
         vertex -0.135538 -0.197032 -0.20489
         vertex -0.135538 -0.195785 -0.204055
         vertex -0.11875 -0.195785 -0.204055
      endloop
   endfacet
   facet normal -1.07044e-16 0.0605549 -0.998165
      outer loop
         vertex -0.11875 -0.192601 -0.202946
         vertex -0.11875 -0.19499 -0.203523
         vertex -0.135538 -0.19499 -0.203523
      endloop
   endfacet
   facet normal -9.23701e-16 0.412329 -0.911035
      outer loop
         vertex -0.11875 -0.190183 -0.202347
         vertex -0.135538 -0.191088 -0.202571
         vertex -0.135538 -0.190835 -0.202509
      endloop
   endfacet
   facet normal -1.07044e-16 0.0605549 -0.998165
      outer loop
         vertex -0.11875 -0.192601 -0.202946
         vertex -0.135538 -0.192601 -0.202946
         vertex -0.135538 -0.191088 -0.202571
      endloop
   endfacet
   facet normal 0 0.285127 -0.95849
      outer loop
         vertex -0.135538 -0.191088 -0.202571
         vertex -0.11875 -0.190183 -0.202347
         vertex -0.11875 -0.192601 -0.202946
      endloop
   endfacet
   facet normal 0 0.32165 -0.946859
      outer loop
         vertex -0.135538 -0.190835 -0.202509
         vertex -0.135538 -0.190183 -0.202347
         vertex -0.11875 -0.190183 -0.202347
      endloop
   endfacet
   facet normal 1.94795e-15 -0.834159 -0.551525
      outer loop
         vertex -0.11875 -0.181457 -0.204864
         vertex -0.11875 -0.183152 -0.203083
         vertex -0.135538 -0.182463 -0.203807
      endloop
   endfacet
   facet normal 0 -0.700968 -0.713193
      outer loop
         vertex -0.135538 -0.182463 -0.203807
         vertex -0.135538 -0.181603 -0.204711
         vertex -0.11875 -0.181457 -0.204864
      endloop
   endfacet
   facet normal 1.39647e-15 -0.592132 -0.805841
      outer loop
         vertex -0.11875 -0.183152 -0.203083
         vertex -0.135538 -0.183152 -0.203083
         vertex -0.135538 -0.182463 -0.203807
      endloop
   endfacet
   facet normal 6.72882e-16 -0.277123 -0.960835
      outer loop
         vertex -0.11875 -0.185357 -0.201999
         vertex -0.135538 -0.185357 -0.201999
         vertex -0.135538 -0.185344 -0.202005
      endloop
   endfacet
   facet normal 1.39647e-15 -0.592132 -0.805841
      outer loop
         vertex -0.135538 -0.183152 -0.203083
         vertex -0.11875 -0.183152 -0.203083
         vertex -0.11875 -0.185108 -0.202121
      endloop
   endfacet
   facet normal 0 -0.314519 -0.949251
      outer loop
         vertex -0.11875 -0.185108 -0.202121
         vertex -0.135538 -0.185344 -0.202005
         vertex -0.135538 -0.183152 -0.203083
      endloop
   endfacet
   facet normal -1.33646e-16 0.0720433 -0.997402
      outer loop
         vertex -0.135538 -0.187801 -0.201743
         vertex -0.135538 -0.185357 -0.201999
         vertex -0.11875 -0.185357 -0.201999
      endloop
   endfacet
   facet normal 0 0.144664 -0.989481
      outer loop
         vertex -0.135538 -0.188299 -0.201869
         vertex -0.11875 -0.187801 -0.201743
         vertex -0.11875 -0.189471 -0.202166
      endloop
   endfacet
   facet normal 0 0.31469 -0.949195
      outer loop
         vertex -0.11875 -0.189471 -0.202166
         vertex -0.135538 -0.190183 -0.202347
         vertex -0.135538 -0.188299 -0.201869
      endloop
   endfacet
   facet normal 0 0.144664 -0.989481
      outer loop
         vertex -0.135538 -0.188299 -0.201869
         vertex -0.135538 -0.187801 -0.201743
         vertex -0.11875 -0.187801 -0.201743
      endloop
   endfacet
   facet normal 0 0.31469 -0.949195
      outer loop
         vertex -0.11875 -0.189471 -0.202166
         vertex -0.11875 -0.190183 -0.202347
         vertex -0.135538 -0.190183 -0.202347
      endloop
   endfacet
   facet normal 6.72882e-16 -0.277123 -0.960835
      outer loop
         vertex -0.11875 -0.185357 -0.201999
         vertex -0.11875 -0.187801 -0.201743
         vertex -0.135538 -0.187801 -0.201743
      endloop
   endfacet
   facet normal 0 -0.278959 -0.960303
      outer loop
         vertex -0.135538 -0.185344 -0.202005
         vertex -0.11875 -0.185108 -0.202121
         vertex -0.11875 -0.185357 -0.201999
      endloop
   endfacet
   facet normal 0 -0.817367 -0.576117
      outer loop
         vertex -0.135538 -0.181603 -0.204711
         vertex -0.135538 -0.181457 -0.204864
         vertex -0.11875 -0.181457 -0.204864
      endloop
   endfacet
   facet normal 1.94795e-15 -0.834159 -0.551525
      outer loop
         vertex -0.135538 -0.181457 -0.204864
         vertex -0.135538 -0.179858 -0.206525
         vertex -0.11875 -0.180633 -0.20572
      endloop
   endfacet
   facet normal 0 -0.60431 -0.796749
      outer loop
         vertex -0.11875 -0.179858 -0.206525
         vertex -0.135538 -0.179858 -0.206525
         vertex -0.135538 -0.179729 -0.206659
      endloop
   endfacet
   facet normal 1.37514e-15 -0.582815 -0.812605
      outer loop
         vertex -0.135538 -0.179729 -0.206659
         vertex -0.11875 -0.179729 -0.206659
         vertex -0.11875 -0.179858 -0.206525
      endloop
   endfacet
   facet normal 0 -0.60431 -0.796749
      outer loop
         vertex -0.11875 -0.179858 -0.206525
         vertex -0.11875 -0.180633 -0.20572
         vertex -0.135538 -0.179858 -0.206525
      endloop
   endfacet
   facet normal 0 -0.726281 -0.687398
      outer loop
         vertex -0.11875 -0.180633 -0.20572
         vertex -0.11875 -0.181457 -0.204864
         vertex -0.135538 -0.181457 -0.204864
      endloop
   endfacet
   facet normal 2.29569e-15 -0.993945 0.109881
      outer loop
         vertex -0.135538 -0.176852 -0.213116
         vertex -0.135538 -0.177546 -0.215473
         vertex -0.11875 -0.177546 -0.215473
      endloop
   endfacet
   facet normal 2.25344e-15 -0.970668 -0.240422
      outer loop
         vertex -0.135538 -0.177014 -0.210664
         vertex -0.135538 -0.176852 -0.213116
         vertex -0.11875 -0.176852 -0.213116
      endloop
   endfacet
   facet normal 1.93344e-15 -0.827753 -0.561092
      outer loop
         vertex -0.135538 -0.178015 -0.208419
         vertex -0.135538 -0.177014 -0.210664
         vertex -0.11875 -0.177509 -0.209554
      endloop
   endfacet
   facet normal 2.25344e-15 -0.970668 -0.240422
      outer loop
         vertex -0.135538 -0.177014 -0.210664
         vertex -0.11875 -0.177014 -0.210664
         vertex -0.11875 -0.177509 -0.209554
      endloop
   endfacet
   facet normal 1.37514e-15 -0.582815 -0.812605
      outer loop
         vertex -0.135538 -0.179729 -0.206659
         vertex -0.135538 -0.178015 -0.208419
         vertex -0.11875 -0.178015 -0.208419
      endloop
   endfacet
   facet normal 1.93344e-15 -0.827753 -0.561092
      outer loop
         vertex -0.11875 -0.178015 -0.208419
         vertex -0.11875 -0.179729 -0.206659
         vertex -0.135538 -0.179729 -0.206659
      endloop
   endfacet
   facet normal 0 -0.914199 -0.405266
      outer loop
         vertex -0.11875 -0.177509 -0.209554
         vertex -0.11875 -0.178015 -0.208419
         vertex -0.135538 -0.178015 -0.208419
      endloop
   endfacet
   facet normal 2.29569e-15 -0.993945 0.109881
      outer loop
         vertex -0.11875 -0.176852 -0.213116
         vertex -0.11875 -0.177014 -0.210664
         vertex -0.135538 -0.177014 -0.210664
      endloop
   endfacet
   facet normal 2.05499e-15 -0.894714 0.44664
      outer loop
         vertex -0.11875 -0.177546 -0.215473
         vertex -0.11875 -0.176852 -0.213116
         vertex -0.135538 -0.176852 -0.213116
      endloop
   endfacet
   facet normal 2.05499e-15 -0.894714 0.44664
      outer loop
         vertex -0.135538 -0.177546 -0.215473
         vertex -0.135538 -0.178237 -0.217867
         vertex -0.11875 -0.178094 -0.217373
      endloop
   endfacet
   facet normal 2.29884e-15 -0.995144 0.0984296
      outer loop
         vertex -0.135538 -0.178237 -0.217867
         vertex -0.11875 -0.178237 -0.217867
         vertex -0.11875 -0.178094 -0.217373
      endloop
   endfacet
   facet normal 0 -0.985069 0.172161
      outer loop
         vertex -0.11875 -0.178094 -0.217373
         vertex -0.11875 -0.177546 -0.215473
         vertex -0.135538 -0.177546 -0.215473
      endloop
   endfacet
   facet normal 0 -0.0845601 0.996418
      outer loop
         vertex -0.135538 -0.184613 -0.224125
         vertex -0.11875 -0.184779 -0.224165
         vertex -0.11875 -0.183443 -0.223843
      endloop
   endfacet
   facet normal 0 -0.255217 0.966884
      outer loop
         vertex -0.11875 -0.183443 -0.223843
         vertex -0.135538 -0.18239 -0.223588
         vertex -0.135538 -0.184613 -0.224125
      endloop
   endfacet
   facet normal 0 -0.0845601 0.996418
      outer loop
         vertex -0.135538 -0.184613 -0.224125
         vertex -0.135538 -0.184779 -0.224165
         vertex -0.11875 -0.184779 -0.224165
      endloop
   endfacet
   facet normal 8.99217e-16 -0.401813 0.915722
      outer loop
         vertex -0.11875 -0.18239 -0.223588
         vertex -0.11875 -0.180348 -0.222221
         vertex -0.135538 -0.18062 -0.222403
      endloop
   endfacet
   facet normal 1.58056e-15 -0.693546 0.720412
      outer loop
         vertex -0.11875 -0.180348 -0.222221
         vertex -0.135538 -0.180348 -0.222221
         vertex -0.135538 -0.18062 -0.222403
      endloop
   endfacet
   facet normal 2.06709e-15 -0.899797 0.436309
      outer loop
         vertex -0.135538 -0.178904 -0.220232
         vertex -0.135538 -0.180348 -0.222221
         vertex -0.11875 -0.17976 -0.221411
      endloop
   endfacet
   facet normal 0 -0.789397 0.613883
      outer loop
         vertex -0.11875 -0.17976 -0.221411
         vertex -0.11875 -0.179236 -0.220689
         vertex -0.135538 -0.178904 -0.220232
      endloop
   endfacet
   facet normal 1.58056e-15 -0.693546 0.720412
      outer loop
         vertex -0.135538 -0.180348 -0.222221
         vertex -0.11875 -0.180348 -0.222221
         vertex -0.11875 -0.17976 -0.221411
      endloop
   endfacet
   facet normal 2.06709e-15 -0.899797 0.436309
      outer loop
         vertex -0.11875 -0.178904 -0.220232
         vertex -0.11875 -0.178237 -0.217867
         vertex -0.135538 -0.178401 -0.218451
      endloop
   endfacet
   facet normal 2.29884e-15 -0.995144 0.0984296
      outer loop
         vertex -0.11875 -0.178237 -0.217867
         vertex -0.135538 -0.178237 -0.217867
         vertex -0.135538 -0.178401 -0.218451
      endloop
   endfacet
   facet normal 0 -0.982929 0.183985
      outer loop
         vertex -0.135538 -0.178401 -0.218451
         vertex -0.135538 -0.178904 -0.220232
         vertex -0.11875 -0.178904 -0.220232
      endloop
   endfacet
   facet normal 0 -0.861862 0.507144
      outer loop
         vertex -0.11875 -0.179236 -0.220689
         vertex -0.11875 -0.178904 -0.220232
         vertex -0.135538 -0.178904 -0.220232
      endloop
   endfacet
   facet normal 0 -0.659365 0.751823
      outer loop
         vertex -0.135538 -0.18062 -0.222403
         vertex -0.135538 -0.18239 -0.223588
         vertex -0.11875 -0.18239 -0.223588
      endloop
   endfacet
   facet normal 0 -0.255217 0.966884
      outer loop
         vertex -0.11875 -0.183443 -0.223843
         vertex -0.11875 -0.18239 -0.223588
         vertex -0.135538 -0.18239 -0.223588
      endloop
   endfacet
   facet normal 9.23701e-16 -0.412329 0.911035
      outer loop
         vertex -0.135538 -0.187197 -0.224764
         vertex -0.11875 -0.187197 -0.224764
         vertex -0.11875 -0.184779 -0.224165
      endloop
   endfacet
   facet normal 1.07044e-16 -0.0605549 0.998165
      outer loop
         vertex -0.11875 -0.184779 -0.224165
         vertex -0.135538 -0.184779 -0.224165
         vertex -0.135538 -0.187197 -0.224764
      endloop
   endfacet
   facet normal -1.90614e-15 0.815702 0.578472
      outer loop
         vertex -0.11875 -0.195793 -0.222437
         vertex -0.11875 -0.194089 -0.224128
         vertex -0.135538 -0.194385 -0.223834
      endloop
   endfacet
   facet normal -1.35087e-15 0.572215 0.820103
      outer loop
         vertex -0.11875 -0.194089 -0.224128
         vertex -0.135538 -0.194089 -0.224128
         vertex -0.135538 -0.194385 -0.223834
      endloop
   endfacet
   facet normal -1.35087e-15 0.572215 0.820103
      outer loop
         vertex -0.135538 -0.194089 -0.224128
         vertex -0.11875 -0.194089 -0.224128
         vertex -0.11875 -0.192958 -0.224656
      endloop
   endfacet
   facet normal 0 0.416807 0.908995
      outer loop
         vertex -0.11875 -0.192958 -0.224656
         vertex -0.135538 -0.191913 -0.225144
         vertex -0.135538 -0.194089 -0.224128
      endloop
   endfacet
   facet normal 1.52501e-16 -0.0801853 0.99678
      outer loop
         vertex -0.135538 -0.189522 -0.225365
         vertex -0.135538 -0.191913 -0.225144
         vertex -0.11875 -0.191913 -0.225144
      endloop
   endfacet
   facet normal 9.23701e-16 -0.412329 0.911035
      outer loop
         vertex -0.135538 -0.187197 -0.224764
         vertex -0.135538 -0.188944 -0.225215
         vertex -0.11875 -0.188679 -0.225147
      endloop
   endfacet
   facet normal 1.52501e-16 -0.0801853 0.99678
      outer loop
         vertex -0.11875 -0.189522 -0.225365
         vertex -0.11875 -0.188679 -0.225147
         vertex -0.135538 -0.188944 -0.225215
      endloop
   endfacet
   facet normal 0 -0.164671 0.986349
      outer loop
         vertex -0.135538 -0.188944 -0.225215
         vertex -0.135538 -0.189522 -0.225365
         vertex -0.11875 -0.189522 -0.225365
      endloop
   endfacet
   facet normal 0 -0.203433 0.979089
      outer loop
         vertex -0.11875 -0.188679 -0.225147
         vertex -0.11875 -0.187197 -0.224764
         vertex -0.135538 -0.187197 -0.224764
      endloop
   endfacet
   facet normal -6.36643e-16 0.261394 0.965232
      outer loop
         vertex -0.11875 -0.191913 -0.225144
         vertex -0.11875 -0.189522 -0.225365
         vertex -0.135538 -0.189522 -0.225365
      endloop
   endfacet
   facet normal 0 0.416807 0.908995
      outer loop
         vertex -0.11875 -0.192958 -0.224656
         vertex -0.11875 -0.191913 -0.225144
         vertex -0.135538 -0.191913 -0.225144
      endloop
   endfacet
   facet normal 0 0.619725 0.784819
      outer loop
         vertex -0.135538 -0.194385 -0.223834
         vertex -0.135538 -0.195793 -0.222437
         vertex -0.11875 -0.195793 -0.222437
      endloop
   endfacet
   facet normal -1.90614e-15 0.815702 0.578472
      outer loop
         vertex -0.11875 -0.195793 -0.222437
         vertex -0.135538 -0.195793 -0.222437
         vertex -0.135538 -0.197834 -0.220317
      endloop
   endfacet
   facet normal -1.43517e-15 0.609042 0.793138
      outer loop
         vertex -0.135538 -0.197834 -0.220317
         vertex -0.11875 -0.197834 -0.220317
         vertex -0.11875 -0.195793 -0.222437
      endloop
   endfacet
   facet normal 2.066e-15 -0.854331 0.519729
      outer loop
         vertex -0.11875 -0.181158 -0.197887
         vertex -0.11875 -0.180757 -0.196788
         vertex -0.135538 -0.180757 -0.196788
      endloop
   endfacet
   facet normal 1.42087e-15 -0.590408 0.807105
      outer loop
         vertex -0.11875 -0.18195 -0.198749
         vertex -0.11875 -0.181158 -0.197887
         vertex -0.135538 -0.181158 -0.197887
      endloop
   endfacet
   facet normal 5.59431e-16 -0.2366 0.971607
      outer loop
         vertex -0.11875 -0.183011 -0.199243
         vertex -0.11875 -0.18195 -0.198749
         vertex -0.135538 -0.18195 -0.198749
      endloop
   endfacet
   facet normal -3.87178e-16 0.153228 0.988191
      outer loop
         vertex -0.11875 -0.184181 -0.199293
         vertex -0.11875 -0.183011 -0.199243
         vertex -0.135538 -0.183011 -0.199243
      endloop
   endfacet
   facet normal -3.87178e-16 0.153228 0.988191
      outer loop
         vertex -0.135538 -0.184181 -0.199293
         vertex -0.135538 -0.184884 -0.199036
         vertex -0.11875 -0.184644 -0.199124
      endloop
   endfacet
   facet normal -1.27484e-15 0.519729 0.854331
      outer loop
         vertex -0.11875 -0.18528 -0.198891
         vertex -0.11875 -0.184644 -0.199124
         vertex -0.135538 -0.184884 -0.199036
      endloop
   endfacet
   facet normal 0 0.394635 0.918838
      outer loop
         vertex -0.135538 -0.184884 -0.199036
         vertex -0.135538 -0.18528 -0.198891
         vertex -0.11875 -0.18528 -0.198891
      endloop
   endfacet
   facet normal -1.96842e-15 0.807105 0.590408
      outer loop
         vertex -0.11875 -0.186143 -0.198099
         vertex -0.11875 -0.18528 -0.198891
         vertex -0.135538 -0.18528 -0.198891
      endloop
   endfacet
   facet normal -2.36233e-15 0.971607 0.2366
      outer loop
         vertex -0.11875 -0.186636 -0.197038
         vertex -0.11875 -0.186143 -0.198099
         vertex -0.135538 -0.186143 -0.198099
      endloop
   endfacet
   facet normal -2.39659e-15 0.988191 -0.153228
      outer loop
         vertex -0.11875 -0.186686 -0.195868
         vertex -0.11875 -0.186636 -0.197038
         vertex -0.135538 -0.186636 -0.197038
      endloop
   endfacet
   facet normal -2.066e-15 0.854331 -0.519729
      outer loop
         vertex -0.11875 -0.186284 -0.194769
         vertex -0.11875 -0.186686 -0.195868
         vertex -0.135538 -0.186686 -0.195868
      endloop
   endfacet
   facet normal -1.42087e-15 0.590408 -0.807105
      outer loop
         vertex -0.11875 -0.185492 -0.193907
         vertex -0.11875 -0.186284 -0.194769
         vertex -0.135538 -0.186284 -0.194769
      endloop
   endfacet
   facet normal -5.59431e-16 0.2366 -0.971607
      outer loop
         vertex -0.11875 -0.184431 -0.193413
         vertex -0.11875 -0.185492 -0.193907
         vertex -0.135538 -0.185492 -0.193907
      endloop
   endfacet
   facet normal -5.59431e-16 0.2366 -0.971607
      outer loop
         vertex -0.11875 -0.184431 -0.193413
         vertex -0.135538 -0.184431 -0.193413
         vertex -0.135538 -0.18401 -0.193395
      endloop
   endfacet
   facet normal 3.87178e-16 -0.153228 -0.988191
      outer loop
         vertex -0.135538 -0.183262 -0.193363
         vertex -0.11875 -0.183262 -0.193363
         vertex -0.11875 -0.183754 -0.193384
      endloop
   endfacet
   facet normal 0 0.0110948 -0.999938
      outer loop
         vertex -0.11875 -0.183754 -0.193384
         vertex -0.135538 -0.18401 -0.193395
         vertex -0.135538 -0.183262 -0.193363
      endloop
   endfacet
   facet normal 1.27484e-15 -0.519729 -0.854331
      outer loop
         vertex -0.11875 -0.182162 -0.193765
         vertex -0.11875 -0.183262 -0.193363
         vertex -0.135538 -0.183262 -0.193363
      endloop
   endfacet
   facet normal 1.96842e-15 -0.807105 -0.590408
      outer loop
         vertex -0.11875 -0.1813 -0.194557
         vertex -0.11875 -0.182162 -0.193765
         vertex -0.135538 -0.182162 -0.193765
      endloop
   endfacet
   facet normal 2.36233e-15 -0.971607 -0.2366
      outer loop
         vertex -0.11875 -0.180806 -0.195618
         vertex -0.11875 -0.1813 -0.194557
         vertex -0.135538 -0.1813 -0.194557
      endloop
   endfacet
   facet normal 2.39659e-15 -0.988191 0.153228
      outer loop
         vertex -0.11875 -0.180757 -0.196788
         vertex -0.11875 -0.180806 -0.195618
         vertex -0.135538 -0.180806 -0.195618
      endloop
   endfacet
   facet normal 2.36233e-15 -0.971607 -0.2366
      outer loop
         vertex -0.135538 -0.180806 -0.195618
         vertex -0.135538 -0.180757 -0.196788
         vertex -0.11875 -0.180757 -0.196788
      endloop
   endfacet
   facet normal 1.96842e-15 -0.807105 -0.590408
      outer loop
         vertex -0.135538 -0.1813 -0.194557
         vertex -0.135538 -0.180806 -0.195618
         vertex -0.11875 -0.180806 -0.195618
      endloop
   endfacet
   facet normal 1.27484e-15 -0.519729 -0.854331
      outer loop
         vertex -0.135538 -0.182162 -0.193765
         vertex -0.135538 -0.1813 -0.194557
         vertex -0.11875 -0.1813 -0.194557
      endloop
   endfacet
   facet normal 3.87178e-16 -0.153228 -0.988191
      outer loop
         vertex -0.135538 -0.183262 -0.193363
         vertex -0.135538 -0.182162 -0.193765
         vertex -0.11875 -0.182162 -0.193765
      endloop
   endfacet
   facet normal 0 0.0978448 -0.995202
      outer loop
         vertex -0.135538 -0.18401 -0.193395
         vertex -0.11875 -0.183754 -0.193384
         vertex -0.11875 -0.184431 -0.193413
      endloop
   endfacet
   facet normal -1.42087e-15 0.590408 -0.807105
      outer loop
         vertex -0.135538 -0.185492 -0.193907
         vertex -0.135538 -0.184431 -0.193413
         vertex -0.11875 -0.184431 -0.193413
      endloop
   endfacet
   facet normal -2.066e-15 0.854331 -0.519729
      outer loop
         vertex -0.135538 -0.186284 -0.194769
         vertex -0.135538 -0.185492 -0.193907
         vertex -0.11875 -0.185492 -0.193907
      endloop
   endfacet
   facet normal -2.39659e-15 0.988191 -0.153228
      outer loop
         vertex -0.135538 -0.186686 -0.195868
         vertex -0.135538 -0.186284 -0.194769
         vertex -0.11875 -0.186284 -0.194769
      endloop
   endfacet
   facet normal -2.36233e-15 0.971607 0.2366
      outer loop
         vertex -0.135538 -0.186636 -0.197038
         vertex -0.135538 -0.186686 -0.195868
         vertex -0.11875 -0.186686 -0.195868
      endloop
   endfacet
   facet normal -1.96842e-15 0.807105 0.590408
      outer loop
         vertex -0.135538 -0.186143 -0.198099
         vertex -0.135538 -0.186636 -0.197038
         vertex -0.11875 -0.186636 -0.197038
      endloop
   endfacet
   facet normal -1.27484e-15 0.519729 0.854331
      outer loop
         vertex -0.135538 -0.18528 -0.198891
         vertex -0.135538 -0.186143 -0.198099
         vertex -0.11875 -0.186143 -0.198099
      endloop
   endfacet
   facet normal 0 0.313393 0.949624
      outer loop
         vertex -0.11875 -0.184644 -0.199124
         vertex -0.11875 -0.184181 -0.199293
         vertex -0.135538 -0.184181 -0.199293
      endloop
   endfacet
   facet normal 5.59431e-16 -0.2366 0.971607
      outer loop
         vertex -0.135538 -0.183011 -0.199243
         vertex -0.135538 -0.184181 -0.199293
         vertex -0.11875 -0.184181 -0.199293
      endloop
   endfacet
   facet normal 1.42087e-15 -0.590408 0.807105
      outer loop
         vertex -0.135538 -0.18195 -0.198749
         vertex -0.135538 -0.183011 -0.199243
         vertex -0.11875 -0.183011 -0.199243
      endloop
   endfacet
   facet normal 2.066e-15 -0.854331 0.519729
      outer loop
         vertex -0.135538 -0.181158 -0.197887
         vertex -0.135538 -0.18195 -0.198749
         vertex -0.11875 -0.18195 -0.198749
      endloop
   endfacet
   facet normal 2.39659e-15 -0.988191 0.153228
      outer loop
         vertex -0.135538 -0.180757 -0.196788
         vertex -0.135538 -0.181158 -0.197887
         vertex -0.11875 -0.181158 -0.197887
      endloop
   endfacet
   facet normal 2.066e-15 -0.854331 0.519729
      outer loop
         vertex -0.11875 -0.173692 -0.228032
         vertex -0.11875 -0.17329 -0.226932
         vertex -0.135538 -0.17329 -0.226932
      endloop
   endfacet
   facet normal 0 -0.608388 0.79364
      outer loop
         vertex -0.11875 -0.174437 -0.228844
         vertex -0.11875 -0.173692 -0.228032
         vertex -0.135538 -0.173692 -0.228032
      endloop
   endfacet
   facet normal 0 -0.608388 0.79364
      outer loop
         vertex -0.11875 -0.174437 -0.228844
         vertex -0.135538 -0.174437 -0.228844
         vertex -0.135538 -0.174483 -0.228894
      endloop
   endfacet
   facet normal 1.42087e-15 -0.590408 0.807105
      outer loop
         vertex -0.135538 -0.174483 -0.228894
         vertex -0.11875 -0.174483 -0.228894
         vertex -0.11875 -0.174437 -0.228844
      endloop
   endfacet
   facet normal 5.59431e-16 -0.2366 0.971607
      outer loop
         vertex -0.11875 -0.175545 -0.229388
         vertex -0.11875 -0.174483 -0.228894
         vertex -0.135538 -0.174483 -0.228894
      endloop
   endfacet
   facet normal 5.59431e-16 -0.2366 0.971607
      outer loop
         vertex -0.135538 -0.175545 -0.229388
         vertex -0.135538 -0.176714 -0.229437
         vertex -0.11875 -0.176602 -0.229433
      endloop
   endfacet
   facet normal -3.87178e-16 0.153228 0.988191
      outer loop
         vertex -0.135538 -0.176714 -0.229437
         vertex -0.11875 -0.176714 -0.229437
         vertex -0.11875 -0.176602 -0.229433
      endloop
   endfacet
   facet normal -1.27484e-15 0.519729 0.854331
      outer loop
         vertex -0.11875 -0.177814 -0.229036
         vertex -0.11875 -0.176714 -0.229437
         vertex -0.135538 -0.176714 -0.229437
      endloop
   endfacet
   facet normal -1.27484e-15 0.519729 0.854331
      outer loop
         vertex -0.11875 -0.177814 -0.229036
         vertex -0.135538 -0.177814 -0.229036
         vertex -0.135538 -0.178447 -0.228454
      endloop
   endfacet
   facet normal 0 0.741998 0.670402
      outer loop
         vertex -0.135538 -0.178447 -0.228454
         vertex -0.11875 -0.178676 -0.228244
         vertex -0.11875 -0.177814 -0.229036
      endloop
   endfacet
   facet normal 0 0.820163 0.57213
      outer loop
         vertex -0.11875 -0.178705 -0.228182
         vertex -0.135538 -0.178705 -0.228182
         vertex -0.135538 -0.178989 -0.22757
      endloop
   endfacet
   facet normal 0 0.820163 0.57213
      outer loop
         vertex -0.11875 -0.178705 -0.228182
         vertex -0.11875 -0.178676 -0.228244
         vertex -0.135538 -0.178676 -0.228244
      endloop
   endfacet
   facet normal -1.96842e-15 0.807105 0.590408
      outer loop
         vertex -0.135538 -0.178676 -0.228244
         vertex -0.135538 -0.178705 -0.228182
         vertex -0.11875 -0.178705 -0.228182
      endloop
   endfacet
   facet normal 0 0.928098 0.372336
      outer loop
         vertex -0.135538 -0.178989 -0.22757
         vertex -0.11875 -0.17917 -0.227183
         vertex -0.11875 -0.178705 -0.228182
      endloop
   endfacet
   facet normal -2.39659e-15 0.988191 -0.153228
      outer loop
         vertex -0.11875 -0.179219 -0.226013
         vertex -0.11875 -0.17917 -0.227183
         vertex -0.135538 -0.17917 -0.227183
      endloop
   endfacet
   facet normal -2.066e-15 0.854331 -0.519729
      outer loop
         vertex -0.11875 -0.178818 -0.224914
         vertex -0.11875 -0.179219 -0.226013
         vertex -0.135538 -0.179219 -0.226013
      endloop
   endfacet
   facet normal -1.42087e-15 0.590408 -0.807105
      outer loop
         vertex -0.11875 -0.178026 -0.224051
         vertex -0.11875 -0.178818 -0.224914
         vertex -0.135538 -0.178529 -0.224599
      endloop
   endfacet
   facet normal -2.066e-15 0.854331 -0.519729
      outer loop
         vertex -0.11875 -0.178818 -0.224914
         vertex -0.135538 -0.178818 -0.224914
         vertex -0.135538 -0.178529 -0.224599
      endloop
   endfacet
   facet normal -5.59431e-16 0.2366 -0.971607
      outer loop
         vertex -0.11875 -0.176965 -0.223558
         vertex -0.11875 -0.178026 -0.224051
         vertex -0.135538 -0.177745 -0.223921
      endloop
   endfacet
   facet normal -1.42087e-15 0.590408 -0.807105
      outer loop
         vertex -0.11875 -0.178026 -0.224051
         vertex -0.135538 -0.178026 -0.224051
         vertex -0.135538 -0.177745 -0.223921
      endloop
   endfacet
   facet normal 3.87178e-16 -0.153228 -0.988191
      outer loop
         vertex -0.11875 -0.175795 -0.223508
         vertex -0.11875 -0.176965 -0.223558
         vertex -0.135538 -0.176965 -0.223558
      endloop
   endfacet
   facet normal 1.27484e-15 -0.519729 -0.854331
      outer loop
         vertex -0.135538 -0.174696 -0.22391
         vertex -0.11875 -0.174696 -0.22391
         vertex -0.11875 -0.175689 -0.223547
      endloop
   endfacet
   facet normal 0 -0.189794 -0.981824
      outer loop
         vertex -0.11875 -0.175689 -0.223547
         vertex -0.135538 -0.175795 -0.223508
         vertex -0.135538 -0.174696 -0.22391
      endloop
   endfacet
   facet normal 1.96842e-15 -0.807105 -0.590408
      outer loop
         vertex -0.11875 -0.173833 -0.224702
         vertex -0.11875 -0.174696 -0.22391
         vertex -0.135538 -0.174696 -0.22391
      endloop
   endfacet
   facet normal 2.36233e-15 -0.971607 -0.2366
      outer loop
         vertex -0.11875 -0.17334 -0.225763
         vertex -0.11875 -0.173833 -0.224702
         vertex -0.135538 -0.173833 -0.224702
      endloop
   endfacet
   facet normal 2.39659e-15 -0.988191 0.153228
      outer loop
         vertex -0.11875 -0.17329 -0.226932
         vertex -0.11875 -0.17334 -0.225763
         vertex -0.135538 -0.17334 -0.225763
      endloop
   endfacet
   facet normal 2.36233e-15 -0.971607 -0.2366
      outer loop
         vertex -0.135538 -0.17334 -0.225763
         vertex -0.135538 -0.17329 -0.226932
         vertex -0.11875 -0.17329 -0.226932
      endloop
   endfacet
   facet normal 1.96842e-15 -0.807105 -0.590408
      outer loop
         vertex -0.135538 -0.173833 -0.224702
         vertex -0.135538 -0.17334 -0.225763
         vertex -0.11875 -0.17334 -0.225763
      endloop
   endfacet
   facet normal 1.27484e-15 -0.519729 -0.854331
      outer loop
         vertex -0.135538 -0.174696 -0.22391
         vertex -0.135538 -0.173833 -0.224702
         vertex -0.11875 -0.173833 -0.224702
      endloop
   endfacet
   facet normal 0 -0.189794 -0.981824
      outer loop
         vertex -0.11875 -0.175689 -0.223547
         vertex -0.11875 -0.175795 -0.223508
         vertex -0.135538 -0.175795 -0.223508
      endloop
   endfacet
   facet normal -5.59431e-16 0.2366 -0.971607
      outer loop
         vertex -0.135538 -0.176965 -0.223558
         vertex -0.135538 -0.175795 -0.223508
         vertex -0.11875 -0.175795 -0.223508
      endloop
   endfacet
   facet normal 0 0.504132 -0.863627
      outer loop
         vertex -0.135538 -0.177745 -0.223921
         vertex -0.135538 -0.176965 -0.223558
         vertex -0.11875 -0.176965 -0.223558
      endloop
   endfacet
   facet normal 0 0.771759 -0.635915
      outer loop
         vertex -0.135538 -0.178529 -0.224599
         vertex -0.135538 -0.178026 -0.224051
         vertex -0.11875 -0.178026 -0.224051
      endloop
   endfacet
   facet normal -2.39659e-15 0.988191 -0.153228
      outer loop
         vertex -0.135538 -0.179219 -0.226013
         vertex -0.135538 -0.178818 -0.224914
         vertex -0.11875 -0.178818 -0.224914
      endloop
   endfacet
   facet normal -2.36233e-15 0.971607 0.2366
      outer loop
         vertex -0.135538 -0.17917 -0.227183
         vertex -0.135538 -0.179219 -0.226013
         vertex -0.11875 -0.179219 -0.226013
      endloop
   endfacet
   facet normal 0 0.928098 0.372336
      outer loop
         vertex -0.135538 -0.178989 -0.22757
         vertex -0.135538 -0.17917 -0.227183
         vertex -0.11875 -0.17917 -0.227183
      endloop
   endfacet
   facet normal 0 0.741998 0.670402
      outer loop
         vertex -0.135538 -0.178447 -0.228454
         vertex -0.135538 -0.178676 -0.228244
         vertex -0.11875 -0.178676 -0.228244
      endloop
   endfacet
   facet normal -3.87178e-16 0.153228 0.988191
      outer loop
         vertex -0.135538 -0.176714 -0.229437
         vertex -0.135538 -0.177814 -0.229036
         vertex -0.11875 -0.177814 -0.229036
      endloop
   endfacet
   facet normal 0 0.116452 0.993196
      outer loop
         vertex -0.11875 -0.176602 -0.229433
         vertex -0.11875 -0.175545 -0.229388
         vertex -0.135538 -0.175545 -0.229388
      endloop
   endfacet
   facet normal 1.42087e-15 -0.590408 0.807105
      outer loop
         vertex -0.135538 -0.174483 -0.228894
         vertex -0.135538 -0.175545 -0.229388
         vertex -0.11875 -0.175545 -0.229388
      endloop
   endfacet
   facet normal 2.066e-15 -0.854331 0.519729
      outer loop
         vertex -0.135538 -0.173692 -0.228032
         vertex -0.135538 -0.174437 -0.228844
         vertex -0.11875 -0.174437 -0.228844
      endloop
   endfacet
   facet normal 2.39659e-15 -0.988191 0.153228
      outer loop
         vertex -0.135538 -0.17329 -0.226932
         vertex -0.135538 -0.173692 -0.228032
         vertex -0.11875 -0.173692 -0.228032
      endloop
   endfacet
   facet normal 2.39659e-15 -0.988191 0.153228
      outer loop
         vertex -0.11875 -0.20313 -0.218326
         vertex -0.135538 -0.20313 -0.218326
         vertex -0.135538 -0.203332 -0.218882
      endloop
   endfacet
   facet normal 0 -0.938603 0.345
      outer loop
         vertex -0.135538 -0.203332 -0.218882
         vertex -0.11875 -0.203531 -0.219426
         vertex -0.11875 -0.20313 -0.218326
      endloop
   endfacet
   facet normal 1.42087e-15 -0.590408 0.807105
      outer loop
         vertex -0.135538 -0.204323 -0.220288
         vertex -0.11875 -0.204323 -0.220288
         vertex -0.11875 -0.204276 -0.220237
      endloop
   endfacet
   facet normal 0 -0.60859 0.793485
      outer loop
         vertex -0.11875 -0.204276 -0.220237
         vertex -0.135538 -0.203531 -0.219426
         vertex -0.135538 -0.204323 -0.220288
      endloop
   endfacet
   facet normal 5.59431e-16 -0.2366 0.971607
      outer loop
         vertex -0.11875 -0.205384 -0.220781
         vertex -0.11875 -0.204323 -0.220288
         vertex -0.135538 -0.204323 -0.220288
      endloop
   endfacet
   facet normal -3.87178e-16 0.153228 0.988191
      outer loop
         vertex -0.11875 -0.206554 -0.220831
         vertex -0.11875 -0.205384 -0.220781
         vertex -0.135538 -0.205384 -0.220781
      endloop
   endfacet
   facet normal -1.27484e-15 0.519729 0.854331
      outer loop
         vertex -0.11875 -0.207653 -0.22043
         vertex -0.11875 -0.206554 -0.220831
         vertex -0.135538 -0.206554 -0.220831
      endloop
   endfacet
   facet normal -1.96842e-15 0.807105 0.590408
      outer loop
         vertex -0.11875 -0.208515 -0.219638
         vertex -0.11875 -0.207653 -0.22043
         vertex -0.135538 -0.207653 -0.22043
      endloop
   endfacet
   facet normal -2.36233e-15 0.971607 0.2366
      outer loop
         vertex -0.11875 -0.209009 -0.218576
         vertex -0.11875 -0.208515 -0.219638
         vertex -0.135538 -0.208515 -0.219638
      endloop
   endfacet
   facet normal -2.39659e-15 0.988191 -0.153228
      outer loop
         vertex -0.11875 -0.209059 -0.217407
         vertex -0.11875 -0.209009 -0.218576
         vertex -0.135538 -0.209034 -0.217998
      endloop
   endfacet
   facet normal -2.36233e-15 0.971607 0.2366
      outer loop
         vertex -0.11875 -0.209009 -0.218576
         vertex -0.135538 -0.209009 -0.218576
         vertex -0.135538 -0.209034 -0.217998
      endloop
   endfacet
   facet normal -2.066e-15 0.854331 -0.519729
      outer loop
         vertex -0.135538 -0.208657 -0.216307
         vertex -0.11875 -0.208657 -0.216307
         vertex -0.11875 -0.208872 -0.216897
      endloop
   endfacet
   facet normal 0 0.944143 -0.329535
      outer loop
         vertex -0.11875 -0.208872 -0.216897
         vertex -0.135538 -0.209059 -0.217407
         vertex -0.135538 -0.208657 -0.216307
      endloop
   endfacet
   facet normal -1.42087e-15 0.590408 -0.807105
      outer loop
         vertex -0.11875 -0.207865 -0.215445
         vertex -0.11875 -0.208657 -0.216307
         vertex -0.135538 -0.208657 -0.216307
      endloop
   endfacet
   facet normal -5.59431e-16 0.2366 -0.971607
      outer loop
         vertex -0.11875 -0.206804 -0.214952
         vertex -0.11875 -0.207865 -0.215445
         vertex -0.135538 -0.207865 -0.215445
      endloop
   endfacet
   facet normal 3.87178e-16 -0.153228 -0.988191
      outer loop
         vertex -0.11875 -0.205634 -0.214902
         vertex -0.11875 -0.206804 -0.214952
         vertex -0.135538 -0.206804 -0.214952
      endloop
   endfacet
   facet normal 1.27484e-15 -0.519729 -0.854331
      outer loop
         vertex -0.11875 -0.204535 -0.215304
         vertex -0.11875 -0.205634 -0.214902
         vertex -0.135538 -0.205634 -0.214902
      endloop
   endfacet
   facet normal 1.96842e-15 -0.807105 -0.590408
      outer loop
         vertex -0.11875 -0.203673 -0.216095
         vertex -0.11875 -0.204535 -0.215304
         vertex -0.135538 -0.204535 -0.215304
      endloop
   endfacet
   facet normal 2.36233e-15 -0.971607 -0.2366
      outer loop
         vertex -0.135538 -0.203179 -0.217157
         vertex -0.11875 -0.203179 -0.217157
         vertex -0.11875 -0.203644 -0.216158
      endloop
   endfacet
   facet normal 0 -0.820309 -0.571921
      outer loop
         vertex -0.11875 -0.203644 -0.216158
         vertex -0.135538 -0.203673 -0.216095
         vertex -0.135538 -0.203179 -0.217157
      endloop
   endfacet
   facet normal 2.36233e-15 -0.971607 -0.2366
      outer loop
         vertex -0.135538 -0.203179 -0.217157
         vertex -0.135538 -0.20313 -0.218326
         vertex -0.11875 -0.203153 -0.217784
      endloop
   endfacet
   facet normal 2.39659e-15 -0.988191 0.153228
      outer loop
         vertex -0.135538 -0.20313 -0.218326
         vertex -0.11875 -0.20313 -0.218326
         vertex -0.11875 -0.203153 -0.217784
      endloop
   endfacet
   facet normal 0 -0.999604 -0.028139
      outer loop
         vertex -0.11875 -0.203153 -0.217784
         vertex -0.11875 -0.203179 -0.217157
         vertex -0.135538 -0.203179 -0.217157
      endloop
   endfacet
   facet normal 0 -0.820309 -0.571921
      outer loop
         vertex -0.11875 -0.203644 -0.216158
         vertex -0.11875 -0.203673 -0.216095
         vertex -0.135538 -0.203673 -0.216095
      endloop
   endfacet
   facet normal 1.27484e-15 -0.519729 -0.854331
      outer loop
         vertex -0.135538 -0.204535 -0.215304
         vertex -0.135538 -0.203673 -0.216095
         vertex -0.11875 -0.203673 -0.216095
      endloop
   endfacet
   facet normal 3.87178e-16 -0.153228 -0.988191
      outer loop
         vertex -0.135538 -0.205634 -0.214902
         vertex -0.135538 -0.204535 -0.215304
         vertex -0.11875 -0.204535 -0.215304
      endloop
   endfacet
   facet normal -5.59431e-16 0.2366 -0.971607
      outer loop
         vertex -0.135538 -0.206804 -0.214952
         vertex -0.135538 -0.205634 -0.214902
         vertex -0.11875 -0.205634 -0.214902
      endloop
   endfacet
   facet normal -1.42087e-15 0.590408 -0.807105
      outer loop
         vertex -0.135538 -0.207865 -0.215445
         vertex -0.135538 -0.206804 -0.214952
         vertex -0.11875 -0.206804 -0.214952
      endloop
   endfacet
   facet normal -2.066e-15 0.854331 -0.519729
      outer loop
         vertex -0.135538 -0.208657 -0.216307
         vertex -0.135538 -0.207865 -0.215445
         vertex -0.11875 -0.207865 -0.215445
      endloop
   endfacet
   facet normal 0 0.944143 -0.329535
      outer loop
         vertex -0.11875 -0.208872 -0.216897
         vertex -0.11875 -0.209059 -0.217407
         vertex -0.135538 -0.209059 -0.217407
      endloop
   endfacet
   facet normal 0 0.999007 0.044555
      outer loop
         vertex -0.135538 -0.209034 -0.217998
         vertex -0.135538 -0.209059 -0.217407
         vertex -0.11875 -0.209059 -0.217407
      endloop
   endfacet
   facet normal -1.96842e-15 0.807105 0.590408
      outer loop
         vertex -0.135538 -0.208515 -0.219638
         vertex -0.135538 -0.209009 -0.218576
         vertex -0.11875 -0.209009 -0.218576
      endloop
   endfacet
   facet normal -1.27484e-15 0.519729 0.854331
      outer loop
         vertex -0.135538 -0.207653 -0.22043
         vertex -0.135538 -0.208515 -0.219638
         vertex -0.11875 -0.208515 -0.219638
      endloop
   endfacet
   facet normal -3.87178e-16 0.153228 0.988191
      outer loop
         vertex -0.135538 -0.206554 -0.220831
         vertex -0.135538 -0.207653 -0.22043
         vertex -0.11875 -0.207653 -0.22043
      endloop
   endfacet
   facet normal 5.59431e-16 -0.2366 0.971607
      outer loop
         vertex -0.135538 -0.205384 -0.220781
         vertex -0.135538 -0.206554 -0.220831
         vertex -0.11875 -0.206554 -0.220831
      endloop
   endfacet
   facet normal 1.42087e-15 -0.590408 0.807105
      outer loop
         vertex -0.135538 -0.204323 -0.220288
         vertex -0.135538 -0.205384 -0.220781
         vertex -0.11875 -0.205384 -0.220781
      endloop
   endfacet
   facet normal 0 -0.60859 0.793485
      outer loop
         vertex -0.11875 -0.204276 -0.220237
         vertex -0.11875 -0.203531 -0.219426
         vertex -0.135538 -0.203531 -0.219426
      endloop
   endfacet
   facet normal 0 -0.938603 0.345
      outer loop
         vertex -0.135538 -0.203332 -0.218882
         vertex -0.135538 -0.203531 -0.219426
         vertex -0.11875 -0.203531 -0.219426
      endloop
   endfacet
   facet normal 1.23059e-15 -0.519729 -0.854331
      outer loop
         vertex -0.130538 -0.168861 -0.214379
         vertex -0.130538 -0.170648 -0.213727
         vertex -0.135538 -0.170648 -0.213727
      endloop
   endfacet
   facet normal 1.88665e-15 -0.807105 -0.590408
      outer loop
         vertex -0.130538 -0.16746 -0.215666
         vertex -0.130538 -0.168861 -0.214379
         vertex -0.135538 -0.168615 -0.214605
      endloop
   endfacet
   facet normal 1.23059e-15 -0.519729 -0.854331
      outer loop
         vertex -0.130538 -0.168861 -0.214379
         vertex -0.135538 -0.168861 -0.214379
         vertex -0.135538 -0.168615 -0.214605
      endloop
   endfacet
   facet normal 2.25549e-15 -0.971607 -0.2366
      outer loop
         vertex -0.130538 -0.166658 -0.217391
         vertex -0.130538 -0.16746 -0.215666
         vertex -0.135538 -0.16746 -0.215666
      endloop
   endfacet
   facet normal 2.28095e-15 -0.988191 0.153228
      outer loop
         vertex -0.130538 -0.166578 -0.219291
         vertex -0.130538 -0.166658 -0.217391
         vertex -0.135538 -0.166658 -0.217391
      endloop
   endfacet
   facet normal 2.28095e-15 -0.988191 0.153228
      outer loop
         vertex -0.130538 -0.166578 -0.219291
         vertex -0.135538 -0.166578 -0.219291
         vertex -0.135538 -0.166921 -0.220231
      endloop
   endfacet
   facet normal 2.15281e-15 -0.935657 0.35291
      outer loop
         vertex -0.135538 -0.166921 -0.220231
         vertex -0.130538 -0.16723 -0.221078
         vertex -0.130538 -0.166578 -0.219291
      endloop
   endfacet
   facet normal 1.3391e-15 -0.590408 0.807105
      outer loop
         vertex -0.130538 -0.168517 -0.222479
         vertex -0.130538 -0.16723 -0.221078
         vertex -0.135538 -0.16723 -0.221078
      endloop
   endfacet
   facet normal 1.3391e-15 -0.590408 0.807105
      outer loop
         vertex -0.130538 -0.168517 -0.222479
         vertex -0.135538 -0.168517 -0.222479
         vertex -0.135538 -0.169938 -0.22314
      endloop
   endfacet
   facet normal 6.67509e-16 -0.302188 0.953248
      outer loop
         vertex -0.135538 -0.169938 -0.22314
         vertex -0.130538 -0.170242 -0.223281
         vertex -0.130538 -0.168517 -0.222479
      endloop
   endfacet
   facet normal -3.87178e-16 0.153228 0.988191
      outer loop
         vertex -0.130538 -0.172142 -0.223361
         vertex -0.130538 -0.170242 -0.223281
         vertex -0.135538 -0.170242 -0.223281
      endloop
   endfacet
   facet normal -1.23059e-15 0.519729 0.854331
      outer loop
         vertex -0.130538 -0.173929 -0.222709
         vertex -0.130538 -0.172142 -0.223361
         vertex -0.135538 -0.172142 -0.223361
      endloop
   endfacet
   facet normal -1.88665e-15 0.807105 0.590408
      outer loop
         vertex -0.130538 -0.17533 -0.221422
         vertex -0.130538 -0.173929 -0.222709
         vertex -0.135538 -0.173929 -0.222709
      endloop
   endfacet
   facet normal -2.25549e-15 0.971607 0.2366
      outer loop
         vertex -0.130538 -0.176132 -0.219697
         vertex -0.130538 -0.17533 -0.221422
         vertex -0.135538 -0.17533 -0.221422
      endloop
   endfacet
   facet normal -2.28095e-15 0.988191 -0.153228
      outer loop
         vertex -0.130538 -0.176212 -0.217797
         vertex -0.130538 -0.176132 -0.219697
         vertex -0.135538 -0.17617 -0.218797
      endloop
   endfacet
   facet normal -2.25549e-15 0.971607 0.2366
      outer loop
         vertex -0.130538 -0.176132 -0.219697
         vertex -0.135538 -0.176132 -0.219697
         vertex -0.135538 -0.17617 -0.218797
      endloop
   endfacet
   facet normal -1.95915e-15 0.854331 -0.519729
      outer loop
         vertex -0.130538 -0.17556 -0.21601
         vertex -0.130538 -0.176212 -0.217797
         vertex -0.135538 -0.176212 -0.217797
      endloop
   endfacet
   facet normal -1.3391e-15 0.590408 -0.807105
      outer loop
         vertex -0.130538 -0.174273 -0.214609
         vertex -0.130538 -0.17556 -0.21601
         vertex -0.135538 -0.17556 -0.21601
      endloop
   endfacet
   facet normal -5.15174e-16 0.2366 -0.971607
      outer loop
         vertex -0.130538 -0.172548 -0.213807
         vertex -0.130538 -0.174273 -0.214609
         vertex -0.135538 -0.174273 -0.214609
      endloop
   endfacet
   facet normal 3.87178e-16 -0.153228 -0.988191
      outer loop
         vertex -0.130538 -0.170648 -0.213727
         vertex -0.130538 -0.172548 -0.213807
         vertex -0.135538 -0.172548 -0.213807
      endloop
   endfacet
   facet normal -5.15174e-16 0.2366 -0.971607
      outer loop
         vertex -0.135538 -0.172548 -0.213807
         vertex -0.135538 -0.170648 -0.213727
         vertex -0.130538 -0.170648 -0.213727
      endloop
   endfacet
   facet normal -1.3391e-15 0.590408 -0.807105
      outer loop
         vertex -0.135538 -0.174273 -0.214609
         vertex -0.135538 -0.172548 -0.213807
         vertex -0.130538 -0.172548 -0.213807
      endloop
   endfacet
   facet normal -1.95915e-15 0.854331 -0.519729
      outer loop
         vertex -0.135538 -0.17556 -0.21601
         vertex -0.135538 -0.174273 -0.214609
         vertex -0.130538 -0.174273 -0.214609
      endloop
   endfacet
   facet normal -2.28095e-15 0.988191 -0.153228
      outer loop
         vertex -0.135538 -0.176212 -0.217797
         vertex -0.135538 -0.17556 -0.21601
         vertex -0.130538 -0.17556 -0.21601
      endloop
   endfacet
   facet normal -2.31184e-15 0.998595 0.0529864
      outer loop
         vertex -0.135538 -0.17617 -0.218797
         vertex -0.135538 -0.176212 -0.217797
         vertex -0.130538 -0.176212 -0.217797
      endloop
   endfacet
   facet normal -1.88665e-15 0.807105 0.590408
      outer loop
         vertex -0.135538 -0.17533 -0.221422
         vertex -0.135538 -0.176132 -0.219697
         vertex -0.130538 -0.176132 -0.219697
      endloop
   endfacet
   facet normal -1.23059e-15 0.519729 0.854331
      outer loop
         vertex -0.135538 -0.173929 -0.222709
         vertex -0.135538 -0.17533 -0.221422
         vertex -0.130538 -0.17533 -0.221422
      endloop
   endfacet
   facet normal -3.87178e-16 0.153228 0.988191
      outer loop
         vertex -0.135538 -0.172142 -0.223361
         vertex -0.135538 -0.173929 -0.222709
         vertex -0.130538 -0.173929 -0.222709
      endloop
   endfacet
   facet normal 5.15174e-16 -0.2366 0.971607
      outer loop
         vertex -0.135538 -0.170242 -0.223281
         vertex -0.135538 -0.172142 -0.223361
         vertex -0.130538 -0.172142 -0.223361
      endloop
   endfacet
   facet normal 6.67509e-16 -0.302188 0.953248
      outer loop
         vertex -0.135538 -0.169938 -0.22314
         vertex -0.135538 -0.170242 -0.223281
         vertex -0.130538 -0.170242 -0.223281
      endloop
   endfacet
   facet normal 1.95915e-15 -0.854331 0.519729
      outer loop
         vertex -0.135538 -0.16723 -0.221078
         vertex -0.135538 -0.168517 -0.222479
         vertex -0.130538 -0.168517 -0.222479
      endloop
   endfacet
   facet normal 2.15281e-15 -0.935657 0.35291
      outer loop
         vertex -0.135538 -0.166921 -0.220231
         vertex -0.135538 -0.16723 -0.221078
         vertex -0.130538 -0.16723 -0.221078
      endloop
   endfacet
   facet normal 2.25549e-15 -0.971607 -0.2366
      outer loop
         vertex -0.135538 -0.166658 -0.217391
         vertex -0.135538 -0.166578 -0.219291
         vertex -0.130538 -0.166578 -0.219291
      endloop
   endfacet
   facet normal 1.88665e-15 -0.807105 -0.590408
      outer loop
         vertex -0.135538 -0.16746 -0.215666
         vertex -0.135538 -0.166658 -0.217391
         vertex -0.130538 -0.166658 -0.217391
      endloop
   endfacet
   facet normal 1.36109e-15 -0.576677 -0.816972
      outer loop
         vertex -0.135538 -0.168615 -0.214605
         vertex -0.135538 -0.16746 -0.215666
         vertex -0.130538 -0.16746 -0.215666
      endloop
   endfacet
   facet normal 3.87178e-16 -0.153228 -0.988191
      outer loop
         vertex -0.135538 -0.170648 -0.213727
         vertex -0.135538 -0.168861 -0.214379
         vertex -0.130538 -0.168861 -0.214379
      endloop
   endfacet
   facet normal -1 -2.31334e-15 -3.31007e-17
      outer loop
         vertex -0.130538 -0.16723 -0.221078
         vertex -0.130538 -0.169131 -0.219921
         vertex -0.130538 -0.168776 -0.21895
      endloop
   endfacet
   facet normal -1 -2.31334e-15 -3.31007e-17
      outer loop
         vertex -0.130538 -0.168517 -0.222479
         vertex -0.130538 -0.16983 -0.220683
         vertex -0.130538 -0.169131 -0.219921
      endloop
   endfacet
   facet normal -1 -2.31334e-15 -3.31007e-17
      outer loop
         vertex -0.130538 -0.173929 -0.222709
         vertex -0.130538 -0.172772 -0.220808
         vertex -0.130538 -0.171801 -0.221163
      endloop
   endfacet
   facet normal -1 -2.31334e-15 -3.31007e-17
      outer loop
         vertex -0.130538 -0.17533 -0.221422
         vertex -0.130538 -0.173534 -0.220109
         vertex -0.130538 -0.172772 -0.220808
      endloop
   endfacet
   facet normal -1 -2.31334e-15 -3.31007e-17
      outer loop
         vertex -0.130538 -0.16746 -0.215666
         vertex -0.130538 -0.169256 -0.216979
         vertex -0.130538 -0.170018 -0.21628
      endloop
   endfacet
   facet normal -1 -2.31334e-15 -3.31007e-17
      outer loop
         vertex -0.130538 -0.16746 -0.215666
         vertex -0.130538 -0.166658 -0.217391
         vertex -0.130538 -0.16882 -0.217917
      endloop
   endfacet
   facet normal -1 -2.31334e-15 -3.31007e-17
      outer loop
         vertex -0.130538 -0.169131 -0.219921
         vertex -0.130538 -0.16723 -0.221078
         vertex -0.130538 -0.168517 -0.222479
      endloop
   endfacet
   facet normal -1 -2.31334e-15 -3.31007e-17
      outer loop
         vertex -0.130538 -0.170242 -0.223281
         vertex -0.130538 -0.170768 -0.221119
         vertex -0.130538 -0.16983 -0.220683
      endloop
   endfacet
   facet normal -1 -2.31334e-15 -3.31007e-17
      outer loop
         vertex -0.130538 -0.172142 -0.223361
         vertex -0.130538 -0.171801 -0.221163
         vertex -0.130538 -0.170768 -0.221119
      endloop
   endfacet
   facet normal -1 -2.31334e-15 -3.31007e-17
      outer loop
         vertex -0.130538 -0.172772 -0.220808
         vertex -0.130538 -0.173929 -0.222709
         vertex -0.130538 -0.17533 -0.221422
      endloop
   endfacet
   facet normal -1 -2.31334e-15 -3.31007e-17
      outer loop
         vertex -0.130538 -0.16882 -0.217917
         vertex -0.130538 -0.169256 -0.216979
         vertex -0.130538 -0.16746 -0.215666
      endloop
   endfacet
   facet normal -1 -2.31334e-15 -3.31007e-17
      outer loop
         vertex -0.130538 -0.166658 -0.217391
         vertex -0.130538 -0.166578 -0.219291
         vertex -0.130538 -0.168776 -0.21895
      endloop
   endfacet
   facet normal -1 -2.31334e-15 -3.31007e-17
      outer loop
         vertex -0.130538 -0.16983 -0.220683
         vertex -0.130538 -0.168517 -0.222479
         vertex -0.130538 -0.170242 -0.223281
      endloop
   endfacet
   facet normal -1 -2.31334e-15 -3.31007e-17
      outer loop
         vertex -0.130538 -0.171801 -0.221163
         vertex -0.130538 -0.172142 -0.223361
         vertex -0.130538 -0.173929 -0.222709
      endloop
   endfacet
   facet normal -1 -2.31334e-15 -3.31007e-17
      outer loop
         vertex -0.130538 -0.176132 -0.219697
         vertex -0.130538 -0.17397 -0.219171
         vertex -0.130538 -0.173534 -0.220109
      endloop
   endfacet
   facet normal -1 -2.31334e-15 -3.31007e-17
      outer loop
         vertex -0.130538 -0.176212 -0.217797
         vertex -0.130538 -0.174014 -0.218138
         vertex -0.130538 -0.17397 -0.219171
      endloop
   endfacet
   facet normal -1 -2.31334e-15 -3.31007e-17
      outer loop
         vertex -0.130538 -0.17556 -0.21601
         vertex -0.130538 -0.173659 -0.217167
         vertex -0.130538 -0.174014 -0.218138
      endloop
   endfacet
   facet normal -1 -2.31334e-15 -3.31007e-17
      outer loop
         vertex -0.130538 -0.174273 -0.214609
         vertex -0.130538 -0.17296 -0.216405
         vertex -0.130538 -0.173659 -0.217167
      endloop
   endfacet
   facet normal -1 -2.31334e-15 -3.31007e-17
      outer loop
         vertex -0.130538 -0.172548 -0.213807
         vertex -0.130538 -0.172022 -0.215969
         vertex -0.130538 -0.17296 -0.216405
      endloop
   endfacet
   facet normal -1 -2.31334e-15 -3.31007e-17
      outer loop
         vertex -0.130538 -0.172548 -0.213807
         vertex -0.130538 -0.170648 -0.213727
         vertex -0.130538 -0.170989 -0.215925
      endloop
   endfacet
   facet normal -1 -2.31334e-15 -3.31007e-17
      outer loop
         vertex -0.130538 -0.168861 -0.214379
         vertex -0.130538 -0.170018 -0.21628
         vertex -0.130538 -0.170989 -0.215925
      endloop
   endfacet
   facet normal -1 -2.31334e-15 -3.31007e-17
      outer loop
         vertex -0.130538 -0.168776 -0.21895
         vertex -0.130538 -0.16882 -0.217917
         vertex -0.130538 -0.166658 -0.217391
      endloop
   endfacet
   facet normal -1 -2.31334e-15 -3.31007e-17
      outer loop
         vertex -0.130538 -0.170768 -0.221119
         vertex -0.130538 -0.170242 -0.223281
         vertex -0.130538 -0.172142 -0.223361
      endloop
   endfacet
   facet normal -1 -2.31334e-15 -3.31007e-17
      outer loop
         vertex -0.130538 -0.17397 -0.219171
         vertex -0.130538 -0.176132 -0.219697
         vertex -0.130538 -0.176212 -0.217797
      endloop
   endfacet
   facet normal -1 -2.31334e-15 -3.31007e-17
      outer loop
         vertex -0.130538 -0.173659 -0.217167
         vertex -0.130538 -0.17556 -0.21601
         vertex -0.130538 -0.174273 -0.214609
      endloop
   endfacet
   facet normal -1 -2.31334e-15 -3.31007e-17
      outer loop
         vertex -0.130538 -0.170989 -0.215925
         vertex -0.130538 -0.172022 -0.215969
         vertex -0.130538 -0.172548 -0.213807
      endloop
   endfacet
   facet normal -1 -2.31334e-15 -3.31007e-17
      outer loop
         vertex -0.130538 -0.170018 -0.21628
         vertex -0.130538 -0.168861 -0.214379
         vertex -0.130538 -0.16746 -0.215666
      endloop
   endfacet
   facet normal -1 -2.31334e-15 -3.31007e-17
      outer loop
         vertex -0.130538 -0.173534 -0.220109
         vertex -0.130538 -0.17533 -0.221422
         vertex -0.130538 -0.176132 -0.219697
      endloop
   endfacet
   facet normal -1 -2.31334e-15 -3.31007e-17
      outer loop
         vertex -0.130538 -0.17296 -0.216405
         vertex -0.130538 -0.174273 -0.214609
         vertex -0.130538 -0.172548 -0.213807
      endloop
   endfacet
   facet normal -1 -2.31334e-15 -3.31007e-17
      outer loop
         vertex -0.130538 -0.168776 -0.21895
         vertex -0.130538 -0.166578 -0.219291
         vertex -0.130538 -0.16723 -0.221078
      endloop
   endfacet
   facet normal -1 -2.31334e-15 -3.31007e-17
      outer loop
         vertex -0.130538 -0.170989 -0.215925
         vertex -0.130538 -0.170648 -0.213727
         vertex -0.130538 -0.168861 -0.214379
      endloop
   endfacet
   facet normal -1 -2.31334e-15 -3.31007e-17
      outer loop
         vertex -0.130538 -0.174014 -0.218138
         vertex -0.130538 -0.176212 -0.217797
         vertex -0.130538 -0.17556 -0.21601
      endloop
   endfacet
   facet normal 1.23059e-15 -0.519729 -0.854331
      outer loop
         vertex -0.11875 -0.170018 -0.21628
         vertex -0.11875 -0.170989 -0.215925
         vertex -0.130538 -0.170989 -0.215925
      endloop
   endfacet
   facet normal 1.88665e-15 -0.807105 -0.590408
      outer loop
         vertex -0.11875 -0.169256 -0.216979
         vertex -0.11875 -0.170018 -0.21628
         vertex -0.130538 -0.170018 -0.21628
      endloop
   endfacet
   facet normal 2.25549e-15 -0.971607 -0.2366
      outer loop
         vertex -0.11875 -0.16882 -0.217917
         vertex -0.11875 -0.169256 -0.216979
         vertex -0.130538 -0.169256 -0.216979
      endloop
   endfacet
   facet normal 2.25549e-15 -0.971607 -0.2366
      outer loop
         vertex -0.130538 -0.16882 -0.217917
         vertex -0.130538 -0.168776 -0.21895
         vertex -0.11875 -0.168782 -0.218817
      endloop
   endfacet
   facet normal 2.28095e-15 -0.988191 0.153228
      outer loop
         vertex -0.130538 -0.168776 -0.21895
         vertex -0.11875 -0.168776 -0.21895
         vertex -0.11875 -0.168782 -0.218817
      endloop
   endfacet
   facet normal 1.95915e-15 -0.854331 0.519729
      outer loop
         vertex -0.11875 -0.169131 -0.219921
         vertex -0.11875 -0.168776 -0.21895
         vertex -0.130538 -0.168776 -0.21895
      endloop
   endfacet
   facet normal 1.3391e-15 -0.590408 0.807105
      outer loop
         vertex -0.11875 -0.16983 -0.220683
         vertex -0.11875 -0.169131 -0.219921
         vertex -0.130538 -0.169131 -0.219921
      endloop
   endfacet
   facet normal 5.15174e-16 -0.2366 0.971607
      outer loop
         vertex -0.11875 -0.170768 -0.221119
         vertex -0.11875 -0.16983 -0.220683
         vertex -0.130538 -0.16983 -0.220683
      endloop
   endfacet
   facet normal -3.87178e-16 0.153228 0.988191
      outer loop
         vertex -0.11875 -0.171801 -0.221163
         vertex -0.11875 -0.170768 -0.221119
         vertex -0.130538 -0.170768 -0.221119
      endloop
   endfacet
   facet normal -1.23059e-15 0.519729 0.854331
      outer loop
         vertex -0.11875 -0.172772 -0.220808
         vertex -0.11875 -0.171801 -0.221163
         vertex -0.130538 -0.171801 -0.221163
      endloop
   endfacet
   facet normal -1.88665e-15 0.807105 0.590408
      outer loop
         vertex -0.11875 -0.173534 -0.220109
         vertex -0.11875 -0.172772 -0.220808
         vertex -0.130538 -0.172772 -0.220808
      endloop
   endfacet
   facet normal -2.25549e-15 0.971607 0.2366
      outer loop
         vertex -0.11875 -0.17397 -0.219171
         vertex -0.11875 -0.173534 -0.220109
         vertex -0.130538 -0.173534 -0.220109
      endloop
   endfacet
   facet normal -2.28095e-15 0.988191 -0.153228
      outer loop
         vertex -0.11875 -0.174014 -0.218138
         vertex -0.11875 -0.17397 -0.219171
         vertex -0.130538 -0.17397 -0.219171
      endloop
   endfacet
   facet normal -1.95915e-15 0.854331 -0.519729
      outer loop
         vertex -0.130538 -0.173659 -0.217167
         vertex -0.11875 -0.173659 -0.217167
         vertex -0.11875 -0.173968 -0.218013
      endloop
   endfacet
   facet normal -2.61845e-15 0.979361 -0.202119
      outer loop
         vertex -0.11875 -0.173968 -0.218013
         vertex -0.130538 -0.174014 -0.218138
         vertex -0.130538 -0.173659 -0.217167
      endloop
   endfacet
   facet normal -1.3391e-15 0.590408 -0.807105
      outer loop
         vertex -0.11875 -0.17296 -0.216405
         vertex -0.11875 -0.173659 -0.217167
         vertex -0.130538 -0.173659 -0.217167
      endloop
   endfacet
   facet normal -5.15174e-16 0.2366 -0.971607
      outer loop
         vertex -0.11875 -0.172022 -0.215969
         vertex -0.11875 -0.17296 -0.216405
         vertex -0.130538 -0.17296 -0.216405
      endloop
   endfacet
   facet normal 3.87178e-16 -0.153228 -0.988191
      outer loop
         vertex -0.11875 -0.170989 -0.215925
         vertex -0.11875 -0.172022 -0.215969
         vertex -0.130538 -0.172022 -0.215969
      endloop
   endfacet
   facet normal -5.15174e-16 0.2366 -0.971607
      outer loop
         vertex -0.130538 -0.172022 -0.215969
         vertex -0.130538 -0.170989 -0.215925
         vertex -0.11875 -0.170989 -0.215925
      endloop
   endfacet
   facet normal -1.3391e-15 0.590408 -0.807105
      outer loop
         vertex -0.130538 -0.17296 -0.216405
         vertex -0.130538 -0.172022 -0.215969
         vertex -0.11875 -0.172022 -0.215969
      endloop
   endfacet
   facet normal -1.95915e-15 0.854331 -0.519729
      outer loop
         vertex -0.130538 -0.173659 -0.217167
         vertex -0.130538 -0.17296 -0.216405
         vertex -0.11875 -0.17296 -0.216405
      endloop
   endfacet
   facet normal -2.61845e-15 0.979361 -0.202119
      outer loop
         vertex -0.11875 -0.173968 -0.218013
         vertex -0.11875 -0.174014 -0.218138
         vertex -0.130538 -0.174014 -0.218138
      endloop
   endfacet
   facet normal -2.25549e-15 0.971607 0.2366
      outer loop
         vertex -0.130538 -0.17397 -0.219171
         vertex -0.130538 -0.174014 -0.218138
         vertex -0.11875 -0.174014 -0.218138
      endloop
   endfacet
   facet normal -1.88665e-15 0.807105 0.590408
      outer loop
         vertex -0.130538 -0.173534 -0.220109
         vertex -0.130538 -0.17397 -0.219171
         vertex -0.11875 -0.17397 -0.219171
      endloop
   endfacet
   facet normal -1.23059e-15 0.519729 0.854331
      outer loop
         vertex -0.130538 -0.172772 -0.220808
         vertex -0.130538 -0.173534 -0.220109
         vertex -0.11875 -0.173534 -0.220109
      endloop
   endfacet
   facet normal -3.87178e-16 0.153228 0.988191
      outer loop
         vertex -0.130538 -0.171801 -0.221163
         vertex -0.130538 -0.172772 -0.220808
         vertex -0.11875 -0.172772 -0.220808
      endloop
   endfacet
   facet normal 5.15174e-16 -0.2366 0.971607
      outer loop
         vertex -0.130538 -0.170768 -0.221119
         vertex -0.130538 -0.171801 -0.221163
         vertex -0.11875 -0.171801 -0.221163
      endloop
   endfacet
   facet normal 1.3391e-15 -0.590408 0.807105
      outer loop
         vertex -0.130538 -0.16983 -0.220683
         vertex -0.130538 -0.170768 -0.221119
         vertex -0.11875 -0.170768 -0.221119
      endloop
   endfacet
   facet normal 1.95915e-15 -0.854331 0.519729
      outer loop
         vertex -0.130538 -0.169131 -0.219921
         vertex -0.130538 -0.16983 -0.220683
         vertex -0.11875 -0.16983 -0.220683
      endloop
   endfacet
   facet normal 2.28095e-15 -0.988191 0.153228
      outer loop
         vertex -0.130538 -0.168776 -0.21895
         vertex -0.130538 -0.169131 -0.219921
         vertex -0.11875 -0.169131 -0.219921
      endloop
   endfacet
   facet normal 2.61845e-15 -0.994582 0.10396
      outer loop
         vertex -0.11875 -0.168782 -0.218817
         vertex -0.11875 -0.16882 -0.217917
         vertex -0.130538 -0.16882 -0.217917
      endloop
   endfacet
   facet normal 1.88665e-15 -0.807105 -0.590408
      outer loop
         vertex -0.130538 -0.169256 -0.216979
         vertex -0.130538 -0.16882 -0.217917
         vertex -0.11875 -0.16882 -0.217917
      endloop
   endfacet
   facet normal 1.23059e-15 -0.519729 -0.854331
      outer loop
         vertex -0.130538 -0.170018 -0.21628
         vertex -0.130538 -0.169256 -0.216979
         vertex -0.11875 -0.169256 -0.216979
      endloop
   endfacet
   facet normal 3.87178e-16 -0.153228 -0.988191
      outer loop
         vertex -0.130538 -0.170989 -0.215925
         vertex -0.130538 -0.170018 -0.21628
         vertex -0.11875 -0.170018 -0.21628
      endloop
   endfacet
   facet normal 1.23059e-15 -0.519729 -0.854331
      outer loop
         vertex -0.130538 -0.173189 -0.196907
         vertex -0.130538 -0.174976 -0.196255
         vertex -0.135538 -0.174179 -0.196546
      endloop
   endfacet
   facet normal 7.78059e-16 -0.322794 -0.946469
      outer loop
         vertex -0.135538 -0.174179 -0.196546
         vertex -0.135538 -0.173536 -0.19678
         vertex -0.130538 -0.173189 -0.196907
      endloop
   endfacet
   facet normal 3.87178e-16 -0.153228 -0.988191
      outer loop
         vertex -0.130538 -0.174976 -0.196255
         vertex -0.135538 -0.174976 -0.196255
         vertex -0.135538 -0.174179 -0.196546
      endloop
   endfacet
   facet normal 1.88665e-15 -0.807105 -0.590408
      outer loop
         vertex -0.130538 -0.171788 -0.198194
         vertex -0.130538 -0.173189 -0.196907
         vertex -0.135538 -0.173189 -0.196907
      endloop
   endfacet
   facet normal 2.25549e-15 -0.971607 -0.2366
      outer loop
         vertex -0.130538 -0.170986 -0.199919
         vertex -0.130538 -0.171788 -0.198194
         vertex -0.135538 -0.171788 -0.198194
      endloop
   endfacet
   facet normal 2.28095e-15 -0.988191 0.153228
      outer loop
         vertex -0.130538 -0.170905 -0.201819
         vertex -0.130538 -0.170986 -0.199919
         vertex -0.135538 -0.170986 -0.199919
      endloop
   endfacet
   facet normal 2.28095e-15 -0.988191 0.153228
      outer loop
         vertex -0.130538 -0.170905 -0.201819
         vertex -0.135538 -0.170905 -0.201819
         vertex -0.135538 -0.171233 -0.202716
      endloop
   endfacet
   facet normal 2.16091e-15 -0.939031 0.343832
      outer loop
         vertex -0.135538 -0.171233 -0.202716
         vertex -0.130538 -0.171558 -0.203606
         vertex -0.130538 -0.170905 -0.201819
      endloop
   endfacet
   facet normal 1.3391e-15 -0.590408 0.807105
      outer loop
         vertex -0.130538 -0.172844 -0.205007
         vertex -0.130538 -0.171558 -0.203606
         vertex -0.135538 -0.171558 -0.203606
      endloop
   endfacet
   facet normal 5.15174e-16 -0.2366 0.971607
      outer loop
         vertex -0.130538 -0.174569 -0.205809
         vertex -0.130538 -0.172844 -0.205007
         vertex -0.135538 -0.173315 -0.205225
      endloop
   endfacet
   facet normal 1.3391e-15 -0.590408 0.807105
      outer loop
         vertex -0.130538 -0.172844 -0.205007
         vertex -0.135538 -0.172844 -0.205007
         vertex -0.135538 -0.173315 -0.205225
      endloop
   endfacet
   facet normal 5.15174e-16 -0.2366 0.971607
      outer loop
         vertex -0.130538 -0.174569 -0.205809
         vertex -0.135538 -0.174939 -0.205824
         vertex -0.135538 -0.175622 -0.205853
      endloop
   endfacet
   facet normal 5.15174e-16 -0.2366 0.971607
      outer loop
         vertex -0.130538 -0.174569 -0.205809
         vertex -0.135538 -0.174569 -0.205809
         vertex -0.135538 -0.174939 -0.205824
      endloop
   endfacet
   facet normal 1.5509e-17 -0.0210097 0.999779
      outer loop
         vertex -0.135538 -0.175622 -0.205853
         vertex -0.130538 -0.17647 -0.205889
         vertex -0.130538 -0.174569 -0.205809
      endloop
   endfacet
   facet normal -1.23059e-15 0.519729 0.854331
      outer loop
         vertex -0.130538 -0.178256 -0.205237
         vertex -0.130538 -0.17647 -0.205889
         vertex -0.135538 -0.17647 -0.205889
      endloop
   endfacet
   facet normal -1.23059e-15 0.519729 0.854331
      outer loop
         vertex -0.130538 -0.178256 -0.205237
         vertex -0.135538 -0.178256 -0.205237
         vertex -0.135538 -0.179275 -0.204301
      endloop
   endfacet
   facet normal -1.73408e-15 0.739978 0.672631
      outer loop
         vertex -0.135538 -0.179275 -0.204301
         vertex -0.130538 -0.179657 -0.20395
         vertex -0.130538 -0.178256 -0.205237
      endloop
   endfacet
   facet normal -2.25549e-15 0.971607 0.2366
      outer loop
         vertex -0.130538 -0.180459 -0.202225
         vertex -0.130538 -0.179657 -0.20395
         vertex -0.135538 -0.179657 -0.20395
      endloop
   endfacet
   facet normal -2.28095e-15 0.988191 -0.153228
      outer loop
         vertex -0.130538 -0.18054 -0.200325
         vertex -0.130538 -0.180459 -0.202225
         vertex -0.135538 -0.180499 -0.201279
      endloop
   endfacet
   facet normal -2.25549e-15 0.971607 0.2366
      outer loop
         vertex -0.130538 -0.180459 -0.202225
         vertex -0.135538 -0.180459 -0.202225
         vertex -0.135538 -0.180499 -0.201279
      endloop
   endfacet
   facet normal -1.95915e-15 0.854331 -0.519729
      outer loop
         vertex -0.130538 -0.179887 -0.198538
         vertex -0.130538 -0.18054 -0.200325
         vertex -0.135538 -0.18054 -0.200325
      endloop
   endfacet
   facet normal -1.3391e-15 0.590408 -0.807105
      outer loop
         vertex -0.130538 -0.178601 -0.197137
         vertex -0.130538 -0.179887 -0.198538
         vertex -0.135538 -0.179887 -0.198538
      endloop
   endfacet
   facet normal -5.15174e-16 0.2366 -0.971607
      outer loop
         vertex -0.130538 -0.176876 -0.196335
         vertex -0.130538 -0.178601 -0.197137
         vertex -0.135538 -0.178601 -0.197137
      endloop
   endfacet
   facet normal 3.87178e-16 -0.153228 -0.988191
      outer loop
         vertex -0.130538 -0.174976 -0.196255
         vertex -0.130538 -0.176876 -0.196335
         vertex -0.135538 -0.176876 -0.196335
      endloop
   endfacet
   facet normal -5.15174e-16 0.2366 -0.971607
      outer loop
         vertex -0.135538 -0.176876 -0.196335
         vertex -0.135538 -0.174976 -0.196255
         vertex -0.130538 -0.174976 -0.196255
      endloop
   endfacet
   facet normal -1.3391e-15 0.590408 -0.807105
      outer loop
         vertex -0.135538 -0.178601 -0.197137
         vertex -0.135538 -0.176876 -0.196335
         vertex -0.130538 -0.176876 -0.196335
      endloop
   endfacet
   facet normal -1.95915e-15 0.854331 -0.519729
      outer loop
         vertex -0.135538 -0.179887 -0.198538
         vertex -0.135538 -0.178601 -0.197137
         vertex -0.130538 -0.178601 -0.197137
      endloop
   endfacet
   facet normal -2.28095e-15 0.988191 -0.153228
      outer loop
         vertex -0.135538 -0.18054 -0.200325
         vertex -0.135538 -0.179887 -0.198538
         vertex -0.130538 -0.179887 -0.198538
      endloop
   endfacet
   facet normal -2.3126e-15 0.999062 0.0433129
      outer loop
         vertex -0.135538 -0.180499 -0.201279
         vertex -0.135538 -0.18054 -0.200325
         vertex -0.130538 -0.18054 -0.200325
      endloop
   endfacet
   facet normal -1.88665e-15 0.807105 0.590408
      outer loop
         vertex -0.135538 -0.179657 -0.20395
         vertex -0.135538 -0.180459 -0.202225
         vertex -0.130538 -0.180459 -0.202225
      endloop
   endfacet
   facet normal -1.73408e-15 0.739978 0.672631
      outer loop
         vertex -0.135538 -0.179275 -0.204301
         vertex -0.135538 -0.179657 -0.20395
         vertex -0.130538 -0.179657 -0.20395
      endloop
   endfacet
   facet normal -3.87178e-16 0.153228 0.988191
      outer loop
         vertex -0.135538 -0.17647 -0.205889
         vertex -0.135538 -0.178256 -0.205237
         vertex -0.130538 -0.178256 -0.205237
      endloop
   endfacet
   facet normal 1.5509e-17 -0.0210097 0.999779
      outer loop
         vertex -0.135538 -0.175622 -0.205853
         vertex -0.135538 -0.17647 -0.205889
         vertex -0.130538 -0.17647 -0.205889
      endloop
   endfacet
   facet normal 1.13158e-15 -0.501532 0.865139
      outer loop
         vertex -0.135538 -0.173315 -0.205225
         vertex -0.135538 -0.174569 -0.205809
         vertex -0.130538 -0.174569 -0.205809
      endloop
   endfacet
   facet normal 1.95915e-15 -0.854331 0.519729
      outer loop
         vertex -0.135538 -0.171558 -0.203606
         vertex -0.135538 -0.172844 -0.205007
         vertex -0.130538 -0.172844 -0.205007
      endloop
   endfacet
   facet normal 2.16091e-15 -0.939031 0.343832
      outer loop
         vertex -0.135538 -0.171233 -0.202716
         vertex -0.135538 -0.171558 -0.203606
         vertex -0.130538 -0.171558 -0.203606
      endloop
   endfacet
   facet normal 2.25549e-15 -0.971607 -0.2366
      outer loop
         vertex -0.135538 -0.170986 -0.199919
         vertex -0.135538 -0.170905 -0.201819
         vertex -0.130538 -0.170905 -0.201819
      endloop
   endfacet
   facet normal 1.88665e-15 -0.807105 -0.590408
      outer loop
         vertex -0.135538 -0.171788 -0.198194
         vertex -0.135538 -0.170986 -0.199919
         vertex -0.130538 -0.170986 -0.199919
      endloop
   endfacet
   facet normal 1.23059e-15 -0.519729 -0.854331
      outer loop
         vertex -0.135538 -0.173189 -0.196907
         vertex -0.135538 -0.171788 -0.198194
         vertex -0.130538 -0.171788 -0.198194
      endloop
   endfacet
   facet normal 1.07961e-15 -0.453941 -0.891032
      outer loop
         vertex -0.135538 -0.173536 -0.19678
         vertex -0.135538 -0.173189 -0.196907
         vertex -0.130538 -0.173189 -0.196907
      endloop
   endfacet
   facet normal -1 -2.31334e-15 -3.31007e-17
      outer loop
         vertex -0.130538 -0.178256 -0.205237
         vertex -0.130538 -0.1771 -0.203336
         vertex -0.130538 -0.176129 -0.203691
      endloop
   endfacet
   facet normal -1 -2.31334e-15 -3.31007e-17
      outer loop
         vertex -0.130538 -0.179657 -0.20395
         vertex -0.130538 -0.177861 -0.202637
         vertex -0.130538 -0.1771 -0.203336
      endloop
   endfacet
   facet normal -1 -2.31334e-15 -3.31007e-17
      outer loop
         vertex -0.130538 -0.176876 -0.196335
         vertex -0.130538 -0.17635 -0.198497
         vertex -0.130538 -0.177287 -0.198933
      endloop
   endfacet
   facet normal -1 -2.31334e-15 -3.31007e-17
      outer loop
         vertex -0.130538 -0.176876 -0.196335
         vertex -0.130538 -0.174976 -0.196255
         vertex -0.130538 -0.175317 -0.198453
      endloop
   endfacet
   facet normal -1 -2.31334e-15 -3.31007e-17
      outer loop
         vertex -0.130538 -0.171558 -0.203606
         vertex -0.130538 -0.173459 -0.202449
         vertex -0.130538 -0.173104 -0.201478
      endloop
   endfacet
   facet normal -1 -2.31334e-15 -3.31007e-17
      outer loop
         vertex -0.130538 -0.172844 -0.205007
         vertex -0.130538 -0.174158 -0.203211
         vertex -0.130538 -0.173459 -0.202449
      endloop
   endfacet
   facet normal -1 -2.31334e-15 -3.31007e-17
      outer loop
         vertex -0.130538 -0.1771 -0.203336
         vertex -0.130538 -0.178256 -0.205237
         vertex -0.130538 -0.179657 -0.20395
      endloop
   endfacet
   facet normal -1 -2.31334e-15 -3.31007e-17
      outer loop
         vertex -0.130538 -0.180459 -0.202225
         vertex -0.130538 -0.178297 -0.201699
         vertex -0.130538 -0.177861 -0.202637
      endloop
   endfacet
   facet normal -1 -2.31334e-15 -3.31007e-17
      outer loop
         vertex -0.130538 -0.179887 -0.198538
         vertex -0.130538 -0.177987 -0.199695
         vertex -0.130538 -0.178341 -0.200666
      endloop
   endfacet
   facet normal -1 -2.31334e-15 -3.31007e-17
      outer loop
         vertex -0.130538 -0.179887 -0.198538
         vertex -0.130538 -0.178601 -0.197137
         vertex -0.130538 -0.177287 -0.198933
      endloop
   endfacet
   facet normal -1 -2.31334e-15 -3.31007e-17
      outer loop
         vertex -0.130538 -0.175317 -0.198453
         vertex -0.130538 -0.17635 -0.198497
         vertex -0.130538 -0.176876 -0.196335
      endloop
   endfacet
   facet normal -1 -2.31334e-15 -3.31007e-17
      outer loop
         vertex -0.130538 -0.173189 -0.196907
         vertex -0.130538 -0.174345 -0.198808
         vertex -0.130538 -0.175317 -0.198453
      endloop
   endfacet
   facet normal -1 -2.31334e-15 -3.31007e-17
      outer loop
         vertex -0.130538 -0.171788 -0.198194
         vertex -0.130538 -0.173584 -0.199507
         vertex -0.130538 -0.174345 -0.198808
      endloop
   endfacet
   facet normal -1 -2.31334e-15 -3.31007e-17
      outer loop
         vertex -0.130538 -0.171788 -0.198194
         vertex -0.130538 -0.170986 -0.199919
         vertex -0.130538 -0.173148 -0.200445
      endloop
   endfacet
   facet normal -1 -2.31334e-15 -3.31007e-17
      outer loop
         vertex -0.130538 -0.173459 -0.202449
         vertex -0.130538 -0.171558 -0.203606
         vertex -0.130538 -0.172844 -0.205007
      endloop
   endfacet
   facet normal -1 -2.31334e-15 -3.31007e-17
      outer loop
         vertex -0.130538 -0.174569 -0.205809
         vertex -0.130538 -0.175096 -0.203647
         vertex -0.130538 -0.174158 -0.203211
      endloop
   endfacet
   facet normal -1 -2.31334e-15 -3.31007e-17
      outer loop
         vertex -0.130538 -0.17647 -0.205889
         vertex -0.130538 -0.176129 -0.203691
         vertex -0.130538 -0.175096 -0.203647
      endloop
   endfacet
   facet normal -1 -2.31334e-15 -3.31007e-17
      outer loop
         vertex -0.130538 -0.177861 -0.202637
         vertex -0.130538 -0.179657 -0.20395
         vertex -0.130538 -0.180459 -0.202225
      endloop
   endfacet
   facet normal -1 -2.31334e-15 -3.31007e-17
      outer loop
         vertex -0.130538 -0.177287 -0.198933
         vertex -0.130538 -0.177987 -0.199695
         vertex -0.130538 -0.179887 -0.198538
      endloop
   endfacet
   facet normal -1 -2.31334e-15 -3.31007e-17
      outer loop
         vertex -0.130538 -0.175317 -0.198453
         vertex -0.130538 -0.174976 -0.196255
         vertex -0.130538 -0.173189 -0.196907
      endloop
   endfacet
   facet normal -1 -2.31334e-15 -3.31007e-17
      outer loop
         vertex -0.130538 -0.173148 -0.200445
         vertex -0.130538 -0.173584 -0.199507
         vertex -0.130538 -0.171788 -0.198194
      endloop
   endfacet
   facet normal -1 -2.31334e-15 -3.31007e-17
      outer loop
         vertex -0.130538 -0.170986 -0.199919
         vertex -0.130538 -0.170905 -0.201819
         vertex -0.130538 -0.173104 -0.201478
      endloop
   endfacet
   facet normal -1 -2.31334e-15 -3.31007e-17
      outer loop
         vertex -0.130538 -0.174158 -0.203211
         vertex -0.130538 -0.172844 -0.205007
         vertex -0.130538 -0.174569 -0.205809
      endloop
   endfacet
   facet normal -1 -2.31334e-15 -3.31007e-17
      outer loop
         vertex -0.130538 -0.176129 -0.203691
         vertex -0.130538 -0.17647 -0.205889
         vertex -0.130538 -0.178256 -0.205237
      endloop
   endfacet
   facet normal -1 -2.31334e-15 -3.31007e-17
      outer loop
         vertex -0.130538 -0.177287 -0.198933
         vertex -0.130538 -0.178601 -0.197137
         vertex -0.130538 -0.176876 -0.196335
      endloop
   endfacet
   facet normal -1 -2.31334e-15 -3.31007e-17
      outer loop
         vertex -0.130538 -0.173104 -0.201478
         vertex -0.130538 -0.173148 -0.200445
         vertex -0.130538 -0.170986 -0.199919
      endloop
   endfacet
   facet normal -1 -2.31334e-15 -3.31007e-17
      outer loop
         vertex -0.130538 -0.175096 -0.203647
         vertex -0.130538 -0.174569 -0.205809
         vertex -0.130538 -0.17647 -0.205889
      endloop
   endfacet
   facet normal -1 -2.31334e-15 -3.31007e-17
      outer loop
         vertex -0.130538 -0.18054 -0.200325
         vertex -0.130538 -0.178341 -0.200666
         vertex -0.130538 -0.178297 -0.201699
      endloop
   endfacet
   facet normal -1 -2.31334e-15 -3.31007e-17
      outer loop
         vertex -0.130538 -0.174345 -0.198808
         vertex -0.130538 -0.173189 -0.196907
         vertex -0.130538 -0.171788 -0.198194
      endloop
   endfacet
   facet normal -1 -2.31334e-15 -3.31007e-17
      outer loop
         vertex -0.130538 -0.178297 -0.201699
         vertex -0.130538 -0.180459 -0.202225
         vertex -0.130538 -0.18054 -0.200325
      endloop
   endfacet
   facet normal -1 -2.31334e-15 -3.31007e-17
      outer loop
         vertex -0.130538 -0.173104 -0.201478
         vertex -0.130538 -0.170905 -0.201819
         vertex -0.130538 -0.171558 -0.203606
      endloop
   endfacet
   facet normal -1 -2.31334e-15 -3.31007e-17
      outer loop
         vertex -0.130538 -0.178341 -0.200666
         vertex -0.130538 -0.18054 -0.200325
         vertex -0.130538 -0.179887 -0.198538
      endloop
   endfacet
   facet normal 1.23059e-15 -0.519729 -0.854331
      outer loop
         vertex -0.11875 -0.174345 -0.198808
         vertex -0.11875 -0.175317 -0.198453
         vertex -0.130538 -0.175317 -0.198453
      endloop
   endfacet
   facet normal 1.88665e-15 -0.807105 -0.590408
      outer loop
         vertex -0.11875 -0.173584 -0.199507
         vertex -0.11875 -0.174345 -0.198808
         vertex -0.130538 -0.174345 -0.198808
      endloop
   endfacet
   facet normal 2.25549e-15 -0.971607 -0.2366
      outer loop
         vertex -0.11875 -0.173148 -0.200445
         vertex -0.11875 -0.173584 -0.199507
         vertex -0.130538 -0.173584 -0.199507
      endloop
   endfacet
   facet normal 2.28095e-15 -0.988191 0.153228
      outer loop
         vertex -0.130538 -0.173104 -0.201478
         vertex -0.11875 -0.173104 -0.201478
         vertex -0.11875 -0.173106 -0.201431
      endloop
   endfacet
   facet normal 2.61845e-15 -0.990697 0.136086
      outer loop
         vertex -0.11875 -0.173106 -0.201431
         vertex -0.130538 -0.173148 -0.200445
         vertex -0.130538 -0.173104 -0.201478
      endloop
   endfacet
   facet normal 1.95915e-15 -0.854331 0.519729
      outer loop
         vertex -0.11875 -0.173459 -0.202449
         vertex -0.11875 -0.173104 -0.201478
         vertex -0.130538 -0.173104 -0.201478
      endloop
   endfacet
   facet normal 1.3391e-15 -0.590408 0.807105
      outer loop
         vertex -0.130538 -0.174158 -0.203211
         vertex -0.11875 -0.174158 -0.203211
         vertex -0.11875 -0.173734 -0.20275
      endloop
   endfacet
   facet normal 1.30923e-15 -0.764277 0.644888
      outer loop
         vertex -0.11875 -0.173734 -0.20275
         vertex -0.130538 -0.173459 -0.202449
         vertex -0.130538 -0.174158 -0.203211
      endloop
   endfacet
   facet normal 5.15174e-16 -0.2366 0.971607
      outer loop
         vertex -0.11875 -0.175096 -0.203647
         vertex -0.11875 -0.174158 -0.203211
         vertex -0.130538 -0.174158 -0.203211
      endloop
   endfacet
   facet normal -3.87178e-16 0.153228 0.988191
      outer loop
         vertex -0.11875 -0.176129 -0.203691
         vertex -0.11875 -0.175096 -0.203647
         vertex -0.130538 -0.175096 -0.203647
      endloop
   endfacet
   facet normal -1.23059e-15 0.519729 0.854331
      outer loop
         vertex -0.130538 -0.1771 -0.203336
         vertex -0.11875 -0.1771 -0.203336
         vertex -0.11875 -0.176575 -0.203528
      endloop
   endfacet
   facet normal -1.30923e-15 0.327797 0.944748
      outer loop
         vertex -0.11875 -0.176575 -0.203528
         vertex -0.130538 -0.176129 -0.203691
         vertex -0.130538 -0.1771 -0.203336
      endloop
   endfacet
   facet normal -1.88665e-15 0.807105 0.590408
      outer loop
         vertex -0.11875 -0.177861 -0.202637
         vertex -0.11875 -0.1771 -0.203336
         vertex -0.130538 -0.1771 -0.203336
      endloop
   endfacet
   facet normal -1.88665e-15 0.807105 0.590408
      outer loop
         vertex -0.130538 -0.177861 -0.202637
         vertex -0.130538 -0.178297 -0.201699
         vertex -0.11875 -0.178125 -0.202069
      endloop
   endfacet
   facet normal -2.25549e-15 0.971607 0.2366
      outer loop
         vertex -0.130538 -0.178297 -0.201699
         vertex -0.11875 -0.178297 -0.201699
         vertex -0.11875 -0.178125 -0.202069
      endloop
   endfacet
   facet normal -2.28095e-15 0.988191 -0.153228
      outer loop
         vertex -0.11875 -0.178341 -0.200666
         vertex -0.11875 -0.178297 -0.201699
         vertex -0.130538 -0.178297 -0.201699
      endloop
   endfacet
   facet normal -1.95915e-15 0.854331 -0.519729
      outer loop
         vertex -0.130538 -0.177987 -0.199695
         vertex -0.11875 -0.177987 -0.199695
         vertex -0.11875 -0.178325 -0.200622
      endloop
   endfacet
   facet normal -2.61845e-15 0.985388 -0.170324
      outer loop
         vertex -0.11875 -0.178325 -0.200622
         vertex -0.130538 -0.178341 -0.200666
         vertex -0.130538 -0.177987 -0.199695
      endloop
   endfacet
   facet normal -1.3391e-15 0.590408 -0.807105
      outer loop
         vertex -0.11875 -0.177287 -0.198933
         vertex -0.11875 -0.177987 -0.199695
         vertex -0.130538 -0.177987 -0.199695
      endloop
   endfacet
   facet normal -5.15174e-16 0.2366 -0.971607
      outer loop
         vertex -0.11875 -0.17635 -0.198497
         vertex -0.11875 -0.177287 -0.198933
         vertex -0.130538 -0.177287 -0.198933
      endloop
   endfacet
   facet normal -5.15174e-16 0.2366 -0.971607
      outer loop
         vertex -0.130538 -0.17635 -0.198497
         vertex -0.130538 -0.175317 -0.198453
         vertex -0.11875 -0.175791 -0.198473
      endloop
   endfacet
   facet normal 3.87178e-16 -0.153228 -0.988191
      outer loop
         vertex -0.130538 -0.175317 -0.198453
         vertex -0.11875 -0.175317 -0.198453
         vertex -0.11875 -0.175791 -0.198473
      endloop
   endfacet
   facet normal 0 0.0262995 -0.999654
      outer loop
         vertex -0.11875 -0.175791 -0.198473
         vertex -0.11875 -0.17635 -0.198497
         vertex -0.130538 -0.17635 -0.198497
      endloop
   endfacet
   facet normal -1.3391e-15 0.590408 -0.807105
      outer loop
         vertex -0.130538 -0.177287 -0.198933
         vertex -0.130538 -0.17635 -0.198497
         vertex -0.11875 -0.17635 -0.198497
      endloop
   endfacet
   facet normal -1.95915e-15 0.854331 -0.519729
      outer loop
         vertex -0.130538 -0.177987 -0.199695
         vertex -0.130538 -0.177287 -0.198933
         vertex -0.11875 -0.177287 -0.198933
      endloop
   endfacet
   facet normal -2.61845e-15 0.985388 -0.170324
      outer loop
         vertex -0.11875 -0.178325 -0.200622
         vertex -0.11875 -0.178341 -0.200666
         vertex -0.130538 -0.178341 -0.200666
      endloop
   endfacet
   facet normal -2.25549e-15 0.971607 0.2366
      outer loop
         vertex -0.130538 -0.178297 -0.201699
         vertex -0.130538 -0.178341 -0.200666
         vertex -0.11875 -0.178341 -0.200666
      endloop
   endfacet
   facet normal -2.61845e-15 0.923685 0.383153
      outer loop
         vertex -0.11875 -0.178125 -0.202069
         vertex -0.11875 -0.177861 -0.202637
         vertex -0.130538 -0.177861 -0.202637
      endloop
   endfacet
   facet normal -1.23059e-15 0.519729 0.854331
      outer loop
         vertex -0.130538 -0.1771 -0.203336
         vertex -0.130538 -0.177861 -0.202637
         vertex -0.11875 -0.177861 -0.202637
      endloop
   endfacet
   facet normal -1.30923e-15 0.327797 0.944748
      outer loop
         vertex -0.11875 -0.176575 -0.203528
         vertex -0.11875 -0.176129 -0.203691
         vertex -0.130538 -0.176129 -0.203691
      endloop
   endfacet
   facet normal 5.15174e-16 -0.2366 0.971607
      outer loop
         vertex -0.130538 -0.175096 -0.203647
         vertex -0.130538 -0.176129 -0.203691
         vertex -0.11875 -0.176129 -0.203691
      endloop
   endfacet
   facet normal 1.3391e-15 -0.590408 0.807105
      outer loop
         vertex -0.130538 -0.174158 -0.203211
         vertex -0.130538 -0.175096 -0.203647
         vertex -0.11875 -0.175096 -0.203647
      endloop
   endfacet
   facet normal 1.30923e-15 -0.764277 0.644888
      outer loop
         vertex -0.11875 -0.173734 -0.20275
         vertex -0.11875 -0.173459 -0.202449
         vertex -0.130538 -0.173459 -0.202449
      endloop
   endfacet
   facet normal 2.28095e-15 -0.988191 0.153228
      outer loop
         vertex -0.130538 -0.173104 -0.201478
         vertex -0.130538 -0.173459 -0.202449
         vertex -0.11875 -0.173459 -0.202449
      endloop
   endfacet
   facet normal 2.61845e-15 -0.990697 0.136086
      outer loop
         vertex -0.11875 -0.173106 -0.201431
         vertex -0.11875 -0.173148 -0.200445
         vertex -0.130538 -0.173148 -0.200445
      endloop
   endfacet
   facet normal 1.88665e-15 -0.807105 -0.590408
      outer loop
         vertex -0.130538 -0.173584 -0.199507
         vertex -0.130538 -0.173148 -0.200445
         vertex -0.11875 -0.173148 -0.200445
      endloop
   endfacet
   facet normal 1.23059e-15 -0.519729 -0.854331
      outer loop
         vertex -0.130538 -0.174345 -0.198808
         vertex -0.130538 -0.173584 -0.199507
         vertex -0.11875 -0.173584 -0.199507
      endloop
   endfacet
   facet normal 3.87178e-16 -0.153228 -0.988191
      outer loop
         vertex -0.130538 -0.175317 -0.198453
         vertex -0.130538 -0.174345 -0.198808
         vertex -0.11875 -0.174345 -0.198808
      endloop
   endfacet
   facet normal 3.87178e-16 -0.153228 -0.988191
      outer loop
         vertex -0.130538 -0.192271 -0.191266
         vertex -0.135538 -0.192271 -0.191266
         vertex -0.135538 -0.190605 -0.191875
      endloop
   endfacet
   facet normal 1.17915e-15 -0.497303 -0.867577
      outer loop
         vertex -0.135538 -0.190605 -0.191875
         vertex -0.130538 -0.190484 -0.191919
         vertex -0.130538 -0.192271 -0.191266
      endloop
   endfacet
   facet normal 1.23059e-15 -0.519729 -0.854331
      outer loop
         vertex -0.130538 -0.190484 -0.191919
         vertex -0.135538 -0.190484 -0.191919
         vertex -0.135538 -0.189567 -0.192761
      endloop
   endfacet
   facet normal 1.68948e-15 -0.720399 -0.69356
      outer loop
         vertex -0.135538 -0.189567 -0.192761
         vertex -0.130538 -0.189083 -0.193206
         vertex -0.130538 -0.190484 -0.191919
      endloop
   endfacet
   facet normal 2.25549e-15 -0.971607 -0.2366
      outer loop
         vertex -0.130538 -0.188281 -0.19493
         vertex -0.130538 -0.189083 -0.193206
         vertex -0.135538 -0.189083 -0.193206
      endloop
   endfacet
   facet normal 2.28095e-15 -0.988191 0.153228
      outer loop
         vertex -0.130538 -0.1882 -0.196831
         vertex -0.130538 -0.188281 -0.19493
         vertex -0.135538 -0.188281 -0.19493
      endloop
   endfacet
   facet normal 1.95915e-15 -0.854331 0.519729
      outer loop
         vertex -0.130538 -0.188853 -0.198617
         vertex -0.130538 -0.1882 -0.196831
         vertex -0.135538 -0.1882 -0.196831
      endloop
   endfacet
   facet normal 1.95915e-15 -0.854331 0.519729
      outer loop
         vertex -0.130538 -0.188853 -0.198617
         vertex -0.135538 -0.188853 -0.198617
         vertex -0.135538 -0.189951 -0.199813
      endloop
   endfacet
   facet normal 1.44358e-15 -0.635078 0.772448
      outer loop
         vertex -0.135538 -0.189951 -0.199813
         vertex -0.130538 -0.190139 -0.200018
         vertex -0.130538 -0.188853 -0.198617
      endloop
   endfacet
   facet normal 5.15174e-16 -0.2366 0.971607
      outer loop
         vertex -0.130538 -0.191864 -0.20082
         vertex -0.130538 -0.190139 -0.200018
         vertex -0.135538 -0.190735 -0.200295
      endloop
   endfacet
   facet normal 1.3391e-15 -0.590408 0.807105
      outer loop
         vertex -0.130538 -0.190139 -0.200018
         vertex -0.135538 -0.190139 -0.200018
         vertex -0.135538 -0.190735 -0.200295
      endloop
   endfacet
   facet normal -3.87178e-16 0.153228 0.988191
      outer loop
         vertex -0.130538 -0.193765 -0.200901
         vertex -0.130538 -0.191864 -0.20082
         vertex -0.135538 -0.191864 -0.20082
      endloop
   endfacet
   facet normal -1.23059e-15 0.519729 0.854331
      outer loop
         vertex -0.130538 -0.195551 -0.200249
         vertex -0.130538 -0.193765 -0.200901
         vertex -0.135538 -0.193765 -0.200901
      endloop
   endfacet
   facet normal -1.88665e-15 0.807105 0.590408
      outer loop
         vertex -0.130538 -0.196952 -0.198962
         vertex -0.130538 -0.195551 -0.200249
         vertex -0.135538 -0.195551 -0.200249
      endloop
   endfacet
   facet normal -2.25549e-15 0.971607 0.2366
      outer loop
         vertex -0.130538 -0.197754 -0.197237
         vertex -0.130538 -0.196952 -0.198962
         vertex -0.135538 -0.19707 -0.19871
      endloop
   endfacet
   facet normal -1.88665e-15 0.807105 0.590408
      outer loop
         vertex -0.130538 -0.196952 -0.198962
         vertex -0.135538 -0.196952 -0.198962
         vertex -0.135538 -0.19707 -0.19871
      endloop
   endfacet
   facet normal -2.28095e-15 0.988191 -0.153228
      outer loop
         vertex -0.130538 -0.197835 -0.195337
         vertex -0.130538 -0.197754 -0.197237
         vertex -0.135538 -0.197754 -0.197237
      endloop
   endfacet
   facet normal -1.95915e-15 0.854331 -0.519729
      outer loop
         vertex -0.130538 -0.197182 -0.19355
         vertex -0.130538 -0.197835 -0.195337
         vertex -0.135538 -0.197835 -0.195337
      endloop
   endfacet
   facet normal -1.3391e-15 0.590408 -0.807105
      outer loop
         vertex -0.130538 -0.195896 -0.192149
         vertex -0.130538 -0.197182 -0.19355
         vertex -0.135538 -0.197182 -0.19355
      endloop
   endfacet
   facet normal -5.15174e-16 0.2366 -0.971607
      outer loop
         vertex -0.130538 -0.194171 -0.191347
         vertex -0.130538 -0.195896 -0.192149
         vertex -0.135538 -0.195896 -0.192149
      endloop
   endfacet
   facet normal 3.87178e-16 -0.153228 -0.988191
      outer loop
         vertex -0.130538 -0.192271 -0.191266
         vertex -0.130538 -0.194171 -0.191347
         vertex -0.135538 -0.194042 -0.191342
      endloop
   endfacet
   facet normal -5.15174e-16 0.2366 -0.971607
      outer loop
         vertex -0.130538 -0.194171 -0.191347
         vertex -0.135538 -0.194171 -0.191347
         vertex -0.135538 -0.194042 -0.191342
      endloop
   endfacet
   facet normal -4.5626e-16 0.211216 -0.977439
      outer loop
         vertex -0.135538 -0.194042 -0.191342
         vertex -0.135538 -0.192271 -0.191266
         vertex -0.130538 -0.192271 -0.191266
      endloop
   endfacet
   facet normal -1.3391e-15 0.590408 -0.807105
      outer loop
         vertex -0.135538 -0.195896 -0.192149
         vertex -0.135538 -0.194171 -0.191347
         vertex -0.130538 -0.194171 -0.191347
      endloop
   endfacet
   facet normal -1.95915e-15 0.854331 -0.519729
      outer loop
         vertex -0.135538 -0.197182 -0.19355
         vertex -0.135538 -0.195896 -0.192149
         vertex -0.130538 -0.195896 -0.192149
      endloop
   endfacet
   facet normal -2.28095e-15 0.988191 -0.153228
      outer loop
         vertex -0.135538 -0.197835 -0.195337
         vertex -0.135538 -0.197182 -0.19355
         vertex -0.130538 -0.197182 -0.19355
      endloop
   endfacet
   facet normal -2.25549e-15 0.971607 0.2366
      outer loop
         vertex -0.135538 -0.197754 -0.197237
         vertex -0.135538 -0.197835 -0.195337
         vertex -0.130538 -0.197835 -0.195337
      endloop
   endfacet
   facet normal -1.95931e-15 0.839183 0.54385
      outer loop
         vertex -0.135538 -0.19707 -0.19871
         vertex -0.135538 -0.197754 -0.197237
         vertex -0.130538 -0.197754 -0.197237
      endloop
   endfacet
   facet normal -1.23059e-15 0.519729 0.854331
      outer loop
         vertex -0.135538 -0.195551 -0.200249
         vertex -0.135538 -0.196952 -0.198962
         vertex -0.130538 -0.196952 -0.198962
      endloop
   endfacet
   facet normal -3.87178e-16 0.153228 0.988191
      outer loop
         vertex -0.135538 -0.193765 -0.200901
         vertex -0.135538 -0.195551 -0.200249
         vertex -0.130538 -0.195551 -0.200249
      endloop
   endfacet
   facet normal 5.15174e-16 -0.2366 0.971607
      outer loop
         vertex -0.135538 -0.191864 -0.20082
         vertex -0.135538 -0.193765 -0.200901
         vertex -0.130538 -0.193765 -0.200901
      endloop
   endfacet
   facet normal 1.07328e-15 -0.476535 0.879156
      outer loop
         vertex -0.135538 -0.190735 -0.200295
         vertex -0.135538 -0.191864 -0.20082
         vertex -0.130538 -0.191864 -0.20082
      endloop
   endfacet
   facet normal 1.44358e-15 -0.635078 0.772448
      outer loop
         vertex -0.135538 -0.189951 -0.199813
         vertex -0.135538 -0.190139 -0.200018
         vertex -0.130538 -0.190139 -0.200018
      endloop
   endfacet
   facet normal 2.28095e-15 -0.988191 0.153228
      outer loop
         vertex -0.135538 -0.1882 -0.196831
         vertex -0.135538 -0.188853 -0.198617
         vertex -0.130538 -0.188853 -0.198617
      endloop
   endfacet
   facet normal 2.25549e-15 -0.971607 -0.2366
      outer loop
         vertex -0.135538 -0.188281 -0.19493
         vertex -0.135538 -0.1882 -0.196831
         vertex -0.130538 -0.1882 -0.196831
      endloop
   endfacet
   facet normal 1.88665e-15 -0.807105 -0.590408
      outer loop
         vertex -0.135538 -0.189083 -0.193206
         vertex -0.135538 -0.188281 -0.19493
         vertex -0.130538 -0.188281 -0.19493
      endloop
   endfacet
   facet normal 1.68948e-15 -0.720399 -0.69356
      outer loop
         vertex -0.135538 -0.189567 -0.192761
         vertex -0.135538 -0.189083 -0.193206
         vertex -0.130538 -0.189083 -0.193206
      endloop
   endfacet
   facet normal 1.17915e-15 -0.497303 -0.867577
      outer loop
         vertex -0.135538 -0.190605 -0.191875
         vertex -0.135538 -0.190484 -0.191919
         vertex -0.130538 -0.190484 -0.191919
      endloop
   endfacet
   facet normal -1 -2.31334e-15 -3.31007e-17
      outer loop
         vertex -0.130538 -0.188853 -0.198617
         vertex -0.130538 -0.190754 -0.197461
         vertex -0.130538 -0.190399 -0.19649
      endloop
   endfacet
   facet normal -1 -2.31334e-15 -3.31007e-17
      outer loop
         vertex -0.130538 -0.190139 -0.200018
         vertex -0.130538 -0.191453 -0.198223
         vertex -0.130538 -0.190754 -0.197461
      endloop
   endfacet
   facet normal -1 -2.31334e-15 -3.31007e-17
      outer loop
         vertex -0.130538 -0.193765 -0.200901
         vertex -0.130538 -0.193424 -0.198702
         vertex -0.130538 -0.192391 -0.198659
      endloop
   endfacet
   facet normal -1 -2.31334e-15 -3.31007e-17
      outer loop
         vertex -0.130538 -0.195551 -0.200249
         vertex -0.130538 -0.194395 -0.198348
         vertex -0.130538 -0.193424 -0.198702
      endloop
   endfacet
   facet normal -1 -2.31334e-15 -3.31007e-17
      outer loop
         vertex -0.130538 -0.196952 -0.198962
         vertex -0.130538 -0.195156 -0.197648
         vertex -0.130538 -0.194395 -0.198348
      endloop
   endfacet
   facet normal -1 -2.31334e-15 -3.31007e-17
      outer loop
         vertex -0.130538 -0.197754 -0.197237
         vertex -0.130538 -0.195592 -0.196711
         vertex -0.130538 -0.195156 -0.197648
      endloop
   endfacet
   facet normal -1 -2.31334e-15 -3.31007e-17
      outer loop
         vertex -0.130538 -0.190754 -0.197461
         vertex -0.130538 -0.188853 -0.198617
         vertex -0.130538 -0.190139 -0.200018
      endloop
   endfacet
   facet normal -1 -2.31334e-15 -3.31007e-17
      outer loop
         vertex -0.130538 -0.191864 -0.20082
         vertex -0.130538 -0.192391 -0.198659
         vertex -0.130538 -0.191453 -0.198223
      endloop
   endfacet
   facet normal -1 -2.31334e-15 -3.31007e-17
      outer loop
         vertex -0.130538 -0.193424 -0.198702
         vertex -0.130538 -0.193765 -0.200901
         vertex -0.130538 -0.195551 -0.200249
      endloop
   endfacet
   facet normal -1 -2.31334e-15 -3.31007e-17
      outer loop
         vertex -0.130538 -0.195156 -0.197648
         vertex -0.130538 -0.196952 -0.198962
         vertex -0.130538 -0.197754 -0.197237
      endloop
   endfacet
   facet normal -1 -2.31334e-15 -3.31007e-17
      outer loop
         vertex -0.130538 -0.197182 -0.19355
         vertex -0.130538 -0.195282 -0.194706
         vertex -0.130538 -0.195636 -0.195678
      endloop
   endfacet
   facet normal -1 -2.31334e-15 -3.31007e-17
      outer loop
         vertex -0.130538 -0.197182 -0.19355
         vertex -0.130538 -0.195896 -0.192149
         vertex -0.130538 -0.194582 -0.193945
      endloop
   endfacet
   facet normal -1 -2.31334e-15 -3.31007e-17
      outer loop
         vertex -0.130538 -0.189083 -0.193206
         vertex -0.130538 -0.190879 -0.194519
         vertex -0.130538 -0.19164 -0.19382
      endloop
   endfacet
   facet normal -1 -2.31334e-15 -3.31007e-17
      outer loop
         vertex -0.130538 -0.189083 -0.193206
         vertex -0.130538 -0.188281 -0.19493
         vertex -0.130538 -0.190443 -0.195457
      endloop
   endfacet
   facet normal -1 -2.31334e-15 -3.31007e-17
      outer loop
         vertex -0.130538 -0.191453 -0.198223
         vertex -0.130538 -0.190139 -0.200018
         vertex -0.130538 -0.191864 -0.20082
      endloop
   endfacet
   facet normal -1 -2.31334e-15 -3.31007e-17
      outer loop
         vertex -0.130538 -0.194395 -0.198348
         vertex -0.130538 -0.195551 -0.200249
         vertex -0.130538 -0.196952 -0.198962
      endloop
   endfacet
   facet normal -1 -2.31334e-15 -3.31007e-17
      outer loop
         vertex -0.130538 -0.194582 -0.193945
         vertex -0.130538 -0.195282 -0.194706
         vertex -0.130538 -0.197182 -0.19355
      endloop
   endfacet
   facet normal -1 -2.31334e-15 -3.31007e-17
      outer loop
         vertex -0.130538 -0.195896 -0.192149
         vertex -0.130538 -0.194171 -0.191347
         vertex -0.130538 -0.193645 -0.193509
      endloop
   endfacet
   facet normal -1 -2.31334e-15 -3.31007e-17
      outer loop
         vertex -0.130538 -0.192271 -0.191266
         vertex -0.130538 -0.192612 -0.193465
         vertex -0.130538 -0.193645 -0.193509
      endloop
   endfacet
   facet normal -1 -2.31334e-15 -3.31007e-17
      outer loop
         vertex -0.130538 -0.192271 -0.191266
         vertex -0.130538 -0.190484 -0.191919
         vertex -0.130538 -0.19164 -0.19382
      endloop
   endfacet
   facet normal -1 -2.31334e-15 -3.31007e-17
      outer loop
         vertex -0.130538 -0.190443 -0.195457
         vertex -0.130538 -0.190879 -0.194519
         vertex -0.130538 -0.189083 -0.193206
      endloop
   endfacet
   facet normal -1 -2.31334e-15 -3.31007e-17
      outer loop
         vertex -0.130538 -0.188281 -0.19493
         vertex -0.130538 -0.1882 -0.196831
         vertex -0.130538 -0.190399 -0.19649
      endloop
   endfacet
   facet normal -1 -2.31334e-15 -3.31007e-17
      outer loop
         vertex -0.130538 -0.192391 -0.198659
         vertex -0.130538 -0.191864 -0.20082
         vertex -0.130538 -0.193765 -0.200901
      endloop
   endfacet
   facet normal -1 -2.31334e-15 -3.31007e-17
      outer loop
         vertex -0.130538 -0.197835 -0.195337
         vertex -0.130538 -0.195636 -0.195678
         vertex -0.130538 -0.195592 -0.196711
      endloop
   endfacet
   facet normal -1 -2.31334e-15 -3.31007e-17
      outer loop
         vertex -0.130538 -0.193645 -0.193509
         vertex -0.130538 -0.194582 -0.193945
         vertex -0.130538 -0.195896 -0.192149
      endloop
   endfacet
   facet normal -1 -2.31334e-15 -3.31007e-17
      outer loop
         vertex -0.130538 -0.19164 -0.19382
         vertex -0.130538 -0.192612 -0.193465
         vertex -0.130538 -0.192271 -0.191266
      endloop
   endfacet
   facet normal -1 -2.31334e-15 -3.31007e-17
      outer loop
         vertex -0.130538 -0.190399 -0.19649
         vertex -0.130538 -0.190443 -0.195457
         vertex -0.130538 -0.188281 -0.19493
      endloop
   endfacet
   facet normal -1 -2.31334e-15 -3.31007e-17
      outer loop
         vertex -0.130538 -0.195592 -0.196711
         vertex -0.130538 -0.197754 -0.197237
         vertex -0.130538 -0.197835 -0.195337
      endloop
   endfacet
   facet normal -1 -2.31334e-15 -3.31007e-17
      outer loop
         vertex -0.130538 -0.193645 -0.193509
         vertex -0.130538 -0.194171 -0.191347
         vertex -0.130538 -0.192271 -0.191266
      endloop
   endfacet
   facet normal -1 -2.31334e-15 -3.31007e-17
      outer loop
         vertex -0.130538 -0.190399 -0.19649
         vertex -0.130538 -0.1882 -0.196831
         vertex -0.130538 -0.188853 -0.198617
      endloop
   endfacet
   facet normal -1 -2.31334e-15 -3.31007e-17
      outer loop
         vertex -0.130538 -0.19164 -0.19382
         vertex -0.130538 -0.190484 -0.191919
         vertex -0.130538 -0.189083 -0.193206
      endloop
   endfacet
   facet normal -1 -2.31334e-15 -3.31007e-17
      outer loop
         vertex -0.130538 -0.195636 -0.195678
         vertex -0.130538 -0.197835 -0.195337
         vertex -0.130538 -0.197182 -0.19355
      endloop
   endfacet
   facet normal 1.23059e-15 -0.519729 -0.854331
      outer loop
         vertex -0.11875 -0.19164 -0.19382
         vertex -0.11875 -0.192612 -0.193465
         vertex -0.130538 -0.192612 -0.193465
      endloop
   endfacet
   facet normal 1.88665e-15 -0.807105 -0.590408
      outer loop
         vertex -0.11875 -0.190879 -0.194519
         vertex -0.11875 -0.19164 -0.19382
         vertex -0.130538 -0.19164 -0.19382
      endloop
   endfacet
   facet normal 2.25549e-15 -0.971607 -0.2366
      outer loop
         vertex -0.11875 -0.190443 -0.195457
         vertex -0.11875 -0.190879 -0.194519
         vertex -0.130538 -0.190879 -0.194519
      endloop
   endfacet
   facet normal 2.28095e-15 -0.988191 0.153228
      outer loop
         vertex -0.11875 -0.190399 -0.19649
         vertex -0.11875 -0.190443 -0.195457
         vertex -0.130538 -0.190443 -0.195457
      endloop
   endfacet
   facet normal 1.95915e-15 -0.854331 0.519729
      outer loop
         vertex -0.11875 -0.190754 -0.197461
         vertex -0.11875 -0.190399 -0.19649
         vertex -0.130538 -0.190399 -0.19649
      endloop
   endfacet
   facet normal 1.3391e-15 -0.590408 0.807105
      outer loop
         vertex -0.11875 -0.191453 -0.198223
         vertex -0.11875 -0.190754 -0.197461
         vertex -0.130538 -0.190754 -0.197461
      endloop
   endfacet
   facet normal 1.3391e-15 -0.590408 0.807105
      outer loop
         vertex -0.130538 -0.191453 -0.198223
         vertex -0.130538 -0.192391 -0.198659
         vertex -0.11875 -0.19204 -0.198495
      endloop
   endfacet
   facet normal 5.15174e-16 -0.2366 0.971607
      outer loop
         vertex -0.130538 -0.192391 -0.198659
         vertex -0.11875 -0.192391 -0.198659
         vertex -0.11875 -0.19204 -0.198495
      endloop
   endfacet
   facet normal -3.87178e-16 0.153228 0.988191
      outer loop
         vertex -0.11875 -0.193424 -0.198702
         vertex -0.11875 -0.192391 -0.198659
         vertex -0.130538 -0.192391 -0.198659
      endloop
   endfacet
   facet normal -1.23059e-15 0.519729 0.854331
      outer loop
         vertex -0.11875 -0.194395 -0.198348
         vertex -0.11875 -0.193424 -0.198702
         vertex -0.130538 -0.193424 -0.198702
      endloop
   endfacet
   facet normal -1.88665e-15 0.807105 0.590408
      outer loop
         vertex -0.130538 -0.195156 -0.197648
         vertex -0.11875 -0.195156 -0.197648
         vertex -0.11875 -0.19468 -0.198086
      endloop
   endfacet
   facet normal -1.30923e-15 0.638684 0.769469
      outer loop
         vertex -0.11875 -0.19468 -0.198086
         vertex -0.130538 -0.194395 -0.198348
         vertex -0.130538 -0.195156 -0.197648
      endloop
   endfacet
   facet normal -2.25549e-15 0.971607 0.2366
      outer loop
         vertex -0.11875 -0.195592 -0.196711
         vertex -0.11875 -0.195156 -0.197648
         vertex -0.130538 -0.195156 -0.197648
      endloop
   endfacet
   facet normal -2.28095e-15 0.988191 -0.153228
      outer loop
         vertex -0.11875 -0.195636 -0.195678
         vertex -0.11875 -0.195592 -0.196711
         vertex -0.130538 -0.195592 -0.196711
      endloop
   endfacet
   facet normal -1.95915e-15 0.854331 -0.519729
      outer loop
         vertex -0.11875 -0.195282 -0.194706
         vertex -0.11875 -0.195636 -0.195678
         vertex -0.130538 -0.195636 -0.195678
      endloop
   endfacet
   facet normal -1.3391e-15 0.590408 -0.807105
      outer loop
         vertex -0.11875 -0.194582 -0.193945
         vertex -0.11875 -0.195282 -0.194706
         vertex -0.130538 -0.195282 -0.194706
      endloop
   endfacet
   facet normal -5.15174e-16 0.2366 -0.971607
      outer loop
         vertex -0.11875 -0.193645 -0.193509
         vertex -0.11875 -0.194582 -0.193945
         vertex -0.130538 -0.194582 -0.193945
      endloop
   endfacet
   facet normal 3.87178e-16 -0.153228 -0.988191
      outer loop
         vertex -0.11875 -0.192612 -0.193465
         vertex -0.11875 -0.193645 -0.193509
         vertex -0.130538 -0.193645 -0.193509
      endloop
   endfacet
   facet normal -5.15174e-16 0.2366 -0.971607
      outer loop
         vertex -0.130538 -0.193645 -0.193509
         vertex -0.130538 -0.192612 -0.193465
         vertex -0.11875 -0.192612 -0.193465
      endloop
   endfacet
   facet normal -1.3391e-15 0.590408 -0.807105
      outer loop
         vertex -0.130538 -0.194582 -0.193945
         vertex -0.130538 -0.193645 -0.193509
         vertex -0.11875 -0.193645 -0.193509
      endloop
   endfacet
   facet normal -1.95915e-15 0.854331 -0.519729
      outer loop
         vertex -0.130538 -0.195282 -0.194706
         vertex -0.130538 -0.194582 -0.193945
         vertex -0.11875 -0.194582 -0.193945
      endloop
   endfacet
   facet normal -2.28095e-15 0.988191 -0.153228
      outer loop
         vertex -0.130538 -0.195636 -0.195678
         vertex -0.130538 -0.195282 -0.194706
         vertex -0.11875 -0.195282 -0.194706
      endloop
   endfacet
   facet normal -2.25549e-15 0.971607 0.2366
      outer loop
         vertex -0.130538 -0.195592 -0.196711
         vertex -0.130538 -0.195636 -0.195678
         vertex -0.11875 -0.195636 -0.195678
      endloop
   endfacet
   facet normal -1.88665e-15 0.807105 0.590408
      outer loop
         vertex -0.130538 -0.195156 -0.197648
         vertex -0.130538 -0.195592 -0.196711
         vertex -0.11875 -0.195592 -0.196711
      endloop
   endfacet
   facet normal -1.30923e-15 0.638684 0.769469
      outer loop
         vertex -0.11875 -0.19468 -0.198086
         vertex -0.11875 -0.194395 -0.198348
         vertex -0.130538 -0.194395 -0.198348
      endloop
   endfacet
   facet normal -3.87178e-16 0.153228 0.988191
      outer loop
         vertex -0.130538 -0.193424 -0.198702
         vertex -0.130538 -0.194395 -0.198348
         vertex -0.11875 -0.194395 -0.198348
      endloop
   endfacet
   facet normal 5.15174e-16 -0.2366 0.971607
      outer loop
         vertex -0.130538 -0.192391 -0.198659
         vertex -0.130538 -0.193424 -0.198702
         vertex -0.11875 -0.193424 -0.198702
      endloop
   endfacet
   facet normal 1.30923e-15 -0.375668 0.926754
      outer loop
         vertex -0.11875 -0.19204 -0.198495
         vertex -0.11875 -0.191453 -0.198223
         vertex -0.130538 -0.191453 -0.198223
      endloop
   endfacet
   facet normal 1.95915e-15 -0.854331 0.519729
      outer loop
         vertex -0.130538 -0.190754 -0.197461
         vertex -0.130538 -0.191453 -0.198223
         vertex -0.11875 -0.191453 -0.198223
      endloop
   endfacet
   facet normal 2.28095e-15 -0.988191 0.153228
      outer loop
         vertex -0.130538 -0.190399 -0.19649
         vertex -0.130538 -0.190754 -0.197461
         vertex -0.11875 -0.190754 -0.197461
      endloop
   endfacet
   facet normal 2.25549e-15 -0.971607 -0.2366
      outer loop
         vertex -0.130538 -0.190443 -0.195457
         vertex -0.130538 -0.190399 -0.19649
         vertex -0.11875 -0.190399 -0.19649
      endloop
   endfacet
   facet normal 1.88665e-15 -0.807105 -0.590408
      outer loop
         vertex -0.130538 -0.190879 -0.194519
         vertex -0.130538 -0.190443 -0.195457
         vertex -0.11875 -0.190443 -0.195457
      endloop
   endfacet
   facet normal 1.23059e-15 -0.519729 -0.854331
      outer loop
         vertex -0.130538 -0.19164 -0.19382
         vertex -0.130538 -0.190879 -0.194519
         vertex -0.11875 -0.190879 -0.194519
      endloop
   endfacet
   facet normal 3.87178e-16 -0.153228 -0.988191
      outer loop
         vertex -0.130538 -0.192612 -0.193465
         vertex -0.130538 -0.19164 -0.19382
         vertex -0.11875 -0.19164 -0.19382
      endloop
   endfacet
   facet normal 1.23059e-15 -0.519729 -0.854331
      outer loop
         vertex -0.130538 -0.203451 -0.204403
         vertex -0.130538 -0.205238 -0.20375
         vertex -0.135538 -0.205238 -0.20375
      endloop
   endfacet
   facet normal 1.88665e-15 -0.807105 -0.590408
      outer loop
         vertex -0.130538 -0.20205 -0.205689
         vertex -0.130538 -0.203451 -0.204403
         vertex -0.135538 -0.203451 -0.204403
      endloop
   endfacet
   facet normal 2.25549e-15 -0.971607 -0.2366
      outer loop
         vertex -0.130538 -0.201248 -0.207414
         vertex -0.130538 -0.20205 -0.205689
         vertex -0.135538 -0.20205 -0.205689
      endloop
   endfacet
   facet normal 2.28095e-15 -0.988191 0.153228
      outer loop
         vertex -0.130538 -0.201168 -0.209315
         vertex -0.130538 -0.201248 -0.207414
         vertex -0.135538 -0.201228 -0.207886
      endloop
   endfacet
   facet normal 2.25549e-15 -0.971607 -0.2366
      outer loop
         vertex -0.130538 -0.201248 -0.207414
         vertex -0.135538 -0.201248 -0.207414
         vertex -0.135538 -0.201228 -0.207886
      endloop
   endfacet
   facet normal 2.28095e-15 -0.988191 0.153228
      outer loop
         vertex -0.130538 -0.201168 -0.209315
         vertex -0.135538 -0.201168 -0.209315
         vertex -0.135538 -0.201658 -0.210658
      endloop
   endfacet
   facet normal 2.06865e-15 -0.900451 0.434958
      outer loop
         vertex -0.135538 -0.201658 -0.210658
         vertex -0.130538 -0.20182 -0.211101
         vertex -0.130538 -0.201168 -0.209315
      endloop
   endfacet
   facet normal 1.3391e-15 -0.590408 0.807105
      outer loop
         vertex -0.130538 -0.203107 -0.212502
         vertex -0.130538 -0.20182 -0.211101
         vertex -0.135538 -0.20182 -0.211101
      endloop
   endfacet
   facet normal 5.15174e-16 -0.2366 0.971607
      outer loop
         vertex -0.130538 -0.204832 -0.213304
         vertex -0.130538 -0.203107 -0.212502
         vertex -0.135538 -0.203107 -0.212502
      endloop
   endfacet
   facet normal -3.87178e-16 0.153228 0.988191
      outer loop
         vertex -0.130538 -0.206732 -0.213385
         vertex -0.130538 -0.204832 -0.213304
         vertex -0.135538 -0.204832 -0.213304
      endloop
   endfacet
   facet normal -1.23059e-15 0.519729 0.854331
      outer loop
         vertex -0.130538 -0.208519 -0.212732
         vertex -0.130538 -0.206732 -0.213385
         vertex -0.135538 -0.206732 -0.213385
      endloop
   endfacet
   facet normal -1.23059e-15 0.519729 0.854331
      outer loop
         vertex -0.130538 -0.208519 -0.212732
         vertex -0.135538 -0.208519 -0.212732
         vertex -0.135538 -0.209892 -0.211472
      endloop
   endfacet
   facet normal -1.87629e-15 0.802539 0.5966
      outer loop
         vertex -0.135538 -0.209892 -0.211472
         vertex -0.130538 -0.20992 -0.211446
         vertex -0.130538 -0.208519 -0.212732
      endloop
   endfacet
   facet normal -2.25549e-15 0.971607 0.2366
      outer loop
         vertex -0.130538 -0.210722 -0.209721
         vertex -0.130538 -0.20992 -0.211446
         vertex -0.135538 -0.20992 -0.211446
      endloop
   endfacet
   facet normal -2.28095e-15 0.988191 -0.153228
      outer loop
         vertex -0.130538 -0.210802 -0.207821
         vertex -0.130538 -0.210722 -0.209721
         vertex -0.135538 -0.210722 -0.209721
      endloop
   endfacet
   facet normal -1.95915e-15 0.854331 -0.519729
      outer loop
         vertex -0.130538 -0.21015 -0.206034
         vertex -0.130538 -0.210802 -0.207821
         vertex -0.135538 -0.210802 -0.207821
      endloop
   endfacet
   facet normal -1.3391e-15 0.590408 -0.807105
      outer loop
         vertex -0.130538 -0.208863 -0.204633
         vertex -0.130538 -0.21015 -0.206034
         vertex -0.135538 -0.21015 -0.206034
      endloop
   endfacet
   facet normal -5.15174e-16 0.2366 -0.971607
      outer loop
         vertex -0.130538 -0.207138 -0.203831
         vertex -0.130538 -0.208863 -0.204633
         vertex -0.135538 -0.208829 -0.204617
      endloop
   endfacet
   facet normal -1.3391e-15 0.590408 -0.807105
      outer loop
         vertex -0.130538 -0.208863 -0.204633
         vertex -0.135538 -0.208863 -0.204633
         vertex -0.135538 -0.208829 -0.204617
      endloop
   endfacet
   facet normal 3.87178e-16 -0.153228 -0.988191
      outer loop
         vertex -0.130538 -0.205238 -0.20375
         vertex -0.130538 -0.207138 -0.203831
         vertex -0.135538 -0.207138 -0.203831
      endloop
   endfacet
   facet normal -5.15174e-16 0.2366 -0.971607
      outer loop
         vertex -0.135538 -0.207138 -0.203831
         vertex -0.135538 -0.205238 -0.20375
         vertex -0.130538 -0.205238 -0.20375
      endloop
   endfacet
   facet normal -1.32454e-15 0.58418 -0.811624
      outer loop
         vertex -0.135538 -0.208829 -0.204617
         vertex -0.135538 -0.207138 -0.203831
         vertex -0.130538 -0.207138 -0.203831
      endloop
   endfacet
   facet normal -1.95915e-15 0.854331 -0.519729
      outer loop
         vertex -0.135538 -0.21015 -0.206034
         vertex -0.135538 -0.208863 -0.204633
         vertex -0.130538 -0.208863 -0.204633
      endloop
   endfacet
   facet normal -2.28095e-15 0.988191 -0.153228
      outer loop
         vertex -0.135538 -0.210802 -0.207821
         vertex -0.135538 -0.21015 -0.206034
         vertex -0.130538 -0.21015 -0.206034
      endloop
   endfacet
   facet normal -2.25549e-15 0.971607 0.2366
      outer loop
         vertex -0.135538 -0.210722 -0.209721
         vertex -0.135538 -0.210802 -0.207821
         vertex -0.130538 -0.210802 -0.207821
      endloop
   endfacet
   facet normal -1.88665e-15 0.807105 0.590408
      outer loop
         vertex -0.135538 -0.20992 -0.211446
         vertex -0.135538 -0.210722 -0.209721
         vertex -0.130538 -0.210722 -0.209721
      endloop
   endfacet
   facet normal -1.87629e-15 0.802539 0.5966
      outer loop
         vertex -0.135538 -0.209892 -0.211472
         vertex -0.135538 -0.20992 -0.211446
         vertex -0.130538 -0.20992 -0.211446
      endloop
   endfacet
   facet normal -3.87178e-16 0.153228 0.988191
      outer loop
         vertex -0.135538 -0.206732 -0.213385
         vertex -0.135538 -0.208519 -0.212732
         vertex -0.130538 -0.208519 -0.212732
      endloop
   endfacet
   facet normal 5.15174e-16 -0.2366 0.971607
      outer loop
         vertex -0.135538 -0.204832 -0.213304
         vertex -0.135538 -0.206732 -0.213385
         vertex -0.130538 -0.206732 -0.213385
      endloop
   endfacet
   facet normal 1.3391e-15 -0.590408 0.807105
      outer loop
         vertex -0.135538 -0.203107 -0.212502
         vertex -0.135538 -0.204832 -0.213304
         vertex -0.130538 -0.204832 -0.213304
      endloop
   endfacet
   facet normal 1.95915e-15 -0.854331 0.519729
      outer loop
         vertex -0.135538 -0.20182 -0.211101
         vertex -0.135538 -0.203107 -0.212502
         vertex -0.130538 -0.203107 -0.212502
      endloop
   endfacet
   facet normal 2.06865e-15 -0.900451 0.434958
      outer loop
         vertex -0.135538 -0.201658 -0.210658
         vertex -0.135538 -0.20182 -0.211101
         vertex -0.130538 -0.20182 -0.211101
      endloop
   endfacet
   facet normal 2.29464e-15 -0.989889 -0.141843
      outer loop
         vertex -0.135538 -0.201228 -0.207886
         vertex -0.135538 -0.201168 -0.209315
         vertex -0.130538 -0.201168 -0.209315
      endloop
   endfacet
   facet normal 1.88665e-15 -0.807105 -0.590408
      outer loop
         vertex -0.135538 -0.20205 -0.205689
         vertex -0.135538 -0.201248 -0.207414
         vertex -0.130538 -0.201248 -0.207414
      endloop
   endfacet
   facet normal 1.23059e-15 -0.519729 -0.854331
      outer loop
         vertex -0.135538 -0.203451 -0.204403
         vertex -0.135538 -0.20205 -0.205689
         vertex -0.130538 -0.20205 -0.205689
      endloop
   endfacet
   facet normal 3.87178e-16 -0.153228 -0.988191
      outer loop
         vertex -0.135538 -0.205238 -0.20375
         vertex -0.135538 -0.203451 -0.204403
         vertex -0.130538 -0.203451 -0.204403
      endloop
   endfacet
   facet normal -1 -2.31334e-15 -3.31007e-17
      outer loop
         vertex -0.130538 -0.204832 -0.213304
         vertex -0.130538 -0.205358 -0.211142
         vertex -0.130538 -0.20442 -0.210706
      endloop
   endfacet
   facet normal -1 -2.31334e-15 -3.31007e-17
      outer loop
         vertex -0.130538 -0.206732 -0.213385
         vertex -0.130538 -0.206391 -0.211186
         vertex -0.130538 -0.205358 -0.211142
      endloop
   endfacet
   facet normal -1 -2.31334e-15 -3.31007e-17
      outer loop
         vertex -0.130538 -0.208519 -0.212732
         vertex -0.130538 -0.207362 -0.210832
         vertex -0.130538 -0.206391 -0.211186
      endloop
   endfacet
   facet normal -1 -2.31334e-15 -3.31007e-17
      outer loop
         vertex -0.130538 -0.208519 -0.212732
         vertex -0.130538 -0.20992 -0.211446
         vertex -0.130538 -0.208124 -0.210132
      endloop
   endfacet
   facet normal -1 -2.31334e-15 -3.31007e-17
      outer loop
         vertex -0.130538 -0.21015 -0.206034
         vertex -0.130538 -0.208249 -0.20719
         vertex -0.130538 -0.208604 -0.208162
      endloop
   endfacet
   facet normal -1 -2.31334e-15 -3.31007e-17
      outer loop
         vertex -0.130538 -0.21015 -0.206034
         vertex -0.130538 -0.208863 -0.204633
         vertex -0.130538 -0.20755 -0.206429
      endloop
   endfacet
   facet normal -1 -2.31334e-15 -3.31007e-17
      outer loop
         vertex -0.130538 -0.205238 -0.20375
         vertex -0.130538 -0.205579 -0.205949
         vertex -0.130538 -0.206612 -0.205993
      endloop
   endfacet
   facet normal -1 -2.31334e-15 -3.31007e-17
      outer loop
         vertex -0.130538 -0.203451 -0.204403
         vertex -0.130538 -0.204608 -0.206304
         vertex -0.130538 -0.205579 -0.205949
      endloop
   endfacet
   facet normal -1 -2.31334e-15 -3.31007e-17
      outer loop
         vertex -0.130538 -0.20205 -0.205689
         vertex -0.130538 -0.203846 -0.207003
         vertex -0.130538 -0.204608 -0.206304
      endloop
   endfacet
   facet normal -1 -2.31334e-15 -3.31007e-17
      outer loop
         vertex -0.130538 -0.20205 -0.205689
         vertex -0.130538 -0.201248 -0.207414
         vertex -0.130538 -0.20341 -0.207941
      endloop
   endfacet
   facet normal -1 -2.31334e-15 -3.31007e-17
      outer loop
         vertex -0.130538 -0.201168 -0.209315
         vertex -0.130538 -0.203366 -0.208974
         vertex -0.130538 -0.20341 -0.207941
      endloop
   endfacet
   facet normal -1 -2.31334e-15 -3.31007e-17
      outer loop
         vertex -0.130538 -0.20182 -0.211101
         vertex -0.130538 -0.203721 -0.209945
         vertex -0.130538 -0.203366 -0.208974
      endloop
   endfacet
   facet normal -1 -2.31334e-15 -3.31007e-17
      outer loop
         vertex -0.130538 -0.205358 -0.211142
         vertex -0.130538 -0.204832 -0.213304
         vertex -0.130538 -0.206732 -0.213385
      endloop
   endfacet
   facet normal -1 -2.31334e-15 -3.31007e-17
      outer loop
         vertex -0.130538 -0.208124 -0.210132
         vertex -0.130538 -0.207362 -0.210832
         vertex -0.130538 -0.208519 -0.212732
      endloop
   endfacet
   facet normal -1 -2.31334e-15 -3.31007e-17
      outer loop
         vertex -0.130538 -0.210722 -0.209721
         vertex -0.130538 -0.20856 -0.209195
         vertex -0.130538 -0.208124 -0.210132
      endloop
   endfacet
   facet normal -1 -2.31334e-15 -3.31007e-17
      outer loop
         vertex -0.130538 -0.210722 -0.209721
         vertex -0.130538 -0.210802 -0.207821
         vertex -0.130538 -0.208604 -0.208162
      endloop
   endfacet
   facet normal -1 -2.31334e-15 -3.31007e-17
      outer loop
         vertex -0.130538 -0.20755 -0.206429
         vertex -0.130538 -0.208249 -0.20719
         vertex -0.130538 -0.21015 -0.206034
      endloop
   endfacet
   facet normal -1 -2.31334e-15 -3.31007e-17
      outer loop
         vertex -0.130538 -0.208863 -0.204633
         vertex -0.130538 -0.207138 -0.203831
         vertex -0.130538 -0.206612 -0.205993
      endloop
   endfacet
   facet normal -1 -2.31334e-15 -3.31007e-17
      outer loop
         vertex -0.130538 -0.205579 -0.205949
         vertex -0.130538 -0.205238 -0.20375
         vertex -0.130538 -0.203451 -0.204403
      endloop
   endfacet
   facet normal -1 -2.31334e-15 -3.31007e-17
      outer loop
         vertex -0.130538 -0.20341 -0.207941
         vertex -0.130538 -0.203846 -0.207003
         vertex -0.130538 -0.20205 -0.205689
      endloop
   endfacet
   facet normal -1 -2.31334e-15 -3.31007e-17
      outer loop
         vertex -0.130538 -0.203366 -0.208974
         vertex -0.130538 -0.201168 -0.209315
         vertex -0.130538 -0.20182 -0.211101
      endloop
   endfacet
   facet normal -1 -2.31334e-15 -3.31007e-17
      outer loop
         vertex -0.130538 -0.203107 -0.212502
         vertex -0.130538 -0.20442 -0.210706
         vertex -0.130538 -0.203721 -0.209945
      endloop
   endfacet
   facet normal -1 -2.31334e-15 -3.31007e-17
      outer loop
         vertex -0.130538 -0.206391 -0.211186
         vertex -0.130538 -0.206732 -0.213385
         vertex -0.130538 -0.208519 -0.212732
      endloop
   endfacet
   facet normal -1 -2.31334e-15 -3.31007e-17
      outer loop
         vertex -0.130538 -0.208604 -0.208162
         vertex -0.130538 -0.20856 -0.209195
         vertex -0.130538 -0.210722 -0.209721
      endloop
   endfacet
   facet normal -1 -2.31334e-15 -3.31007e-17
      outer loop
         vertex -0.130538 -0.206612 -0.205993
         vertex -0.130538 -0.20755 -0.206429
         vertex -0.130538 -0.208863 -0.204633
      endloop
   endfacet
   facet normal -1 -2.31334e-15 -3.31007e-17
      outer loop
         vertex -0.130538 -0.204608 -0.206304
         vertex -0.130538 -0.203451 -0.204403
         vertex -0.130538 -0.20205 -0.205689
      endloop
   endfacet
   facet normal -1 -2.31334e-15 -3.31007e-17
      outer loop
         vertex -0.130538 -0.203721 -0.209945
         vertex -0.130538 -0.20182 -0.211101
         vertex -0.130538 -0.203107 -0.212502
      endloop
   endfacet
   facet normal -1 -2.31334e-15 -3.31007e-17
      outer loop
         vertex -0.130538 -0.208124 -0.210132
         vertex -0.130538 -0.20992 -0.211446
         vertex -0.130538 -0.210722 -0.209721
      endloop
   endfacet
   facet normal -1 -2.31334e-15 -3.31007e-17
      outer loop
         vertex -0.130538 -0.206612 -0.205993
         vertex -0.130538 -0.207138 -0.203831
         vertex -0.130538 -0.205238 -0.20375
      endloop
   endfacet
   facet normal -1 -2.31334e-15 -3.31007e-17
      outer loop
         vertex -0.130538 -0.20442 -0.210706
         vertex -0.130538 -0.203107 -0.212502
         vertex -0.130538 -0.204832 -0.213304
      endloop
   endfacet
   facet normal -1 -2.31334e-15 -3.31007e-17
      outer loop
         vertex -0.130538 -0.20341 -0.207941
         vertex -0.130538 -0.201248 -0.207414
         vertex -0.130538 -0.201168 -0.209315
      endloop
   endfacet
   facet normal -1 -2.31334e-15 -3.31007e-17
      outer loop
         vertex -0.130538 -0.208604 -0.208162
         vertex -0.130538 -0.210802 -0.207821
         vertex -0.130538 -0.21015 -0.206034
      endloop
   endfacet
   facet normal 1.23059e-15 -0.519729 -0.854331
      outer loop
         vertex -0.11875 -0.204608 -0.206304
         vertex -0.11875 -0.205579 -0.205949
         vertex -0.130538 -0.205579 -0.205949
      endloop
   endfacet
   facet normal 1.88665e-15 -0.807105 -0.590408
      outer loop
         vertex -0.11875 -0.203846 -0.207003
         vertex -0.11875 -0.204608 -0.206304
         vertex -0.130538 -0.204608 -0.206304
      endloop
   endfacet
   facet normal 2.25549e-15 -0.971607 -0.2366
      outer loop
         vertex -0.11875 -0.20341 -0.207941
         vertex -0.11875 -0.203846 -0.207003
         vertex -0.130538 -0.203846 -0.207003
      endloop
   endfacet
   facet normal 2.28095e-15 -0.988191 0.153228
      outer loop
         vertex -0.11875 -0.203366 -0.208974
         vertex -0.11875 -0.20341 -0.207941
         vertex -0.130538 -0.20341 -0.207941
      endloop
   endfacet
   facet normal 1.95915e-15 -0.854331 0.519729
      outer loop
         vertex -0.11875 -0.203721 -0.209945
         vertex -0.11875 -0.203366 -0.208974
         vertex -0.130538 -0.203366 -0.208974
      endloop
   endfacet
   facet normal 1.3391e-15 -0.590408 0.807105
      outer loop
         vertex -0.11875 -0.20442 -0.210706
         vertex -0.11875 -0.203721 -0.209945
         vertex -0.130538 -0.203721 -0.209945
      endloop
   endfacet
   facet normal 5.15174e-16 -0.2366 0.971607
      outer loop
         vertex -0.11875 -0.205358 -0.211142
         vertex -0.11875 -0.20442 -0.210706
         vertex -0.130538 -0.20442 -0.210706
      endloop
   endfacet
   facet normal -3.87178e-16 0.153228 0.988191
      outer loop
         vertex -0.11875 -0.206391 -0.211186
         vertex -0.11875 -0.205358 -0.211142
         vertex -0.130538 -0.205358 -0.211142
      endloop
   endfacet
   facet normal -1.23059e-15 0.519729 0.854331
      outer loop
         vertex -0.11875 -0.207362 -0.210832
         vertex -0.11875 -0.206391 -0.211186
         vertex -0.130538 -0.206391 -0.211186
      endloop
   endfacet
   facet normal -1.88665e-15 0.807105 0.590408
      outer loop
         vertex -0.11875 -0.208124 -0.210132
         vertex -0.11875 -0.207362 -0.210832
         vertex -0.130538 -0.207362 -0.210832
      endloop
   endfacet
   facet normal -1.88665e-15 0.807105 0.590408
      outer loop
         vertex -0.130538 -0.208124 -0.210132
         vertex -0.130538 -0.20856 -0.209195
         vertex -0.11875 -0.208346 -0.209655
      endloop
   endfacet
   facet normal -2.25549e-15 0.971607 0.2366
      outer loop
         vertex -0.130538 -0.20856 -0.209195
         vertex -0.11875 -0.20856 -0.209195
         vertex -0.11875 -0.208346 -0.209655
      endloop
   endfacet
   facet normal -2.28095e-15 0.988191 -0.153228
      outer loop
         vertex -0.11875 -0.208604 -0.208162
         vertex -0.11875 -0.20856 -0.209195
         vertex -0.130538 -0.20856 -0.209195
      endloop
   endfacet
   facet normal -1.95915e-15 0.854331 -0.519729
      outer loop
         vertex -0.11875 -0.208249 -0.20719
         vertex -0.11875 -0.208604 -0.208162
         vertex -0.130538 -0.208604 -0.208162
      endloop
   endfacet
   facet normal -1.3391e-15 0.590408 -0.807105
      outer loop
         vertex -0.130538 -0.20755 -0.206429
         vertex -0.11875 -0.20755 -0.206429
         vertex -0.11875 -0.207906 -0.206817
      endloop
   endfacet
   facet normal -1.30923e-15 0.739045 -0.673656
      outer loop
         vertex -0.11875 -0.207906 -0.206817
         vertex -0.130538 -0.208249 -0.20719
         vertex -0.130538 -0.20755 -0.206429
      endloop
   endfacet
   facet normal -5.15174e-16 0.2366 -0.971607
      outer loop
         vertex -0.11875 -0.206612 -0.205993
         vertex -0.11875 -0.20755 -0.206429
         vertex -0.130538 -0.20755 -0.206429
      endloop
   endfacet
   facet normal 3.87178e-16 -0.153228 -0.988191
      outer loop
         vertex -0.11875 -0.205579 -0.205949
         vertex -0.11875 -0.206612 -0.205993
         vertex -0.130538 -0.206612 -0.205993
      endloop
   endfacet
   facet normal -5.15174e-16 0.2366 -0.971607
      outer loop
         vertex -0.130538 -0.206612 -0.205993
         vertex -0.130538 -0.205579 -0.205949
         vertex -0.11875 -0.205579 -0.205949
      endloop
   endfacet
   facet normal -1.3391e-15 0.590408 -0.807105
      outer loop
         vertex -0.130538 -0.20755 -0.206429
         vertex -0.130538 -0.206612 -0.205993
         vertex -0.11875 -0.206612 -0.205993
      endloop
   endfacet
   facet normal -1.30923e-15 0.739045 -0.673656
      outer loop
         vertex -0.11875 -0.207906 -0.206817
         vertex -0.11875 -0.208249 -0.20719
         vertex -0.130538 -0.208249 -0.20719
      endloop
   endfacet
   facet normal -2.28095e-15 0.988191 -0.153228
      outer loop
         vertex -0.130538 -0.208604 -0.208162
         vertex -0.130538 -0.208249 -0.20719
         vertex -0.11875 -0.208249 -0.20719
      endloop
   endfacet
   facet normal -2.25549e-15 0.971607 0.2366
      outer loop
         vertex -0.130538 -0.20856 -0.209195
         vertex -0.130538 -0.208604 -0.208162
         vertex -0.11875 -0.208604 -0.208162
      endloop
   endfacet
   facet normal -2.61845e-15 0.908349 0.418213
      outer loop
         vertex -0.11875 -0.208346 -0.209655
         vertex -0.11875 -0.208124 -0.210132
         vertex -0.130538 -0.208124 -0.210132
      endloop
   endfacet
   facet normal -1.23059e-15 0.519729 0.854331
      outer loop
         vertex -0.130538 -0.207362 -0.210832
         vertex -0.130538 -0.208124 -0.210132
         vertex -0.11875 -0.208124 -0.210132
      endloop
   endfacet
   facet normal -3.87178e-16 0.153228 0.988191
      outer loop
         vertex -0.130538 -0.206391 -0.211186
         vertex -0.130538 -0.207362 -0.210832
         vertex -0.11875 -0.207362 -0.210832
      endloop
   endfacet
   facet normal 5.15174e-16 -0.2366 0.971607
      outer loop
         vertex -0.130538 -0.205358 -0.211142
         vertex -0.130538 -0.206391 -0.211186
         vertex -0.11875 -0.206391 -0.211186
      endloop
   endfacet
   facet normal 1.3391e-15 -0.590408 0.807105
      outer loop
         vertex -0.130538 -0.20442 -0.210706
         vertex -0.130538 -0.205358 -0.211142
         vertex -0.11875 -0.205358 -0.211142
      endloop
   endfacet
   facet normal 1.95915e-15 -0.854331 0.519729
      outer loop
         vertex -0.130538 -0.203721 -0.209945
         vertex -0.130538 -0.20442 -0.210706
         vertex -0.11875 -0.20442 -0.210706
      endloop
   endfacet
   facet normal 2.28095e-15 -0.988191 0.153228
      outer loop
         vertex -0.130538 -0.203366 -0.208974
         vertex -0.130538 -0.203721 -0.209945
         vertex -0.11875 -0.203721 -0.209945
      endloop
   endfacet
   facet normal 2.25549e-15 -0.971607 -0.2366
      outer loop
         vertex -0.130538 -0.20341 -0.207941
         vertex -0.130538 -0.203366 -0.208974
         vertex -0.11875 -0.203366 -0.208974
      endloop
   endfacet
   facet normal 1.88665e-15 -0.807105 -0.590408
      outer loop
         vertex -0.130538 -0.203846 -0.207003
         vertex -0.130538 -0.20341 -0.207941
         vertex -0.11875 -0.20341 -0.207941
      endloop
   endfacet
   facet normal 1.23059e-15 -0.519729 -0.854331
      outer loop
         vertex -0.130538 -0.204608 -0.206304
         vertex -0.130538 -0.203846 -0.207003
         vertex -0.11875 -0.203846 -0.207003
      endloop
   endfacet
   facet normal 3.87178e-16 -0.153228 -0.988191
      outer loop
         vertex -0.130538 -0.205579 -0.205949
         vertex -0.130538 -0.204608 -0.206304
         vertex -0.11875 -0.204608 -0.206304
      endloop
   endfacet
   facet normal 1.23059e-15 -0.519729 -0.854331
      outer loop
         vertex -0.130538 -0.199124 -0.221875
         vertex -0.130538 -0.20091 -0.221222
         vertex -0.135538 -0.20091 -0.221222
      endloop
   endfacet
   facet normal 1.88665e-15 -0.807105 -0.590408
      outer loop
         vertex -0.130538 -0.197723 -0.223161
         vertex -0.130538 -0.199124 -0.221875
         vertex -0.135538 -0.199124 -0.221875
      endloop
   endfacet
   facet normal 2.25549e-15 -0.971607 -0.2366
      outer loop
         vertex -0.130538 -0.196921 -0.224886
         vertex -0.130538 -0.197723 -0.223161
         vertex -0.135538 -0.197723 -0.223161
      endloop
   endfacet
   facet normal 2.28095e-15 -0.988191 0.153228
      outer loop
         vertex -0.130538 -0.19684 -0.226787
         vertex -0.130538 -0.196921 -0.224886
         vertex -0.135538 -0.196901 -0.225361
      endloop
   endfacet
   facet normal 2.25549e-15 -0.971607 -0.2366
      outer loop
         vertex -0.130538 -0.196921 -0.224886
         vertex -0.135538 -0.196921 -0.224886
         vertex -0.135538 -0.196901 -0.225361
      endloop
   endfacet
   facet normal 1.95915e-15 -0.854331 0.519729
      outer loop
         vertex -0.130538 -0.197493 -0.228573
         vertex -0.130538 -0.19684 -0.226787
         vertex -0.135538 -0.19684 -0.226787
      endloop
   endfacet
   facet normal 1.3391e-15 -0.590408 0.807105
      outer loop
         vertex -0.130538 -0.198779 -0.229974
         vertex -0.130538 -0.197493 -0.228573
         vertex -0.135538 -0.197769 -0.228874
      endloop
   endfacet
   facet normal 1.95915e-15 -0.854331 0.519729
      outer loop
         vertex -0.130538 -0.197493 -0.228573
         vertex -0.135538 -0.197493 -0.228573
         vertex -0.135538 -0.197769 -0.228874
      endloop
   endfacet
   facet normal 5.15174e-16 -0.2366 0.971607
      outer loop
         vertex -0.130538 -0.200504 -0.230776
         vertex -0.130538 -0.198779 -0.229974
         vertex -0.135538 -0.198779 -0.229974
      endloop
   endfacet
   facet normal -3.87178e-16 0.153228 0.988191
      outer loop
         vertex -0.130538 -0.202404 -0.230857
         vertex -0.130538 -0.200504 -0.230776
         vertex -0.135538 -0.200504 -0.230776
      endloop
   endfacet
   facet normal -3.87178e-16 0.153228 0.988191
      outer loop
         vertex -0.130538 -0.202404 -0.230857
         vertex -0.135538 -0.202404 -0.230857
         vertex -0.135538 -0.203844 -0.230331
      endloop
   endfacet
   facet normal -1.07961e-15 0.453941 0.891032
      outer loop
         vertex -0.135538 -0.203844 -0.230331
         vertex -0.130538 -0.204191 -0.230204
         vertex -0.130538 -0.202404 -0.230857
      endloop
   endfacet
   facet normal -1.88665e-15 0.807105 0.590408
      outer loop
         vertex -0.130538 -0.205592 -0.228918
         vertex -0.130538 -0.204191 -0.230204
         vertex -0.135538 -0.204627 -0.229804
      endloop
   endfacet
   facet normal -1.23059e-15 0.519729 0.854331
      outer loop
         vertex -0.130538 -0.204191 -0.230204
         vertex -0.135538 -0.204191 -0.230204
         vertex -0.135538 -0.204627 -0.229804
      endloop
   endfacet
   facet normal -1.88665e-15 0.807105 0.590408
      outer loop
         vertex -0.130538 -0.205592 -0.228918
         vertex -0.135538 -0.205592 -0.228918
         vertex -0.135538 -0.206222 -0.227564
      endloop
   endfacet
   facet normal -2.20475e-15 0.948528 0.316694
      outer loop
         vertex -0.135538 -0.206222 -0.227564
         vertex -0.130538 -0.206394 -0.227193
         vertex -0.130538 -0.205592 -0.228918
      endloop
   endfacet
   facet normal -2.28095e-15 0.988191 -0.153228
      outer loop
         vertex -0.130538 -0.206475 -0.225293
         vertex -0.130538 -0.206394 -0.227193
         vertex -0.135538 -0.206394 -0.227193
      endloop
   endfacet
   facet normal -2.28095e-15 0.988191 -0.153228
      outer loop
         vertex -0.130538 -0.206475 -0.225293
         vertex -0.135538 -0.206475 -0.225293
         vertex -0.135538 -0.205985 -0.223952
      endloop
   endfacet
   facet normal -2.06919e-15 0.900677 -0.434488
      outer loop
         vertex -0.135538 -0.205985 -0.223952
         vertex -0.130538 -0.205822 -0.223506
         vertex -0.130538 -0.206475 -0.225293
      endloop
   endfacet
   facet normal -1.3391e-15 0.590408 -0.807105
      outer loop
         vertex -0.130538 -0.204536 -0.222105
         vertex -0.130538 -0.205822 -0.223506
         vertex -0.135538 -0.205822 -0.223506
      endloop
   endfacet
   facet normal -1.3391e-15 0.590408 -0.807105
      outer loop
         vertex -0.130538 -0.204536 -0.222105
         vertex -0.135538 -0.204536 -0.222105
         vertex -0.135538 -0.203347 -0.221553
      endloop
   endfacet
   facet normal -7.84426e-16 0.352479 -0.93582
      outer loop
         vertex -0.135538 -0.203347 -0.221553
         vertex -0.130538 -0.202811 -0.221303
         vertex -0.130538 -0.204536 -0.222105
      endloop
   endfacet
   facet normal 3.87178e-16 -0.153228 -0.988191
      outer loop
         vertex -0.130538 -0.20091 -0.221222
         vertex -0.130538 -0.202811 -0.221303
         vertex -0.135538 -0.202441 -0.221287
      endloop
   endfacet
   facet normal -5.15174e-16 0.2366 -0.971607
      outer loop
         vertex -0.130538 -0.202811 -0.221303
         vertex -0.135538 -0.202811 -0.221303
         vertex -0.135538 -0.202441 -0.221287
      endloop
   endfacet
   facet normal -3.43921e-16 0.162787 -0.986661
      outer loop
         vertex -0.135538 -0.202441 -0.221287
         vertex -0.135538 -0.20091 -0.221222
         vertex -0.130538 -0.20091 -0.221222
      endloop
   endfacet
   facet normal -7.84426e-16 0.352479 -0.93582
      outer loop
         vertex -0.135538 -0.203347 -0.221553
         vertex -0.135538 -0.202811 -0.221303
         vertex -0.130538 -0.202811 -0.221303
      endloop
   endfacet
   facet normal -1.95915e-15 0.854331 -0.519729
      outer loop
         vertex -0.135538 -0.205822 -0.223506
         vertex -0.135538 -0.204536 -0.222105
         vertex -0.130538 -0.204536 -0.222105
      endloop
   endfacet
   facet normal -2.06919e-15 0.900677 -0.434488
      outer loop
         vertex -0.135538 -0.205985 -0.223952
         vertex -0.135538 -0.205822 -0.223506
         vertex -0.130538 -0.205822 -0.223506
      endloop
   endfacet
   facet normal -2.25549e-15 0.971607 0.2366
      outer loop
         vertex -0.135538 -0.206394 -0.227193
         vertex -0.135538 -0.206475 -0.225293
         vertex -0.130538 -0.206475 -0.225293
      endloop
   endfacet
   facet normal -2.20475e-15 0.948528 0.316694
      outer loop
         vertex -0.135538 -0.206222 -0.227564
         vertex -0.135538 -0.206394 -0.227193
         vertex -0.130538 -0.206394 -0.227193
      endloop
   endfacet
   facet normal -1.4587e-15 0.619329 0.785132
      outer loop
         vertex -0.135538 -0.204627 -0.229804
         vertex -0.135538 -0.205592 -0.228918
         vertex -0.130538 -0.205592 -0.228918
      endloop
   endfacet
   facet normal -1.07961e-15 0.453941 0.891032
      outer loop
         vertex -0.135538 -0.203844 -0.230331
         vertex -0.135538 -0.204191 -0.230204
         vertex -0.130538 -0.204191 -0.230204
      endloop
   endfacet
   facet normal 5.15174e-16 -0.2366 0.971607
      outer loop
         vertex -0.135538 -0.200504 -0.230776
         vertex -0.135538 -0.202404 -0.230857
         vertex -0.130538 -0.202404 -0.230857
      endloop
   endfacet
   facet normal 1.3391e-15 -0.590408 0.807105
      outer loop
         vertex -0.135538 -0.198779 -0.229974
         vertex -0.135538 -0.200504 -0.230776
         vertex -0.130538 -0.200504 -0.230776
      endloop
   endfacet
   facet normal 1.84986e-15 -0.80808 0.589073
      outer loop
         vertex -0.135538 -0.197769 -0.228874
         vertex -0.135538 -0.198779 -0.229974
         vertex -0.130538 -0.198779 -0.229974
      endloop
   endfacet
   facet normal 2.28095e-15 -0.988191 0.153228
      outer loop
         vertex -0.135538 -0.19684 -0.226787
         vertex -0.135538 -0.197493 -0.228573
         vertex -0.130538 -0.197493 -0.228573
      endloop
   endfacet
   facet normal 2.2948e-15 -0.989963 -0.141327
      outer loop
         vertex -0.135538 -0.196901 -0.225361
         vertex -0.135538 -0.19684 -0.226787
         vertex -0.130538 -0.19684 -0.226787
      endloop
   endfacet
   facet normal 1.88665e-15 -0.807105 -0.590408
      outer loop
         vertex -0.135538 -0.197723 -0.223161
         vertex -0.135538 -0.196921 -0.224886
         vertex -0.130538 -0.196921 -0.224886
      endloop
   endfacet
   facet normal 1.23059e-15 -0.519729 -0.854331
      outer loop
         vertex -0.135538 -0.199124 -0.221875
         vertex -0.135538 -0.197723 -0.223161
         vertex -0.130538 -0.197723 -0.223161
      endloop
   endfacet
   facet normal 3.87178e-16 -0.153228 -0.988191
      outer loop
         vertex -0.135538 -0.20091 -0.221222
         vertex -0.135538 -0.199124 -0.221875
         vertex -0.130538 -0.199124 -0.221875
      endloop
   endfacet
   facet normal -1 -2.31334e-15 -3.31007e-17
      outer loop
         vertex -0.130538 -0.19684 -0.226787
         vertex -0.130538 -0.199039 -0.226446
         vertex -0.130538 -0.199083 -0.225413
      endloop
   endfacet
   facet normal -1 -2.31334e-15 -3.31007e-17
      outer loop
         vertex -0.130538 -0.197493 -0.228573
         vertex -0.130538 -0.199393 -0.227417
         vertex -0.130538 -0.199039 -0.226446
      endloop
   endfacet
   facet normal -1 -2.31334e-15 -3.31007e-17
      outer loop
         vertex -0.130538 -0.200504 -0.230776
         vertex -0.130538 -0.20103 -0.228614
         vertex -0.130538 -0.200093 -0.228178
      endloop
   endfacet
   facet normal -1 -2.31334e-15 -3.31007e-17
      outer loop
         vertex -0.130538 -0.202404 -0.230857
         vertex -0.130538 -0.202063 -0.228658
         vertex -0.130538 -0.20103 -0.228614
      endloop
   endfacet
   facet normal -1 -2.31334e-15 -3.31007e-17
      outer loop
         vertex -0.130538 -0.204191 -0.230204
         vertex -0.130538 -0.203035 -0.228304
         vertex -0.130538 -0.202063 -0.228658
      endloop
   endfacet
   facet normal -1 -2.31334e-15 -3.31007e-17
      outer loop
         vertex -0.130538 -0.204191 -0.230204
         vertex -0.130538 -0.205592 -0.228918
         vertex -0.130538 -0.203796 -0.227604
      endloop
   endfacet
   facet normal -1 -2.31334e-15 -3.31007e-17
      outer loop
         vertex -0.130538 -0.199039 -0.226446
         vertex -0.130538 -0.19684 -0.226787
         vertex -0.130538 -0.197493 -0.228573
      endloop
   endfacet
   facet normal -1 -2.31334e-15 -3.31007e-17
      outer loop
         vertex -0.130538 -0.197493 -0.228573
         vertex -0.130538 -0.198779 -0.229974
         vertex -0.130538 -0.200093 -0.228178
      endloop
   endfacet
   facet normal -1 -2.31334e-15 -3.31007e-17
      outer loop
         vertex -0.130538 -0.20103 -0.228614
         vertex -0.130538 -0.200504 -0.230776
         vertex -0.130538 -0.202404 -0.230857
      endloop
   endfacet
   facet normal -1 -2.31334e-15 -3.31007e-17
      outer loop
         vertex -0.130538 -0.203796 -0.227604
         vertex -0.130538 -0.203035 -0.228304
         vertex -0.130538 -0.204191 -0.230204
      endloop
   endfacet
   facet normal -1 -2.31334e-15 -3.31007e-17
      outer loop
         vertex -0.130538 -0.204536 -0.222105
         vertex -0.130538 -0.202811 -0.221303
         vertex -0.130538 -0.202284 -0.223465
      endloop
   endfacet
   facet normal -1 -2.31334e-15 -3.31007e-17
      outer loop
         vertex -0.130538 -0.202811 -0.221303
         vertex -0.130538 -0.20091 -0.221222
         vertex -0.130538 -0.201251 -0.223421
      endloop
   endfacet
   facet normal -1 -2.31334e-15 -3.31007e-17
      outer loop
         vertex -0.130538 -0.197723 -0.223161
         vertex -0.130538 -0.199519 -0.224475
         vertex -0.130538 -0.20028 -0.223776
      endloop
   endfacet
   facet normal -1 -2.31334e-15 -3.31007e-17
      outer loop
         vertex -0.130538 -0.197723 -0.223161
         vertex -0.130538 -0.196921 -0.224886
         vertex -0.130538 -0.199083 -0.225413
      endloop
   endfacet
   facet normal -1 -2.31334e-15 -3.31007e-17
      outer loop
         vertex -0.130538 -0.200093 -0.228178
         vertex -0.130538 -0.199393 -0.227417
         vertex -0.130538 -0.197493 -0.228573
      endloop
   endfacet
   facet normal -1 -2.31334e-15 -3.31007e-17
      outer loop
         vertex -0.130538 -0.202063 -0.228658
         vertex -0.130538 -0.202404 -0.230857
         vertex -0.130538 -0.204191 -0.230204
      endloop
   endfacet
   facet normal -1 -2.31334e-15 -3.31007e-17
      outer loop
         vertex -0.130538 -0.206394 -0.227193
         vertex -0.130538 -0.204232 -0.226667
         vertex -0.130538 -0.203796 -0.227604
      endloop
   endfacet
   facet normal -1 -2.31334e-15 -3.31007e-17
      outer loop
         vertex -0.130538 -0.206394 -0.227193
         vertex -0.130538 -0.206475 -0.225293
         vertex -0.130538 -0.204276 -0.225634
      endloop
   endfacet
   facet normal -1 -2.31334e-15 -3.31007e-17
      outer loop
         vertex -0.130538 -0.204536 -0.222105
         vertex -0.130538 -0.203222 -0.223901
         vertex -0.130538 -0.203921 -0.224662
      endloop
   endfacet
   facet normal -1 -2.31334e-15 -3.31007e-17
      outer loop
         vertex -0.130538 -0.201251 -0.223421
         vertex -0.130538 -0.202284 -0.223465
         vertex -0.130538 -0.202811 -0.221303
      endloop
   endfacet
   facet normal -1 -2.31334e-15 -3.31007e-17
      outer loop
         vertex -0.130538 -0.199124 -0.221875
         vertex -0.130538 -0.20028 -0.223776
         vertex -0.130538 -0.201251 -0.223421
      endloop
   endfacet
   facet normal -1 -2.31334e-15 -3.31007e-17
      outer loop
         vertex -0.130538 -0.199083 -0.225413
         vertex -0.130538 -0.199519 -0.224475
         vertex -0.130538 -0.197723 -0.223161
      endloop
   endfacet
   facet normal -1 -2.31334e-15 -3.31007e-17
      outer loop
         vertex -0.130538 -0.200093 -0.228178
         vertex -0.130538 -0.198779 -0.229974
         vertex -0.130538 -0.200504 -0.230776
      endloop
   endfacet
   facet normal -1 -2.31334e-15 -3.31007e-17
      outer loop
         vertex -0.130538 -0.204276 -0.225634
         vertex -0.130538 -0.204232 -0.226667
         vertex -0.130538 -0.206394 -0.227193
      endloop
   endfacet
   facet normal -1 -2.31334e-15 -3.31007e-17
      outer loop
         vertex -0.130538 -0.205822 -0.223506
         vertex -0.130538 -0.203921 -0.224662
         vertex -0.130538 -0.204276 -0.225634
      endloop
   endfacet
   facet normal -1 -2.31334e-15 -3.31007e-17
      outer loop
         vertex -0.130538 -0.202284 -0.223465
         vertex -0.130538 -0.203222 -0.223901
         vertex -0.130538 -0.204536 -0.222105
      endloop
   endfacet
   facet normal -1 -2.31334e-15 -3.31007e-17
      outer loop
         vertex -0.130538 -0.20028 -0.223776
         vertex -0.130538 -0.199124 -0.221875
         vertex -0.130538 -0.197723 -0.223161
      endloop
   endfacet
   facet normal -1 -2.31334e-15 -3.31007e-17
      outer loop
         vertex -0.130538 -0.203796 -0.227604
         vertex -0.130538 -0.205592 -0.228918
         vertex -0.130538 -0.206394 -0.227193
      endloop
   endfacet
   facet normal -1 -2.31334e-15 -3.31007e-17
      outer loop
         vertex -0.130538 -0.203921 -0.224662
         vertex -0.130538 -0.205822 -0.223506
         vertex -0.130538 -0.204536 -0.222105
      endloop
   endfacet
   facet normal -1 -2.31334e-15 -3.31007e-17
      outer loop
         vertex -0.130538 -0.199083 -0.225413
         vertex -0.130538 -0.196921 -0.224886
         vertex -0.130538 -0.19684 -0.226787
      endloop
   endfacet
   facet normal -1 -2.31334e-15 -3.31007e-17
      outer loop
         vertex -0.130538 -0.201251 -0.223421
         vertex -0.130538 -0.20091 -0.221222
         vertex -0.130538 -0.199124 -0.221875
      endloop
   endfacet
   facet normal -1 -2.31334e-15 -3.31007e-17
      outer loop
         vertex -0.130538 -0.204276 -0.225634
         vertex -0.130538 -0.206475 -0.225293
         vertex -0.130538 -0.205822 -0.223506
      endloop
   endfacet
   facet normal 1.23059e-15 -0.519729 -0.854331
      outer loop
         vertex -0.11875 -0.20028 -0.223776
         vertex -0.11875 -0.201251 -0.223421
         vertex -0.130538 -0.201251 -0.223421
      endloop
   endfacet
   facet normal 1.88665e-15 -0.807105 -0.590408
      outer loop
         vertex -0.11875 -0.199519 -0.224475
         vertex -0.11875 -0.20028 -0.223776
         vertex -0.130538 -0.20028 -0.223776
      endloop
   endfacet
   facet normal 1.88665e-15 -0.807105 -0.590408
      outer loop
         vertex -0.130538 -0.199519 -0.224475
         vertex -0.130538 -0.199083 -0.225413
         vertex -0.11875 -0.199278 -0.224992
      endloop
   endfacet
   facet normal 2.25549e-15 -0.971607 -0.2366
      outer loop
         vertex -0.130538 -0.199083 -0.225413
         vertex -0.11875 -0.199083 -0.225413
         vertex -0.11875 -0.199278 -0.224992
      endloop
   endfacet
   facet normal 2.25549e-15 -0.971607 -0.2366
      outer loop
         vertex -0.130538 -0.199083 -0.225413
         vertex -0.130538 -0.199039 -0.226446
         vertex -0.11875 -0.199057 -0.22602
      endloop
   endfacet
   facet normal 2.28095e-15 -0.988191 0.153228
      outer loop
         vertex -0.130538 -0.199039 -0.226446
         vertex -0.11875 -0.199039 -0.226446
         vertex -0.11875 -0.199057 -0.22602
      endloop
   endfacet
   facet normal 1.95915e-15 -0.854331 0.519729
      outer loop
         vertex -0.11875 -0.199393 -0.227417
         vertex -0.11875 -0.199039 -0.226446
         vertex -0.130538 -0.199039 -0.226446
      endloop
   endfacet
   facet normal 1.3391e-15 -0.590408 0.807105
      outer loop
         vertex -0.11875 -0.200093 -0.228178
         vertex -0.11875 -0.199393 -0.227417
         vertex -0.130538 -0.199393 -0.227417
      endloop
   endfacet
   facet normal 5.15174e-16 -0.2366 0.971607
      outer loop
         vertex -0.11875 -0.20103 -0.228614
         vertex -0.11875 -0.200093 -0.228178
         vertex -0.130538 -0.200093 -0.228178
      endloop
   endfacet
   facet normal -3.87178e-16 0.153228 0.988191
      outer loop
         vertex -0.11875 -0.202063 -0.228658
         vertex -0.11875 -0.20103 -0.228614
         vertex -0.130538 -0.20103 -0.228614
      endloop
   endfacet
   facet normal -1.23059e-15 0.519729 0.854331
      outer loop
         vertex -0.11875 -0.203035 -0.228304
         vertex -0.11875 -0.202063 -0.228658
         vertex -0.130538 -0.202063 -0.228658
      endloop
   endfacet
   facet normal -1.23059e-15 0.519729 0.854331
      outer loop
         vertex -0.130538 -0.203035 -0.228304
         vertex -0.130538 -0.203796 -0.227604
         vertex -0.11875 -0.20363 -0.227757
      endloop
   endfacet
   facet normal -1.88665e-15 0.807105 0.590408
      outer loop
         vertex -0.130538 -0.203796 -0.227604
         vertex -0.11875 -0.203796 -0.227604
         vertex -0.11875 -0.20363 -0.227757
      endloop
   endfacet
   facet normal -2.25549e-15 0.971607 0.2366
      outer loop
         vertex -0.11875 -0.204232 -0.226667
         vertex -0.11875 -0.203796 -0.227604
         vertex -0.130538 -0.203796 -0.227604
      endloop
   endfacet
   facet normal -2.28095e-15 0.988191 -0.153228
      outer loop
         vertex -0.11875 -0.204276 -0.225634
         vertex -0.11875 -0.204232 -0.226667
         vertex -0.130538 -0.204232 -0.226667
      endloop
   endfacet
   facet normal -1.95915e-15 0.854331 -0.519729
      outer loop
         vertex -0.130538 -0.203921 -0.224662
         vertex -0.11875 -0.203921 -0.224662
         vertex -0.11875 -0.20413 -0.225234
      endloop
   endfacet
   facet normal -2.61845e-15 0.950767 -0.309907
      outer loop
         vertex -0.11875 -0.20413 -0.225234
         vertex -0.130538 -0.204276 -0.225634
         vertex -0.130538 -0.203921 -0.224662
      endloop
   endfacet
   facet normal -1.3391e-15 0.590408 -0.807105
      outer loop
         vertex -0.130538 -0.203222 -0.223901
         vertex -0.11875 -0.203222 -0.223901
         vertex -0.11875 -0.203608 -0.224321
      endloop
   endfacet
   facet normal -1.30923e-15 0.750152 -0.661265
      outer loop
         vertex -0.11875 -0.203608 -0.224321
         vertex -0.130538 -0.203921 -0.224662
         vertex -0.130538 -0.203222 -0.223901
      endloop
   endfacet
   facet normal -5.15174e-16 0.2366 -0.971607
      outer loop
         vertex -0.130538 -0.202284 -0.223465
         vertex -0.11875 -0.202284 -0.223465
         vertex -0.11875 -0.203018 -0.223806
      endloop
   endfacet
   facet normal -1.30923e-15 0.520141 -0.85408
      outer loop
         vertex -0.11875 -0.203018 -0.223806
         vertex -0.130538 -0.203222 -0.223901
         vertex -0.130538 -0.202284 -0.223465
      endloop
   endfacet
   facet normal 3.87178e-16 -0.153228 -0.988191
      outer loop
         vertex -0.11875 -0.201251 -0.223421
         vertex -0.11875 -0.202284 -0.223465
         vertex -0.130538 -0.202284 -0.223465
      endloop
   endfacet
   facet normal -5.15174e-16 0.2366 -0.971607
      outer loop
         vertex -0.130538 -0.202284 -0.223465
         vertex -0.130538 -0.201251 -0.223421
         vertex -0.11875 -0.201251 -0.223421
      endloop
   endfacet
   facet normal -1.30923e-15 0.520141 -0.85408
      outer loop
         vertex -0.11875 -0.203018 -0.223806
         vertex -0.11875 -0.203222 -0.223901
         vertex -0.130538 -0.203222 -0.223901
      endloop
   endfacet
   facet normal -1.30923e-15 0.750152 -0.661265
      outer loop
         vertex -0.11875 -0.203608 -0.224321
         vertex -0.11875 -0.203921 -0.224662
         vertex -0.130538 -0.203921 -0.224662
      endloop
   endfacet
   facet normal -2.61845e-15 0.950767 -0.309907
      outer loop
         vertex -0.11875 -0.20413 -0.225234
         vertex -0.11875 -0.204276 -0.225634
         vertex -0.130538 -0.204276 -0.225634
      endloop
   endfacet
   facet normal -2.25549e-15 0.971607 0.2366
      outer loop
         vertex -0.130538 -0.204232 -0.226667
         vertex -0.130538 -0.204276 -0.225634
         vertex -0.11875 -0.204276 -0.225634
      endloop
   endfacet
   facet normal -1.88665e-15 0.807105 0.590408
      outer loop
         vertex -0.130538 -0.203796 -0.227604
         vertex -0.130538 -0.204232 -0.226667
         vertex -0.11875 -0.204232 -0.226667
      endloop
   endfacet
   facet normal -1.30923e-15 0.754364 0.656456
      outer loop
         vertex -0.11875 -0.20363 -0.227757
         vertex -0.11875 -0.203035 -0.228304
         vertex -0.130538 -0.203035 -0.228304
      endloop
   endfacet
   facet normal -3.87178e-16 0.153228 0.988191
      outer loop
         vertex -0.130538 -0.202063 -0.228658
         vertex -0.130538 -0.203035 -0.228304
         vertex -0.11875 -0.203035 -0.228304
      endloop
   endfacet
   facet normal 5.15174e-16 -0.2366 0.971607
      outer loop
         vertex -0.130538 -0.20103 -0.228614
         vertex -0.130538 -0.202063 -0.228658
         vertex -0.11875 -0.202063 -0.228658
      endloop
   endfacet
   facet normal 1.3391e-15 -0.590408 0.807105
      outer loop
         vertex -0.130538 -0.200093 -0.228178
         vertex -0.130538 -0.20103 -0.228614
         vertex -0.11875 -0.20103 -0.228614
      endloop
   endfacet
   facet normal 1.95915e-15 -0.854331 0.519729
      outer loop
         vertex -0.130538 -0.199393 -0.227417
         vertex -0.130538 -0.200093 -0.228178
         vertex -0.11875 -0.200093 -0.228178
      endloop
   endfacet
   facet normal 2.28095e-15 -0.988191 0.153228
      outer loop
         vertex -0.130538 -0.199039 -0.226446
         vertex -0.130538 -0.199393 -0.227417
         vertex -0.11875 -0.199393 -0.227417
      endloop
   endfacet
   facet normal 2.61845e-15 -0.999972 -0.00742697
      outer loop
         vertex -0.11875 -0.199057 -0.22602
         vertex -0.11875 -0.199083 -0.225413
         vertex -0.130538 -0.199083 -0.225413
      endloop
   endfacet
   facet normal 2.61845e-15 -0.915183 -0.403039
      outer loop
         vertex -0.11875 -0.199278 -0.224992
         vertex -0.11875 -0.199519 -0.224475
         vertex -0.130538 -0.199519 -0.224475
      endloop
   endfacet
   facet normal 1.23059e-15 -0.519729 -0.854331
      outer loop
         vertex -0.130538 -0.20028 -0.223776
         vertex -0.130538 -0.199519 -0.224475
         vertex -0.11875 -0.199519 -0.224475
      endloop
   endfacet
   facet normal 3.87178e-16 -0.153228 -0.988191
      outer loop
         vertex -0.130538 -0.201251 -0.223421
         vertex -0.130538 -0.20028 -0.223776
         vertex -0.11875 -0.20028 -0.223776
      endloop
   endfacet
   facet normal 1 2.4205e-15 1.64835e-17
      outer loop
         vertex -0.11875 -0.193308 -0.226912
         vertex -0.11875 -0.193952 -0.231069
         vertex -0.11875 -0.189699 -0.231729
      endloop
   endfacet
   facet normal 1 2.4205e-15 1.64835e-17
      outer loop
         vertex -0.11875 -0.180508 -0.228896
         vertex -0.11875 -0.181153 -0.233054
         vertex -0.11875 -0.177257 -0.233658
      endloop
   endfacet
   facet normal 1 2.4205e-15 1.64835e-17
      outer loop
         vertex -0.11875 -0.210455 -0.223259
         vertex -0.11875 -0.210606 -0.224229
         vertex -0.11875 -0.205029 -0.225094
      endloop
   endfacet
   facet normal 1 2.4205e-15 1.64835e-17
      outer loop
         vertex -0.11875 -0.193157 -0.225941
         vertex -0.11875 -0.193308 -0.226912
         vertex -0.11875 -0.189055 -0.227571
      endloop
   endfacet
   facet normal 1 2.4205e-15 1.64835e-17
      outer loop
         vertex -0.11875 -0.188904 -0.2266
         vertex -0.11875 -0.189055 -0.227571
         vertex -0.11875 -0.18414 -0.228333
      endloop
   endfacet
   facet normal 1 2.4205e-15 1.64835e-17
      outer loop
         vertex -0.11875 -0.183989 -0.227363
         vertex -0.11875 -0.18414 -0.228333
         vertex -0.11875 -0.180508 -0.228896
      endloop
   endfacet
   facet normal 1 2.4205e-15 1.64835e-17
      outer loop
         vertex -0.11875 -0.201626 -0.203149
         vertex -0.11875 -0.203228 -0.213476
         vertex -0.11875 -0.201459 -0.21375
      endloop
   endfacet
   facet normal 1 2.4205e-15 1.64835e-17
      outer loop
         vertex -0.11875 -0.206488 -0.197671
         vertex -0.11875 -0.207203 -0.202285
         vertex -0.11875 -0.201626 -0.203149
      endloop
   endfacet
   facet normal 1 2.4205e-15 1.64835e-17
      outer loop
         vertex -0.11875 -0.200911 -0.198536
         vertex -0.11875 -0.201626 -0.203149
         vertex -0.11875 -0.199857 -0.203424
      endloop
   endfacet
   facet normal 1 2.4205e-15 1.64835e-17
      outer loop
         vertex -0.11875 -0.200697 -0.197153
         vertex -0.11875 -0.200911 -0.198536
         vertex -0.11875 -0.199142 -0.19881
      endloop
   endfacet
   facet normal 1 2.4205e-15 1.64835e-17
      outer loop
         vertex -0.11875 -0.188975 -0.198971
         vertex -0.11875 -0.18919 -0.200353
         vertex -0.11875 -0.184937 -0.201013
      endloop
   endfacet
   facet normal 1 2.4205e-15 1.64835e-17
      outer loop
         vertex -0.11875 -0.184722 -0.19963
         vertex -0.11875 -0.184937 -0.201013
         vertex -0.11875 -0.180022 -0.201775
      endloop
   endfacet
   facet normal 1 2.4205e-15 1.64835e-17
      outer loop
         vertex -0.11875 -0.18919 -0.200353
         vertex -0.11875 -0.199142 -0.19881
         vertex -0.11875 -0.192601 -0.202946
      endloop
   endfacet
   facet normal 1 2.4205e-15 1.64835e-17
      outer loop
         vertex -0.11875 -0.199142 -0.19881
         vertex -0.11875 -0.19499 -0.203523
         vertex -0.11875 -0.192601 -0.202946
      endloop
   endfacet
   facet normal 1 2.4205e-15 1.64835e-17
      outer loop
         vertex -0.11875 -0.192601 -0.202946
         vertex -0.11875 -0.190183 -0.202347
         vertex -0.11875 -0.18919 -0.200353
      endloop
   endfacet
   facet normal 1 2.4205e-15 1.64835e-17
      outer loop
         vertex -0.11875 -0.199142 -0.19881
         vertex -0.11875 -0.199857 -0.203424
         vertex -0.11875 -0.195785 -0.204055
      endloop
   endfacet
   facet normal 1 2.4205e-15 1.64835e-17
      outer loop
         vertex -0.11875 -0.195785 -0.204055
         vertex -0.11875 -0.19499 -0.203523
         vertex -0.11875 -0.199142 -0.19881
      endloop
   endfacet
   facet normal 1 2.4205e-15 1.64835e-17
      outer loop
         vertex -0.11875 -0.184937 -0.201013
         vertex -0.11875 -0.18919 -0.200353
         vertex -0.11875 -0.187801 -0.201743
      endloop
   endfacet
   facet normal 1 2.4205e-15 1.64835e-17
      outer loop
         vertex -0.11875 -0.18919 -0.200353
         vertex -0.11875 -0.189471 -0.202166
         vertex -0.11875 -0.187801 -0.201743
      endloop
   endfacet
   facet normal 1 2.4205e-15 1.64835e-17
      outer loop
         vertex -0.11875 -0.187801 -0.201743
         vertex -0.11875 -0.185357 -0.201999
         vertex -0.11875 -0.184937 -0.201013
      endloop
   endfacet
   facet normal 1 2.4205e-15 1.64835e-17
      outer loop
         vertex -0.11875 -0.180022 -0.201775
         vertex -0.11875 -0.183152 -0.203083
         vertex -0.11875 -0.181457 -0.204864
      endloop
   endfacet
   facet normal 1 2.4205e-15 1.64835e-17
      outer loop
         vertex -0.11875 -0.184937 -0.201013
         vertex -0.11875 -0.185108 -0.202121
         vertex -0.11875 -0.183152 -0.203083
      endloop
   endfacet
   facet normal 1 2.4205e-15 1.64835e-17
      outer loop
         vertex -0.11875 -0.183152 -0.203083
         vertex -0.11875 -0.180022 -0.201775
         vertex -0.11875 -0.184937 -0.201013
      endloop
   endfacet
   facet normal 1 2.4205e-15 1.64835e-17
      outer loop
         vertex -0.11875 -0.177106 -0.206952
         vertex -0.11875 -0.179858 -0.206525
         vertex -0.11875 -0.179729 -0.206659
      endloop
   endfacet
   facet normal 1 2.4205e-15 1.64835e-17
      outer loop
         vertex -0.11875 -0.179729 -0.206659
         vertex -0.11875 -0.178015 -0.208419
         vertex -0.11875 -0.177106 -0.206952
      endloop
   endfacet
   facet normal 1 2.4205e-15 1.64835e-17
      outer loop
         vertex -0.11875 -0.174811 -0.217882
         vertex -0.11875 -0.176852 -0.213116
         vertex -0.11875 -0.177546 -0.215473
      endloop
   endfacet
   facet normal 1 2.4205e-15 1.64835e-17
      outer loop
         vertex -0.11875 -0.17321 -0.207556
         vertex -0.11875 -0.177014 -0.210664
         vertex -0.11875 -0.176852 -0.213116
      endloop
   endfacet
   facet normal 1 2.4205e-15 1.64835e-17
      outer loop
         vertex -0.11875 -0.176852 -0.213116
         vertex -0.11875 -0.174811 -0.217882
         vertex -0.11875 -0.17321 -0.207556
      endloop
   endfacet
   facet normal 1 2.4205e-15 1.64835e-17
      outer loop
         vertex -0.11875 -0.17321 -0.207556
         vertex -0.11875 -0.177106 -0.206952
         vertex -0.11875 -0.177509 -0.209554
      endloop
   endfacet
   facet normal 1 2.4205e-15 1.64835e-17
      outer loop
         vertex -0.11875 -0.177509 -0.209554
         vertex -0.11875 -0.177014 -0.210664
         vertex -0.11875 -0.17321 -0.207556
      endloop
   endfacet
   facet normal 1 2.4205e-15 1.64835e-17
      outer loop
         vertex -0.11875 -0.175461 -0.222078
         vertex -0.11875 -0.174811 -0.217882
         vertex -0.11875 -0.178237 -0.217867
      endloop
   endfacet
   facet normal 1 2.4205e-15 1.64835e-17
      outer loop
         vertex -0.11875 -0.175461 -0.222078
         vertex -0.11875 -0.178904 -0.220232
         vertex -0.11875 -0.179236 -0.220689
      endloop
   endfacet
   facet normal 1 2.4205e-15 1.64835e-17
      outer loop
         vertex -0.11875 -0.174811 -0.217882
         vertex -0.11875 -0.178094 -0.217373
         vertex -0.11875 -0.178237 -0.217867
      endloop
   endfacet
   facet normal 1 2.4205e-15 1.64835e-17
      outer loop
         vertex -0.11875 -0.178237 -0.217867
         vertex -0.11875 -0.178904 -0.220232
         vertex -0.11875 -0.175461 -0.222078
      endloop
   endfacet
   facet normal 1 2.4205e-15 1.64835e-17
      outer loop
         vertex -0.11875 -0.180358 -0.227926
         vertex -0.11875 -0.18239 -0.223588
         vertex -0.11875 -0.183443 -0.223843
      endloop
   endfacet
   facet normal 1 2.4205e-15 1.64835e-17
      outer loop
         vertex -0.11875 -0.180358 -0.227926
         vertex -0.11875 -0.180348 -0.222221
         vertex -0.11875 -0.18239 -0.223588
      endloop
   endfacet
   facet normal 1 2.4205e-15 1.64835e-17
      outer loop
         vertex -0.11875 -0.179357 -0.221473
         vertex -0.11875 -0.17976 -0.221411
         vertex -0.11875 -0.180348 -0.222221
      endloop
   endfacet
   facet normal 1 2.4205e-15 1.64835e-17
      outer loop
         vertex -0.11875 -0.180348 -0.222221
         vertex -0.11875 -0.180358 -0.227926
         vertex -0.11875 -0.179357 -0.221473
      endloop
   endfacet
   facet normal 1 2.4205e-15 1.64835e-17
      outer loop
         vertex -0.11875 -0.188904 -0.2266
         vertex -0.11875 -0.183989 -0.227363
         vertex -0.11875 -0.187197 -0.224764
      endloop
   endfacet
   facet normal 1 2.4205e-15 1.64835e-17
      outer loop
         vertex -0.11875 -0.183989 -0.227363
         vertex -0.11875 -0.184779 -0.224165
         vertex -0.11875 -0.187197 -0.224764
      endloop
   endfacet
   facet normal 1 2.4205e-15 1.64835e-17
      outer loop
         vertex -0.11875 -0.183989 -0.227363
         vertex -0.11875 -0.183443 -0.223843
         vertex -0.11875 -0.184779 -0.224165
      endloop
   endfacet
   facet normal 1 2.4205e-15 1.64835e-17
      outer loop
         vertex -0.11875 -0.188904 -0.2266
         vertex -0.11875 -0.189522 -0.225365
         vertex -0.11875 -0.191913 -0.225144
      endloop
   endfacet
   facet normal 1 2.4205e-15 1.64835e-17
      outer loop
         vertex -0.11875 -0.191913 -0.225144
         vertex -0.11875 -0.193157 -0.225941
         vertex -0.11875 -0.188904 -0.2266
      endloop
   endfacet
   facet normal 1 2.4205e-15 1.64835e-17
      outer loop
         vertex -0.11875 -0.188904 -0.2266
         vertex -0.11875 -0.188679 -0.225147
         vertex -0.11875 -0.189522 -0.225365
      endloop
   endfacet
   facet normal 1 2.4205e-15 1.64835e-17
      outer loop
         vertex -0.11875 -0.201459 -0.21375
         vertex -0.11875 -0.202109 -0.217946
         vertex -0.11875 -0.200392 -0.216336
      endloop
   endfacet
   facet normal 1 2.4205e-15 1.64835e-17
      outer loop
         vertex -0.11875 -0.202109 -0.217946
         vertex -0.11875 -0.199547 -0.218343
         vertex -0.11875 -0.200392 -0.216336
      endloop
   endfacet
   facet normal 1 2.4205e-15 1.64835e-17
      outer loop
         vertex -0.11875 -0.200392 -0.216336
         vertex -0.11875 -0.200522 -0.213939
         vertex -0.11875 -0.201459 -0.21375
      endloop
   endfacet
   facet normal 1 2.4205e-15 1.64835e-17
      outer loop
         vertex -0.11875 -0.199857 -0.203424
         vertex -0.11875 -0.201459 -0.21375
         vertex -0.11875 -0.199834 -0.211638
      endloop
   endfacet
   facet normal 1 2.4205e-15 1.64835e-17
      outer loop
         vertex -0.11875 -0.201459 -0.21375
         vertex -0.11875 -0.20051 -0.213897
         vertex -0.11875 -0.199834 -0.211638
      endloop
   endfacet
   facet normal 1 2.4205e-15 1.64835e-17
      outer loop
         vertex -0.11875 -0.199834 -0.211638
         vertex -0.11875 -0.199143 -0.209244
         vertex -0.11875 -0.199857 -0.203424
      endloop
   endfacet
   facet normal 1 2.4205e-15 1.64835e-17
      outer loop
         vertex -0.11875 -0.199143 -0.209244
         vertex -0.11875 -0.198476 -0.206879
         vertex -0.11875 -0.199857 -0.203424
      endloop
   endfacet
   facet normal 1 2.4205e-15 1.64835e-17
      outer loop
         vertex -0.11875 -0.198476 -0.206879
         vertex -0.11875 -0.197032 -0.20489
         vertex -0.11875 -0.199857 -0.203424
      endloop
   endfacet
   facet normal 1 2.4205e-15 1.64835e-17
      outer loop
         vertex -0.11875 -0.18414 -0.228333
         vertex -0.11875 -0.189055 -0.227571
         vertex -0.11875 -0.184989 -0.228453
      endloop
   endfacet
   facet normal 1 2.4205e-15 1.64835e-17
      outer loop
         vertex -0.11875 -0.189055 -0.227571
         vertex -0.11875 -0.185927 -0.228889
         vertex -0.11875 -0.184989 -0.228453
      endloop
   endfacet
   facet normal 1 2.4205e-15 1.64835e-17
      outer loop
         vertex -0.11875 -0.189055 -0.227571
         vertex -0.11875 -0.189699 -0.231729
         vertex -0.11875 -0.186981 -0.230622
      endloop
   endfacet
   facet normal 1 2.4205e-15 1.64835e-17
      outer loop
         vertex -0.11875 -0.189055 -0.227571
         vertex -0.11875 -0.186626 -0.229651
         vertex -0.11875 -0.185927 -0.228889
      endloop
   endfacet
   facet normal 1 2.4205e-15 1.64835e-17
      outer loop
         vertex -0.11875 -0.189699 -0.231729
         vertex -0.11875 -0.186937 -0.231655
         vertex -0.11875 -0.186981 -0.230622
      endloop
   endfacet
   facet normal 1 2.4205e-15 1.64835e-17
      outer loop
         vertex -0.11875 -0.186981 -0.230622
         vertex -0.11875 -0.186626 -0.229651
         vertex -0.11875 -0.189055 -0.227571
      endloop
   endfacet
   facet normal 1 2.4205e-15 1.64835e-17
      outer loop
         vertex -0.11875 -0.189699 -0.231729
         vertex -0.11875 -0.186686 -0.232196
         vertex -0.11875 -0.186937 -0.231655
      endloop
   endfacet
   facet normal 1 2.4205e-15 1.64835e-17
      outer loop
         vertex -0.11875 -0.180508 -0.228896
         vertex -0.11875 -0.182985 -0.228764
         vertex -0.11875 -0.182224 -0.229463
      endloop
   endfacet
   facet normal 1 2.4205e-15 1.64835e-17
      outer loop
         vertex -0.11875 -0.180508 -0.228896
         vertex -0.11875 -0.18414 -0.228333
         vertex -0.11875 -0.183956 -0.228409
      endloop
   endfacet
   facet normal 1 2.4205e-15 1.64835e-17
      outer loop
         vertex -0.11875 -0.181153 -0.233054
         vertex -0.11875 -0.181744 -0.231434
         vertex -0.11875 -0.182098 -0.232405
      endloop
   endfacet
   facet normal 1 2.4205e-15 1.64835e-17
      outer loop
         vertex -0.11875 -0.180508 -0.228896
         vertex -0.11875 -0.181788 -0.230401
         vertex -0.11875 -0.181744 -0.231434
      endloop
   endfacet
   facet normal 1 2.4205e-15 1.64835e-17
      outer loop
         vertex -0.11875 -0.183956 -0.228409
         vertex -0.11875 -0.182985 -0.228764
         vertex -0.11875 -0.180508 -0.228896
      endloop
   endfacet
   facet normal 1 2.4205e-15 1.64835e-17
      outer loop
         vertex -0.11875 -0.181744 -0.231434
         vertex -0.11875 -0.181153 -0.233054
         vertex -0.11875 -0.180508 -0.228896
      endloop
   endfacet
   facet normal 1 2.4205e-15 1.64835e-17
      outer loop
         vertex -0.11875 -0.18414 -0.228333
         vertex -0.11875 -0.184153 -0.228417
         vertex -0.11875 -0.183956 -0.228409
      endloop
   endfacet
   facet normal 1 2.4205e-15 1.64835e-17
      outer loop
         vertex -0.11875 -0.182224 -0.229463
         vertex -0.11875 -0.181788 -0.230401
         vertex -0.11875 -0.180508 -0.228896
      endloop
   endfacet
   facet normal 1 2.4205e-15 1.64835e-17
      outer loop
         vertex -0.11875 -0.205029 -0.225094
         vertex -0.11875 -0.205674 -0.229252
         vertex -0.11875 -0.204232 -0.226667
      endloop
   endfacet
   facet normal 1 2.4205e-15 1.64835e-17
      outer loop
         vertex -0.11875 -0.204232 -0.226667
         vertex -0.11875 -0.204276 -0.225634
         vertex -0.11875 -0.205029 -0.225094
      endloop
   endfacet
   facet normal 1 2.4205e-15 1.64835e-17
      outer loop
         vertex -0.11875 -0.205674 -0.229252
         vertex -0.11875 -0.203796 -0.227604
         vertex -0.11875 -0.204232 -0.226667
      endloop
   endfacet
   facet normal 1 2.4205e-15 1.64835e-17
      outer loop
         vertex -0.11875 -0.205674 -0.229252
         vertex -0.11875 -0.203905 -0.229526
         vertex -0.11875 -0.20363 -0.227757
      endloop
   endfacet
   facet normal 1 2.4205e-15 1.64835e-17
      outer loop
         vertex -0.11875 -0.20363 -0.227757
         vertex -0.11875 -0.203796 -0.227604
         vertex -0.11875 -0.205674 -0.229252
      endloop
   endfacet
   facet normal 1 2.4205e-15 1.64835e-17
      outer loop
         vertex -0.11875 -0.204879 -0.224123
         vertex -0.11875 -0.205029 -0.225094
         vertex -0.11875 -0.20413 -0.225234
      endloop
   endfacet
   facet normal 1 2.4205e-15 1.64835e-17
      outer loop
         vertex -0.11875 -0.20413 -0.225234
         vertex -0.11875 -0.203921 -0.224662
         vertex -0.11875 -0.204879 -0.224123
      endloop
   endfacet
   facet normal 1 2.4205e-15 1.64835e-17
      outer loop
         vertex -0.11875 -0.199278 -0.224992
         vertex -0.11875 -0.194089 -0.224128
         vertex -0.11875 -0.195793 -0.222437
      endloop
   endfacet
   facet normal 1 2.4205e-15 1.64835e-17
      outer loop
         vertex -0.11875 -0.193157 -0.225941
         vertex -0.11875 -0.192958 -0.224656
         vertex -0.11875 -0.194089 -0.224128
      endloop
   endfacet
   facet normal 1 2.4205e-15 1.64835e-17
      outer loop
         vertex -0.11875 -0.194089 -0.224128
         vertex -0.11875 -0.199278 -0.224992
         vertex -0.11875 -0.193157 -0.225941
      endloop
   endfacet
   facet normal 1 2.4205e-15 1.64835e-17
      outer loop
         vertex -0.11875 -0.197834 -0.220317
         vertex -0.11875 -0.20028 -0.223776
         vertex -0.11875 -0.199519 -0.224475
      endloop
   endfacet
   facet normal 1 2.4205e-15 1.64835e-17
      outer loop
         vertex -0.11875 -0.19946 -0.218549
         vertex -0.11875 -0.201251 -0.223421
         vertex -0.11875 -0.20028 -0.223776
      endloop
   endfacet
   facet normal 1 2.4205e-15 1.64835e-17
      outer loop
         vertex -0.11875 -0.199519 -0.224475
         vertex -0.11875 -0.195793 -0.222437
         vertex -0.11875 -0.197834 -0.220317
      endloop
   endfacet
   facet normal 1 2.4205e-15 1.64835e-17
      outer loop
         vertex -0.11875 -0.20028 -0.223776
         vertex -0.11875 -0.197834 -0.220317
         vertex -0.11875 -0.19946 -0.218549
      endloop
   endfacet
   facet normal 1 2.4205e-15 1.64835e-17
      outer loop
         vertex -0.11875 -0.202109 -0.217946
         vertex -0.11875 -0.202284 -0.223465
         vertex -0.11875 -0.201251 -0.223421
      endloop
   endfacet
   facet normal 1 2.4205e-15 1.64835e-17
      outer loop
         vertex -0.11875 -0.19946 -0.218549
         vertex -0.11875 -0.199547 -0.218343
         vertex -0.11875 -0.201251 -0.223421
      endloop
   endfacet
   facet normal 1 2.4205e-15 1.64835e-17
      outer loop
         vertex -0.11875 -0.202109 -0.217946
         vertex -0.11875 -0.203018 -0.223806
         vertex -0.11875 -0.202284 -0.223465
      endloop
   endfacet
   facet normal 1 2.4205e-15 1.64835e-17
      outer loop
         vertex -0.11875 -0.201251 -0.223421
         vertex -0.11875 -0.199547 -0.218343
         vertex -0.11875 -0.202109 -0.217946
      endloop
   endfacet
   facet normal 1 2.4205e-15 1.64835e-17
      outer loop
         vertex -0.11875 -0.193157 -0.225941
         vertex -0.11875 -0.199083 -0.225413
         vertex -0.11875 -0.199057 -0.22602
      endloop
   endfacet
   facet normal 1 2.4205e-15 1.64835e-17
      outer loop
         vertex -0.11875 -0.193157 -0.225941
         vertex -0.11875 -0.199278 -0.224992
         vertex -0.11875 -0.199083 -0.225413
      endloop
   endfacet
   facet normal 1 2.4205e-15 1.64835e-17
      outer loop
         vertex -0.11875 -0.203905 -0.229526
         vertex -0.11875 -0.193952 -0.231069
         vertex -0.11875 -0.20103 -0.228614
      endloop
   endfacet
   facet normal 1 2.4205e-15 1.64835e-17
      outer loop
         vertex -0.11875 -0.20103 -0.228614
         vertex -0.11875 -0.202063 -0.228658
         vertex -0.11875 -0.203905 -0.229526
      endloop
   endfacet
   facet normal 1 2.4205e-15 1.64835e-17
      outer loop
         vertex -0.11875 -0.193952 -0.231069
         vertex -0.11875 -0.199393 -0.227417
         vertex -0.11875 -0.200093 -0.228178
      endloop
   endfacet
   facet normal 1 2.4205e-15 1.64835e-17
      outer loop
         vertex -0.11875 -0.200093 -0.228178
         vertex -0.11875 -0.20103 -0.228614
         vertex -0.11875 -0.193952 -0.231069
      endloop
   endfacet
   facet normal 1 2.4205e-15 1.64835e-17
      outer loop
         vertex -0.11875 -0.193952 -0.231069
         vertex -0.11875 -0.193308 -0.226912
         vertex -0.11875 -0.199039 -0.226446
      endloop
   endfacet
   facet normal 1 2.4205e-15 1.64835e-17
      outer loop
         vertex -0.11875 -0.202063 -0.228658
         vertex -0.11875 -0.203035 -0.228304
         vertex -0.11875 -0.203905 -0.229526
      endloop
   endfacet
   facet normal 1 2.4205e-15 1.64835e-17
      outer loop
         vertex -0.11875 -0.193308 -0.226912
         vertex -0.11875 -0.199057 -0.22602
         vertex -0.11875 -0.199039 -0.226446
      endloop
   endfacet
   facet normal 1 2.4205e-15 1.64835e-17
      outer loop
         vertex -0.11875 -0.199039 -0.226446
         vertex -0.11875 -0.199393 -0.227417
         vertex -0.11875 -0.193952 -0.231069
      endloop
   endfacet
   facet normal 1 2.4205e-15 1.64835e-17
      outer loop
         vertex -0.11875 -0.208804 -0.212611
         vertex -0.11875 -0.207362 -0.210832
         vertex -0.11875 -0.208124 -0.210132
      endloop
   endfacet
   facet normal 1 2.4205e-15 1.64835e-17
      outer loop
         vertex -0.11875 -0.208804 -0.212611
         vertex -0.11875 -0.206391 -0.211186
         vertex -0.11875 -0.207362 -0.210832
      endloop
   endfacet
   facet normal 1 2.4205e-15 1.64835e-17
      outer loop
         vertex -0.11875 -0.203228 -0.213476
         vertex -0.11875 -0.205358 -0.211142
         vertex -0.11875 -0.206391 -0.211186
      endloop
   endfacet
   facet normal 1 2.4205e-15 1.64835e-17
      outer loop
         vertex -0.11875 -0.201626 -0.203149
         vertex -0.11875 -0.20341 -0.207941
         vertex -0.11875 -0.203366 -0.208974
      endloop
   endfacet
   facet normal 1 2.4205e-15 1.64835e-17
      outer loop
         vertex -0.11875 -0.206391 -0.211186
         vertex -0.11875 -0.208804 -0.212611
         vertex -0.11875 -0.203228 -0.213476
      endloop
   endfacet
   facet normal 1 2.4205e-15 1.64835e-17
      outer loop
         vertex -0.11875 -0.203228 -0.213476
         vertex -0.11875 -0.203721 -0.209945
         vertex -0.11875 -0.20442 -0.210706
      endloop
   endfacet
   facet normal 1 2.4205e-15 1.64835e-17
      outer loop
         vertex -0.11875 -0.203366 -0.208974
         vertex -0.11875 -0.203228 -0.213476
         vertex -0.11875 -0.201626 -0.203149
      endloop
   endfacet
   facet normal 1 2.4205e-15 1.64835e-17
      outer loop
         vertex -0.11875 -0.201626 -0.203149
         vertex -0.11875 -0.204608 -0.206304
         vertex -0.11875 -0.203846 -0.207003
      endloop
   endfacet
   facet normal 1 2.4205e-15 1.64835e-17
      outer loop
         vertex -0.11875 -0.20442 -0.210706
         vertex -0.11875 -0.205358 -0.211142
         vertex -0.11875 -0.203228 -0.213476
      endloop
   endfacet
   facet normal 1 2.4205e-15 1.64835e-17
      outer loop
         vertex -0.11875 -0.203846 -0.207003
         vertex -0.11875 -0.20341 -0.207941
         vertex -0.11875 -0.201626 -0.203149
      endloop
   endfacet
   facet normal 1 2.4205e-15 1.64835e-17
      outer loop
         vertex -0.11875 -0.201626 -0.203149
         vertex -0.11875 -0.207203 -0.202285
         vertex -0.11875 -0.205579 -0.205949
      endloop
   endfacet
   facet normal 1 2.4205e-15 1.64835e-17
      outer loop
         vertex -0.11875 -0.203366 -0.208974
         vertex -0.11875 -0.203721 -0.209945
         vertex -0.11875 -0.203228 -0.213476
      endloop
   endfacet
   facet normal 1 2.4205e-15 1.64835e-17
      outer loop
         vertex -0.11875 -0.207203 -0.202285
         vertex -0.11875 -0.206612 -0.205993
         vertex -0.11875 -0.205579 -0.205949
      endloop
   endfacet
   facet normal 1 2.4205e-15 1.64835e-17
      outer loop
         vertex -0.11875 -0.205579 -0.205949
         vertex -0.11875 -0.204608 -0.206304
         vertex -0.11875 -0.201626 -0.203149
      endloop
   endfacet
   facet normal 1 2.4205e-15 1.64835e-17
      outer loop
         vertex -0.11875 -0.207203 -0.202285
         vertex -0.11875 -0.207906 -0.206817
         vertex -0.11875 -0.20755 -0.206429
      endloop
   endfacet
   facet normal 1 2.4205e-15 1.64835e-17
      outer loop
         vertex -0.11875 -0.20755 -0.206429
         vertex -0.11875 -0.206612 -0.205993
         vertex -0.11875 -0.207203 -0.202285
      endloop
   endfacet
   facet normal 1 2.4205e-15 1.64835e-17
      outer loop
         vertex -0.11875 -0.199142 -0.19881
         vertex -0.11875 -0.194395 -0.198348
         vertex -0.11875 -0.19468 -0.198086
      endloop
   endfacet
   facet normal 1 2.4205e-15 1.64835e-17
      outer loop
         vertex -0.11875 -0.199142 -0.19881
         vertex -0.11875 -0.18919 -0.200353
         vertex -0.11875 -0.193424 -0.198702
      endloop
   endfacet
   facet normal 1 2.4205e-15 1.64835e-17
      outer loop
         vertex -0.11875 -0.193424 -0.198702
         vertex -0.11875 -0.194395 -0.198348
         vertex -0.11875 -0.199142 -0.19881
      endloop
   endfacet
   facet normal 1 2.4205e-15 1.64835e-17
      outer loop
         vertex -0.11875 -0.18919 -0.200353
         vertex -0.11875 -0.192391 -0.198659
         vertex -0.11875 -0.193424 -0.198702
      endloop
   endfacet
   facet normal 1 2.4205e-15 1.64835e-17
      outer loop
         vertex -0.11875 -0.18919 -0.200353
         vertex -0.11875 -0.188975 -0.198971
         vertex -0.11875 -0.19204 -0.198495
      endloop
   endfacet
   facet normal 1 2.4205e-15 1.64835e-17
      outer loop
         vertex -0.11875 -0.19204 -0.198495
         vertex -0.11875 -0.192391 -0.198659
         vertex -0.11875 -0.18919 -0.200353
      endloop
   endfacet
   facet normal 1 2.4205e-15 1.64835e-17
      outer loop
         vertex -0.11875 -0.177106 -0.206952
         vertex -0.11875 -0.17321 -0.207556
         vertex -0.11875 -0.175096 -0.203647
      endloop
   endfacet
   facet normal 1 2.4205e-15 1.64835e-17
      outer loop
         vertex -0.11875 -0.172494 -0.202942
         vertex -0.11875 -0.173734 -0.20275
         vertex -0.11875 -0.174158 -0.203211
      endloop
   endfacet
   facet normal 1 2.4205e-15 1.64835e-17
      outer loop
         vertex -0.11875 -0.175096 -0.203647
         vertex -0.11875 -0.176129 -0.203691
         vertex -0.11875 -0.177106 -0.206952
      endloop
   endfacet
   facet normal 1 2.4205e-15 1.64835e-17
      outer loop
         vertex -0.11875 -0.174158 -0.203211
         vertex -0.11875 -0.17321 -0.207556
         vertex -0.11875 -0.172494 -0.202942
      endloop
   endfacet
   facet normal 1 2.4205e-15 1.64835e-17
      outer loop
         vertex -0.11875 -0.174158 -0.203211
         vertex -0.11875 -0.175096 -0.203647
         vertex -0.11875 -0.17321 -0.207556
      endloop
   endfacet
   facet normal 1 2.4205e-15 1.64835e-17
      outer loop
         vertex -0.11875 -0.1771 -0.203336
         vertex -0.11875 -0.177861 -0.202637
         vertex -0.11875 -0.180633 -0.20572
      endloop
   endfacet
   facet normal 1 2.4205e-15 1.64835e-17
      outer loop
         vertex -0.11875 -0.177106 -0.206952
         vertex -0.11875 -0.176575 -0.203528
         vertex -0.11875 -0.1771 -0.203336
      endloop
   endfacet
   facet normal 1 2.4205e-15 1.64835e-17
      outer loop
         vertex -0.11875 -0.180633 -0.20572
         vertex -0.11875 -0.177861 -0.202637
         vertex -0.11875 -0.178125 -0.202069
      endloop
   endfacet
   facet normal 1 2.4205e-15 1.64835e-17
      outer loop
         vertex -0.11875 -0.1771 -0.203336
         vertex -0.11875 -0.179858 -0.206525
         vertex -0.11875 -0.177106 -0.206952
      endloop
   endfacet
   facet normal 1 2.4205e-15 1.64835e-17
      outer loop
         vertex -0.11875 -0.180633 -0.20572
         vertex -0.11875 -0.179858 -0.206525
         vertex -0.11875 -0.1771 -0.203336
      endloop
   endfacet
   facet normal 1 2.4205e-15 1.64835e-17
      outer loop
         vertex -0.11875 -0.180022 -0.201775
         vertex -0.11875 -0.178297 -0.201699
         vertex -0.11875 -0.178341 -0.200666
      endloop
   endfacet
   facet normal 1 2.4205e-15 1.64835e-17
      outer loop
         vertex -0.11875 -0.180022 -0.201775
         vertex -0.11875 -0.178125 -0.202069
         vertex -0.11875 -0.178297 -0.201699
      endloop
   endfacet
   facet normal 1 2.4205e-15 1.64835e-17
      outer loop
         vertex -0.11875 -0.178341 -0.200666
         vertex -0.11875 -0.179807 -0.200392
         vertex -0.11875 -0.180022 -0.201775
      endloop
   endfacet
   facet normal 1 2.4205e-15 1.64835e-17
      outer loop
         vertex -0.11875 -0.172494 -0.202942
         vertex -0.11875 -0.17228 -0.201559
         vertex -0.11875 -0.173104 -0.201478
      endloop
   endfacet
   facet normal 1 2.4205e-15 1.64835e-17
      outer loop
         vertex -0.11875 -0.17228 -0.201559
         vertex -0.11875 -0.173106 -0.201431
         vertex -0.11875 -0.173104 -0.201478
      endloop
   endfacet
   facet normal 1 2.4205e-15 1.64835e-17
      outer loop
         vertex -0.11875 -0.173104 -0.201478
         vertex -0.11875 -0.173459 -0.202449
         vertex -0.11875 -0.172494 -0.202942
      endloop
   endfacet
   facet normal 1 2.4205e-15 1.64835e-17
      outer loop
         vertex -0.11875 -0.180508 -0.228896
         vertex -0.11875 -0.178676 -0.228244
         vertex -0.11875 -0.178705 -0.228182
      endloop
   endfacet
   facet normal 1 2.4205e-15 1.64835e-17
      outer loop
         vertex -0.11875 -0.180508 -0.228896
         vertex -0.11875 -0.177814 -0.229036
         vertex -0.11875 -0.178676 -0.228244
      endloop
   endfacet
   facet normal 1 2.4205e-15 1.64835e-17
      outer loop
         vertex -0.11875 -0.180508 -0.228896
         vertex -0.11875 -0.176612 -0.229501
         vertex -0.11875 -0.176714 -0.229437
      endloop
   endfacet
   facet normal 1 2.4205e-15 1.64835e-17
      outer loop
         vertex -0.11875 -0.176714 -0.229437
         vertex -0.11875 -0.177814 -0.229036
         vertex -0.11875 -0.180508 -0.228896
      endloop
   endfacet
   facet normal 1 2.4205e-15 1.64835e-17
      outer loop
         vertex -0.11875 -0.176612 -0.229501
         vertex -0.11875 -0.176602 -0.229433
         vertex -0.11875 -0.176714 -0.229437
      endloop
   endfacet
   facet normal 1 2.4205e-15 1.64835e-17
      outer loop
         vertex -0.11875 -0.175461 -0.222078
         vertex -0.11875 -0.179357 -0.221473
         vertex -0.11875 -0.176965 -0.223558
      endloop
   endfacet
   facet normal 1 2.4205e-15 1.64835e-17
      outer loop
         vertex -0.11875 -0.176965 -0.223558
         vertex -0.11875 -0.175795 -0.223508
         vertex -0.11875 -0.175461 -0.222078
      endloop
   endfacet
   facet normal 1 2.4205e-15 1.64835e-17
      outer loop
         vertex -0.11875 -0.179357 -0.221473
         vertex -0.11875 -0.178818 -0.224914
         vertex -0.11875 -0.178026 -0.224051
      endloop
   endfacet
   facet normal 1 2.4205e-15 1.64835e-17
      outer loop
         vertex -0.11875 -0.179357 -0.221473
         vertex -0.11875 -0.180358 -0.227926
         vertex -0.11875 -0.179219 -0.226013
      endloop
   endfacet
   facet normal 1 2.4205e-15 1.64835e-17
      outer loop
         vertex -0.11875 -0.178026 -0.224051
         vertex -0.11875 -0.176965 -0.223558
         vertex -0.11875 -0.179357 -0.221473
      endloop
   endfacet
   facet normal 1 2.4205e-15 1.64835e-17
      outer loop
         vertex -0.11875 -0.180358 -0.227926
         vertex -0.11875 -0.17917 -0.227183
         vertex -0.11875 -0.179219 -0.226013
      endloop
   endfacet
   facet normal 1 2.4205e-15 1.64835e-17
      outer loop
         vertex -0.11875 -0.179219 -0.226013
         vertex -0.11875 -0.178818 -0.224914
         vertex -0.11875 -0.179357 -0.221473
      endloop
   endfacet
   facet normal 1 2.4205e-15 1.64835e-17
      outer loop
         vertex -0.11875 -0.180358 -0.227926
         vertex -0.11875 -0.178705 -0.228182
         vertex -0.11875 -0.17917 -0.227183
      endloop
   endfacet
   facet normal 1 2.4205e-15 1.64835e-17
      outer loop
         vertex -0.11875 -0.209455 -0.216807
         vertex -0.11875 -0.210455 -0.223259
         vertex -0.11875 -0.209009 -0.218576
      endloop
   endfacet
   facet normal 1 2.4205e-15 1.64835e-17
      outer loop
         vertex -0.11875 -0.210455 -0.223259
         vertex -0.11875 -0.204879 -0.224123
         vertex -0.11875 -0.206554 -0.220831
      endloop
   endfacet
   facet normal 1 2.4205e-15 1.64835e-17
      outer loop
         vertex -0.11875 -0.210455 -0.223259
         vertex -0.11875 -0.208515 -0.219638
         vertex -0.11875 -0.209009 -0.218576
      endloop
   endfacet
   facet normal 1 2.4205e-15 1.64835e-17
      outer loop
         vertex -0.11875 -0.204879 -0.224123
         vertex -0.11875 -0.205384 -0.220781
         vertex -0.11875 -0.206554 -0.220831
      endloop
   endfacet
   facet normal 1 2.4205e-15 1.64835e-17
      outer loop
         vertex -0.11875 -0.209009 -0.218576
         vertex -0.11875 -0.209059 -0.217407
         vertex -0.11875 -0.209455 -0.216807
      endloop
   endfacet
   facet normal 1 2.4205e-15 1.64835e-17
      outer loop
         vertex -0.11875 -0.206554 -0.220831
         vertex -0.11875 -0.207653 -0.22043
         vertex -0.11875 -0.210455 -0.223259
      endloop
   endfacet
   facet normal 1 2.4205e-15 1.64835e-17
      outer loop
         vertex -0.11875 -0.207653 -0.22043
         vertex -0.11875 -0.208515 -0.219638
         vertex -0.11875 -0.210455 -0.223259
      endloop
   endfacet
   facet normal 1 2.4205e-15 1.64835e-17
      outer loop
         vertex -0.11875 -0.204879 -0.224123
         vertex -0.11875 -0.204276 -0.220237
         vertex -0.11875 -0.204323 -0.220288
      endloop
   endfacet
   facet normal 1 2.4205e-15 1.64835e-17
      outer loop
         vertex -0.11875 -0.204323 -0.220288
         vertex -0.11875 -0.205384 -0.220781
         vertex -0.11875 -0.204879 -0.224123
      endloop
   endfacet
   facet normal 1 2.4205e-15 1.64835e-17
      outer loop
         vertex -0.11875 -0.208804 -0.212611
         vertex -0.11875 -0.206804 -0.214952
         vertex -0.11875 -0.205634 -0.214902
      endloop
   endfacet
   facet normal 1 2.4205e-15 1.64835e-17
      outer loop
         vertex -0.11875 -0.205634 -0.214902
         vertex -0.11875 -0.203228 -0.213476
         vertex -0.11875 -0.208804 -0.212611
      endloop
   endfacet
   facet normal 1 2.4205e-15 1.64835e-17
      outer loop
         vertex -0.11875 -0.208804 -0.212611
         vertex -0.11875 -0.208657 -0.216307
         vertex -0.11875 -0.207865 -0.215445
      endloop
   endfacet
   facet normal 1 2.4205e-15 1.64835e-17
      outer loop
         vertex -0.11875 -0.203228 -0.213476
         vertex -0.11875 -0.204535 -0.215304
         vertex -0.11875 -0.203673 -0.216095
      endloop
   endfacet
   facet normal 1 2.4205e-15 1.64835e-17
      outer loop
         vertex -0.11875 -0.207865 -0.215445
         vertex -0.11875 -0.206804 -0.214952
         vertex -0.11875 -0.208804 -0.212611
      endloop
   endfacet
   facet normal 1 2.4205e-15 1.64835e-17
      outer loop
         vertex -0.11875 -0.205634 -0.214902
         vertex -0.11875 -0.204535 -0.215304
         vertex -0.11875 -0.203228 -0.213476
      endloop
   endfacet
   facet normal 1 2.4205e-15 1.64835e-17
      outer loop
         vertex -0.11875 -0.209455 -0.216807
         vertex -0.11875 -0.208872 -0.216897
         vertex -0.11875 -0.208657 -0.216307
      endloop
   endfacet
   facet normal 1 2.4205e-15 1.64835e-17
      outer loop
         vertex -0.11875 -0.208657 -0.216307
         vertex -0.11875 -0.208804 -0.212611
         vertex -0.11875 -0.209455 -0.216807
      endloop
   endfacet
   facet normal 1 2.4205e-15 1.64835e-17
      outer loop
         vertex -0.11875 -0.202109 -0.217946
         vertex -0.11875 -0.201459 -0.21375
         vertex -0.11875 -0.203179 -0.217157
      endloop
   endfacet
   facet normal 1 2.4205e-15 1.64835e-17
      outer loop
         vertex -0.11875 -0.201459 -0.21375
         vertex -0.11875 -0.203228 -0.213476
         vertex -0.11875 -0.203644 -0.216158
      endloop
   endfacet
   facet normal 1 2.4205e-15 1.64835e-17
      outer loop
         vertex -0.11875 -0.203644 -0.216158
         vertex -0.11875 -0.203179 -0.217157
         vertex -0.11875 -0.201459 -0.21375
      endloop
   endfacet
   facet normal 1 2.4205e-15 1.64835e-17
      outer loop
         vertex -0.11875 -0.202109 -0.217946
         vertex -0.11875 -0.20313 -0.218326
         vertex -0.11875 -0.203531 -0.219426
      endloop
   endfacet
   facet normal 1 2.4205e-15 1.64835e-17
      outer loop
         vertex -0.11875 -0.203018 -0.223806
         vertex -0.11875 -0.203531 -0.219426
         vertex -0.11875 -0.204276 -0.220237
      endloop
   endfacet
   facet normal 1 2.4205e-15 1.64835e-17
      outer loop
         vertex -0.11875 -0.202109 -0.217946
         vertex -0.11875 -0.203153 -0.217784
         vertex -0.11875 -0.20313 -0.218326
      endloop
   endfacet
   facet normal 1 2.4205e-15 1.64835e-17
      outer loop
         vertex -0.11875 -0.203531 -0.219426
         vertex -0.11875 -0.203018 -0.223806
         vertex -0.11875 -0.202109 -0.217946
      endloop
   endfacet
   facet normal 1 2.4205e-15 1.64835e-17
      outer loop
         vertex -0.11875 -0.204276 -0.220237
         vertex -0.11875 -0.204879 -0.224123
         vertex -0.11875 -0.203608 -0.224321
      endloop
   endfacet
   facet normal 1 2.4205e-15 1.64835e-17
      outer loop
         vertex -0.11875 -0.203608 -0.224321
         vertex -0.11875 -0.203222 -0.223901
         vertex -0.11875 -0.204276 -0.220237
      endloop
   endfacet
   facet normal 1 2.4205e-15 1.64835e-17
      outer loop
         vertex -0.11875 -0.17321 -0.207556
         vertex -0.11875 -0.1644 -0.207641
         vertex -0.11875 -0.166125 -0.203929
      endloop
   endfacet
   facet normal 1 2.4205e-15 1.64835e-17
      outer loop
         vertex -0.11875 -0.17321 -0.207556
         vertex -0.11875 -0.164345 -0.20893
         vertex -0.11875 -0.1644 -0.207641
      endloop
   endfacet
   facet normal 1 2.4205e-15 1.64835e-17
      outer loop
         vertex -0.11875 -0.172494 -0.202942
         vertex -0.11875 -0.166125 -0.203929
         vertex -0.11875 -0.166835 -0.202404
      endloop
   endfacet
   facet normal 1 2.4205e-15 1.64835e-17
      outer loop
         vertex -0.11875 -0.17228 -0.201559
         vertex -0.11875 -0.166835 -0.202404
         vertex -0.11875 -0.168512 -0.198796
      endloop
   endfacet
   facet normal 1 2.4205e-15 1.64835e-17
      outer loop
         vertex -0.11875 -0.171435 -0.196111
         vertex -0.11875 -0.174345 -0.198808
         vertex -0.11875 -0.173584 -0.199507
      endloop
   endfacet
   facet normal 1 2.4205e-15 1.64835e-17
      outer loop
         vertex -0.11875 -0.174927 -0.192904
         vertex -0.11875 -0.175317 -0.198453
         vertex -0.11875 -0.174345 -0.198808
      endloop
   endfacet
   facet normal 1 2.4205e-15 1.64835e-17
      outer loop
         vertex -0.11875 -0.17228 -0.201559
         vertex -0.11875 -0.171435 -0.196111
         vertex -0.11875 -0.173148 -0.200445
      endloop
   endfacet
   facet normal 1 2.4205e-15 1.64835e-17
      outer loop
         vertex -0.11875 -0.174345 -0.198808
         vertex -0.11875 -0.171435 -0.196111
         vertex -0.11875 -0.174927 -0.192904
      endloop
   endfacet
   facet normal 1 2.4205e-15 1.64835e-17
      outer loop
         vertex -0.11875 -0.173584 -0.199507
         vertex -0.11875 -0.173148 -0.200445
         vertex -0.11875 -0.171435 -0.196111
      endloop
   endfacet
   facet normal 1 2.4205e-15 1.64835e-17
      outer loop
         vertex -0.11875 -0.174927 -0.192904
         vertex -0.11875 -0.175791 -0.198473
         vertex -0.11875 -0.175317 -0.198453
      endloop
   endfacet
   facet normal 1 2.4205e-15 1.64835e-17
      outer loop
         vertex -0.11875 -0.17635 -0.198497
         vertex -0.11875 -0.175791 -0.198473
         vertex -0.11875 -0.174927 -0.192904
      endloop
   endfacet
   facet normal 1 2.4205e-15 1.64835e-17
      outer loop
         vertex -0.11875 -0.174927 -0.192904
         vertex -0.11875 -0.175697 -0.192197
         vertex -0.11875 -0.17635 -0.198497
      endloop
   endfacet
   facet normal 1 2.4205e-15 1.64835e-17
      outer loop
         vertex -0.11875 -0.178384 -0.191216
         vertex -0.11875 -0.177287 -0.198933
         vertex -0.11875 -0.17635 -0.198497
      endloop
   endfacet
   facet normal 1 2.4205e-15 1.64835e-17
      outer loop
         vertex -0.11875 -0.178384 -0.191216
         vertex -0.11875 -0.179807 -0.200392
         vertex -0.11875 -0.177987 -0.199695
      endloop
   endfacet
   facet normal 1 2.4205e-15 1.64835e-17
      outer loop
         vertex -0.11875 -0.177987 -0.199695
         vertex -0.11875 -0.177287 -0.198933
         vertex -0.11875 -0.178384 -0.191216
      endloop
   endfacet
   facet normal 1 2.4205e-15 1.64835e-17
      outer loop
         vertex -0.11875 -0.179807 -0.200392
         vertex -0.11875 -0.178325 -0.200622
         vertex -0.11875 -0.177987 -0.199695
      endloop
   endfacet
   facet normal 1 2.4205e-15 1.64835e-17
      outer loop
         vertex -0.11875 -0.178384 -0.191216
         vertex -0.11875 -0.180806 -0.195618
         vertex -0.11875 -0.180757 -0.196788
      endloop
   endfacet
   facet normal 1 2.4205e-15 1.64835e-17
      outer loop
         vertex -0.11875 -0.178384 -0.191216
         vertex -0.11875 -0.1813 -0.194557
         vertex -0.11875 -0.180806 -0.195618
      endloop
   endfacet
   facet normal 1 2.4205e-15 1.64835e-17
      outer loop
         vertex -0.11875 -0.179807 -0.200392
         vertex -0.11875 -0.181158 -0.197887
         vertex -0.11875 -0.18195 -0.198749
      endloop
   endfacet
   facet normal 1 2.4205e-15 1.64835e-17
      outer loop
         vertex -0.11875 -0.180757 -0.196788
         vertex -0.11875 -0.179807 -0.200392
         vertex -0.11875 -0.178384 -0.191216
      endloop
   endfacet
   facet normal 1 2.4205e-15 1.64835e-17
      outer loop
         vertex -0.11875 -0.183148 -0.189476
         vertex -0.11875 -0.183262 -0.193363
         vertex -0.11875 -0.182162 -0.193765
      endloop
   endfacet
   facet normal 1 2.4205e-15 1.64835e-17
      outer loop
         vertex -0.11875 -0.180757 -0.196788
         vertex -0.11875 -0.181158 -0.197887
         vertex -0.11875 -0.179807 -0.200392
      endloop
   endfacet
   facet normal 1 2.4205e-15 1.64835e-17
      outer loop
         vertex -0.11875 -0.182162 -0.193765
         vertex -0.11875 -0.178384 -0.191216
         vertex -0.11875 -0.183148 -0.189476
      endloop
   endfacet
   facet normal 1 2.4205e-15 1.64835e-17
      outer loop
         vertex -0.11875 -0.184722 -0.19963
         vertex -0.11875 -0.179807 -0.200392
         vertex -0.11875 -0.183011 -0.199243
      endloop
   endfacet
   facet normal 1 2.4205e-15 1.64835e-17
      outer loop
         vertex -0.11875 -0.182162 -0.193765
         vertex -0.11875 -0.1813 -0.194557
         vertex -0.11875 -0.178384 -0.191216
      endloop
   endfacet
   facet normal 1 2.4205e-15 1.64835e-17
      outer loop
         vertex -0.11875 -0.183011 -0.199243
         vertex -0.11875 -0.184181 -0.199293
         vertex -0.11875 -0.184722 -0.19963
      endloop
   endfacet
   facet normal 1 2.4205e-15 1.64835e-17
      outer loop
         vertex -0.11875 -0.183148 -0.189476
         vertex -0.11875 -0.183754 -0.193384
         vertex -0.11875 -0.183262 -0.193363
      endloop
   endfacet
   facet normal 1 2.4205e-15 1.64835e-17
      outer loop
         vertex -0.11875 -0.18195 -0.198749
         vertex -0.11875 -0.183011 -0.199243
         vertex -0.11875 -0.179807 -0.200392
      endloop
   endfacet
   facet normal 1 2.4205e-15 1.64835e-17
      outer loop
         vertex -0.11875 -0.187423 -0.18896
         vertex -0.11875 -0.188975 -0.198971
         vertex -0.11875 -0.186686 -0.195868
      endloop
   endfacet
   facet normal 1 2.4205e-15 1.64835e-17
      outer loop
         vertex -0.11875 -0.187423 -0.18896
         vertex -0.11875 -0.185492 -0.193907
         vertex -0.11875 -0.184431 -0.193413
      endloop
   endfacet
   facet normal 1 2.4205e-15 1.64835e-17
      outer loop
         vertex -0.11875 -0.188975 -0.198971
         vertex -0.11875 -0.186636 -0.197038
         vertex -0.11875 -0.186686 -0.195868
      endloop
   endfacet
   facet normal 1 2.4205e-15 1.64835e-17
      outer loop
         vertex -0.11875 -0.188975 -0.198971
         vertex -0.11875 -0.18528 -0.198891
         vertex -0.11875 -0.186143 -0.198099
      endloop
   endfacet
   facet normal 1 2.4205e-15 1.64835e-17
      outer loop
         vertex -0.11875 -0.184431 -0.193413
         vertex -0.11875 -0.183754 -0.193384
         vertex -0.11875 -0.183148 -0.189476
      endloop
   endfacet
   facet normal 1 2.4205e-15 1.64835e-17
      outer loop
         vertex -0.11875 -0.187423 -0.18896
         vertex -0.11875 -0.186284 -0.194769
         vertex -0.11875 -0.185492 -0.193907
      endloop
   endfacet
   facet normal 1 2.4205e-15 1.64835e-17
      outer loop
         vertex -0.11875 -0.186143 -0.198099
         vertex -0.11875 -0.186636 -0.197038
         vertex -0.11875 -0.188975 -0.198971
      endloop
   endfacet
   facet normal 1 2.4205e-15 1.64835e-17
      outer loop
         vertex -0.11875 -0.184722 -0.19963
         vertex -0.11875 -0.184644 -0.199124
         vertex -0.11875 -0.18528 -0.198891
      endloop
   endfacet
   facet normal 1 2.4205e-15 1.64835e-17
      outer loop
         vertex -0.11875 -0.184431 -0.193413
         vertex -0.11875 -0.184859 -0.188851
         vertex -0.11875 -0.187423 -0.18896
      endloop
   endfacet
   facet normal 1 2.4205e-15 1.64835e-17
      outer loop
         vertex -0.11875 -0.18528 -0.198891
         vertex -0.11875 -0.188975 -0.198971
         vertex -0.11875 -0.184722 -0.19963
      endloop
   endfacet
   facet normal 1 2.4205e-15 1.64835e-17
      outer loop
         vertex -0.11875 -0.186686 -0.195868
         vertex -0.11875 -0.186284 -0.194769
         vertex -0.11875 -0.187423 -0.18896
      endloop
   endfacet
   facet normal 1 2.4205e-15 1.64835e-17
      outer loop
         vertex -0.11875 -0.187423 -0.18896
         vertex -0.11875 -0.194605 -0.189266
         vertex -0.11875 -0.192612 -0.193465
      endloop
   endfacet
   facet normal 1 2.4205e-15 1.64835e-17
      outer loop
         vertex -0.11875 -0.1979 -0.190797
         vertex -0.11875 -0.198928 -0.197427
         vertex -0.11875 -0.195636 -0.195678
      endloop
   endfacet
   facet normal 1 2.4205e-15 1.64835e-17
      outer loop
         vertex -0.11875 -0.187423 -0.18896
         vertex -0.11875 -0.19164 -0.19382
         vertex -0.11875 -0.190879 -0.194519
      endloop
   endfacet
   facet normal 1 2.4205e-15 1.64835e-17
      outer loop
         vertex -0.11875 -0.194605 -0.189266
         vertex -0.11875 -0.193645 -0.193509
         vertex -0.11875 -0.192612 -0.193465
      endloop
   endfacet
   facet normal 1 2.4205e-15 1.64835e-17
      outer loop
         vertex -0.11875 -0.194605 -0.189266
         vertex -0.11875 -0.1979 -0.190797
         vertex -0.11875 -0.194582 -0.193945
      endloop
   endfacet
   facet normal 1 2.4205e-15 1.64835e-17
      outer loop
         vertex -0.11875 -0.195636 -0.195678
         vertex -0.11875 -0.195282 -0.194706
         vertex -0.11875 -0.1979 -0.190797
      endloop
   endfacet
   facet normal 1 2.4205e-15 1.64835e-17
      outer loop
         vertex -0.11875 -0.188975 -0.198971
         vertex -0.11875 -0.187423 -0.18896
         vertex -0.11875 -0.190443 -0.195457
      endloop
   endfacet
   facet normal 1 2.4205e-15 1.64835e-17
      outer loop
         vertex -0.11875 -0.192612 -0.193465
         vertex -0.11875 -0.19164 -0.19382
         vertex -0.11875 -0.187423 -0.18896
      endloop
   endfacet
   facet normal 1 2.4205e-15 1.64835e-17
      outer loop
         vertex -0.11875 -0.195282 -0.194706
         vertex -0.11875 -0.194582 -0.193945
         vertex -0.11875 -0.1979 -0.190797
      endloop
   endfacet
   facet normal 1 2.4205e-15 1.64835e-17
      outer loop
         vertex -0.11875 -0.190443 -0.195457
         vertex -0.11875 -0.190399 -0.19649
         vertex -0.11875 -0.188975 -0.198971
      endloop
   endfacet
   facet normal 1 2.4205e-15 1.64835e-17
      outer loop
         vertex -0.11875 -0.194582 -0.193945
         vertex -0.11875 -0.193645 -0.193509
         vertex -0.11875 -0.194605 -0.189266
      endloop
   endfacet
   facet normal 1 2.4205e-15 1.64835e-17
      outer loop
         vertex -0.11875 -0.188975 -0.198971
         vertex -0.11875 -0.190754 -0.197461
         vertex -0.11875 -0.191453 -0.198223
      endloop
   endfacet
   facet normal 1 2.4205e-15 1.64835e-17
      outer loop
         vertex -0.11875 -0.190879 -0.194519
         vertex -0.11875 -0.190443 -0.195457
         vertex -0.11875 -0.187423 -0.18896
      endloop
   endfacet
   facet normal 1 2.4205e-15 1.64835e-17
      outer loop
         vertex -0.11875 -0.198928 -0.197427
         vertex -0.11875 -0.19468 -0.198086
         vertex -0.11875 -0.195156 -0.197648
      endloop
   endfacet
   facet normal 1 2.4205e-15 1.64835e-17
      outer loop
         vertex -0.11875 -0.190399 -0.19649
         vertex -0.11875 -0.190754 -0.197461
         vertex -0.11875 -0.188975 -0.198971
      endloop
   endfacet
   facet normal 1 2.4205e-15 1.64835e-17
      outer loop
         vertex -0.11875 -0.195156 -0.197648
         vertex -0.11875 -0.195592 -0.196711
         vertex -0.11875 -0.198928 -0.197427
      endloop
   endfacet
   facet normal 1 2.4205e-15 1.64835e-17
      outer loop
         vertex -0.11875 -0.195592 -0.196711
         vertex -0.11875 -0.195636 -0.195678
         vertex -0.11875 -0.198928 -0.197427
      endloop
   endfacet
   facet normal 1 2.4205e-15 1.64835e-17
      outer loop
         vertex -0.11875 -0.198928 -0.197427
         vertex -0.11875 -0.1979 -0.190797
         vertex -0.11875 -0.199852 -0.191705
      endloop
   endfacet
   facet normal 1 2.4205e-15 1.64835e-17
      outer loop
         vertex -0.11875 -0.200697 -0.197153
         vertex -0.11875 -0.199852 -0.191705
         vertex -0.11875 -0.20345 -0.193378
      endloop
   endfacet
   facet normal 1 2.4205e-15 1.64835e-17
      outer loop
         vertex -0.11875 -0.200911 -0.198536
         vertex -0.11875 -0.200697 -0.197153
         vertex -0.11875 -0.206142 -0.196309
      endloop
   endfacet
   facet normal 1 2.4205e-15 1.64835e-17
      outer loop
         vertex -0.11875 -0.206142 -0.196309
         vertex -0.11875 -0.206304 -0.196485
         vertex -0.11875 -0.200911 -0.198536
      endloop
   endfacet
   facet normal 1 2.4205e-15 1.64835e-17
      outer loop
         vertex -0.11875 -0.207203 -0.202285
         vertex -0.11875 -0.206488 -0.197671
         vertex -0.11875 -0.20728 -0.197548
      endloop
   endfacet
   facet normal 1 2.4205e-15 1.64835e-17
      outer loop
         vertex -0.11875 -0.20728 -0.197548
         vertex -0.11875 -0.210048 -0.200563
         vertex -0.11875 -0.207203 -0.202285
      endloop
   endfacet
   facet normal 1 2.4205e-15 1.64835e-17
      outer loop
         vertex -0.11875 -0.210491 -0.201775
         vertex -0.11875 -0.208249 -0.20719
         vertex -0.11875 -0.207906 -0.206817
      endloop
   endfacet
   facet normal 1 2.4205e-15 1.64835e-17
      outer loop
         vertex -0.11875 -0.213395 -0.209725
         vertex -0.11875 -0.208604 -0.208162
         vertex -0.11875 -0.208249 -0.20719
      endloop
   endfacet
   facet normal 1 2.4205e-15 1.64835e-17
      outer loop
         vertex -0.11875 -0.208249 -0.20719
         vertex -0.11875 -0.210491 -0.201775
         vertex -0.11875 -0.213395 -0.209725
      endloop
   endfacet
   facet normal 1 2.4205e-15 1.64835e-17
      outer loop
         vertex -0.11875 -0.208346 -0.209655
         vertex -0.11875 -0.213395 -0.209725
         vertex -0.11875 -0.213302 -0.211914
      endloop
   endfacet
   facet normal 1 2.4205e-15 1.64835e-17
      outer loop
         vertex -0.11875 -0.213395 -0.209725
         vertex -0.11875 -0.20856 -0.209195
         vertex -0.11875 -0.208604 -0.208162
      endloop
   endfacet
   facet normal 1 2.4205e-15 1.64835e-17
      outer loop
         vertex -0.11875 -0.213302 -0.211914
         vertex -0.11875 -0.208804 -0.212611
         vertex -0.11875 -0.208346 -0.209655
      endloop
   endfacet
   facet normal 1 2.4205e-15 1.64835e-17
      outer loop
         vertex -0.11875 -0.208346 -0.209655
         vertex -0.11875 -0.20856 -0.209195
         vertex -0.11875 -0.213395 -0.209725
      endloop
   endfacet
   facet normal 1 2.4205e-15 1.64835e-17
      outer loop
         vertex -0.11875 -0.213302 -0.211914
         vertex -0.11875 -0.21298 -0.219471
         vertex -0.11875 -0.209455 -0.216807
      endloop
   endfacet
   facet normal 1 2.4205e-15 1.64835e-17
      outer loop
         vertex -0.11875 -0.209455 -0.216807
         vertex -0.11875 -0.21298 -0.219471
         vertex -0.11875 -0.211278 -0.223131
      endloop
   endfacet
   facet normal 1 2.4205e-15 1.64835e-17
      outer loop
         vertex -0.11875 -0.210455 -0.223259
         vertex -0.11875 -0.211278 -0.223131
         vertex -0.11875 -0.21078 -0.224202
      endloop
   endfacet
   facet normal 1 2.4205e-15 1.64835e-17
      outer loop
         vertex -0.11875 -0.205029 -0.225094
         vertex -0.11875 -0.208868 -0.228316
         vertex -0.11875 -0.208291 -0.228846
      endloop
   endfacet
   facet normal 1 2.4205e-15 1.64835e-17
      outer loop
         vertex -0.11875 -0.205029 -0.225094
         vertex -0.11875 -0.210606 -0.224229
         vertex -0.11875 -0.210646 -0.22449
      endloop
   endfacet
   facet normal 1 2.4205e-15 1.64835e-17
      outer loop
         vertex -0.11875 -0.210646 -0.22449
         vertex -0.11875 -0.208868 -0.228316
         vertex -0.11875 -0.205029 -0.225094
      endloop
   endfacet
   facet normal 1 2.4205e-15 1.64835e-17
      outer loop
         vertex -0.11875 -0.203905 -0.229526
         vertex -0.11875 -0.205674 -0.229252
         vertex -0.11875 -0.205945 -0.231
      endloop
   endfacet
   facet normal 1 2.4205e-15 1.64835e-17
      outer loop
         vertex -0.11875 -0.193952 -0.231069
         vertex -0.11875 -0.203905 -0.229526
         vertex -0.11875 -0.204359 -0.232456
      endloop
   endfacet
   facet normal 1 2.4205e-15 1.64835e-17
      outer loop
         vertex -0.11875 -0.204359 -0.232456
         vertex -0.11875 -0.201683 -0.234914
         vertex -0.11875 -0.193952 -0.231069
      endloop
   endfacet
   facet normal 1 2.4205e-15 1.64835e-17
      outer loop
         vertex -0.11875 -0.193952 -0.231069
         vertex -0.11875 -0.192521 -0.238261
         vertex -0.11875 -0.1907 -0.238183
      endloop
   endfacet
   facet normal 1 2.4205e-15 1.64835e-17
      outer loop
         vertex -0.11875 -0.185634 -0.237968
         vertex -0.11875 -0.184953 -0.233579
         vertex -0.11875 -0.18574 -0.233292
      endloop
   endfacet
   facet normal 1 2.4205e-15 1.64835e-17
      outer loop
         vertex -0.11875 -0.1907 -0.238183
         vertex -0.11875 -0.186501 -0.232592
         vertex -0.11875 -0.186686 -0.232196
      endloop
   endfacet
   facet normal 1 2.4205e-15 1.64835e-17
      outer loop
         vertex -0.11875 -0.18574 -0.233292
         vertex -0.11875 -0.1907 -0.238183
         vertex -0.11875 -0.185634 -0.237968
      endloop
   endfacet
   facet normal 1 2.4205e-15 1.64835e-17
      outer loop
         vertex -0.11875 -0.18574 -0.233292
         vertex -0.11875 -0.186501 -0.232592
         vertex -0.11875 -0.1907 -0.238183
      endloop
   endfacet
   facet normal 1 2.4205e-15 1.64835e-17
      outer loop
         vertex -0.11875 -0.181828 -0.237406
         vertex -0.11875 -0.182798 -0.233167
         vertex -0.11875 -0.183735 -0.233603
      endloop
   endfacet
   facet normal 1 2.4205e-15 1.64835e-17
      outer loop
         vertex -0.11875 -0.181153 -0.233054
         vertex -0.11875 -0.182502 -0.232845
         vertex -0.11875 -0.182798 -0.233167
      endloop
   endfacet
   facet normal 1 2.4205e-15 1.64835e-17
      outer loop
         vertex -0.11875 -0.182775 -0.237846
         vertex -0.11875 -0.183735 -0.233603
         vertex -0.11875 -0.184768 -0.233647
      endloop
   endfacet
   facet normal 1 2.4205e-15 1.64835e-17
      outer loop
         vertex -0.11875 -0.182798 -0.233167
         vertex -0.11875 -0.181828 -0.237406
         vertex -0.11875 -0.181153 -0.233054
      endloop
   endfacet
   facet normal 1 2.4205e-15 1.64835e-17
      outer loop
         vertex -0.11875 -0.183735 -0.233603
         vertex -0.11875 -0.182775 -0.237846
         vertex -0.11875 -0.181828 -0.237406
      endloop
   endfacet
   facet normal 1 2.4205e-15 1.64835e-17
      outer loop
         vertex -0.11875 -0.184768 -0.233647
         vertex -0.11875 -0.185634 -0.237968
         vertex -0.11875 -0.182775 -0.237846
      endloop
   endfacet
   facet normal 1 2.4205e-15 1.64835e-17
      outer loop
         vertex -0.11875 -0.181153 -0.233054
         vertex -0.11875 -0.181828 -0.237406
         vertex -0.11875 -0.177528 -0.235406
      endloop
   endfacet
   facet normal 1 2.4205e-15 1.64835e-17
      outer loop
         vertex -0.11875 -0.176612 -0.229501
         vertex -0.11875 -0.177257 -0.233658
         vertex -0.11875 -0.17464 -0.234064
      endloop
   endfacet
   facet normal 1 2.4205e-15 1.64835e-17
      outer loop
         vertex -0.11875 -0.17464 -0.234064
         vertex -0.11875 -0.17393 -0.233733
         vertex -0.11875 -0.176612 -0.229501
      endloop
   endfacet
   facet normal 1 2.4205e-15 1.64835e-17
      outer loop
         vertex -0.11875 -0.170861 -0.230392
         vertex -0.11875 -0.170062 -0.229522
         vertex -0.11875 -0.174437 -0.228844
      endloop
   endfacet
   facet normal 1 2.4205e-15 1.64835e-17
      outer loop
         vertex -0.11875 -0.176612 -0.229501
         vertex -0.11875 -0.170861 -0.230392
         vertex -0.11875 -0.175545 -0.229388
      endloop
   endfacet
   facet normal 1 2.4205e-15 1.64835e-17
      outer loop
         vertex -0.11875 -0.174437 -0.228844
         vertex -0.11875 -0.174483 -0.228894
         vertex -0.11875 -0.170861 -0.230392
      endloop
   endfacet
   facet normal 1 2.4205e-15 1.64835e-17
      outer loop
         vertex -0.11875 -0.174483 -0.228894
         vertex -0.11875 -0.175545 -0.229388
         vertex -0.11875 -0.170861 -0.230392
      endloop
   endfacet
   facet normal 1 2.4205e-15 1.64835e-17
      outer loop
         vertex -0.11875 -0.170062 -0.229522
         vertex -0.11875 -0.167332 -0.226549
         vertex -0.11875 -0.17329 -0.226932
      endloop
   endfacet
   facet normal 1 2.4205e-15 1.64835e-17
      outer loop
         vertex -0.11875 -0.166222 -0.22351
         vertex -0.11875 -0.175461 -0.222078
         vertex -0.11875 -0.174696 -0.22391
      endloop
   endfacet
   facet normal 1 2.4205e-15 1.64835e-17
      outer loop
         vertex -0.11875 -0.17329 -0.226932
         vertex -0.11875 -0.173692 -0.228032
         vertex -0.11875 -0.170062 -0.229522
      endloop
   endfacet
   facet normal 1 2.4205e-15 1.64835e-17
      outer loop
         vertex -0.11875 -0.17334 -0.225763
         vertex -0.11875 -0.17329 -0.226932
         vertex -0.11875 -0.167332 -0.226549
      endloop
   endfacet
   facet normal 1 2.4205e-15 1.64835e-17
      outer loop
         vertex -0.11875 -0.174696 -0.22391
         vertex -0.11875 -0.173833 -0.224702
         vertex -0.11875 -0.166222 -0.22351
      endloop
   endfacet
   facet normal 1 2.4205e-15 1.64835e-17
      outer loop
         vertex -0.11875 -0.167332 -0.226549
         vertex -0.11875 -0.166222 -0.22351
         vertex -0.11875 -0.17334 -0.225763
      endloop
   endfacet
   facet normal 1 2.4205e-15 1.64835e-17
      outer loop
         vertex -0.11875 -0.175461 -0.222078
         vertex -0.11875 -0.175689 -0.223547
         vertex -0.11875 -0.174696 -0.22391
      endloop
   endfacet
   facet normal 1 2.4205e-15 1.64835e-17
      outer loop
         vertex -0.11875 -0.173833 -0.224702
         vertex -0.11875 -0.17334 -0.225763
         vertex -0.11875 -0.166222 -0.22351
      endloop
   endfacet
   facet normal 1 2.4205e-15 1.64835e-17
      outer loop
         vertex -0.11875 -0.166222 -0.22351
         vertex -0.11875 -0.170768 -0.221119
         vertex -0.11875 -0.171801 -0.221163
      endloop
   endfacet
   facet normal 1 2.4205e-15 1.64835e-17
      outer loop
         vertex -0.11875 -0.166222 -0.22351
         vertex -0.11875 -0.16983 -0.220683
         vertex -0.11875 -0.170768 -0.221119
      endloop
   endfacet
   facet normal 1 2.4205e-15 1.64835e-17
      outer loop
         vertex -0.11875 -0.174811 -0.217882
         vertex -0.11875 -0.175461 -0.222078
         vertex -0.11875 -0.17397 -0.219171
      endloop
   endfacet
   facet normal 1 2.4205e-15 1.64835e-17
      outer loop
         vertex -0.11875 -0.171801 -0.221163
         vertex -0.11875 -0.175461 -0.222078
         vertex -0.11875 -0.166222 -0.22351
      endloop
   endfacet
   facet normal 1 2.4205e-15 1.64835e-17
      outer loop
         vertex -0.11875 -0.175461 -0.222078
         vertex -0.11875 -0.173534 -0.220109
         vertex -0.11875 -0.17397 -0.219171
      endloop
   endfacet
   facet normal 1 2.4205e-15 1.64835e-17
      outer loop
         vertex -0.11875 -0.171801 -0.221163
         vertex -0.11875 -0.172772 -0.220808
         vertex -0.11875 -0.175461 -0.222078
      endloop
   endfacet
   facet normal 1 2.4205e-15 1.64835e-17
      outer loop
         vertex -0.11875 -0.164737 -0.219444
         vertex -0.11875 -0.168776 -0.21895
         vertex -0.11875 -0.169131 -0.219921
      endloop
   endfacet
   facet normal 1 2.4205e-15 1.64835e-17
      outer loop
         vertex -0.11875 -0.172772 -0.220808
         vertex -0.11875 -0.173534 -0.220109
         vertex -0.11875 -0.175461 -0.222078
      endloop
   endfacet
   facet normal 1 2.4205e-15 1.64835e-17
      outer loop
         vertex -0.11875 -0.169131 -0.219921
         vertex -0.11875 -0.166222 -0.22351
         vertex -0.11875 -0.164737 -0.219444
      endloop
   endfacet
   facet normal 1 2.4205e-15 1.64835e-17
      outer loop
         vertex -0.11875 -0.169131 -0.219921
         vertex -0.11875 -0.16983 -0.220683
         vertex -0.11875 -0.166222 -0.22351
      endloop
   endfacet
   facet normal 1 2.4205e-15 1.64835e-17
      outer loop
         vertex -0.11875 -0.164737 -0.219444
         vertex -0.11875 -0.168782 -0.218817
         vertex -0.11875 -0.168776 -0.21895
      endloop
   endfacet
   facet normal 1 2.4205e-15 1.64835e-17
      outer loop
         vertex -0.11875 -0.17397 -0.219171
         vertex -0.11875 -0.174014 -0.218138
         vertex -0.11875 -0.174811 -0.217882
      endloop
   endfacet
   facet normal 1 2.4205e-15 1.64835e-17
      outer loop
         vertex -0.11875 -0.163985 -0.217386
         vertex -0.11875 -0.164345 -0.20893
         vertex -0.11875 -0.169256 -0.216979
      endloop
   endfacet
   facet normal 1 2.4205e-15 1.64835e-17
      outer loop
         vertex -0.11875 -0.164345 -0.20893
         vertex -0.11875 -0.170018 -0.21628
         vertex -0.11875 -0.169256 -0.216979
      endloop
   endfacet
   facet normal 1 2.4205e-15 1.64835e-17
      outer loop
         vertex -0.11875 -0.164345 -0.20893
         vertex -0.11875 -0.17321 -0.207556
         vertex -0.11875 -0.170989 -0.215925
      endloop
   endfacet
   facet normal 1 2.4205e-15 1.64835e-17
      outer loop
         vertex -0.11875 -0.17321 -0.207556
         vertex -0.11875 -0.17296 -0.216405
         vertex -0.11875 -0.172022 -0.215969
      endloop
   endfacet
   facet normal 1 2.4205e-15 1.64835e-17
      outer loop
         vertex -0.11875 -0.16882 -0.217917
         vertex -0.11875 -0.168782 -0.218817
         vertex -0.11875 -0.164737 -0.219444
      endloop
   endfacet
   facet normal 1 2.4205e-15 1.64835e-17
      outer loop
         vertex -0.11875 -0.170989 -0.215925
         vertex -0.11875 -0.170018 -0.21628
         vertex -0.11875 -0.164345 -0.20893
      endloop
   endfacet
   facet normal 1 2.4205e-15 1.64835e-17
      outer loop
         vertex -0.11875 -0.17321 -0.207556
         vertex -0.11875 -0.173659 -0.217167
         vertex -0.11875 -0.17296 -0.216405
      endloop
   endfacet
   facet normal 1 2.4205e-15 1.64835e-17
      outer loop
         vertex -0.11875 -0.174811 -0.217882
         vertex -0.11875 -0.173968 -0.218013
         vertex -0.11875 -0.173659 -0.217167
      endloop
   endfacet
   facet normal 1 2.4205e-15 1.64835e-17
      outer loop
         vertex -0.11875 -0.169256 -0.216979
         vertex -0.11875 -0.16882 -0.217917
         vertex -0.11875 -0.163985 -0.217386
      endloop
   endfacet
   facet normal 1 2.4205e-15 1.64835e-17
      outer loop
         vertex -0.11875 -0.173659 -0.217167
         vertex -0.11875 -0.17321 -0.207556
         vertex -0.11875 -0.174811 -0.217882
      endloop
   endfacet
   facet normal 1 2.4205e-15 1.64835e-17
      outer loop
         vertex -0.11875 -0.172022 -0.215969
         vertex -0.11875 -0.170989 -0.215925
         vertex -0.11875 -0.17321 -0.207556
      endloop
   endfacet
   facet normal 1 2.4205e-15 1.64835e-17
      outer loop
         vertex -0.11875 -0.164737 -0.219444
         vertex -0.11875 -0.163985 -0.217386
         vertex -0.11875 -0.16882 -0.217917
      endloop
   endfacet
   facet normal 1 2.4205e-15 1.64835e-17
      outer loop
         vertex -0.11875 -0.174014 -0.218138
         vertex -0.11875 -0.173968 -0.218013
         vertex -0.11875 -0.174811 -0.217882
      endloop
   endfacet
   facet normal 1 2.4205e-15 1.64835e-17
      outer loop
         vertex -0.11875 -0.173692 -0.228032
         vertex -0.11875 -0.174437 -0.228844
         vertex -0.11875 -0.170062 -0.229522
      endloop
   endfacet
   facet normal 1 2.4205e-15 1.64835e-17
      outer loop
         vertex -0.11875 -0.175545 -0.229388
         vertex -0.11875 -0.176602 -0.229433
         vertex -0.11875 -0.176612 -0.229501
      endloop
   endfacet
   facet normal 1 2.4205e-15 1.64835e-17
      outer loop
         vertex -0.11875 -0.17393 -0.233733
         vertex -0.11875 -0.170861 -0.230392
         vertex -0.11875 -0.176612 -0.229501
      endloop
   endfacet
   facet normal 1 2.4205e-15 1.64835e-17
      outer loop
         vertex -0.11875 -0.17464 -0.234064
         vertex -0.11875 -0.177257 -0.233658
         vertex -0.11875 -0.177528 -0.235406
      endloop
   endfacet
   facet normal 1 2.4205e-15 1.64835e-17
      outer loop
         vertex -0.11875 -0.177528 -0.235406
         vertex -0.11875 -0.177257 -0.233658
         vertex -0.11875 -0.181153 -0.233054
      endloop
   endfacet
   facet normal 1 2.4205e-15 1.64835e-17
      outer loop
         vertex -0.11875 -0.184768 -0.233647
         vertex -0.11875 -0.184953 -0.233579
         vertex -0.11875 -0.185634 -0.237968
      endloop
   endfacet
   facet normal 1 2.4205e-15 1.64835e-17
      outer loop
         vertex -0.11875 -0.186686 -0.232196
         vertex -0.11875 -0.189699 -0.231729
         vertex -0.11875 -0.1907 -0.238183
      endloop
   endfacet
   facet normal 1 2.4205e-15 1.64835e-17
      outer loop
         vertex -0.11875 -0.1907 -0.238183
         vertex -0.11875 -0.189699 -0.231729
         vertex -0.11875 -0.193952 -0.231069
      endloop
   endfacet
   facet normal 1 2.4205e-15 1.64835e-17
      outer loop
         vertex -0.11875 -0.201683 -0.234914
         vertex -0.11875 -0.192521 -0.238261
         vertex -0.11875 -0.193952 -0.231069
      endloop
   endfacet
   facet normal 1 2.4205e-15 1.64835e-17
      outer loop
         vertex -0.11875 -0.205945 -0.231
         vertex -0.11875 -0.204359 -0.232456
         vertex -0.11875 -0.203905 -0.229526
      endloop
   endfacet
   facet normal 1 2.4205e-15 1.64835e-17
      outer loop
         vertex -0.11875 -0.205945 -0.231
         vertex -0.11875 -0.205674 -0.229252
         vertex -0.11875 -0.208291 -0.228846
      endloop
   endfacet
   facet normal 1 2.4205e-15 1.64835e-17
      outer loop
         vertex -0.11875 -0.208291 -0.228846
         vertex -0.11875 -0.205674 -0.229252
         vertex -0.11875 -0.205029 -0.225094
      endloop
   endfacet
   facet normal 1 2.4205e-15 1.64835e-17
      outer loop
         vertex -0.11875 -0.210646 -0.22449
         vertex -0.11875 -0.210606 -0.224229
         vertex -0.11875 -0.21078 -0.224202
      endloop
   endfacet
   facet normal 1 2.4205e-15 1.64835e-17
      outer loop
         vertex -0.11875 -0.21078 -0.224202
         vertex -0.11875 -0.210606 -0.224229
         vertex -0.11875 -0.210455 -0.223259
      endloop
   endfacet
   facet normal 1 2.4205e-15 1.64835e-17
      outer loop
         vertex -0.11875 -0.211278 -0.223131
         vertex -0.11875 -0.210455 -0.223259
         vertex -0.11875 -0.209455 -0.216807
      endloop
   endfacet
   facet normal 1 2.4205e-15 1.64835e-17
      outer loop
         vertex -0.11875 -0.209455 -0.216807
         vertex -0.11875 -0.208804 -0.212611
         vertex -0.11875 -0.213302 -0.211914
      endloop
   endfacet
   facet normal 1 2.4205e-15 1.64835e-17
      outer loop
         vertex -0.11875 -0.207906 -0.206817
         vertex -0.11875 -0.207203 -0.202285
         vertex -0.11875 -0.210491 -0.201775
      endloop
   endfacet
   facet normal 1 2.4205e-15 1.64835e-17
      outer loop
         vertex -0.11875 -0.210048 -0.200563
         vertex -0.11875 -0.210491 -0.201775
         vertex -0.11875 -0.207203 -0.202285
      endloop
   endfacet
   facet normal 1 2.4205e-15 1.64835e-17
      outer loop
         vertex -0.11875 -0.20728 -0.197548
         vertex -0.11875 -0.206488 -0.197671
         vertex -0.11875 -0.206304 -0.196485
      endloop
   endfacet
   facet normal 1 2.4205e-15 1.64835e-17
      outer loop
         vertex -0.11875 -0.206304 -0.196485
         vertex -0.11875 -0.206488 -0.197671
         vertex -0.11875 -0.200911 -0.198536
      endloop
   endfacet
   facet normal 1 2.4205e-15 1.64835e-17
      outer loop
         vertex -0.11875 -0.20345 -0.193378
         vertex -0.11875 -0.206142 -0.196309
         vertex -0.11875 -0.200697 -0.197153
      endloop
   endfacet
   facet normal 1 2.4205e-15 1.64835e-17
      outer loop
         vertex -0.11875 -0.199852 -0.191705
         vertex -0.11875 -0.200697 -0.197153
         vertex -0.11875 -0.198928 -0.197427
      endloop
   endfacet
   facet normal 1 2.4205e-15 1.64835e-17
      outer loop
         vertex -0.11875 -0.191453 -0.198223
         vertex -0.11875 -0.19204 -0.198495
         vertex -0.11875 -0.188975 -0.198971
      endloop
   endfacet
   facet normal 1 2.4205e-15 1.64835e-17
      outer loop
         vertex -0.11875 -0.183148 -0.189476
         vertex -0.11875 -0.184859 -0.188851
         vertex -0.11875 -0.184431 -0.193413
      endloop
   endfacet
   facet normal 1 2.4205e-15 1.64835e-17
      outer loop
         vertex -0.11875 -0.184181 -0.199293
         vertex -0.11875 -0.184644 -0.199124
         vertex -0.11875 -0.184722 -0.19963
      endloop
   endfacet
   facet normal 1 2.4205e-15 1.64835e-17
      outer loop
         vertex -0.11875 -0.175697 -0.192197
         vertex -0.11875 -0.178384 -0.191216
         vertex -0.11875 -0.17635 -0.198497
      endloop
   endfacet
   facet normal 1 2.4205e-15 1.64835e-17
      outer loop
         vertex -0.11875 -0.173148 -0.200445
         vertex -0.11875 -0.173106 -0.201431
         vertex -0.11875 -0.17228 -0.201559
      endloop
   endfacet
   facet normal 1 2.4205e-15 1.64835e-17
      outer loop
         vertex -0.11875 -0.168512 -0.198796
         vertex -0.11875 -0.171435 -0.196111
         vertex -0.11875 -0.17228 -0.201559
      endloop
   endfacet
   facet normal 1 2.4205e-15 1.64835e-17
      outer loop
         vertex -0.11875 -0.166835 -0.202404
         vertex -0.11875 -0.17228 -0.201559
         vertex -0.11875 -0.172494 -0.202942
      endloop
   endfacet
   facet normal 1 2.4205e-15 1.64835e-17
      outer loop
         vertex -0.11875 -0.166125 -0.203929
         vertex -0.11875 -0.172494 -0.202942
         vertex -0.11875 -0.17321 -0.207556
      endloop
   endfacet
   facet normal 1 2.4205e-15 1.64835e-17
      outer loop
         vertex -0.11875 -0.204276 -0.220237
         vertex -0.11875 -0.203222 -0.223901
         vertex -0.11875 -0.203018 -0.223806
      endloop
   endfacet
   facet normal 1 2.4205e-15 1.64835e-17
      outer loop
         vertex -0.11875 -0.203179 -0.217157
         vertex -0.11875 -0.203153 -0.217784
         vertex -0.11875 -0.202109 -0.217946
      endloop
   endfacet
   facet normal 1 2.4205e-15 1.64835e-17
      outer loop
         vertex -0.11875 -0.203673 -0.216095
         vertex -0.11875 -0.203644 -0.216158
         vertex -0.11875 -0.203228 -0.213476
      endloop
   endfacet
   facet normal 1 2.4205e-15 1.64835e-17
      outer loop
         vertex -0.11875 -0.209059 -0.217407
         vertex -0.11875 -0.208872 -0.216897
         vertex -0.11875 -0.209455 -0.216807
      endloop
   endfacet
   facet normal 1 2.4205e-15 1.64835e-17
      outer loop
         vertex -0.11875 -0.175795 -0.223508
         vertex -0.11875 -0.175689 -0.223547
         vertex -0.11875 -0.175461 -0.222078
      endloop
   endfacet
   facet normal 1 2.4205e-15 1.64835e-17
      outer loop
         vertex -0.11875 -0.178705 -0.228182
         vertex -0.11875 -0.180358 -0.227926
         vertex -0.11875 -0.180508 -0.228896
      endloop
   endfacet
   facet normal 1 2.4205e-15 1.64835e-17
      outer loop
         vertex -0.11875 -0.173459 -0.202449
         vertex -0.11875 -0.173734 -0.20275
         vertex -0.11875 -0.172494 -0.202942
      endloop
   endfacet
   facet normal 1 2.4205e-15 1.64835e-17
      outer loop
         vertex -0.11875 -0.178341 -0.200666
         vertex -0.11875 -0.178325 -0.200622
         vertex -0.11875 -0.179807 -0.200392
      endloop
   endfacet
   facet normal 1 2.4205e-15 1.64835e-17
      outer loop
         vertex -0.11875 -0.178125 -0.202069
         vertex -0.11875 -0.180022 -0.201775
         vertex -0.11875 -0.180633 -0.20572
      endloop
   endfacet
   facet normal 1 2.4205e-15 1.64835e-17
      outer loop
         vertex -0.11875 -0.176129 -0.203691
         vertex -0.11875 -0.176575 -0.203528
         vertex -0.11875 -0.177106 -0.206952
      endloop
   endfacet
   facet normal 1 2.4205e-15 1.64835e-17
      outer loop
         vertex -0.11875 -0.19468 -0.198086
         vertex -0.11875 -0.198928 -0.197427
         vertex -0.11875 -0.199142 -0.19881
      endloop
   endfacet
   facet normal 1 2.4205e-15 1.64835e-17
      outer loop
         vertex -0.11875 -0.208124 -0.210132
         vertex -0.11875 -0.208346 -0.209655
         vertex -0.11875 -0.208804 -0.212611
      endloop
   endfacet
   facet normal 1 2.4205e-15 1.64835e-17
      outer loop
         vertex -0.11875 -0.203035 -0.228304
         vertex -0.11875 -0.20363 -0.227757
         vertex -0.11875 -0.203905 -0.229526
      endloop
   endfacet
   facet normal 1 2.4205e-15 1.64835e-17
      outer loop
         vertex -0.11875 -0.199057 -0.22602
         vertex -0.11875 -0.193308 -0.226912
         vertex -0.11875 -0.193157 -0.225941
      endloop
   endfacet
   facet normal 1 2.4205e-15 1.64835e-17
      outer loop
         vertex -0.11875 -0.195793 -0.222437
         vertex -0.11875 -0.199519 -0.224475
         vertex -0.11875 -0.199278 -0.224992
      endloop
   endfacet
   facet normal 1 2.4205e-15 1.64835e-17
      outer loop
         vertex -0.11875 -0.203921 -0.224662
         vertex -0.11875 -0.203608 -0.224321
         vertex -0.11875 -0.204879 -0.224123
      endloop
   endfacet
   facet normal 1 2.4205e-15 1.64835e-17
      outer loop
         vertex -0.11875 -0.204276 -0.225634
         vertex -0.11875 -0.20413 -0.225234
         vertex -0.11875 -0.205029 -0.225094
      endloop
   endfacet
   facet normal 1 2.4205e-15 1.64835e-17
      outer loop
         vertex -0.11875 -0.182098 -0.232405
         vertex -0.11875 -0.182502 -0.232845
         vertex -0.11875 -0.181153 -0.233054
      endloop
   endfacet
   facet normal 1 2.4205e-15 1.64835e-17
      outer loop
         vertex -0.11875 -0.184989 -0.228453
         vertex -0.11875 -0.184153 -0.228417
         vertex -0.11875 -0.18414 -0.228333
      endloop
   endfacet
   facet normal 1 2.4205e-15 1.64835e-17
      outer loop
         vertex -0.11875 -0.197032 -0.20489
         vertex -0.11875 -0.195785 -0.204055
         vertex -0.11875 -0.199857 -0.203424
      endloop
   endfacet
   facet normal 1 2.4205e-15 1.64835e-17
      outer loop
         vertex -0.11875 -0.200522 -0.213939
         vertex -0.11875 -0.20051 -0.213897
         vertex -0.11875 -0.201459 -0.21375
      endloop
   endfacet
   facet normal 1 2.4205e-15 1.64835e-17
      outer loop
         vertex -0.11875 -0.191913 -0.225144
         vertex -0.11875 -0.192958 -0.224656
         vertex -0.11875 -0.193157 -0.225941
      endloop
   endfacet
   facet normal 1 2.4205e-15 1.64835e-17
      outer loop
         vertex -0.11875 -0.187197 -0.224764
         vertex -0.11875 -0.188679 -0.225147
         vertex -0.11875 -0.188904 -0.2266
      endloop
   endfacet
   facet normal 1 2.4205e-15 1.64835e-17
      outer loop
         vertex -0.11875 -0.183443 -0.223843
         vertex -0.11875 -0.183989 -0.227363
         vertex -0.11875 -0.180358 -0.227926
      endloop
   endfacet
   facet normal 1 2.4205e-15 1.64835e-17
      outer loop
         vertex -0.11875 -0.17976 -0.221411
         vertex -0.11875 -0.179357 -0.221473
         vertex -0.11875 -0.179236 -0.220689
      endloop
   endfacet
   facet normal 1 2.4205e-15 1.64835e-17
      outer loop
         vertex -0.11875 -0.179236 -0.220689
         vertex -0.11875 -0.179357 -0.221473
         vertex -0.11875 -0.175461 -0.222078
      endloop
   endfacet
   facet normal 1 2.4205e-15 1.64835e-17
      outer loop
         vertex -0.11875 -0.177546 -0.215473
         vertex -0.11875 -0.178094 -0.217373
         vertex -0.11875 -0.174811 -0.217882
      endloop
   endfacet
   facet normal 1 2.4205e-15 1.64835e-17
      outer loop
         vertex -0.11875 -0.178015 -0.208419
         vertex -0.11875 -0.177509 -0.209554
         vertex -0.11875 -0.177106 -0.206952
      endloop
   endfacet
   facet normal 1 2.4205e-15 1.64835e-17
      outer loop
         vertex -0.11875 -0.181457 -0.204864
         vertex -0.11875 -0.180633 -0.20572
         vertex -0.11875 -0.180022 -0.201775
      endloop
   endfacet
   facet normal 1 2.4205e-15 1.64835e-17
      outer loop
         vertex -0.11875 -0.185357 -0.201999
         vertex -0.11875 -0.185108 -0.202121
         vertex -0.11875 -0.184937 -0.201013
      endloop
   endfacet
   facet normal 1 2.4205e-15 1.64835e-17
      outer loop
         vertex -0.11875 -0.190183 -0.202347
         vertex -0.11875 -0.189471 -0.202166
         vertex -0.11875 -0.18919 -0.200353
      endloop
   endfacet
   facet normal 1 2.4205e-15 1.64835e-17
      outer loop
         vertex -0.11875 -0.180022 -0.201775
         vertex -0.11875 -0.179807 -0.200392
         vertex -0.11875 -0.184722 -0.19963
      endloop
   endfacet
   facet normal 1 2.4205e-15 1.64835e-17
      outer loop
         vertex -0.11875 -0.184937 -0.201013
         vertex -0.11875 -0.184722 -0.19963
         vertex -0.11875 -0.188975 -0.198971
      endloop
   endfacet
   facet normal 1 2.4205e-15 1.64835e-17
      outer loop
         vertex -0.11875 -0.199142 -0.19881
         vertex -0.11875 -0.198928 -0.197427
         vertex -0.11875 -0.200697 -0.197153
      endloop
   endfacet
   facet normal 1 2.4205e-15 1.64835e-17
      outer loop
         vertex -0.11875 -0.199857 -0.203424
         vertex -0.11875 -0.199142 -0.19881
         vertex -0.11875 -0.200911 -0.198536
      endloop
   endfacet
   facet normal 1 2.4205e-15 1.64835e-17
      outer loop
         vertex -0.11875 -0.201626 -0.203149
         vertex -0.11875 -0.200911 -0.198536
         vertex -0.11875 -0.206488 -0.197671
      endloop
   endfacet
   facet normal 1 2.4205e-15 1.64835e-17
      outer loop
         vertex -0.11875 -0.201459 -0.21375
         vertex -0.11875 -0.199857 -0.203424
         vertex -0.11875 -0.201626 -0.203149
      endloop
   endfacet
   facet normal 1 2.4205e-15 1.64835e-17
      outer loop
         vertex -0.11875 -0.180508 -0.228896
         vertex -0.11875 -0.180358 -0.227926
         vertex -0.11875 -0.183989 -0.227363
      endloop
   endfacet
   facet normal 1 2.4205e-15 1.64835e-17
      outer loop
         vertex -0.11875 -0.18414 -0.228333
         vertex -0.11875 -0.183989 -0.227363
         vertex -0.11875 -0.188904 -0.2266
      endloop
   endfacet
   facet normal 1 2.4205e-15 1.64835e-17
      outer loop
         vertex -0.11875 -0.189055 -0.227571
         vertex -0.11875 -0.188904 -0.2266
         vertex -0.11875 -0.193157 -0.225941
      endloop
   endfacet
   facet normal 1 2.4205e-15 1.64835e-17
      outer loop
         vertex -0.11875 -0.205029 -0.225094
         vertex -0.11875 -0.204879 -0.224123
         vertex -0.11875 -0.210455 -0.223259
      endloop
   endfacet
   facet normal 1 2.4205e-15 1.64835e-17
      outer loop
         vertex -0.11875 -0.177257 -0.233658
         vertex -0.11875 -0.176612 -0.229501
         vertex -0.11875 -0.180508 -0.228896
      endloop
   endfacet
   facet normal 1 2.4205e-15 1.64835e-17
      outer loop
         vertex -0.11875 -0.189699 -0.231729
         vertex -0.11875 -0.189055 -0.227571
         vertex -0.11875 -0.193308 -0.226912
      endloop
   endfacet
   facet normal 1.23059e-15 -0.519729 -0.854331
      outer loop
         vertex -0.11875 -0.182985 -0.228764
         vertex -0.11875 -0.183956 -0.228409
         vertex -0.130538 -0.183956 -0.228409
      endloop
   endfacet
   facet normal 1.88665e-15 -0.807105 -0.590408
      outer loop
         vertex -0.11875 -0.182224 -0.229463
         vertex -0.11875 -0.182985 -0.228764
         vertex -0.130538 -0.182985 -0.228764
      endloop
   endfacet
   facet normal 2.25549e-15 -0.971607 -0.2366
      outer loop
         vertex -0.11875 -0.181788 -0.230401
         vertex -0.11875 -0.182224 -0.229463
         vertex -0.130538 -0.182224 -0.229463
      endloop
   endfacet
   facet normal 2.28095e-15 -0.988191 0.153228
      outer loop
         vertex -0.11875 -0.181744 -0.231434
         vertex -0.11875 -0.181788 -0.230401
         vertex -0.130538 -0.181788 -0.230401
      endloop
   endfacet
   facet normal 1.95915e-15 -0.854331 0.519729
      outer loop
         vertex -0.11875 -0.182098 -0.232405
         vertex -0.11875 -0.181744 -0.231434
         vertex -0.130538 -0.181744 -0.231434
      endloop
   endfacet
   facet normal 1.95915e-15 -0.854331 0.519729
      outer loop
         vertex -0.130538 -0.182098 -0.232405
         vertex -0.130538 -0.182798 -0.233167
         vertex -0.11875 -0.182502 -0.232845
      endloop
   endfacet
   facet normal 1.3391e-15 -0.590408 0.807105
      outer loop
         vertex -0.130538 -0.182798 -0.233167
         vertex -0.11875 -0.182798 -0.233167
         vertex -0.11875 -0.182502 -0.232845
      endloop
   endfacet
   facet normal 5.15174e-16 -0.2366 0.971607
      outer loop
         vertex -0.11875 -0.183735 -0.233603
         vertex -0.11875 -0.182798 -0.233167
         vertex -0.130538 -0.182798 -0.233167
      endloop
   endfacet
   facet normal -3.87178e-16 0.153228 0.988191
      outer loop
         vertex -0.11875 -0.184768 -0.233647
         vertex -0.11875 -0.183735 -0.233603
         vertex -0.130538 -0.183735 -0.233603
      endloop
   endfacet
   facet normal -1.23059e-15 0.519729 0.854331
      outer loop
         vertex -0.130538 -0.18574 -0.233292
         vertex -0.11875 -0.18574 -0.233292
         vertex -0.11875 -0.184953 -0.233579
      endloop
   endfacet
   facet normal 0 0.225574 0.974226
      outer loop
         vertex -0.11875 -0.184953 -0.233579
         vertex -0.130538 -0.184768 -0.233647
         vertex -0.130538 -0.18574 -0.233292
      endloop
   endfacet
   facet normal -1.88665e-15 0.807105 0.590408
      outer loop
         vertex -0.11875 -0.186501 -0.232592
         vertex -0.11875 -0.18574 -0.233292
         vertex -0.130538 -0.18574 -0.233292
      endloop
   endfacet
   facet normal -2.25549e-15 0.971607 0.2366
      outer loop
         vertex -0.130538 -0.186937 -0.231655
         vertex -0.11875 -0.186937 -0.231655
         vertex -0.11875 -0.186686 -0.232196
      endloop
   endfacet
   facet normal -2.61845e-15 0.893399 0.449263
      outer loop
         vertex -0.11875 -0.186686 -0.232196
         vertex -0.130538 -0.186501 -0.232592
         vertex -0.130538 -0.186937 -0.231655
      endloop
   endfacet
   facet normal -2.28095e-15 0.988191 -0.153228
      outer loop
         vertex -0.11875 -0.186981 -0.230622
         vertex -0.11875 -0.186937 -0.231655
         vertex -0.130538 -0.186937 -0.231655
      endloop
   endfacet
   facet normal -1.95915e-15 0.854331 -0.519729
      outer loop
         vertex -0.11875 -0.186626 -0.229651
         vertex -0.11875 -0.186981 -0.230622
         vertex -0.130538 -0.186981 -0.230622
      endloop
   endfacet
   facet normal -1.3391e-15 0.590408 -0.807105
      outer loop
         vertex -0.11875 -0.185927 -0.228889
         vertex -0.11875 -0.186626 -0.229651
         vertex -0.130538 -0.186626 -0.229651
      endloop
   endfacet
   facet normal -5.15174e-16 0.2366 -0.971607
      outer loop
         vertex -0.11875 -0.184989 -0.228453
         vertex -0.11875 -0.185927 -0.228889
         vertex -0.130538 -0.185927 -0.228889
      endloop
   endfacet
   facet normal -5.15174e-16 0.2366 -0.971607
      outer loop
         vertex -0.130538 -0.184989 -0.228453
         vertex -0.130538 -0.183956 -0.228409
         vertex -0.11875 -0.184153 -0.228417
      endloop
   endfacet
   facet normal 3.87178e-16 -0.153228 -0.988191
      outer loop
         vertex -0.130538 -0.183956 -0.228409
         vertex -0.11875 -0.183956 -0.228409
         vertex -0.11875 -0.184153 -0.228417
      endloop
   endfacet
   facet normal 0 -0.0800505 -0.996791
      outer loop
         vertex -0.11875 -0.184153 -0.228417
         vertex -0.11875 -0.184989 -0.228453
         vertex -0.130538 -0.184989 -0.228453
      endloop
   endfacet
   facet normal -1.3391e-15 0.590408 -0.807105
      outer loop
         vertex -0.130538 -0.185927 -0.228889
         vertex -0.130538 -0.184989 -0.228453
         vertex -0.11875 -0.184989 -0.228453
      endloop
   endfacet
   facet normal -1.95915e-15 0.854331 -0.519729
      outer loop
         vertex -0.130538 -0.186626 -0.229651
         vertex -0.130538 -0.185927 -0.228889
         vertex -0.11875 -0.185927 -0.228889
      endloop
   endfacet
   facet normal -2.28095e-15 0.988191 -0.153228
      outer loop
         vertex -0.130538 -0.186981 -0.230622
         vertex -0.130538 -0.186626 -0.229651
         vertex -0.11875 -0.186626 -0.229651
      endloop
   endfacet
   facet normal -2.25549e-15 0.971607 0.2366
      outer loop
         vertex -0.130538 -0.186937 -0.231655
         vertex -0.130538 -0.186981 -0.230622
         vertex -0.11875 -0.186981 -0.230622
      endloop
   endfacet
   facet normal -2.61845e-15 0.893399 0.449263
      outer loop
         vertex -0.11875 -0.186686 -0.232196
         vertex -0.11875 -0.186501 -0.232592
         vertex -0.130538 -0.186501 -0.232592
      endloop
   endfacet
   facet normal -1.23059e-15 0.519729 0.854331
      outer loop
         vertex -0.130538 -0.18574 -0.233292
         vertex -0.130538 -0.186501 -0.232592
         vertex -0.11875 -0.186501 -0.232592
      endloop
   endfacet
   facet normal 0 0.225574 0.974226
      outer loop
         vertex -0.11875 -0.184953 -0.233579
         vertex -0.11875 -0.184768 -0.233647
         vertex -0.130538 -0.184768 -0.233647
      endloop
   endfacet
   facet normal 5.15174e-16 -0.2366 0.971607
      outer loop
         vertex -0.130538 -0.183735 -0.233603
         vertex -0.130538 -0.184768 -0.233647
         vertex -0.11875 -0.184768 -0.233647
      endloop
   endfacet
   facet normal 1.3391e-15 -0.590408 0.807105
      outer loop
         vertex -0.130538 -0.182798 -0.233167
         vertex -0.130538 -0.183735 -0.233603
         vertex -0.11875 -0.183735 -0.233603
      endloop
   endfacet
   facet normal 1.30923e-15 -0.715393 0.698722
      outer loop
         vertex -0.11875 -0.182502 -0.232845
         vertex -0.11875 -0.182098 -0.232405
         vertex -0.130538 -0.182098 -0.232405
      endloop
   endfacet
   facet normal 2.28095e-15 -0.988191 0.153228
      outer loop
         vertex -0.130538 -0.181744 -0.231434
         vertex -0.130538 -0.182098 -0.232405
         vertex -0.11875 -0.182098 -0.232405
      endloop
   endfacet
   facet normal 2.25549e-15 -0.971607 -0.2366
      outer loop
         vertex -0.130538 -0.181788 -0.230401
         vertex -0.130538 -0.181744 -0.231434
         vertex -0.11875 -0.181744 -0.231434
      endloop
   endfacet
   facet normal 1.88665e-15 -0.807105 -0.590408
      outer loop
         vertex -0.130538 -0.182224 -0.229463
         vertex -0.130538 -0.181788 -0.230401
         vertex -0.11875 -0.181788 -0.230401
      endloop
   endfacet
   facet normal 1.23059e-15 -0.519729 -0.854331
      outer loop
         vertex -0.130538 -0.182985 -0.228764
         vertex -0.130538 -0.182224 -0.229463
         vertex -0.11875 -0.182224 -0.229463
      endloop
   endfacet
   facet normal 3.87178e-16 -0.153228 -0.988191
      outer loop
         vertex -0.130538 -0.183956 -0.228409
         vertex -0.130538 -0.182985 -0.228764
         vertex -0.11875 -0.182985 -0.228764
      endloop
   endfacet
   facet normal -1 -2.31334e-15 -3.31007e-17
      outer loop
         vertex -0.130538 -0.185516 -0.226291
         vertex -0.130538 -0.184989 -0.228453
         vertex -0.130538 -0.185927 -0.228889
      endloop
   endfacet
   facet normal -1 -2.31334e-15 -3.31007e-17
      outer loop
         vertex -0.130538 -0.185516 -0.226291
         vertex -0.130538 -0.183615 -0.22621
         vertex -0.130538 -0.183956 -0.228409
      endloop
   endfacet
   facet normal -1 -2.31334e-15 -3.31007e-17
      outer loop
         vertex -0.130538 -0.180198 -0.233561
         vertex -0.130538 -0.182098 -0.232405
         vertex -0.130538 -0.181744 -0.231434
      endloop
   endfacet
   facet normal -1 -2.31334e-15 -3.31007e-17
      outer loop
         vertex -0.130538 -0.181484 -0.234962
         vertex -0.130538 -0.182798 -0.233167
         vertex -0.130538 -0.182098 -0.232405
      endloop
   endfacet
   facet normal -1 -2.31334e-15 -3.31007e-17
      outer loop
         vertex -0.130538 -0.185109 -0.235845
         vertex -0.130538 -0.184768 -0.233647
         vertex -0.130538 -0.183735 -0.233603
      endloop
   endfacet
   facet normal -1 -2.31334e-15 -3.31007e-17
      outer loop
         vertex -0.130538 -0.186896 -0.235193
         vertex -0.130538 -0.18574 -0.233292
         vertex -0.130538 -0.184768 -0.233647
      endloop
   endfacet
   facet normal -1 -2.31334e-15 -3.31007e-17
      outer loop
         vertex -0.130538 -0.188297 -0.233906
         vertex -0.130538 -0.186501 -0.232592
         vertex -0.130538 -0.18574 -0.233292
      endloop
   endfacet
   facet normal -1 -2.31334e-15 -3.31007e-17
      outer loop
         vertex -0.130538 -0.189099 -0.232181
         vertex -0.130538 -0.186937 -0.231655
         vertex -0.130538 -0.186501 -0.232592
      endloop
   endfacet
   facet normal -1 -2.31334e-15 -3.31007e-17
      outer loop
         vertex -0.130538 -0.188527 -0.228494
         vertex -0.130538 -0.186626 -0.229651
         vertex -0.130538 -0.186981 -0.230622
      endloop
   endfacet
   facet normal -1 -2.31334e-15 -3.31007e-17
      outer loop
         vertex -0.130538 -0.188527 -0.228494
         vertex -0.130538 -0.187241 -0.227093
         vertex -0.130538 -0.185927 -0.228889
      endloop
   endfacet
   facet normal -1 -2.31334e-15 -3.31007e-17
      outer loop
         vertex -0.130538 -0.183956 -0.228409
         vertex -0.130538 -0.184989 -0.228453
         vertex -0.130538 -0.185516 -0.226291
      endloop
   endfacet
   facet normal -1 -2.31334e-15 -3.31007e-17
      outer loop
         vertex -0.130538 -0.181829 -0.226863
         vertex -0.130538 -0.182985 -0.228764
         vertex -0.130538 -0.183956 -0.228409
      endloop
   endfacet
   facet normal -1 -2.31334e-15 -3.31007e-17
      outer loop
         vertex -0.130538 -0.180428 -0.22815
         vertex -0.130538 -0.182224 -0.229463
         vertex -0.130538 -0.182985 -0.228764
      endloop
   endfacet
   facet normal -1 -2.31334e-15 -3.31007e-17
      outer loop
         vertex -0.130538 -0.180428 -0.22815
         vertex -0.130538 -0.179626 -0.229874
         vertex -0.130538 -0.181788 -0.230401
      endloop
   endfacet
   facet normal -1 -2.31334e-15 -3.31007e-17
      outer loop
         vertex -0.130538 -0.182098 -0.232405
         vertex -0.130538 -0.180198 -0.233561
         vertex -0.130538 -0.181484 -0.234962
      endloop
   endfacet
   facet normal -1 -2.31334e-15 -3.31007e-17
      outer loop
         vertex -0.130538 -0.183209 -0.235764
         vertex -0.130538 -0.183735 -0.233603
         vertex -0.130538 -0.182798 -0.233167
      endloop
   endfacet
   facet normal -1 -2.31334e-15 -3.31007e-17
      outer loop
         vertex -0.130538 -0.184768 -0.233647
         vertex -0.130538 -0.185109 -0.235845
         vertex -0.130538 -0.186896 -0.235193
      endloop
   endfacet
   facet normal -1 -2.31334e-15 -3.31007e-17
      outer loop
         vertex -0.130538 -0.186501 -0.232592
         vertex -0.130538 -0.188297 -0.233906
         vertex -0.130538 -0.189099 -0.232181
      endloop
   endfacet
   facet normal -1 -2.31334e-15 -3.31007e-17
      outer loop
         vertex -0.130538 -0.185927 -0.228889
         vertex -0.130538 -0.186626 -0.229651
         vertex -0.130538 -0.188527 -0.228494
      endloop
   endfacet
   facet normal -1 -2.31334e-15 -3.31007e-17
      outer loop
         vertex -0.130538 -0.183956 -0.228409
         vertex -0.130538 -0.183615 -0.22621
         vertex -0.130538 -0.181829 -0.226863
      endloop
   endfacet
   facet normal -1 -2.31334e-15 -3.31007e-17
      outer loop
         vertex -0.130538 -0.181788 -0.230401
         vertex -0.130538 -0.182224 -0.229463
         vertex -0.130538 -0.180428 -0.22815
      endloop
   endfacet
   facet normal -1 -2.31334e-15 -3.31007e-17
      outer loop
         vertex -0.130538 -0.179626 -0.229874
         vertex -0.130538 -0.179545 -0.231775
         vertex -0.130538 -0.181744 -0.231434
      endloop
   endfacet
   facet normal -1 -2.31334e-15 -3.31007e-17
      outer loop
         vertex -0.130538 -0.182798 -0.233167
         vertex -0.130538 -0.181484 -0.234962
         vertex -0.130538 -0.183209 -0.235764
      endloop
   endfacet
   facet normal -1 -2.31334e-15 -3.31007e-17
      outer loop
         vertex -0.130538 -0.18574 -0.233292
         vertex -0.130538 -0.186896 -0.235193
         vertex -0.130538 -0.188297 -0.233906
      endloop
   endfacet
   facet normal -1 -2.31334e-15 -3.31007e-17
      outer loop
         vertex -0.130538 -0.185927 -0.228889
         vertex -0.130538 -0.187241 -0.227093
         vertex -0.130538 -0.185516 -0.226291
      endloop
   endfacet
   facet normal -1 -2.31334e-15 -3.31007e-17
      outer loop
         vertex -0.130538 -0.181744 -0.231434
         vertex -0.130538 -0.181788 -0.230401
         vertex -0.130538 -0.179626 -0.229874
      endloop
   endfacet
   facet normal -1 -2.31334e-15 -3.31007e-17
      outer loop
         vertex -0.130538 -0.183735 -0.233603
         vertex -0.130538 -0.183209 -0.235764
         vertex -0.130538 -0.185109 -0.235845
      endloop
   endfacet
   facet normal -1 -2.31334e-15 -3.31007e-17
      outer loop
         vertex -0.130538 -0.18918 -0.230281
         vertex -0.130538 -0.186981 -0.230622
         vertex -0.130538 -0.186937 -0.231655
      endloop
   endfacet
   facet normal -1 -2.31334e-15 -3.31007e-17
      outer loop
         vertex -0.130538 -0.182985 -0.228764
         vertex -0.130538 -0.181829 -0.226863
         vertex -0.130538 -0.180428 -0.22815
      endloop
   endfacet
   facet normal -1 -2.31334e-15 -3.31007e-17
      outer loop
         vertex -0.130538 -0.186937 -0.231655
         vertex -0.130538 -0.189099 -0.232181
         vertex -0.130538 -0.18918 -0.230281
      endloop
   endfacet
   facet normal -1 -2.31334e-15 -3.31007e-17
      outer loop
         vertex -0.130538 -0.181744 -0.231434
         vertex -0.130538 -0.179545 -0.231775
         vertex -0.130538 -0.180198 -0.233561
      endloop
   endfacet
   facet normal -1 -2.31334e-15 -3.31007e-17
      outer loop
         vertex -0.130538 -0.186981 -0.230622
         vertex -0.130538 -0.18918 -0.230281
         vertex -0.130538 -0.188527 -0.228494
      endloop
   endfacet
   facet normal 1.23059e-15 -0.519729 -0.854331
      outer loop
         vertex -0.130538 -0.181829 -0.226863
         vertex -0.130538 -0.183615 -0.22621
         vertex -0.135538 -0.183615 -0.22621
      endloop
   endfacet
   facet normal 1.23059e-15 -0.519729 -0.854331
      outer loop
         vertex -0.130538 -0.181829 -0.226863
         vertex -0.135538 -0.181829 -0.226863
         vertex -0.135538 -0.180735 -0.227867
      endloop
   endfacet
   facet normal 1.76581e-15 -0.753915 -0.656972
      outer loop
         vertex -0.135538 -0.180735 -0.227867
         vertex -0.130538 -0.180428 -0.22815
         vertex -0.130538 -0.181829 -0.226863
      endloop
   endfacet
   facet normal 2.25549e-15 -0.971607 -0.2366
      outer loop
         vertex -0.130538 -0.179626 -0.229874
         vertex -0.130538 -0.180428 -0.22815
         vertex -0.135538 -0.180428 -0.22815
      endloop
   endfacet
   facet normal 2.28095e-15 -0.988191 0.153228
      outer loop
         vertex -0.130538 -0.179545 -0.231775
         vertex -0.135538 -0.179566 -0.231286
         vertex -0.135538 -0.179548 -0.2317
      endloop
   endfacet
   facet normal 2.25549e-15 -0.971607 -0.2366
      outer loop
         vertex -0.130538 -0.179626 -0.229874
         vertex -0.135538 -0.179626 -0.229874
         vertex -0.135538 -0.179566 -0.231286
      endloop
   endfacet
   facet normal 2.3082e-15 -0.998549 0.0538444
      outer loop
         vertex -0.135538 -0.179566 -0.231286
         vertex -0.130538 -0.179545 -0.231775
         vertex -0.130538 -0.179626 -0.229874
      endloop
   endfacet
   facet normal 1.95915e-15 -0.854331 0.519729
      outer loop
         vertex -0.130538 -0.180198 -0.233561
         vertex -0.130538 -0.179545 -0.231775
         vertex -0.135538 -0.179713 -0.232234
      endloop
   endfacet
   facet normal 2.28095e-15 -0.988191 0.153228
      outer loop
         vertex -0.130538 -0.179545 -0.231775
         vertex -0.135538 -0.179545 -0.231775
         vertex -0.135538 -0.179713 -0.232234
      endloop
   endfacet
   facet normal 1.3391e-15 -0.590408 0.807105
      outer loop
         vertex -0.130538 -0.181484 -0.234962
         vertex -0.130538 -0.180198 -0.233561
         vertex -0.135538 -0.180198 -0.233561
      endloop
   endfacet
   facet normal 5.15174e-16 -0.2366 0.971607
      outer loop
         vertex -0.130538 -0.183209 -0.235764
         vertex -0.130538 -0.181484 -0.234962
         vertex -0.135538 -0.181484 -0.234962
      endloop
   endfacet
   facet normal -3.87178e-16 0.153228 0.988191
      outer loop
         vertex -0.130538 -0.185109 -0.235845
         vertex -0.130538 -0.183209 -0.235764
         vertex -0.135538 -0.183209 -0.235764
      endloop
   endfacet
   facet normal -3.87178e-16 0.153228 0.988191
      outer loop
         vertex -0.130538 -0.185109 -0.235845
         vertex -0.135538 -0.185109 -0.235845
         vertex -0.135538 -0.18636 -0.235389
      endloop
   endfacet
   facet normal -9.93317e-16 0.416378 0.909192
      outer loop
         vertex -0.135538 -0.18636 -0.235389
         vertex -0.130538 -0.186896 -0.235193
         vertex -0.130538 -0.185109 -0.235845
      endloop
   endfacet
   facet normal -1.88665e-15 0.807105 0.590408
      outer loop
         vertex -0.130538 -0.188297 -0.233906
         vertex -0.130538 -0.186896 -0.235193
         vertex -0.135538 -0.186896 -0.235193
      endloop
   endfacet
   facet normal -2.25549e-15 0.971607 0.2366
      outer loop
         vertex -0.130538 -0.189099 -0.232181
         vertex -0.130538 -0.188297 -0.233906
         vertex -0.135538 -0.188297 -0.233906
      endloop
   endfacet
   facet normal -2.28095e-15 0.988191 -0.153228
      outer loop
         vertex -0.130538 -0.18918 -0.230281
         vertex -0.130538 -0.189099 -0.232181
         vertex -0.135538 -0.189099 -0.232181
      endloop
   endfacet
   facet normal -1.95915e-15 0.854331 -0.519729
      outer loop
         vertex -0.130538 -0.188527 -0.228494
         vertex -0.130538 -0.18918 -0.230281
         vertex -0.135538 -0.189154 -0.23021
      endloop
   endfacet
   facet normal -2.28095e-15 0.988191 -0.153228
      outer loop
         vertex -0.130538 -0.18918 -0.230281
         vertex -0.135538 -0.18918 -0.230281
         vertex -0.135538 -0.189154 -0.23021
      endloop
   endfacet
   facet normal -1.3391e-15 0.590408 -0.807105
      outer loop
         vertex -0.130538 -0.187241 -0.227093
         vertex -0.130538 -0.188527 -0.228494
         vertex -0.135538 -0.188527 -0.228494
      endloop
   endfacet
   facet normal -5.15174e-16 0.2366 -0.971607
      outer loop
         vertex -0.130538 -0.185516 -0.226291
         vertex -0.130538 -0.187241 -0.227093
         vertex -0.135538 -0.186862 -0.226917
      endloop
   endfacet
   facet normal -1.3391e-15 0.590408 -0.807105
      outer loop
         vertex -0.130538 -0.187241 -0.227093
         vertex -0.135538 -0.187241 -0.227093
         vertex -0.135538 -0.186862 -0.226917
      endloop
   endfacet
   facet normal 3.87178e-16 -0.153228 -0.988191
      outer loop
         vertex -0.130538 -0.183615 -0.22621
         vertex -0.130538 -0.185516 -0.226291
         vertex -0.135538 -0.184945 -0.226267
      endloop
   endfacet
   facet normal -5.15174e-16 0.2366 -0.971607
      outer loop
         vertex -0.130538 -0.185516 -0.226291
         vertex -0.135538 -0.185516 -0.226291
         vertex -0.135538 -0.184945 -0.226267
      endloop
   endfacet
   facet normal -2.48187e-16 0.121488 -0.992593
      outer loop
         vertex -0.135538 -0.184945 -0.226267
         vertex -0.135538 -0.183615 -0.22621
         vertex -0.130538 -0.183615 -0.22621
      endloop
   endfacet
   facet normal -1.17363e-15 0.519557 -0.854436
      outer loop
         vertex -0.135538 -0.186862 -0.226917
         vertex -0.135538 -0.185516 -0.226291
         vertex -0.130538 -0.185516 -0.226291
      endloop
   endfacet
   facet normal -1.95915e-15 0.854331 -0.519729
      outer loop
         vertex -0.135538 -0.188527 -0.228494
         vertex -0.135538 -0.187241 -0.227093
         vertex -0.130538 -0.187241 -0.227093
      endloop
   endfacet
   facet normal -2.2748e-15 0.985747 -0.168232
      outer loop
         vertex -0.135538 -0.189154 -0.23021
         vertex -0.135538 -0.188527 -0.228494
         vertex -0.130538 -0.188527 -0.228494
      endloop
   endfacet
   facet normal -2.25549e-15 0.971607 0.2366
      outer loop
         vertex -0.135538 -0.189099 -0.232181
         vertex -0.135538 -0.18918 -0.230281
         vertex -0.130538 -0.18918 -0.230281
      endloop
   endfacet
   facet normal -1.88665e-15 0.807105 0.590408
      outer loop
         vertex -0.135538 -0.188297 -0.233906
         vertex -0.135538 -0.189099 -0.232181
         vertex -0.130538 -0.189099 -0.232181
      endloop
   endfacet
   facet normal -1.23059e-15 0.519729 0.854331
      outer loop
         vertex -0.135538 -0.186896 -0.235193
         vertex -0.135538 -0.188297 -0.233906
         vertex -0.130538 -0.188297 -0.233906
      endloop
   endfacet
   facet normal -9.93317e-16 0.416378 0.909192
      outer loop
         vertex -0.135538 -0.18636 -0.235389
         vertex -0.135538 -0.186896 -0.235193
         vertex -0.130538 -0.186896 -0.235193
      endloop
   endfacet
   facet normal 5.15174e-16 -0.2366 0.971607
      outer loop
         vertex -0.135538 -0.183209 -0.235764
         vertex -0.135538 -0.185109 -0.235845
         vertex -0.130538 -0.185109 -0.235845
      endloop
   endfacet
   facet normal 1.3391e-15 -0.590408 0.807105
      outer loop
         vertex -0.135538 -0.181484 -0.234962
         vertex -0.135538 -0.183209 -0.235764
         vertex -0.130538 -0.183209 -0.235764
      endloop
   endfacet
   facet normal 1.95915e-15 -0.854331 0.519729
      outer loop
         vertex -0.135538 -0.180198 -0.233561
         vertex -0.135538 -0.181484 -0.234962
         vertex -0.130538 -0.181484 -0.234962
      endloop
   endfacet
   facet normal 2.23092e-15 -0.967966 0.251082
      outer loop
         vertex -0.135538 -0.179713 -0.232234
         vertex -0.135538 -0.180198 -0.233561
         vertex -0.130538 -0.180198 -0.233561
      endloop
   endfacet
   facet normal 2.28657e-15 -0.990406 0.138189
      outer loop
         vertex -0.135538 -0.179548 -0.2317
         vertex -0.135538 -0.179545 -0.231775
         vertex -0.130538 -0.179545 -0.231775
      endloop
   endfacet
   facet normal 1.88665e-15 -0.807105 -0.590408
      outer loop
         vertex -0.135538 -0.180428 -0.22815
         vertex -0.135538 -0.179626 -0.229874
         vertex -0.130538 -0.179626 -0.229874
      endloop
   endfacet
   facet normal 1.76581e-15 -0.753915 -0.656972
      outer loop
         vertex -0.135538 -0.180735 -0.227867
         vertex -0.135538 -0.180428 -0.22815
         vertex -0.130538 -0.180428 -0.22815
      endloop
   endfacet
   facet normal 3.87178e-16 -0.153228 -0.988191
      outer loop
         vertex -0.135538 -0.183615 -0.22621
         vertex -0.135538 -0.181829 -0.226863
         vertex -0.130538 -0.181829 -0.226863
      endloop
   endfacet
endsolid Knee Kicker. Units = meters