solid Foot. STL generated by ONSHAPE BY PTC INC, 1.212. Units = meters
   facet normal -5.49469e-16 0.833032 -0.553225
      outer loop
         vertex -0.1956 -0.323495 -0.298948
         vertex -0.1956 -0.321844 -0.297288
         vertex -0.1886 -0.321844 -0.297288
      endloop
   endfacet
   facet normal -1.36009e-15 0.981331 -0.192326
      outer loop
         vertex -0.1956 -0.324385 -0.301113
         vertex -0.1956 -0.323495 -0.298948
         vertex -0.1886 -0.323495 -0.298948
      endloop
   endfacet
   facet normal -1.96366e-15 0.980232 0.197853
      outer loop
         vertex -0.1956 -0.324378 -0.303454
         vertex -0.1956 -0.324385 -0.301113
         vertex -0.1886 -0.324385 -0.301113
      endloop
   endfacet
   facet normal -2.26827e-15 0.829901 0.557911
      outer loop
         vertex -0.1956 -0.323476 -0.305615
         vertex -0.1956 -0.324378 -0.303454
         vertex -0.1886 -0.324378 -0.303454
      endloop
   endfacet
   facet normal -2.22756e-15 0.553225 0.833032
      outer loop
         vertex -0.1956 -0.321816 -0.307265
         vertex -0.1956 -0.323476 -0.305615
         vertex -0.1886 -0.323476 -0.305615
      endloop
   endfacet
   facet normal -1.84772e-15 0.192326 0.981331
      outer loop
         vertex -0.1956 -0.319651 -0.308155
         vertex -0.1956 -0.321816 -0.307265
         vertex -0.1886 -0.321816 -0.307265
      endloop
   endfacet
   facet normal -1.18659e-15 -0.197853 0.980232
      outer loop
         vertex -0.1956 -0.317309 -0.308149
         vertex -0.1956 -0.319651 -0.308155
         vertex -0.1886 -0.319651 -0.308155
      endloop
   endfacet
   facet normal -3.44807e-16 -0.557911 0.829901
      outer loop
         vertex -0.1956 -0.315149 -0.307247
         vertex -0.1956 -0.317309 -0.308149
         vertex -0.1886 -0.317309 -0.308149
      endloop
   endfacet
   facet normal 5.49469e-16 -0.833032 0.553225
      outer loop
         vertex -0.1956 -0.313498 -0.305587
         vertex -0.1956 -0.315149 -0.307247
         vertex -0.1886 -0.315149 -0.307247
      endloop
   endfacet
   facet normal 1.36009e-15 -0.981331 0.192326
      outer loop
         vertex -0.1956 -0.312609 -0.303421
         vertex -0.1956 -0.313498 -0.305587
         vertex -0.1886 -0.313498 -0.305587
      endloop
   endfacet
   facet normal 1.96366e-15 -0.980232 -0.197853
      outer loop
         vertex -0.1956 -0.312615 -0.30108
         vertex -0.1956 -0.312609 -0.303421
         vertex -0.1886 -0.312609 -0.303421
      endloop
   endfacet
   facet normal 2.26827e-15 -0.829901 -0.557911
      outer loop
         vertex -0.1956 -0.313517 -0.29892
         vertex -0.1956 -0.312615 -0.30108
         vertex -0.1886 -0.312615 -0.30108
      endloop
   endfacet
   facet normal 2.22756e-15 -0.553225 -0.833032
      outer loop
         vertex -0.1956 -0.315177 -0.297269
         vertex -0.1956 -0.313517 -0.29892
         vertex -0.1886 -0.313517 -0.29892
      endloop
   endfacet
   facet normal 1.84772e-15 -0.192326 -0.981331
      outer loop
         vertex -0.1956 -0.317343 -0.296379
         vertex -0.1956 -0.315177 -0.297269
         vertex -0.1886 -0.315177 -0.297269
      endloop
   endfacet
   facet normal 1.18659e-15 0.197853 -0.980232
      outer loop
         vertex -0.1956 -0.319684 -0.296386
         vertex -0.1956 -0.317343 -0.296379
         vertex -0.1886 -0.317343 -0.296379
      endloop
   endfacet
   facet normal 3.44807e-16 0.557911 -0.829901
      outer loop
         vertex -0.1956 -0.321844 -0.297288
         vertex -0.1956 -0.319684 -0.296386
         vertex -0.1886 -0.319684 -0.296386
      endloop
   endfacet
   facet normal 1.18659e-15 0.197853 -0.980232
      outer loop
         vertex -0.1886 -0.319684 -0.296386
         vertex -0.1886 -0.321844 -0.297288
         vertex -0.1956 -0.321844 -0.297288
      endloop
   endfacet
   facet normal 1.84772e-15 -0.192326 -0.981331
      outer loop
         vertex -0.1886 -0.317343 -0.296379
         vertex -0.1886 -0.319684 -0.296386
         vertex -0.1956 -0.319684 -0.296386
      endloop
   endfacet
   facet normal 2.22756e-15 -0.553225 -0.833032
      outer loop
         vertex -0.1886 -0.315177 -0.297269
         vertex -0.1886 -0.317343 -0.296379
         vertex -0.1956 -0.317343 -0.296379
      endloop
   endfacet
   facet normal 2.26827e-15 -0.829901 -0.557911
      outer loop
         vertex -0.1886 -0.313517 -0.29892
         vertex -0.1886 -0.315177 -0.297269
         vertex -0.1956 -0.315177 -0.297269
      endloop
   endfacet
   facet normal 1.96366e-15 -0.980232 -0.197853
      outer loop
         vertex -0.1886 -0.312615 -0.30108
         vertex -0.1886 -0.313517 -0.29892
         vertex -0.1956 -0.313517 -0.29892
      endloop
   endfacet
   facet normal 1.36009e-15 -0.981331 0.192326
      outer loop
         vertex -0.1886 -0.312609 -0.303421
         vertex -0.1886 -0.312615 -0.30108
         vertex -0.1956 -0.312615 -0.30108
      endloop
   endfacet
   facet normal 5.49469e-16 -0.833032 0.553225
      outer loop
         vertex -0.1886 -0.313498 -0.305587
         vertex -0.1886 -0.312609 -0.303421
         vertex -0.1956 -0.312609 -0.303421
      endloop
   endfacet
   facet normal -3.44807e-16 -0.557911 0.829901
      outer loop
         vertex -0.1886 -0.315149 -0.307247
         vertex -0.1886 -0.313498 -0.305587
         vertex -0.1956 -0.313498 -0.305587
      endloop
   endfacet
   facet normal -1.18659e-15 -0.197853 0.980232
      outer loop
         vertex -0.1886 -0.317309 -0.308149
         vertex -0.1886 -0.315149 -0.307247
         vertex -0.1956 -0.315149 -0.307247
      endloop
   endfacet
   facet normal -1.84772e-15 0.192326 0.981331
      outer loop
         vertex -0.1886 -0.319651 -0.308155
         vertex -0.1886 -0.317309 -0.308149
         vertex -0.1956 -0.317309 -0.308149
      endloop
   endfacet
   facet normal -2.22756e-15 0.553225 0.833032
      outer loop
         vertex -0.1886 -0.321816 -0.307265
         vertex -0.1886 -0.319651 -0.308155
         vertex -0.1956 -0.319651 -0.308155
      endloop
   endfacet
   facet normal -2.26827e-15 0.829901 0.557911
      outer loop
         vertex -0.1886 -0.323476 -0.305615
         vertex -0.1886 -0.321816 -0.307265
         vertex -0.1956 -0.321816 -0.307265
      endloop
   endfacet
   facet normal -1.96366e-15 0.980232 0.197853
      outer loop
         vertex -0.1886 -0.324378 -0.303454
         vertex -0.1886 -0.323476 -0.305615
         vertex -0.1956 -0.323476 -0.305615
      endloop
   endfacet
   facet normal -1.36009e-15 0.981331 -0.192326
      outer loop
         vertex -0.1886 -0.324385 -0.301113
         vertex -0.1886 -0.324378 -0.303454
         vertex -0.1956 -0.324378 -0.303454
      endloop
   endfacet
   facet normal -5.49469e-16 0.833032 -0.553225
      outer loop
         vertex -0.1886 -0.323495 -0.298948
         vertex -0.1886 -0.324385 -0.301113
         vertex -0.1956 -0.324385 -0.301113
      endloop
   endfacet
   facet normal 3.44807e-16 0.557911 -0.829901
      outer loop
         vertex -0.1886 -0.321844 -0.297288
         vertex -0.1886 -0.323495 -0.298948
         vertex -0.1956 -0.323495 -0.298948
      endloop
   endfacet
   facet normal -1 -1.69007e-15 -1.55165e-15
      outer loop
         vertex -0.1956 -0.273081 -0.333845
         vertex -0.1956 -0.313498 -0.305587
         vertex -0.1956 -0.312609 -0.303421
      endloop
   endfacet
   facet normal -1 -1.69007e-15 -1.55165e-15
      outer loop
         vertex -0.1956 -0.276209 -0.304988
         vertex -0.1956 -0.312615 -0.30108
         vertex -0.1956 -0.313517 -0.29892
      endloop
   endfacet
   facet normal -1 -1.69007e-15 -1.55165e-15
      outer loop
         vertex -0.1956 -0.312609 -0.303421
         vertex -0.1956 -0.276209 -0.304988
         vertex -0.1956 -0.273081 -0.333845
      endloop
   endfacet
   facet normal -1 -1.69007e-15 -1.55165e-15
      outer loop
         vertex -0.1956 -0.356092 -0.342842
         vertex -0.1956 -0.319651 -0.308155
         vertex -0.1956 -0.317309 -0.308149
      endloop
   endfacet
   facet normal -1 -1.69007e-15 -1.55165e-15
      outer loop
         vertex -0.1956 -0.359219 -0.313985
         vertex -0.1956 -0.324378 -0.303454
         vertex -0.1956 -0.323476 -0.305615
      endloop
   endfacet
   facet normal -1 -1.69007e-15 -1.55165e-15
      outer loop
         vertex -0.1956 -0.32379 -0.285587
         vertex -0.1956 -0.319684 -0.296386
         vertex -0.1956 -0.321844 -0.297288
      endloop
   endfacet
   facet normal -1 -1.69007e-15 -1.55165e-15
      outer loop
         vertex -0.1956 -0.312609 -0.303421
         vertex -0.1956 -0.312615 -0.30108
         vertex -0.1956 -0.276209 -0.304988
      endloop
   endfacet
   facet normal -1 -1.69007e-15 -1.55165e-15
      outer loop
         vertex -0.1956 -0.273081 -0.333845
         vertex -0.1956 -0.317309 -0.308149
         vertex -0.1956 -0.315149 -0.307247
      endloop
   endfacet
   facet normal -1 -1.69007e-15 -1.55165e-15
      outer loop
         vertex -0.1956 -0.356092 -0.342842
         vertex -0.1956 -0.321816 -0.307265
         vertex -0.1956 -0.319651 -0.308155
      endloop
   endfacet
   facet normal -1 -1.69007e-15 -1.55165e-15
      outer loop
         vertex -0.1956 -0.323476 -0.305615
         vertex -0.1956 -0.356092 -0.342842
         vertex -0.1956 -0.359219 -0.313985
      endloop
   endfacet
   facet normal -1 -1.69007e-15 -1.55165e-15
      outer loop
         vertex -0.1956 -0.321844 -0.297288
         vertex -0.1956 -0.329849 -0.288949
         vertex -0.1956 -0.32379 -0.285587
      endloop
   endfacet
   facet normal -1 -1.69007e-15 -1.55165e-15
      outer loop
         vertex -0.1956 -0.3169 -0.28484
         vertex -0.1956 -0.317343 -0.296379
         vertex -0.1956 -0.319684 -0.296386
      endloop
   endfacet
   facet normal -1 -1.69007e-15 -1.55165e-15
      outer loop
         vertex -0.1956 -0.310261 -0.286826
         vertex -0.1956 -0.315177 -0.297269
         vertex -0.1956 -0.317343 -0.296379
      endloop
   endfacet
   facet normal -1 -1.69007e-15 -1.55165e-15
      outer loop
         vertex -0.1956 -0.315149 -0.307247
         vertex -0.1956 -0.313498 -0.305587
         vertex -0.1956 -0.273081 -0.333845
      endloop
   endfacet
   facet normal -1 -1.69007e-15 -1.55165e-15
      outer loop
         vertex -0.1956 -0.323476 -0.305615
         vertex -0.1956 -0.321816 -0.307265
         vertex -0.1956 -0.356092 -0.342842
      endloop
   endfacet
   facet normal -1 -1.69007e-15 -1.55165e-15
      outer loop
         vertex -0.1956 -0.319684 -0.296386
         vertex -0.1956 -0.32379 -0.285587
         vertex -0.1956 -0.3169 -0.28484
      endloop
   endfacet
   facet normal -1 -1.69007e-15 -1.55165e-15
      outer loop
         vertex -0.1956 -0.310261 -0.286826
         vertex -0.1956 -0.313517 -0.29892
         vertex -0.1956 -0.315177 -0.297269
      endloop
   endfacet
   facet normal -1 -1.69007e-15 -1.55165e-15
      outer loop
         vertex -0.1956 -0.317309 -0.308149
         vertex -0.1956 -0.273081 -0.333845
         vertex -0.1956 -0.356092 -0.342842
      endloop
   endfacet
   facet normal -1 -1.69007e-15 -1.55165e-15
      outer loop
         vertex -0.1956 -0.317343 -0.296379
         vertex -0.1956 -0.3169 -0.28484
         vertex -0.1956 -0.310261 -0.286826
      endloop
   endfacet
   facet normal -1 -1.69007e-15 -1.55165e-15
      outer loop
         vertex -0.1956 -0.359219 -0.313985
         vertex -0.1956 -0.324385 -0.301113
         vertex -0.1956 -0.324378 -0.303454
      endloop
   endfacet
   facet normal -1 -1.69007e-15 -1.55165e-15
      outer loop
         vertex -0.1956 -0.329849 -0.288949
         vertex -0.1956 -0.323495 -0.298948
         vertex -0.1956 -0.324385 -0.301113
      endloop
   endfacet
   facet normal -1 -1.69007e-15 -1.55165e-15
      outer loop
         vertex -0.1956 -0.313517 -0.29892
         vertex -0.1956 -0.310261 -0.286826
         vertex -0.1956 -0.276209 -0.304988
      endloop
   endfacet
   facet normal -1 -1.69007e-15 -1.55165e-15
      outer loop
         vertex -0.1956 -0.321844 -0.297288
         vertex -0.1956 -0.323495 -0.298948
         vertex -0.1956 -0.329849 -0.288949
      endloop
   endfacet
   facet normal -1 -1.69007e-15 -1.55165e-15
      outer loop
         vertex -0.1956 -0.324385 -0.301113
         vertex -0.1956 -0.359219 -0.313985
         vertex -0.1956 -0.329849 -0.288949
      endloop
   endfacet
   facet normal -8.44657e-17 -0.64872 0.761027
      outer loop
         vertex -0.1956 -0.329849 -0.288949
         vertex -0.1886 -0.329849 -0.288949
         vertex -0.1886 -0.32379 -0.285587
      endloop
   endfacet
   facet normal -9.67785e-16 -0.302465 0.953161
      outer loop
         vertex -0.1956 -0.32379 -0.285587
         vertex -0.1886 -0.32379 -0.285587
         vertex -0.1886 -0.3169 -0.28484
      endloop
   endfacet
   facet normal -1.69935e-15 0.0912201 0.995831
      outer loop
         vertex -0.1956 -0.3169 -0.28484
         vertex -0.1886 -0.3169 -0.28484
         vertex -0.1886 -0.310261 -0.286826
      endloop
   endfacet
   facet normal -2.16444e-15 0.470601 0.882346
      outer loop
         vertex -0.1886 -0.310261 -0.286826
         vertex -0.1956 -0.310261 -0.286826
         vertex -0.1956 -0.3169 -0.28484
      endloop
   endfacet
   facet normal -1.69935e-15 0.0912201 0.995831
      outer loop
         vertex -0.1886 -0.3169 -0.28484
         vertex -0.1956 -0.3169 -0.28484
         vertex -0.1956 -0.32379 -0.285587
      endloop
   endfacet
   facet normal -9.67785e-16 -0.302465 0.953161
      outer loop
         vertex -0.1886 -0.32379 -0.285587
         vertex -0.1956 -0.32379 -0.285587
         vertex -0.1956 -0.329849 -0.288949
      endloop
   endfacet
   facet normal -1 3.41217e-14 2.34628e-15
      outer loop
         vertex -0.1956 -0.273081 -0.333845
         vertex -0.1956 -0.276209 -0.304988
         vertex -0.19518 -0.273147 -0.306621
      endloop
   endfacet
   facet normal -0.95799 0.285133 0.0309046
      outer loop
         vertex -0.19518 -0.27023 -0.333536
         vertex -0.19518 -0.273147 -0.306621
         vertex -0.193955 -0.270342 -0.308117
      endloop
   endfacet
   facet normal -0.835488 0.546309 0.0592126
      outer loop
         vertex -0.193955 -0.267618 -0.333253
         vertex -0.193955 -0.270342 -0.308117
         vertex -0.192028 -0.268031 -0.30935
      endloop
   endfacet
   facet normal -0.642788 0.761584 0.0825455
      outer loop
         vertex -0.192028 -0.268031 -0.30935
         vertex -0.192028 -0.265465 -0.333019
         vertex -0.193955 -0.267618 -0.333253
      endloop
   endfacet
   facet normal -0.835488 0.546309 0.0592126
      outer loop
         vertex -0.193955 -0.270342 -0.308117
         vertex -0.193955 -0.267618 -0.333253
         vertex -0.19518 -0.27023 -0.333536
      endloop
   endfacet
   facet normal -0.95799 0.285133 0.0309046
      outer loop
         vertex -0.19518 -0.273147 -0.306621
         vertex -0.19518 -0.27023 -0.333536
         vertex -0.1956 -0.273081 -0.333845
      endloop
   endfacet
   facet normal -2.21219e-15 0.470601 0.882346
      outer loop
         vertex -0.1886 -0.267501 -0.309633
         vertex -0.192028 -0.268031 -0.30935
         vertex -0.193955 -0.270342 -0.308117
      endloop
   endfacet
   facet normal -2.21219e-15 0.470601 0.882346
      outer loop
         vertex -0.193955 -0.270342 -0.308117
         vertex -0.19518 -0.273147 -0.306621
         vertex -0.1886 -0.267501 -0.309633
      endloop
   endfacet
   facet normal -2.21219e-15 0.470601 0.882346
      outer loop
         vertex -0.1886 -0.310261 -0.286826
         vertex -0.1886 -0.267501 -0.309633
         vertex -0.1956 -0.276209 -0.304988
      endloop
   endfacet
   facet normal -2.21219e-15 0.470601 0.882346
      outer loop
         vertex -0.1886 -0.267501 -0.309633
         vertex -0.191436 -0.267501 -0.309633
         vertex -0.192028 -0.268031 -0.30935
      endloop
   endfacet
   facet normal -2.21219e-15 0.470601 0.882346
      outer loop
         vertex -0.19518 -0.273147 -0.306621
         vertex -0.1956 -0.276209 -0.304988
         vertex -0.1886 -0.267501 -0.309633
      endloop
   endfacet
   facet normal -2.21219e-15 0.470601 0.882346
      outer loop
         vertex -0.1956 -0.276209 -0.304988
         vertex -0.1956 -0.310261 -0.286826
         vertex -0.1886 -0.310261 -0.286826
      endloop
   endfacet
   facet normal -2.21219e-15 0.470601 0.882346
      outer loop
         vertex -0.191436 -0.267501 -0.309633
         vertex -0.1886 -0.267501 -0.309633
         vertex -0.1886 -0.264985 -0.310759
      endloop
   endfacet
   facet normal -0.835488 -0.546309 -0.0592126
      outer loop
         vertex -0.193955 -0.361555 -0.343434
         vertex -0.192028 -0.363707 -0.343668
         vertex -0.192028 -0.366273 -0.319998
      endloop
   endfacet
   facet normal -0.95799 -0.285133 -0.0309046
      outer loop
         vertex -0.19518 -0.358943 -0.343151
         vertex -0.193955 -0.361555 -0.343434
         vertex -0.193955 -0.364279 -0.318298
      endloop
   endfacet
   facet normal -1 6.72344e-14 5.93526e-15
      outer loop
         vertex -0.1956 -0.356092 -0.342842
         vertex -0.19518 -0.358943 -0.343151
         vertex -0.19518 -0.36186 -0.316236
      endloop
   endfacet
   facet normal -0.95799 -0.285133 -0.0309046
      outer loop
         vertex -0.19518 -0.36186 -0.316236
         vertex -0.1956 -0.359219 -0.313985
         vertex -0.1956 -0.356092 -0.342842
      endloop
   endfacet
   facet normal -0.835488 -0.546309 -0.0592126
      outer loop
         vertex -0.193955 -0.364279 -0.318298
         vertex -0.19518 -0.36186 -0.316236
         vertex -0.19518 -0.358943 -0.343151
      endloop
   endfacet
   facet normal -0.642788 -0.761584 -0.0825455
      outer loop
         vertex -0.192028 -0.366273 -0.319998
         vertex -0.193955 -0.364279 -0.318298
         vertex -0.193955 -0.361555 -0.343434
      endloop
   endfacet
   facet normal -9.72623e-18 -0.64872 0.761027
      outer loop
         vertex -0.1886 -0.36673 -0.320388
         vertex -0.19518 -0.36186 -0.316236
         vertex -0.193955 -0.364279 -0.318298
      endloop
   endfacet
   facet normal -9.72623e-18 -0.64872 0.761027
      outer loop
         vertex -0.1886 -0.36673 -0.320388
         vertex -0.1956 -0.359219 -0.313985
         vertex -0.19518 -0.36186 -0.316236
      endloop
   endfacet
   facet normal -9.72623e-18 -0.64872 0.761027
      outer loop
         vertex -0.193955 -0.364279 -0.318298
         vertex -0.192028 -0.366273 -0.319998
         vertex -0.1886 -0.36673 -0.320388
      endloop
   endfacet
   facet normal -9.72623e-18 -0.64872 0.761027
      outer loop
         vertex -0.1886 -0.329849 -0.288949
         vertex -0.1956 -0.329849 -0.288949
         vertex -0.1956 -0.359219 -0.313985
      endloop
   endfacet
   facet normal -9.72623e-18 -0.64872 0.761027
      outer loop
         vertex -0.1956 -0.359219 -0.313985
         vertex -0.1886 -0.36673 -0.320388
         vertex -0.1886 -0.329849 -0.288949
      endloop
   endfacet
   facet normal -9.72623e-18 -0.64872 0.761027
      outer loop
         vertex -0.192028 -0.366273 -0.319998
         vertex -0.191436 -0.36673 -0.320388
         vertex -0.1886 -0.36673 -0.320388
      endloop
   endfacet
   facet normal -3.98908e-16 -0.537922 0.842995
      outer loop
         vertex -0.1886 -0.368946 -0.322027
         vertex -0.1886 -0.36673 -0.320388
         vertex -0.191436 -0.36673 -0.320388
      endloop
   endfacet
   facet normal -0.642788 0.761584 0.0825455
      outer loop
         vertex -0.191436 -0.267501 -0.309633
         vertex -0.1886 -0.264985 -0.310759
         vertex -0.1886 -0.264761 -0.312826
      endloop
   endfacet
   facet normal -0.642788 0.761584 0.0825455
      outer loop
         vertex -0.167106 -0.244675 -0.330766
         vertex -0.192028 -0.265465 -0.333019
         vertex -0.1886 -0.264761 -0.312826
      endloop
   endfacet
   facet normal -0.642788 0.761584 0.0825455
      outer loop
         vertex -0.192028 -0.265465 -0.333019
         vertex -0.192028 -0.268031 -0.30935
         vertex -0.191436 -0.267501 -0.309633
      endloop
   endfacet
   facet normal -0.642788 0.761584 0.0825455
      outer loop
         vertex -0.1886 -0.264761 -0.312826
         vertex -0.192028 -0.265465 -0.333019
         vertex -0.191436 -0.267501 -0.309633
      endloop
   endfacet
   facet normal -0.642788 0.761584 0.0825455
      outer loop
         vertex -0.1886 -0.264761 -0.312826
         vertex -0.167106 -0.24683 -0.310882
         vertex -0.167106 -0.244675 -0.330766
      endloop
   endfacet
   facet normal -0.642788 0.761584 0.0825455
      outer loop
         vertex -0.167106 -0.244675 -0.330766
         vertex -0.167106 -0.24683 -0.310882
         vertex -0.16109 -0.243377 -0.310508
      endloop
   endfacet
   facet normal -0.34202 0.934221 0.101257
      outer loop
         vertex -0.16109 -0.241222 -0.330392
         vertex -0.16109 -0.243377 -0.310508
         vertex -0.15425 -0.242178 -0.310378
      endloop
   endfacet
   facet normal 4.58265e-15 0.994177 0.107755
      outer loop
         vertex -0.15425 -0.240023 -0.330262
         vertex -0.15425 -0.242178 -0.310378
         vertex -0.14741 -0.243377 -0.310508
      endloop
   endfacet
   facet normal 0.34202 0.934221 0.101257
      outer loop
         vertex -0.14741 -0.241222 -0.330392
         vertex -0.14741 -0.243377 -0.310508
         vertex -0.141394 -0.24683 -0.310882
      endloop
   endfacet
   facet normal 0.642788 0.761584 0.0825455
      outer loop
         vertex -0.141394 -0.24683 -0.310882
         vertex -0.141394 -0.244675 -0.330766
         vertex -0.14741 -0.241222 -0.330392
      endloop
   endfacet
   facet normal 0.34202 0.934221 0.101257
      outer loop
         vertex -0.14741 -0.243377 -0.310508
         vertex -0.14741 -0.241222 -0.330392
         vertex -0.15425 -0.240023 -0.330262
      endloop
   endfacet
   facet normal 4.58265e-15 0.994177 0.107755
      outer loop
         vertex -0.15425 -0.242178 -0.310378
         vertex -0.15425 -0.240023 -0.330262
         vertex -0.16109 -0.241222 -0.330392
      endloop
   endfacet
   facet normal -0.34202 0.934221 0.101257
      outer loop
         vertex -0.16109 -0.243377 -0.310508
         vertex -0.16109 -0.241222 -0.330392
         vertex -0.167106 -0.244675 -0.330766
      endloop
   endfacet
   facet normal -0.642788 -0.761584 -0.0825455
      outer loop
         vertex -0.191436 -0.36673 -0.320388
         vertex -0.192028 -0.363707 -0.343668
         vertex -0.1886 -0.368722 -0.324094
      endloop
   endfacet
   facet normal -0.642788 -0.761584 -0.0825455
      outer loop
         vertex -0.1886 -0.368722 -0.324094
         vertex -0.1886 -0.368946 -0.322027
         vertex -0.191436 -0.36673 -0.320388
      endloop
   endfacet
   facet normal -0.642788 -0.761584 -0.0825455
      outer loop
         vertex -0.167106 -0.384498 -0.345921
         vertex -0.167106 -0.386653 -0.326037
         vertex -0.1886 -0.368722 -0.324094
      endloop
   endfacet
   facet normal -0.642788 -0.761584 -0.0825455
      outer loop
         vertex -0.1886 -0.368722 -0.324094
         vertex -0.192028 -0.363707 -0.343668
         vertex -0.167106 -0.384498 -0.345921
      endloop
   endfacet
   facet normal -0.642788 -0.761584 -0.0825455
      outer loop
         vertex -0.191436 -0.36673 -0.320388
         vertex -0.192028 -0.366273 -0.319998
         vertex -0.192028 -0.363707 -0.343668
      endloop
   endfacet
   facet normal 0.642788 -0.761584 -0.0825455
      outer loop
         vertex -0.141394 -0.384498 -0.345921
         vertex -0.141394 -0.386653 -0.326037
         vertex -0.14741 -0.390106 -0.326412
      endloop
   endfacet
   facet normal 0.34202 -0.934221 -0.101257
      outer loop
         vertex -0.14741 -0.387951 -0.346295
         vertex -0.14741 -0.390106 -0.326412
         vertex -0.15425 -0.391305 -0.326542
      endloop
   endfacet
   facet normal 9.30658e-15 -0.994177 -0.107755
      outer loop
         vertex -0.15425 -0.38915 -0.346425
         vertex -0.15425 -0.391305 -0.326542
         vertex -0.16109 -0.390106 -0.326412
      endloop
   endfacet
   facet normal -0.34202 -0.934221 -0.101257
      outer loop
         vertex -0.16109 -0.387951 -0.346295
         vertex -0.16109 -0.390106 -0.326412
         vertex -0.167106 -0.386653 -0.326037
      endloop
   endfacet
   facet normal -0.642788 -0.761584 -0.0825455
      outer loop
         vertex -0.167106 -0.386653 -0.326037
         vertex -0.167106 -0.384498 -0.345921
         vertex -0.16109 -0.387951 -0.346295
      endloop
   endfacet
   facet normal -0.34202 -0.934221 -0.101257
      outer loop
         vertex -0.16109 -0.390106 -0.326412
         vertex -0.16109 -0.387951 -0.346295
         vertex -0.15425 -0.38915 -0.346425
      endloop
   endfacet
   facet normal 9.30658e-15 -0.994177 -0.107755
      outer loop
         vertex -0.15425 -0.391305 -0.326542
         vertex -0.15425 -0.38915 -0.346425
         vertex -0.14741 -0.387951 -0.346295
      endloop
   endfacet
   facet normal 0.34202 -0.934221 -0.101257
      outer loop
         vertex -0.14741 -0.390106 -0.326412
         vertex -0.14741 -0.387951 -0.346295
         vertex -0.141394 -0.384498 -0.345921
      endloop
   endfacet
   facet normal -1.34417e-15 -0.107755 0.994177
      outer loop
         vertex -0.167106 -0.386653 -0.326037
         vertex -0.15425 -0.391305 -0.326542
         vertex -0.14741 -0.390106 -0.326412
      endloop
   endfacet
   facet normal -1.34417e-15 -0.107755 0.994177
      outer loop
         vertex -0.1199 -0.351658 -0.322244
         vertex -0.167106 -0.386653 -0.326037
         vertex -0.141394 -0.386653 -0.326037
      endloop
   endfacet
   facet normal -1.34417e-15 -0.107755 0.994177
      outer loop
         vertex -0.167106 -0.386653 -0.326037
         vertex -0.16109 -0.390106 -0.326412
         vertex -0.15425 -0.391305 -0.326542
      endloop
   endfacet
   facet normal -1.34417e-15 -0.107755 0.994177
      outer loop
         vertex -0.14741 -0.390106 -0.326412
         vertex -0.141394 -0.386653 -0.326037
         vertex -0.167106 -0.386653 -0.326037
      endloop
   endfacet
   facet normal -1.34417e-15 -0.107755 0.994177
      outer loop
         vertex -0.1199 -0.351658 -0.322244
         vertex -0.1886 -0.351658 -0.322244
         vertex -0.1886 -0.368722 -0.324094
      endloop
   endfacet
   facet normal -1.34417e-15 -0.107755 0.994177
      outer loop
         vertex -0.1886 -0.368722 -0.324094
         vertex -0.167106 -0.386653 -0.326037
         vertex -0.1199 -0.351658 -0.322244
      endloop
   endfacet
   facet normal -1.34417e-15 -0.107755 0.994177
      outer loop
         vertex -0.141394 -0.386653 -0.326037
         vertex -0.1199 -0.368722 -0.324094
         vertex -0.1199 -0.351658 -0.322244
      endloop
   endfacet
   facet normal -1.34417e-15 -0.107755 0.994177
      outer loop
         vertex -0.14741 -0.243377 -0.310508
         vertex -0.15425 -0.242178 -0.310378
         vertex -0.16109 -0.243377 -0.310508
      endloop
   endfacet
   facet normal -1.34417e-15 -0.107755 0.994177
      outer loop
         vertex -0.167106 -0.24683 -0.310882
         vertex -0.141394 -0.24683 -0.310882
         vertex -0.14741 -0.243377 -0.310508
      endloop
   endfacet
   facet normal -1.34417e-15 -0.107755 0.994177
      outer loop
         vertex -0.1199 -0.281825 -0.314675
         vertex -0.1199 -0.264761 -0.312826
         vertex -0.141394 -0.24683 -0.310882
      endloop
   endfacet
   facet normal -1.34417e-15 -0.107755 0.994177
      outer loop
         vertex -0.1199 -0.281825 -0.314675
         vertex -0.167106 -0.24683 -0.310882
         vertex -0.1886 -0.264761 -0.312826
      endloop
   endfacet
   facet normal -1.34417e-15 -0.107755 0.994177
      outer loop
         vertex -0.141394 -0.24683 -0.310882
         vertex -0.167106 -0.24683 -0.310882
         vertex -0.1199 -0.281825 -0.314675
      endloop
   endfacet
   facet normal -1.34417e-15 -0.107755 0.994177
      outer loop
         vertex -0.16109 -0.243377 -0.310508
         vertex -0.167106 -0.24683 -0.310882
         vertex -0.14741 -0.243377 -0.310508
      endloop
   endfacet
   facet normal -1.34417e-15 -0.107755 0.994177
      outer loop
         vertex -0.1886 -0.264761 -0.312826
         vertex -0.1886 -0.281825 -0.314675
         vertex -0.1199 -0.281825 -0.314675
      endloop
   endfacet
   facet normal 1 1.69007e-15 1.55165e-15
      outer loop
         vertex -0.1886 -0.368722 -0.324094
         vertex -0.1886 -0.351658 -0.322244
         vertex -0.1886 -0.36673 -0.320388
      endloop
   endfacet
   facet normal 1 1.69007e-15 1.55165e-15
      outer loop
         vertex -0.1886 -0.324378 -0.303454
         vertex -0.1886 -0.36673 -0.320388
         vertex -0.1886 -0.351658 -0.322244
      endloop
   endfacet
   facet normal 1 1.69007e-15 1.55165e-15
      outer loop
         vertex -0.1886 -0.323476 -0.305615
         vertex -0.1886 -0.344042 -0.322888
         vertex -0.1886 -0.337223 -0.326342
      endloop
   endfacet
   facet normal 1 1.69007e-15 1.55165e-15
      outer loop
         vertex -0.1886 -0.351658 -0.322244
         vertex -0.1886 -0.323476 -0.305615
         vertex -0.1886 -0.324378 -0.303454
      endloop
   endfacet
   facet normal 1 1.69007e-15 1.55165e-15
      outer loop
         vertex -0.1886 -0.323476 -0.305615
         vertex -0.1886 -0.351658 -0.322244
         vertex -0.1886 -0.344042 -0.322888
      endloop
   endfacet
   facet normal 1 1.69007e-15 1.55165e-15
      outer loop
         vertex -0.1886 -0.326825 -0.331608
         vertex -0.1886 -0.319651 -0.308155
         vertex -0.1886 -0.321816 -0.307265
      endloop
   endfacet
   facet normal 1 1.69007e-15 1.55165e-15
      outer loop
         vertex -0.1886 -0.31521 -0.33259
         vertex -0.1886 -0.317309 -0.308149
         vertex -0.1886 -0.319651 -0.308155
      endloop
   endfacet
   facet normal 1 1.69007e-15 1.55165e-15
      outer loop
         vertex -0.1886 -0.3169 -0.28484
         vertex -0.1886 -0.32379 -0.285587
         vertex -0.1886 -0.319684 -0.296386
      endloop
   endfacet
   facet normal 1 1.69007e-15 1.55165e-15
      outer loop
         vertex -0.1886 -0.32379 -0.285587
         vertex -0.1886 -0.329849 -0.288949
         vertex -0.1886 -0.321844 -0.297288
      endloop
   endfacet
   facet normal 1 1.69007e-15 1.55165e-15
      outer loop
         vertex -0.1886 -0.337223 -0.326342
         vertex -0.1886 -0.321816 -0.307265
         vertex -0.1886 -0.323476 -0.305615
      endloop
   endfacet
   facet normal 1 1.69007e-15 1.55165e-15
      outer loop
         vertex -0.1886 -0.319651 -0.308155
         vertex -0.1886 -0.326825 -0.331608
         vertex -0.1886 -0.31521 -0.33259
      endloop
   endfacet
   facet normal 1 1.69007e-15 1.55165e-15
      outer loop
         vertex -0.1886 -0.310261 -0.286826
         vertex -0.1886 -0.3169 -0.28484
         vertex -0.1886 -0.317343 -0.296379
      endloop
   endfacet
   facet normal 1 1.69007e-15 1.55165e-15
      outer loop
         vertex -0.1886 -0.321844 -0.297288
         vertex -0.1886 -0.319684 -0.296386
         vertex -0.1886 -0.32379 -0.285587
      endloop
   endfacet
   facet normal 1 1.69007e-15 1.55165e-15
      outer loop
         vertex -0.1886 -0.329849 -0.288949
         vertex -0.1886 -0.36673 -0.320388
         vertex -0.1886 -0.324385 -0.301113
      endloop
   endfacet
   facet normal 1 1.69007e-15 1.55165e-15
      outer loop
         vertex -0.1886 -0.321816 -0.307265
         vertex -0.1886 -0.337223 -0.326342
         vertex -0.1886 -0.326825 -0.331608
      endloop
   endfacet
   facet normal 1 1.69007e-15 1.55165e-15
      outer loop
         vertex -0.1886 -0.304075 -0.329143
         vertex -0.1886 -0.315149 -0.307247
         vertex -0.1886 -0.317309 -0.308149
      endloop
   endfacet
   facet normal 1 1.69007e-15 1.55165e-15
      outer loop
         vertex -0.1886 -0.312609 -0.303421
         vertex -0.1886 -0.264761 -0.312826
         vertex -0.1886 -0.267501 -0.309633
      endloop
   endfacet
   facet normal 1 1.69007e-15 1.55165e-15
      outer loop
         vertex -0.1886 -0.317343 -0.296379
         vertex -0.1886 -0.315177 -0.297269
         vertex -0.1886 -0.310261 -0.286826
      endloop
   endfacet
   facet normal 1 1.69007e-15 1.55165e-15
      outer loop
         vertex -0.1886 -0.329849 -0.288949
         vertex -0.1886 -0.323495 -0.298948
         vertex -0.1886 -0.321844 -0.297288
      endloop
   endfacet
   facet normal 1 1.69007e-15 1.55165e-15
      outer loop
         vertex -0.1886 -0.36673 -0.320388
         vertex -0.1886 -0.324378 -0.303454
         vertex -0.1886 -0.324385 -0.301113
      endloop
   endfacet
   facet normal 1 1.69007e-15 1.55165e-15
      outer loop
         vertex -0.1886 -0.317309 -0.308149
         vertex -0.1886 -0.31521 -0.33259
         vertex -0.1886 -0.304075 -0.329143
      endloop
   endfacet
   facet normal 1 1.69007e-15 1.55165e-15
      outer loop
         vertex -0.1886 -0.264761 -0.312826
         vertex -0.1886 -0.264985 -0.310759
         vertex -0.1886 -0.267501 -0.309633
      endloop
   endfacet
   facet normal 1 1.69007e-15 1.55165e-15
      outer loop
         vertex -0.1886 -0.267501 -0.309633
         vertex -0.1886 -0.310261 -0.286826
         vertex -0.1886 -0.313517 -0.29892
      endloop
   endfacet
   facet normal 1 1.69007e-15 1.55165e-15
      outer loop
         vertex -0.1886 -0.319684 -0.296386
         vertex -0.1886 -0.317343 -0.296379
         vertex -0.1886 -0.3169 -0.28484
      endloop
   endfacet
   facet normal 1 1.69007e-15 1.55165e-15
      outer loop
         vertex -0.1886 -0.36673 -0.320388
         vertex -0.1886 -0.368946 -0.322027
         vertex -0.1886 -0.368722 -0.324094
      endloop
   endfacet
   facet normal 1 1.69007e-15 1.55165e-15
      outer loop
         vertex -0.1886 -0.312609 -0.303421
         vertex -0.1886 -0.289127 -0.316936
         vertex -0.1886 -0.281825 -0.314675
      endloop
   endfacet
   facet normal 1 1.69007e-15 1.55165e-15
      outer loop
         vertex -0.1886 -0.289127 -0.316936
         vertex -0.1886 -0.312609 -0.303421
         vertex -0.1886 -0.313498 -0.305587
      endloop
   endfacet
   facet normal 1 1.69007e-15 1.55165e-15
      outer loop
         vertex -0.1886 -0.313517 -0.29892
         vertex -0.1886 -0.312615 -0.30108
         vertex -0.1886 -0.267501 -0.309633
      endloop
   endfacet
   facet normal 1 1.69007e-15 1.55165e-15
      outer loop
         vertex -0.1886 -0.324385 -0.301113
         vertex -0.1886 -0.323495 -0.298948
         vertex -0.1886 -0.329849 -0.288949
      endloop
   endfacet
   facet normal 1 1.69007e-15 1.55165e-15
      outer loop
         vertex -0.1886 -0.295047 -0.32177
         vertex -0.1886 -0.313498 -0.305587
         vertex -0.1886 -0.315149 -0.307247
      endloop
   endfacet
   facet normal 1 1.69007e-15 1.55165e-15
      outer loop
         vertex -0.1886 -0.313498 -0.305587
         vertex -0.1886 -0.295047 -0.32177
         vertex -0.1886 -0.289127 -0.316936
      endloop
   endfacet
   facet normal 1 1.69007e-15 1.55165e-15
      outer loop
         vertex -0.1886 -0.315177 -0.297269
         vertex -0.1886 -0.313517 -0.29892
         vertex -0.1886 -0.310261 -0.286826
      endloop
   endfacet
   facet normal 1 1.69007e-15 1.55165e-15
      outer loop
         vertex -0.1886 -0.281825 -0.314675
         vertex -0.1886 -0.264761 -0.312826
         vertex -0.1886 -0.312609 -0.303421
      endloop
   endfacet
   facet normal 1 1.69007e-15 1.55165e-15
      outer loop
         vertex -0.1886 -0.315149 -0.307247
         vertex -0.1886 -0.304075 -0.329143
         vertex -0.1886 -0.295047 -0.32177
      endloop
   endfacet
   facet normal 1 1.69007e-15 1.55165e-15
      outer loop
         vertex -0.1886 -0.267501 -0.309633
         vertex -0.1886 -0.312615 -0.30108
         vertex -0.1886 -0.312609 -0.303421
      endloop
   endfacet
   facet normal -5.68136e-16 -0.472826 0.881156
      outer loop
         vertex -0.1199 -0.304075 -0.329143
         vertex -0.1199 -0.295047 -0.32177
         vertex -0.1886 -0.295047 -0.32177
      endloop
   endfacet
   facet normal -1.3605e-15 -0.107755 0.994177
      outer loop
         vertex -0.1199 -0.31521 -0.33259
         vertex -0.1199 -0.304075 -0.329143
         vertex -0.1886 -0.304075 -0.329143
      endloop
   endfacet
   facet normal -1.95416e-15 0.273053 0.961999
      outer loop
         vertex -0.1199 -0.326825 -0.331608
         vertex -0.1199 -0.31521 -0.33259
         vertex -0.1886 -0.31521 -0.33259
      endloop
   endfacet
   facet normal -2.26242e-15 0.613982 0.78932
      outer loop
         vertex -0.1199 -0.337223 -0.326342
         vertex -0.1199 -0.326825 -0.331608
         vertex -0.1886 -0.326825 -0.331608
      endloop
   endfacet
   facet normal -1.95416e-15 0.273053 0.961999
      outer loop
         vertex -0.1886 -0.326825 -0.331608
         vertex -0.1886 -0.337223 -0.326342
         vertex -0.1199 -0.337223 -0.326342
      endloop
   endfacet
   facet normal -1.3605e-15 -0.107755 0.994177
      outer loop
         vertex -0.1886 -0.31521 -0.33259
         vertex -0.1886 -0.326825 -0.331608
         vertex -0.1199 -0.326825 -0.331608
      endloop
   endfacet
   facet normal -5.68136e-16 -0.472826 0.881156
      outer loop
         vertex -0.1886 -0.304075 -0.329143
         vertex -0.1886 -0.31521 -0.33259
         vertex -0.1199 -0.31521 -0.33259
      endloop
   endfacet
   facet normal 3.07204e-16 -0.76884 0.639441
      outer loop
         vertex -0.1886 -0.295047 -0.32177
         vertex -0.1886 -0.304075 -0.329143
         vertex -0.1199 -0.304075 -0.329143
      endloop
   endfacet
   facet normal -2.26242e-15 0.613982 0.78932
      outer loop
         vertex -0.1199 -0.337223 -0.326342
         vertex -0.1886 -0.337223 -0.326342
         vertex -0.1886 -0.344042 -0.322888
      endloop
   endfacet
   facet normal -1.95416e-15 0.273053 0.961999
      outer loop
         vertex -0.1199 -0.344042 -0.322888
         vertex -0.1886 -0.344042 -0.322888
         vertex -0.1886 -0.351658 -0.322244
      endloop
   endfacet
   facet normal -1.3605e-15 -0.107755 0.994177
      outer loop
         vertex -0.1886 -0.351658 -0.322244
         vertex -0.1199 -0.351658 -0.322244
         vertex -0.1199 -0.344042 -0.322888
      endloop
   endfacet
   facet normal -1.95416e-15 0.273053 0.961999
      outer loop
         vertex -0.1886 -0.344042 -0.322888
         vertex -0.1199 -0.344042 -0.322888
         vertex -0.1199 -0.337223 -0.326342
      endloop
   endfacet
   facet normal -1.3605e-15 -0.107755 0.994177
      outer loop
         vertex -0.1199 -0.281825 -0.314675
         vertex -0.1886 -0.281825 -0.314675
         vertex -0.1886 -0.289127 -0.316936
      endloop
   endfacet
   facet normal -5.68136e-16 -0.472826 0.881156
      outer loop
         vertex -0.1199 -0.289127 -0.316936
         vertex -0.1886 -0.289127 -0.316936
         vertex -0.1886 -0.295047 -0.32177
      endloop
   endfacet
   facet normal 3.07204e-16 -0.76884 0.639441
      outer loop
         vertex -0.1886 -0.295047 -0.32177
         vertex -0.1199 -0.295047 -0.32177
         vertex -0.1199 -0.289127 -0.316936
      endloop
   endfacet
   facet normal -5.68136e-16 -0.472826 0.881156
      outer loop
         vertex -0.1886 -0.289127 -0.316936
         vertex -0.1199 -0.289127 -0.316936
         vertex -0.1199 -0.281825 -0.314675
      endloop
   endfacet
   facet normal 0.642788 0.761584 0.0825455
      outer loop
         vertex -0.116472 -0.268031 -0.30935
         vertex -0.116472 -0.265465 -0.333019
         vertex -0.1199 -0.264761 -0.312826
      endloop
   endfacet
   facet normal 0.642788 0.761584 0.0825455
      outer loop
         vertex -0.141394 -0.244675 -0.330766
         vertex -0.141394 -0.24683 -0.310882
         vertex -0.1199 -0.264761 -0.312826
      endloop
   endfacet
   facet normal 0.642788 0.761584 0.0825455
      outer loop
         vertex -0.1199 -0.264761 -0.312826
         vertex -0.116472 -0.265465 -0.333019
         vertex -0.141394 -0.244675 -0.330766
      endloop
   endfacet
   facet normal 0.642788 0.761584 0.0825455
      outer loop
         vertex -0.1199 -0.264761 -0.312826
         vertex -0.1199 -0.26496 -0.310988
         vertex -0.116472 -0.268031 -0.30935
      endloop
   endfacet
   facet normal 0.835488 0.546309 0.0592126
      outer loop
         vertex -0.114545 -0.267618 -0.333253
         vertex -0.116472 -0.265465 -0.333019
         vertex -0.116472 -0.268031 -0.30935
      endloop
   endfacet
   facet normal 0.95799 0.285133 0.0309046
      outer loop
         vertex -0.11332 -0.27023 -0.333536
         vertex -0.114545 -0.267618 -0.333253
         vertex -0.114545 -0.270342 -0.308117
      endloop
   endfacet
   facet normal 1 3.11218e-14 4.72523e-15
      outer loop
         vertex -0.1129 -0.273081 -0.333845
         vertex -0.11332 -0.27023 -0.333536
         vertex -0.11332 -0.273147 -0.306621
      endloop
   endfacet
   facet normal 0.95799 0.285133 0.0309046
      outer loop
         vertex -0.11332 -0.273147 -0.306621
         vertex -0.1129 -0.276209 -0.304988
         vertex -0.1129 -0.273081 -0.333845
      endloop
   endfacet
   facet normal 0.835488 0.546309 0.0592126
      outer loop
         vertex -0.114545 -0.270342 -0.308117
         vertex -0.11332 -0.273147 -0.306621
         vertex -0.11332 -0.27023 -0.333536
      endloop
   endfacet
   facet normal 0.642788 0.761584 0.0825455
      outer loop
         vertex -0.116472 -0.268031 -0.30935
         vertex -0.114545 -0.270342 -0.308117
         vertex -0.114545 -0.267618 -0.333253
      endloop
   endfacet
   facet normal 1.34417e-15 0.107755 -0.994177
      outer loop
         vertex -0.167106 -0.384498 -0.345921
         vertex -0.141394 -0.384498 -0.345921
         vertex -0.14741 -0.387951 -0.346295
      endloop
   endfacet
   facet normal 1.34417e-15 0.107755 -0.994177
      outer loop
         vertex -0.14741 -0.387951 -0.346295
         vertex -0.15425 -0.38915 -0.346425
         vertex -0.167106 -0.384498 -0.345921
      endloop
   endfacet
   facet normal 1.34417e-15 0.107755 -0.994177
      outer loop
         vertex -0.16109 -0.241222 -0.330392
         vertex -0.15425 -0.240023 -0.330262
         vertex -0.14741 -0.241222 -0.330392
      endloop
   endfacet
   facet normal 1.34417e-15 0.107755 -0.994177
      outer loop
         vertex -0.116472 -0.363707 -0.343668
         vertex -0.192028 -0.363707 -0.343668
         vertex -0.193955 -0.361555 -0.343434
      endloop
   endfacet
   facet normal 1.34417e-15 0.107755 -0.994177
      outer loop
         vertex -0.167106 -0.384498 -0.345921
         vertex -0.116472 -0.363707 -0.343668
         vertex -0.141394 -0.384498 -0.345921
      endloop
   endfacet
   facet normal 1.34417e-15 0.107755 -0.994177
      outer loop
         vertex -0.1956 -0.356092 -0.342842
         vertex -0.11332 -0.358943 -0.343151
         vertex -0.114545 -0.361555 -0.343434
      endloop
   endfacet
   facet normal 1.34417e-15 0.107755 -0.994177
      outer loop
         vertex -0.1956 -0.273081 -0.333845
         vertex -0.1129 -0.298444 -0.336594
         vertex -0.1129 -0.303993 -0.337195
      endloop
   endfacet
   facet normal 1.34417e-15 0.107755 -0.994177
      outer loop
         vertex -0.1956 -0.273081 -0.333845
         vertex -0.1129 -0.2917 -0.335863
         vertex -0.1129 -0.293355 -0.336042
      endloop
   endfacet
   facet normal 1.34417e-15 0.107755 -0.994177
      outer loop
         vertex -0.192028 -0.265465 -0.333019
         vertex -0.114545 -0.267618 -0.333253
         vertex -0.11332 -0.27023 -0.333536
      endloop
   endfacet
   facet normal 1.34417e-15 0.107755 -0.994177
      outer loop
         vertex -0.141394 -0.244675 -0.330766
         vertex -0.167106 -0.244675 -0.330766
         vertex -0.16109 -0.241222 -0.330392
      endloop
   endfacet
   facet normal 1.34417e-15 0.107755 -0.994177
      outer loop
         vertex -0.193955 -0.361555 -0.343434
         vertex -0.19518 -0.358943 -0.343151
         vertex -0.116472 -0.363707 -0.343668
      endloop
   endfacet
   facet normal 1.34417e-15 0.107755 -0.994177
      outer loop
         vertex -0.15425 -0.38915 -0.346425
         vertex -0.16109 -0.387951 -0.346295
         vertex -0.167106 -0.384498 -0.345921
      endloop
   endfacet
   facet normal 1.34417e-15 0.107755 -0.994177
      outer loop
         vertex -0.1956 -0.356092 -0.342842
         vertex -0.1129 -0.356092 -0.342842
         vertex -0.11332 -0.358943 -0.343151
      endloop
   endfacet
   facet normal 1.34417e-15 0.107755 -0.994177
      outer loop
         vertex -0.1956 -0.356092 -0.342842
         vertex -0.1956 -0.273081 -0.333845
         vertex -0.1129 -0.308181 -0.337649
      endloop
   endfacet
   facet normal 1.34417e-15 0.107755 -0.994177
      outer loop
         vertex -0.1129 -0.293355 -0.336042
         vertex -0.1129 -0.298444 -0.336594
         vertex -0.1956 -0.273081 -0.333845
      endloop
   endfacet
   facet normal 1.34417e-15 0.107755 -0.994177
      outer loop
         vertex -0.1956 -0.273081 -0.333845
         vertex -0.1129 -0.284523 -0.335085
         vertex -0.1129 -0.286984 -0.335352
      endloop
   endfacet
   facet normal 1.34417e-15 0.107755 -0.994177
      outer loop
         vertex -0.192028 -0.265465 -0.333019
         vertex -0.116472 -0.265465 -0.333019
         vertex -0.114545 -0.267618 -0.333253
      endloop
   endfacet
   facet normal 1.34417e-15 0.107755 -0.994177
      outer loop
         vertex -0.141394 -0.244675 -0.330766
         vertex -0.192028 -0.265465 -0.333019
         vertex -0.167106 -0.244675 -0.330766
      endloop
   endfacet
   facet normal 1.34417e-15 0.107755 -0.994177
      outer loop
         vertex -0.167106 -0.384498 -0.345921
         vertex -0.192028 -0.363707 -0.343668
         vertex -0.116472 -0.363707 -0.343668
      endloop
   endfacet
   facet normal 1.34417e-15 0.107755 -0.994177
      outer loop
         vertex -0.1956 -0.356092 -0.342842
         vertex -0.1129 -0.335259 -0.340584
         vertex -0.1129 -0.356092 -0.342842
      endloop
   endfacet
   facet normal 1.34417e-15 0.107755 -0.994177
      outer loop
         vertex -0.1956 -0.273081 -0.333845
         vertex -0.1129 -0.306728 -0.337492
         vertex -0.1129 -0.308181 -0.337649
      endloop
   endfacet
   facet normal 1.34417e-15 0.107755 -0.994177
      outer loop
         vertex -0.1129 -0.286984 -0.335352
         vertex -0.1129 -0.2917 -0.335863
         vertex -0.1956 -0.273081 -0.333845
      endloop
   endfacet
   facet normal 1.34417e-15 0.107755 -0.994177
      outer loop
         vertex -0.11332 -0.27023 -0.333536
         vertex -0.1129 -0.273081 -0.333845
         vertex -0.192028 -0.265465 -0.333019
      endloop
   endfacet
   facet normal 1.34417e-15 0.107755 -0.994177
      outer loop
         vertex -0.14741 -0.241222 -0.330392
         vertex -0.141394 -0.244675 -0.330766
         vertex -0.16109 -0.241222 -0.330392
      endloop
   endfacet
   facet normal 1.34417e-15 0.107755 -0.994177
      outer loop
         vertex -0.1129 -0.284523 -0.335085
         vertex -0.19518 -0.27023 -0.333536
         vertex -0.193955 -0.267618 -0.333253
      endloop
   endfacet
   facet normal 1.34417e-15 0.107755 -0.994177
      outer loop
         vertex -0.114545 -0.361555 -0.343434
         vertex -0.116472 -0.363707 -0.343668
         vertex -0.1956 -0.356092 -0.342842
      endloop
   endfacet
   facet normal 1.34417e-15 0.107755 -0.994177
      outer loop
         vertex -0.1129 -0.303993 -0.337195
         vertex -0.1129 -0.306728 -0.337492
         vertex -0.1956 -0.273081 -0.333845
      endloop
   endfacet
   facet normal 1.34417e-15 0.107755 -0.994177
      outer loop
         vertex -0.141394 -0.244675 -0.330766
         vertex -0.116472 -0.265465 -0.333019
         vertex -0.192028 -0.265465 -0.333019
      endloop
   endfacet
   facet normal 1.34417e-15 0.107755 -0.994177
      outer loop
         vertex -0.1129 -0.284523 -0.335085
         vertex -0.1956 -0.273081 -0.333845
         vertex -0.19518 -0.27023 -0.333536
      endloop
   endfacet
   facet normal 1.34417e-15 0.107755 -0.994177
      outer loop
         vertex -0.1129 -0.308181 -0.337649
         vertex -0.1129 -0.335259 -0.340584
         vertex -0.1956 -0.356092 -0.342842
      endloop
   endfacet
   facet normal 1.34417e-15 0.107755 -0.994177
      outer loop
         vertex -0.193955 -0.267618 -0.333253
         vertex -0.192028 -0.265465 -0.333019
         vertex -0.1129 -0.284523 -0.335085
      endloop
   endfacet
   facet normal 1.34417e-15 0.107755 -0.994177
      outer loop
         vertex -0.1129 -0.273081 -0.333845
         vertex -0.1129 -0.284523 -0.335085
         vertex -0.192028 -0.265465 -0.333019
      endloop
   endfacet
   facet normal 1.34417e-15 0.107755 -0.994177
      outer loop
         vertex -0.19518 -0.358943 -0.343151
         vertex -0.1956 -0.356092 -0.342842
         vertex -0.116472 -0.363707 -0.343668
      endloop
   endfacet
   facet normal 0.642788 -0.761584 -0.0825455
      outer loop
         vertex -0.141394 -0.384498 -0.345921
         vertex -0.116472 -0.363707 -0.343668
         vertex -0.1199 -0.368722 -0.324094
      endloop
   endfacet
   facet normal 0.642788 -0.761584 -0.0825455
      outer loop
         vertex -0.116472 -0.366273 -0.319998
         vertex -0.1199 -0.368921 -0.322256
         vertex -0.1199 -0.368722 -0.324094
      endloop
   endfacet
   facet normal 0.642788 -0.761584 -0.0825455
      outer loop
         vertex -0.1199 -0.368722 -0.324094
         vertex -0.116472 -0.363707 -0.343668
         vertex -0.116472 -0.366273 -0.319998
      endloop
   endfacet
   facet normal 0.642788 -0.761584 -0.0825455
      outer loop
         vertex -0.1199 -0.368722 -0.324094
         vertex -0.141394 -0.386653 -0.326037
         vertex -0.141394 -0.384498 -0.345921
      endloop
   endfacet
   facet normal 0.95799 -0.285133 -0.0309046
      outer loop
         vertex -0.11332 -0.36186 -0.316236
         vertex -0.1129 -0.358233 -0.323085
         vertex -0.1129 -0.3585 -0.320626
      endloop
   endfacet
   facet normal 0.95799 -0.285133 -0.0309046
      outer loop
         vertex -0.11332 -0.36186 -0.316236
         vertex -0.11332 -0.358943 -0.343151
         vertex -0.1129 -0.35715 -0.333077
      endloop
   endfacet
   facet normal 1 1.11022e-14 7.88258e-13
      outer loop
         vertex -0.1129 -0.35715 -0.333077
         vertex -0.1129 -0.358233 -0.323085
         vertex -0.11332 -0.36186 -0.316236
      endloop
   endfacet
   facet normal 0.95799 -0.285133 -0.0309046
      outer loop
         vertex -0.11332 -0.358943 -0.343151
         vertex -0.1129 -0.356707 -0.337167
         vertex -0.1129 -0.357072 -0.333797
      endloop
   endfacet
   facet normal 1 1.11022e-14 7.88258e-13
      outer loop
         vertex -0.1129 -0.357072 -0.333797
         vertex -0.1129 -0.35715 -0.333077
         vertex -0.11332 -0.358943 -0.343151
      endloop
   endfacet
   facet normal 0.95799 -0.285133 -0.0309046
      outer loop
         vertex -0.11332 -0.358943 -0.343151
         vertex -0.1129 -0.356611 -0.338051
         vertex -0.1129 -0.356649 -0.337696
      endloop
   endfacet
   facet normal 1 1.11022e-14 7.88258e-13
      outer loop
         vertex -0.1129 -0.356649 -0.337696
         vertex -0.1129 -0.356707 -0.337167
         vertex -0.11332 -0.358943 -0.343151
      endloop
   endfacet
   facet normal 0.95799 -0.285133 -0.0309046
      outer loop
         vertex -0.11332 -0.358943 -0.343151
         vertex -0.1129 -0.356092 -0.342842
         vertex -0.1129 -0.356611 -0.338051
      endloop
   endfacet
   facet normal 0.95799 -0.285133 -0.0309046
      outer loop
         vertex -0.11332 -0.358943 -0.343151
         vertex -0.11332 -0.36186 -0.316236
         vertex -0.114545 -0.364279 -0.318298
      endloop
   endfacet
   facet normal 0.835488 -0.546309 -0.0592126
      outer loop
         vertex -0.114545 -0.361555 -0.343434
         vertex -0.114545 -0.364279 -0.318298
         vertex -0.116472 -0.366273 -0.319998
      endloop
   endfacet
   facet normal 0.642788 -0.761584 -0.0825455
      outer loop
         vertex -0.116472 -0.366273 -0.319998
         vertex -0.116472 -0.363707 -0.343668
         vertex -0.114545 -0.361555 -0.343434
      endloop
   endfacet
   facet normal 0.835488 -0.546309 -0.0592126
      outer loop
         vertex -0.114545 -0.364279 -0.318298
         vertex -0.114545 -0.361555 -0.343434
         vertex -0.11332 -0.358943 -0.343151
      endloop
   endfacet
   facet normal 1 1.11022e-14 7.88258e-13
      outer loop
         vertex -0.1129 -0.3585 -0.320626
         vertex -0.1129 -0.359219 -0.313985
         vertex -0.11332 -0.36186 -0.316236
      endloop
   endfacet
   facet normal -1 -1.69007e-15 -1.55165e-15
      outer loop
         vertex -0.1199 -0.289127 -0.316936
         vertex -0.1199 -0.295047 -0.32177
         vertex -0.1199 -0.303919 -0.311949
      endloop
   endfacet
   facet normal -1 -1.69007e-15 -1.55165e-15
      outer loop
         vertex -0.1199 -0.301323 -0.305633
         vertex -0.1199 -0.264761 -0.312826
         vertex -0.1199 -0.281825 -0.314675
      endloop
   endfacet
   facet normal -1 -1.69007e-15 -1.55165e-15
      outer loop
         vertex -0.1199 -0.304075 -0.329143
         vertex -0.1199 -0.31521 -0.33259
         vertex -0.1199 -0.315034 -0.319421
      endloop
   endfacet
   facet normal -1 -1.69007e-15 -1.55165e-15
      outer loop
         vertex -0.1199 -0.31521 -0.33259
         vertex -0.1199 -0.326825 -0.331608
         vertex -0.1199 -0.321862 -0.319441
      endloop
   endfacet
   facet normal -1 -1.69007e-15 -1.55165e-15
      outer loop
         vertex -0.1199 -0.26496 -0.310988
         vertex -0.1199 -0.303973 -0.292504
         vertex -0.1199 -0.308815 -0.287689
      endloop
   endfacet
   facet normal -1 -1.69007e-15 -1.55165e-15
      outer loop
         vertex -0.1199 -0.301323 -0.305633
         vertex -0.1199 -0.301343 -0.298805
         vertex -0.1199 -0.26496 -0.310988
      endloop
   endfacet
   facet normal -1 -1.69007e-15 -1.55165e-15
      outer loop
         vertex -0.1199 -0.281825 -0.314675
         vertex -0.1199 -0.289127 -0.316936
         vertex -0.1199 -0.301323 -0.305633
      endloop
   endfacet
   facet normal -1 -1.69007e-15 -1.55165e-15
      outer loop
         vertex -0.1199 -0.321862 -0.319441
         vertex -0.1199 -0.315034 -0.319421
         vertex -0.1199 -0.31521 -0.33259
      endloop
   endfacet
   facet normal -1 -1.69007e-15 -1.55165e-15
      outer loop
         vertex -0.1199 -0.326825 -0.331608
         vertex -0.1199 -0.337223 -0.326342
         vertex -0.1199 -0.328178 -0.316845
      endloop
   endfacet
   facet normal -1 -1.69007e-15 -1.55165e-15
      outer loop
         vertex -0.1199 -0.368921 -0.322256
         vertex -0.1199 -0.335651 -0.30573
         vertex -0.1199 -0.351658 -0.322244
      endloop
   endfacet
   facet normal -1 -1.69007e-15 -1.55165e-15
      outer loop
         vertex -0.1199 -0.26496 -0.310988
         vertex -0.1199 -0.301343 -0.298805
         vertex -0.1199 -0.303973 -0.292504
      endloop
   endfacet
   facet normal -1 -1.69007e-15 -1.55165e-15
      outer loop
         vertex -0.1199 -0.303919 -0.311949
         vertex -0.1199 -0.301323 -0.305633
         vertex -0.1199 -0.289127 -0.316936
      endloop
   endfacet
   facet normal -1 -1.69007e-15 -1.55165e-15
      outer loop
         vertex -0.1199 -0.295047 -0.32177
         vertex -0.1199 -0.304075 -0.329143
         vertex -0.1199 -0.308733 -0.316791
      endloop
   endfacet
   facet normal -1 -1.69007e-15 -1.55165e-15
      outer loop
         vertex -0.1199 -0.328178 -0.316845
         vertex -0.1199 -0.321862 -0.319441
         vertex -0.1199 -0.326825 -0.331608
      endloop
   endfacet
   facet normal -1 -1.69007e-15 -1.55165e-15
      outer loop
         vertex -0.1199 -0.33302 -0.312031
         vertex -0.1199 -0.328178 -0.316845
         vertex -0.1199 -0.337223 -0.326342
      endloop
   endfacet
   facet normal -1 -1.69007e-15 -1.55165e-15
      outer loop
         vertex -0.1199 -0.335651 -0.30573
         vertex -0.1199 -0.33302 -0.312031
         vertex -0.1199 -0.351658 -0.322244
      endloop
   endfacet
   facet normal -1 -1.69007e-15 -1.55165e-15
      outer loop
         vertex -0.1199 -0.26496 -0.310988
         vertex -0.1199 -0.264761 -0.312826
         vertex -0.1199 -0.301323 -0.305633
      endloop
   endfacet
   facet normal -1 -1.69007e-15 -1.55165e-15
      outer loop
         vertex -0.1199 -0.315034 -0.319421
         vertex -0.1199 -0.308733 -0.316791
         vertex -0.1199 -0.304075 -0.329143
      endloop
   endfacet
   facet normal -1 -1.69007e-15 -1.55165e-15
      outer loop
         vertex -0.1199 -0.337223 -0.326342
         vertex -0.1199 -0.344042 -0.322888
         vertex -0.1199 -0.33302 -0.312031
      endloop
   endfacet
   facet normal -1 -1.69007e-15 -1.55165e-15
      outer loop
         vertex -0.1199 -0.368921 -0.322256
         vertex -0.1199 -0.33567 -0.298902
         vertex -0.1199 -0.335651 -0.30573
      endloop
   endfacet
   facet normal -1 -1.69007e-15 -1.55165e-15
      outer loop
         vertex -0.1199 -0.308733 -0.316791
         vertex -0.1199 -0.303919 -0.311949
         vertex -0.1199 -0.295047 -0.32177
      endloop
   endfacet
   facet normal -1 -1.69007e-15 -1.55165e-15
      outer loop
         vertex -0.1199 -0.351658 -0.322244
         vertex -0.1199 -0.368722 -0.324094
         vertex -0.1199 -0.368921 -0.322256
      endloop
   endfacet
   facet normal -1 -1.69007e-15 -1.55165e-15
      outer loop
         vertex -0.1199 -0.344042 -0.322888
         vertex -0.1199 -0.351658 -0.322244
         vertex -0.1199 -0.33302 -0.312031
      endloop
   endfacet
   facet normal -1 -1.69007e-15 -1.55165e-15
      outer loop
         vertex -0.1199 -0.368921 -0.322256
         vertex -0.1199 -0.329849 -0.288949
         vertex -0.1199 -0.333075 -0.292586
      endloop
   endfacet
   facet normal -1 -1.69007e-15 -1.55165e-15
      outer loop
         vertex -0.1199 -0.333075 -0.292586
         vertex -0.1199 -0.33567 -0.298902
         vertex -0.1199 -0.368921 -0.322256
      endloop
   endfacet
   facet normal -1 -1.69007e-15 -1.55165e-15
      outer loop
         vertex -0.1199 -0.308815 -0.287689
         vertex -0.1199 -0.310261 -0.286826
         vertex -0.1199 -0.26496 -0.310988
      endloop
   endfacet
   facet normal -2.21219e-15 0.470601 0.882346
      outer loop
         vertex -0.116472 -0.268031 -0.30935
         vertex -0.1129 -0.276209 -0.304988
         vertex -0.11332 -0.273147 -0.306621
      endloop
   endfacet
   facet normal -2.21219e-15 0.470601 0.882346
      outer loop
         vertex -0.11332 -0.273147 -0.306621
         vertex -0.114545 -0.270342 -0.308117
         vertex -0.116472 -0.268031 -0.30935
      endloop
   endfacet
   facet normal -2.21219e-15 0.470601 0.882346
      outer loop
         vertex -0.1199 -0.26496 -0.310988
         vertex -0.1199 -0.310261 -0.286826
         vertex -0.1129 -0.293618 -0.295703
      endloop
   endfacet
   facet normal -2.21219e-15 0.470601 0.882346
      outer loop
         vertex -0.1129 -0.293618 -0.295703
         vertex -0.1129 -0.276209 -0.304988
         vertex -0.1199 -0.26496 -0.310988
      endloop
   endfacet
   facet normal -2.21219e-15 0.470601 0.882346
      outer loop
         vertex -0.1199 -0.310261 -0.286826
         vertex -0.1129 -0.293934 -0.295534
         vertex -0.1129 -0.293618 -0.295703
      endloop
   endfacet
   facet normal -2.21219e-15 0.470601 0.882346
      outer loop
         vertex -0.1199 -0.310261 -0.286826
         vertex -0.1129 -0.294405 -0.295283
         vertex -0.1129 -0.293934 -0.295534
      endloop
   endfacet
   facet normal -2.21219e-15 0.470601 0.882346
      outer loop
         vertex -0.1199 -0.310261 -0.286826
         vertex -0.1129 -0.297403 -0.293684
         vertex -0.1129 -0.294405 -0.295283
      endloop
   endfacet
   facet normal -2.21219e-15 0.470601 0.882346
      outer loop
         vertex -0.1199 -0.310261 -0.286826
         vertex -0.1129 -0.310261 -0.286826
         vertex -0.1129 -0.309124 -0.287433
      endloop
   endfacet
   facet normal -2.21219e-15 0.470601 0.882346
      outer loop
         vertex -0.1199 -0.310261 -0.286826
         vertex -0.1129 -0.298044 -0.293342
         vertex -0.1129 -0.297403 -0.293684
      endloop
   endfacet
   facet normal -2.21219e-15 0.470601 0.882346
      outer loop
         vertex -0.1129 -0.309124 -0.287433
         vertex -0.1129 -0.306936 -0.2886
         vertex -0.1199 -0.310261 -0.286826
      endloop
   endfacet
   facet normal -2.21219e-15 0.470601 0.882346
      outer loop
         vertex -0.1129 -0.306936 -0.2886
         vertex -0.1129 -0.298044 -0.293342
         vertex -0.1199 -0.310261 -0.286826
      endloop
   endfacet
   facet normal -2.21219e-15 0.470601 0.882346
      outer loop
         vertex -0.116472 -0.268031 -0.30935
         vertex -0.1199 -0.26496 -0.310988
         vertex -0.1129 -0.276209 -0.304988
      endloop
   endfacet
   facet normal -9.72623e-18 -0.64872 0.761027
      outer loop
         vertex -0.116472 -0.366273 -0.319998
         vertex -0.114545 -0.364279 -0.318298
         vertex -0.11332 -0.36186 -0.316236
      endloop
   endfacet
   facet normal -9.72623e-18 -0.64872 0.761027
      outer loop
         vertex -0.1129 -0.359219 -0.313985
         vertex -0.1199 -0.368921 -0.322256
         vertex -0.116472 -0.366273 -0.319998
      endloop
   endfacet
   facet normal -9.72623e-18 -0.64872 0.761027
      outer loop
         vertex -0.1199 -0.329849 -0.288949
         vertex -0.1129 -0.33403 -0.292514
         vertex -0.1129 -0.330246 -0.289288
      endloop
   endfacet
   facet normal -9.72623e-18 -0.64872 0.761027
      outer loop
         vertex -0.1199 -0.329849 -0.288949
         vertex -0.1199 -0.368921 -0.322256
         vertex -0.1129 -0.350977 -0.30696
      endloop
   endfacet
   facet normal -9.72623e-18 -0.64872 0.761027
      outer loop
         vertex -0.11332 -0.36186 -0.316236
         vertex -0.1129 -0.359219 -0.313985
         vertex -0.116472 -0.366273 -0.319998
      endloop
   endfacet
   facet normal -9.72623e-18 -0.64872 0.761027
      outer loop
         vertex -0.1199 -0.329849 -0.288949
         vertex -0.1129 -0.335896 -0.294104
         vertex -0.1129 -0.33403 -0.292514
      endloop
   endfacet
   facet normal -9.72623e-18 -0.64872 0.761027
      outer loop
         vertex -0.1129 -0.350977 -0.30696
         vertex -0.1129 -0.346263 -0.302941
         vertex -0.1199 -0.329849 -0.288949
      endloop
   endfacet
   facet normal -9.72623e-18 -0.64872 0.761027
      outer loop
         vertex -0.1129 -0.359219 -0.313985
         vertex -0.1129 -0.355355 -0.310691
         vertex -0.1199 -0.368921 -0.322256
      endloop
   endfacet
   facet normal -9.72623e-18 -0.64872 0.761027
      outer loop
         vertex -0.1199 -0.329849 -0.288949
         vertex -0.1129 -0.336887 -0.294949
         vertex -0.1129 -0.335896 -0.294104
      endloop
   endfacet
   facet normal -9.72623e-18 -0.64872 0.761027
      outer loop
         vertex -0.1129 -0.355355 -0.310691
         vertex -0.1129 -0.350977 -0.30696
         vertex -0.1199 -0.368921 -0.322256
      endloop
   endfacet
   facet normal -9.72623e-18 -0.64872 0.761027
      outer loop
         vertex -0.1129 -0.346263 -0.302941
         vertex -0.1129 -0.336887 -0.294949
         vertex -0.1199 -0.329849 -0.288949
      endloop
   endfacet
   facet normal -9.72623e-18 -0.64872 0.761027
      outer loop
         vertex -0.1129 -0.330246 -0.289288
         vertex -0.1129 -0.329849 -0.288949
         vertex -0.1199 -0.329849 -0.288949
      endloop
   endfacet
   facet normal -3.44807e-16 -0.557911 0.829901
      outer loop
         vertex -0.12775 -0.32826 -0.287744
         vertex -0.1129 -0.32826 -0.287744
         vertex -0.1129 -0.326358 -0.28695
      endloop
   endfacet
   facet normal 0 -0.456623 0.88966
      outer loop
         vertex -0.1129 -0.326358 -0.28695
         vertex -0.12775 -0.325582 -0.286626
         vertex -0.12775 -0.32826 -0.287744
      endloop
   endfacet
   facet normal -1.18659e-15 -0.197853 0.980232
      outer loop
         vertex -0.12775 -0.321959 -0.285113
         vertex -0.12775 -0.325582 -0.286626
         vertex -0.1129 -0.324972 -0.286371
      endloop
   endfacet
   facet normal 0 -0.377257 0.926109
      outer loop
         vertex -0.1129 -0.324972 -0.286371
         vertex -0.1129 -0.321959 -0.285113
         vertex -0.12775 -0.321959 -0.285113
      endloop
   endfacet
   facet normal -1.18659e-15 -0.197853 0.980232
      outer loop
         vertex -0.12775 -0.321959 -0.285113
         vertex -0.1129 -0.321959 -0.285113
         vertex -0.1129 -0.32076 -0.28511
      endloop
   endfacet
   facet normal 0 -0.130788 0.99141
      outer loop
         vertex -0.1129 -0.32076 -0.28511
         vertex -0.12775 -0.319977 -0.285108
         vertex -0.12775 -0.321959 -0.285113
      endloop
   endfacet
   facet normal 0 -0.0719639 0.997407
      outer loop
         vertex -0.1129 -0.319735 -0.285107
         vertex -0.1129 -0.318466 -0.285103
         vertex -0.12775 -0.319071 -0.285105
      endloop
   endfacet
   facet normal 0 -0.0334535 0.99944
      outer loop
         vertex -0.12775 -0.319071 -0.285105
         vertex -0.12775 -0.319977 -0.285108
         vertex -0.1129 -0.319735 -0.285107
      endloop
   endfacet
   facet normal -1.84772e-15 0.192326 0.981331
      outer loop
         vertex -0.12775 -0.315131 -0.285094
         vertex -0.12775 -0.319071 -0.285105
         vertex -0.1129 -0.318125 -0.285102
      endloop
   endfacet
   facet normal 0 -0.0334535 0.99944
      outer loop
         vertex -0.12775 -0.319071 -0.285105
         vertex -0.1129 -0.318466 -0.285103
         vertex -0.1129 -0.318125 -0.285102
      endloop
   endfacet
   facet normal 0 0.0216558 0.999765
      outer loop
         vertex -0.1129 -0.318125 -0.285102
         vertex -0.1129 -0.315131 -0.285094
         vertex -0.12775 -0.315131 -0.285094
      endloop
   endfacet
   facet normal -2.16444e-15 0.470601 0.882346
      outer loop
         vertex -0.1199 -0.310261 -0.286826
         vertex -0.12775 -0.312581 -0.286142
         vertex -0.12775 -0.31286 -0.286027
      endloop
   endfacet
   facet normal -2.22756e-15 0.553225 0.833032
      outer loop
         vertex -0.12775 -0.308815 -0.287689
         vertex -0.12775 -0.312581 -0.286142
         vertex -0.1199 -0.310261 -0.286826
      endloop
   endfacet
   facet normal -2.16444e-15 0.470601 0.882346
      outer loop
         vertex -0.1199 -0.310261 -0.286826
         vertex -0.1199 -0.308815 -0.287689
         vertex -0.12775 -0.308815 -0.287689
      endloop
   endfacet
   facet normal 0 0.32791 0.944709
      outer loop
         vertex -0.12775 -0.31286 -0.286027
         vertex -0.12775 -0.313124 -0.285919
         vertex -0.1199 -0.310261 -0.286826
      endloop
   endfacet
   facet normal -1.84772e-15 0.192326 0.981331
      outer loop
         vertex -0.1129 -0.315131 -0.285094
         vertex -0.1129 -0.310261 -0.286826
         vertex -0.1199 -0.310261 -0.286826
      endloop
   endfacet
   facet normal -2.16444e-15 0.470601 0.882346
      outer loop
         vertex -0.1199 -0.310261 -0.286826
         vertex -0.12775 -0.315131 -0.285094
         vertex -0.1129 -0.315131 -0.285094
      endloop
   endfacet
   facet normal 0 0.829901 0.557911
      outer loop
         vertex -0.1199 -0.303973 -0.292504
         vertex -0.12775 -0.303973 -0.292504
         vertex -0.12775 -0.306914 -0.289579
      endloop
   endfacet
   facet normal 0 0.674192 0.738556
      outer loop
         vertex -0.12775 -0.306914 -0.289579
         vertex -0.1199 -0.308815 -0.287689
         vertex -0.1199 -0.303973 -0.292504
      endloop
   endfacet
   facet normal 0 0.980232 0.197853
      outer loop
         vertex -0.1199 -0.301343 -0.298805
         vertex -0.12775 -0.301343 -0.298805
         vertex -0.12775 -0.302724 -0.295495
      endloop
   endfacet
   facet normal 0 0.918874 0.394551
      outer loop
         vertex -0.12775 -0.302724 -0.295495
         vertex -0.1199 -0.303973 -0.292504
         vertex -0.1199 -0.301343 -0.298805
      endloop
   endfacet
   facet normal 0 0.918874 0.394551
      outer loop
         vertex -0.12775 -0.302724 -0.295495
         vertex -0.12775 -0.303345 -0.294009
         vertex -0.1199 -0.303973 -0.292504
      endloop
   endfacet
   facet normal 0 0.981331 -0.192326
      outer loop
         vertex -0.1199 -0.301323 -0.305633
         vertex -0.12775 -0.30133 -0.303177
         vertex -0.12775 -0.301335 -0.301504
      endloop
   endfacet
   facet normal 0 0.999012 0.0444431
      outer loop
         vertex -0.12775 -0.301335 -0.301504
         vertex -0.1199 -0.301343 -0.298805
         vertex -0.1199 -0.301323 -0.305633
      endloop
   endfacet
   facet normal 0 0.981331 -0.192326
      outer loop
         vertex -0.1199 -0.301323 -0.305633
         vertex -0.12775 -0.301323 -0.305633
         vertex -0.12775 -0.30133 -0.303177
      endloop
   endfacet
   facet normal 0 0.981331 -0.192326
      outer loop
         vertex -0.1199 -0.301323 -0.305633
         vertex -0.1199 -0.303919 -0.311949
         vertex -0.12775 -0.302821 -0.309277
      endloop
   endfacet
   facet normal 0 0.833032 -0.553225
      outer loop
         vertex -0.1199 -0.303919 -0.311949
         vertex -0.12775 -0.303165 -0.310116
         vertex -0.12775 -0.302821 -0.309277
      endloop
   endfacet
   facet normal 0 0.833032 -0.553225
      outer loop
         vertex -0.1199 -0.303919 -0.311949
         vertex -0.12775 -0.303919 -0.311949
         vertex -0.12775 -0.303165 -0.310116
      endloop
   endfacet
   facet normal 0 0.912876 -0.408238
      outer loop
         vertex -0.12775 -0.302821 -0.309277
         vertex -0.12775 -0.301944 -0.307144
         vertex -0.1199 -0.301323 -0.305633
      endloop
   endfacet
   facet normal -5.49469e-16 0.833032 -0.553225
      outer loop
         vertex -0.12775 -0.303919 -0.311949
         vertex -0.1199 -0.303919 -0.311949
         vertex -0.1199 -0.308733 -0.316791
      endloop
   endfacet
   facet normal 0 0.197853 -0.980232
      outer loop
         vertex -0.1199 -0.315034 -0.319421
         vertex -0.12775 -0.313574 -0.318812
         vertex -0.12775 -0.31187 -0.3181
      endloop
   endfacet
   facet normal 0 0.386056 -0.922475
      outer loop
         vertex -0.12775 -0.31187 -0.3181
         vertex -0.1199 -0.308733 -0.316791
         vertex -0.1199 -0.315034 -0.319421
      endloop
   endfacet
   facet normal 0 0.197853 -0.980232
      outer loop
         vertex -0.1199 -0.315034 -0.319421
         vertex -0.12775 -0.315034 -0.319421
         vertex -0.12775 -0.313574 -0.318812
      endloop
   endfacet
   facet normal 0 0.197853 -0.980232
      outer loop
         vertex -0.1199 -0.315034 -0.319421
         vertex -0.1199 -0.321862 -0.319441
         vertex -0.12775 -0.319481 -0.319434
      endloop
   endfacet
   facet normal 0 -0.192326 -0.981331
      outer loop
         vertex -0.1199 -0.321862 -0.319441
         vertex -0.12775 -0.320228 -0.319436
         vertex -0.12775 -0.319481 -0.319434
      endloop
   endfacet
   facet normal 0 -0.0572585 -0.998359
      outer loop
         vertex -0.12775 -0.319481 -0.319434
         vertex -0.12775 -0.317016 -0.319427
         vertex -0.1199 -0.315034 -0.319421
      endloop
   endfacet
   facet normal 0 -0.192326 -0.981331
      outer loop
         vertex -0.1199 -0.321862 -0.319441
         vertex -0.12775 -0.321862 -0.319441
         vertex -0.12775 -0.320228 -0.319436
      endloop
   endfacet
   facet normal 0 -0.192326 -0.981331
      outer loop
         vertex -0.1199 -0.321862 -0.319441
         vertex -0.1199 -0.328178 -0.316845
         vertex -0.12775 -0.325682 -0.317871
      endloop
   endfacet
   facet normal 0 -0.553225 -0.833032
      outer loop
         vertex -0.1199 -0.328178 -0.316845
         vertex -0.12775 -0.327123 -0.317279
         vertex -0.12775 -0.325682 -0.317871
      endloop
   endfacet
   facet normal 0 -0.553225 -0.833032
      outer loop
         vertex -0.1199 -0.328178 -0.316845
         vertex -0.12775 -0.328178 -0.316845
         vertex -0.12775 -0.327123 -0.317279
      endloop
   endfacet
   facet normal 0 -0.553225 -0.833032
      outer loop
         vertex -0.1199 -0.328178 -0.316845
         vertex -0.1199 -0.33302 -0.312031
         vertex -0.12775 -0.330721 -0.314316
      endloop
   endfacet
   facet normal 0 -0.829901 -0.557911
      outer loop
         vertex -0.1199 -0.33302 -0.312031
         vertex -0.12775 -0.331863 -0.313181
         vertex -0.12775 -0.330721 -0.314316
      endloop
   endfacet
   facet normal 0 -0.829901 -0.557911
      outer loop
         vertex -0.1199 -0.33302 -0.312031
         vertex -0.12775 -0.33302 -0.312031
         vertex -0.12775 -0.331863 -0.313181
      endloop
   endfacet
   facet normal 0 -0.829901 -0.557911
      outer loop
         vertex -0.1199 -0.33302 -0.312031
         vertex -0.1199 -0.335651 -0.30573
         vertex -0.12775 -0.334618 -0.308203
      endloop
   endfacet
   facet normal 0 -0.980232 -0.197853
      outer loop
         vertex -0.1199 -0.335651 -0.30573
         vertex -0.12775 -0.335651 -0.30573
         vertex -0.12775 -0.334618 -0.308203
      endloop
   endfacet
   facet normal 0 -0.980232 -0.197853
      outer loop
         vertex -0.1199 -0.335651 -0.30573
         vertex -0.1199 -0.33567 -0.298902
         vertex -0.12775 -0.335662 -0.301658
      endloop
   endfacet
   facet normal 0 -0.981331 0.192326
      outer loop
         vertex -0.1199 -0.33567 -0.298902
         vertex -0.12775 -0.335664 -0.301071
         vertex -0.12775 -0.335662 -0.301658
      endloop
   endfacet
   facet normal 0 -0.981331 0.192326
      outer loop
         vertex -0.1199 -0.33567 -0.298902
         vertex -0.12775 -0.33567 -0.298902
         vertex -0.12775 -0.335664 -0.301071
      endloop
   endfacet
   facet normal 0 -0.833032 0.553225
      outer loop
         vertex -0.1199 -0.333075 -0.292586
         vertex -0.12775 -0.333828 -0.294419
         vertex -0.12775 -0.334765 -0.296699
      endloop
   endfacet
   facet normal 0 -0.833032 0.553225
      outer loop
         vertex -0.1199 -0.333075 -0.292586
         vertex -0.12775 -0.333075 -0.292586
         vertex -0.12775 -0.333828 -0.294419
      endloop
   endfacet
   facet normal 0 -0.946116 0.323829
      outer loop
         vertex -0.12775 -0.334765 -0.296699
         vertex -0.1199 -0.33567 -0.298902
         vertex -0.1199 -0.333075 -0.292586
      endloop
   endfacet
   facet normal -3.44807e-16 -0.557911 0.829901
      outer loop
         vertex -0.1129 -0.32826 -0.287744
         vertex -0.12775 -0.32826 -0.287744
         vertex -0.1199 -0.329849 -0.288949
      endloop
   endfacet
   facet normal -8.44657e-17 -0.64872 0.761027
      outer loop
         vertex -0.1199 -0.329849 -0.288949
         vertex -0.12775 -0.330657 -0.290155
         vertex -0.12775 -0.331959 -0.291464
      endloop
   endfacet
   facet normal -8.44657e-17 -0.64872 0.761027
      outer loop
         vertex -0.1199 -0.329849 -0.288949
         vertex -0.12775 -0.32826 -0.287744
         vertex -0.12775 -0.330657 -0.290155
      endloop
   endfacet
   facet normal 0 -0.779906 0.625897
      outer loop
         vertex -0.12775 -0.331959 -0.291464
         vertex -0.1199 -0.333075 -0.292586
         vertex -0.1199 -0.329849 -0.288949
      endloop
   endfacet
   facet normal 0 -0.779906 0.625897
      outer loop
         vertex -0.12775 -0.331959 -0.291464
         vertex -0.12775 -0.333075 -0.292586
         vertex -0.1199 -0.333075 -0.292586
      endloop
   endfacet
   facet normal -8.44657e-17 -0.64872 0.761027
      outer loop
         vertex -0.1199 -0.329849 -0.288949
         vertex -0.1129 -0.329849 -0.288949
         vertex -0.1129 -0.32826 -0.287744
      endloop
   endfacet
   facet normal 0 -0.946116 0.323829
      outer loop
         vertex -0.12775 -0.334765 -0.296699
         vertex -0.12775 -0.33567 -0.298902
         vertex -0.1199 -0.33567 -0.298902
      endloop
   endfacet
   facet normal 0 -0.999372 0.0354477
      outer loop
         vertex -0.12775 -0.335662 -0.301658
         vertex -0.12775 -0.335651 -0.30573
         vertex -0.1199 -0.335651 -0.30573
      endloop
   endfacet
   facet normal 0 -0.938406 -0.345534
      outer loop
         vertex -0.12775 -0.334618 -0.308203
         vertex -0.12775 -0.33302 -0.312031
         vertex -0.1199 -0.33302 -0.312031
      endloop
   endfacet
   facet normal 0 -0.712211 -0.701966
      outer loop
         vertex -0.12775 -0.330721 -0.314316
         vertex -0.12775 -0.328178 -0.316845
         vertex -0.1199 -0.328178 -0.316845
      endloop
   endfacet
   facet normal 0 -0.418253 -0.908331
      outer loop
         vertex -0.12775 -0.325682 -0.317871
         vertex -0.12775 -0.321862 -0.319441
         vertex -0.1199 -0.321862 -0.319441
      endloop
   endfacet
   facet normal 0 0.0859727 -0.996297
      outer loop
         vertex -0.12775 -0.317016 -0.319427
         vertex -0.12775 -0.315034 -0.319421
         vertex -0.1199 -0.315034 -0.319421
      endloop
   endfacet
   facet normal 0 0.386056 -0.922475
      outer loop
         vertex -0.12775 -0.31187 -0.3181
         vertex -0.12775 -0.308733 -0.316791
         vertex -0.1199 -0.308733 -0.316791
      endloop
   endfacet
   facet normal 0 0.557911 -0.829901
      outer loop
         vertex -0.1199 -0.308733 -0.316791
         vertex -0.12775 -0.308733 -0.316791
         vertex -0.12775 -0.303919 -0.311949
      endloop
   endfacet
   facet normal 0 0.959229 -0.28263
      outer loop
         vertex -0.12775 -0.301944 -0.307144
         vertex -0.12775 -0.301323 -0.305633
         vertex -0.1199 -0.301323 -0.305633
      endloop
   endfacet
   facet normal 0 0.999012 0.0444431
      outer loop
         vertex -0.12775 -0.301335 -0.301504
         vertex -0.12775 -0.301343 -0.298805
         vertex -0.1199 -0.301343 -0.298805
      endloop
   endfacet
   facet normal 0 0.878056 0.478558
      outer loop
         vertex -0.12775 -0.303345 -0.294009
         vertex -0.12775 -0.303973 -0.292504
         vertex -0.1199 -0.303973 -0.292504
      endloop
   endfacet
   facet normal 0 0.674192 0.738556
      outer loop
         vertex -0.12775 -0.306914 -0.289579
         vertex -0.12775 -0.308815 -0.287689
         vertex -0.1199 -0.308815 -0.287689
      endloop
   endfacet
   facet normal 0 0.31221 0.950013
      outer loop
         vertex -0.12775 -0.313124 -0.285919
         vertex -0.12775 -0.315131 -0.285094
         vertex -0.1199 -0.310261 -0.286826
      endloop
   endfacet
   facet normal 0 -0.130788 0.99141
      outer loop
         vertex -0.1129 -0.32076 -0.28511
         vertex -0.1129 -0.319735 -0.285107
         vertex -0.12775 -0.319977 -0.285108
      endloop
   endfacet
   facet normal 0 -0.456623 0.88966
      outer loop
         vertex -0.1129 -0.326358 -0.28695
         vertex -0.1129 -0.324972 -0.286371
         vertex -0.12775 -0.325582 -0.286626
      endloop
   endfacet
   facet normal 1 1.72637e-15 1.49765e-15
      outer loop
         vertex -0.1129 -0.331725 -0.302627
         vertex -0.1129 -0.351734 -0.316078
         vertex -0.1129 -0.350512 -0.317894
      endloop
   endfacet
   facet normal 1 1.72637e-15 1.49765e-15
      outer loop
         vertex -0.1129 -0.32554 -0.311827
         vertex -0.1129 -0.345548 -0.325278
         vertex -0.1129 -0.345191 -0.32581
      endloop
   endfacet
   facet normal 1 1.72637e-15 1.49765e-15
      outer loop
         vertex -0.1129 -0.323246 -0.31524
         vertex -0.1129 -0.343254 -0.328691
         vertex -0.1129 -0.343078 -0.328953
      endloop
   endfacet
   facet normal 1 1.72637e-15 1.49765e-15
      outer loop
         vertex -0.1129 -0.335031 -0.29539
         vertex -0.1129 -0.336105 -0.296112
         vertex -0.1129 -0.335712 -0.296697
      endloop
   endfacet
   facet normal 1 1.72637e-15 1.49765e-15
      outer loop
         vertex -0.1129 -0.330651 -0.301905
         vertex -0.1129 -0.331725 -0.302627
         vertex -0.1129 -0.330504 -0.304444
      endloop
   endfacet
   facet normal 1 1.72637e-15 1.49765e-15
      outer loop
         vertex -0.1129 -0.324466 -0.311105
         vertex -0.1129 -0.32554 -0.311827
         vertex -0.1129 -0.325183 -0.312359
      endloop
   endfacet
   facet normal 1 1.72637e-15 1.49765e-15
      outer loop
         vertex -0.1129 -0.322172 -0.314518
         vertex -0.1129 -0.323246 -0.31524
         vertex -0.1129 -0.32307 -0.315502
      endloop
   endfacet
   facet normal 1 1.72637e-15 1.49765e-15
      outer loop
         vertex -0.1129 -0.32863 -0.300546
         vertex -0.1129 -0.330651 -0.301905
         vertex -0.1129 -0.32943 -0.303722
      endloop
   endfacet
   facet normal 1 1.72637e-15 1.49765e-15
      outer loop
         vertex -0.1129 -0.327409 -0.302363
         vertex -0.1129 -0.32943 -0.303722
         vertex -0.1129 -0.324466 -0.311105
      endloop
   endfacet
   facet normal 1 1.72637e-15 1.49765e-15
      outer loop
         vertex -0.1129 -0.322445 -0.309747
         vertex -0.1129 -0.324466 -0.311105
         vertex -0.1129 -0.324109 -0.311637
      endloop
   endfacet
   facet normal 1 1.72637e-15 1.49765e-15
      outer loop
         vertex -0.1129 -0.320151 -0.313159
         vertex -0.1129 -0.322172 -0.314518
         vertex -0.1129 -0.321996 -0.31478
      endloop
   endfacet
   facet normal 1 1.72637e-15 1.49765e-15
      outer loop
         vertex -0.1129 -0.316314 -0.310012
         vertex -0.1129 -0.320414 -0.312768
         vertex -0.1129 -0.320151 -0.313159
      endloop
   endfacet
   facet normal 1 1.72637e-15 1.49765e-15
      outer loop
         vertex -0.1129 -0.316051 -0.310403
         vertex -0.1129 -0.320151 -0.313159
         vertex -0.1129 -0.319975 -0.313421
      endloop
   endfacet
   facet normal 1 1.72637e-15 1.49765e-15
      outer loop
         vertex -0.1129 -0.32515 -0.288747
         vertex -0.1129 -0.32891 -0.291275
         vertex -0.1129 -0.328517 -0.29186
      endloop
   endfacet
   facet normal 1 1.72637e-15 1.49765e-15
      outer loop
         vertex -0.1129 -0.32077 -0.295262
         vertex -0.1129 -0.324757 -0.289332
         vertex -0.1129 -0.324514 -0.291503
      endloop
   endfacet
   facet normal 1 1.72637e-15 1.49765e-15
      outer loop
         vertex -0.1129 -0.324757 -0.289332
         vertex -0.1129 -0.326055 -0.29087
         vertex -0.1129 -0.32547 -0.290868
      endloop
   endfacet
   facet normal 1 1.72637e-15 1.49765e-15
      outer loop
         vertex -0.1129 -0.324514 -0.291503
         vertex -0.1129 -0.324288 -0.292043
         vertex -0.1129 -0.32077 -0.295262
      endloop
   endfacet
   facet normal 1 1.72637e-15 1.49765e-15
      outer loop
         vertex -0.1129 -0.32547 -0.290868
         vertex -0.1129 -0.324929 -0.29109
         vertex -0.1129 -0.324757 -0.289332
      endloop
   endfacet
   facet normal 1 1.72637e-15 1.49765e-15
      outer loop
         vertex -0.1129 -0.324757 -0.289332
         vertex -0.1129 -0.328517 -0.29186
         vertex -0.1129 -0.326595 -0.291095
      endloop
   endfacet
   facet normal 1 1.72637e-15 1.49765e-15
      outer loop
         vertex -0.1129 -0.328517 -0.29186
         vertex -0.1129 -0.327231 -0.292051
         vertex -0.1129 -0.327008 -0.29151
      endloop
   endfacet
   facet normal 1 1.72637e-15 1.49765e-15
      outer loop
         vertex -0.1129 -0.32077 -0.295262
         vertex -0.1129 -0.324509 -0.29317
         vertex -0.1129 -0.324922 -0.293585
      endloop
   endfacet
   facet normal 1 1.72637e-15 1.49765e-15
      outer loop
         vertex -0.1129 -0.324929 -0.29109
         vertex -0.1129 -0.324514 -0.291503
         vertex -0.1129 -0.324757 -0.289332
      endloop
   endfacet
   facet normal 1 1.72637e-15 1.49765e-15
      outer loop
         vertex -0.1129 -0.327008 -0.29151
         vertex -0.1129 -0.326595 -0.291095
         vertex -0.1129 -0.328517 -0.29186
      endloop
   endfacet
   facet normal 1 1.72637e-15 1.49765e-15
      outer loop
         vertex -0.1129 -0.32453 -0.29779
         vertex -0.1129 -0.326588 -0.293589
         vertex -0.1129 -0.327003 -0.293177
      endloop
   endfacet
   facet normal 1 1.72637e-15 1.49765e-15
      outer loop
         vertex -0.1129 -0.32453 -0.29779
         vertex -0.1129 -0.324922 -0.293585
         vertex -0.1129 -0.325462 -0.29381
      endloop
   endfacet
   facet normal 1 1.72637e-15 1.49765e-15
      outer loop
         vertex -0.1129 -0.32077 -0.295262
         vertex -0.1129 -0.324287 -0.292628
         vertex -0.1129 -0.324509 -0.29317
      endloop
   endfacet
   facet normal 1 1.72637e-15 1.49765e-15
      outer loop
         vertex -0.1129 -0.326595 -0.291095
         vertex -0.1129 -0.326055 -0.29087
         vertex -0.1129 -0.324757 -0.289332
      endloop
   endfacet
   facet normal 1 1.72637e-15 1.49765e-15
      outer loop
         vertex -0.1129 -0.328517 -0.29186
         vertex -0.1129 -0.327003 -0.293177
         vertex -0.1129 -0.327229 -0.292637
      endloop
   endfacet
   facet normal 1 1.72637e-15 1.49765e-15
      outer loop
         vertex -0.1129 -0.32453 -0.29779
         vertex -0.1129 -0.326047 -0.293812
         vertex -0.1129 -0.326588 -0.293589
      endloop
   endfacet
   facet normal 1 1.72637e-15 1.49765e-15
      outer loop
         vertex -0.1129 -0.324922 -0.293585
         vertex -0.1129 -0.32453 -0.29779
         vertex -0.1129 -0.32077 -0.295262
      endloop
   endfacet
   facet normal 1 1.72637e-15 1.49765e-15
      outer loop
         vertex -0.1129 -0.327229 -0.292637
         vertex -0.1129 -0.327231 -0.292051
         vertex -0.1129 -0.328517 -0.29186
      endloop
   endfacet
   facet normal 1 1.72637e-15 1.49765e-15
      outer loop
         vertex -0.1129 -0.325462 -0.29381
         vertex -0.1129 -0.326047 -0.293812
         vertex -0.1129 -0.32453 -0.29779
      endloop
   endfacet
   facet normal 1 1.72637e-15 1.49765e-15
      outer loop
         vertex -0.1129 -0.327003 -0.293177
         vertex -0.1129 -0.328517 -0.29186
         vertex -0.1129 -0.32453 -0.29779
      endloop
   endfacet
   facet normal 1 1.72637e-15 1.49765e-15
      outer loop
         vertex -0.1129 -0.312554 -0.307484
         vertex -0.1129 -0.316314 -0.310012
         vertex -0.1129 -0.316051 -0.310403
      endloop
   endfacet
   facet normal 1 1.72637e-15 1.49765e-15
      outer loop
         vertex -0.1129 -0.312291 -0.307875
         vertex -0.1129 -0.316051 -0.310403
         vertex -0.1129 -0.315875 -0.310665
      endloop
   endfacet
   facet normal 1 1.72637e-15 1.49765e-15
      outer loop
         vertex -0.1129 -0.323927 -0.287925
         vertex -0.1129 -0.32515 -0.288747
         vertex -0.1129 -0.324757 -0.289332
      endloop
   endfacet
   facet normal 1 1.72637e-15 1.49765e-15
      outer loop
         vertex -0.1129 -0.311331 -0.306662
         vertex -0.1129 -0.312554 -0.307484
         vertex -0.1129 -0.312291 -0.307875
      endloop
   endfacet
   facet normal 1 1.72637e-15 1.49765e-15
      outer loop
         vertex -0.1129 -0.311068 -0.307053
         vertex -0.1129 -0.312291 -0.307875
         vertex -0.1129 -0.312115 -0.308137
      endloop
   endfacet
   facet normal 1 1.72637e-15 1.49765e-15
      outer loop
         vertex -0.1129 -0.316063 -0.292097
         vertex -0.1129 -0.319548 -0.29444
         vertex -0.1129 -0.318326 -0.296257
      endloop
   endfacet
   facet normal 1 1.72637e-15 1.49765e-15
      outer loop
         vertex -0.1129 -0.307846 -0.304319
         vertex -0.1129 -0.311331 -0.306662
         vertex -0.1129 -0.311068 -0.307053
      endloop
   endfacet
   facet normal 1 1.72637e-15 1.49765e-15
      outer loop
         vertex -0.1129 -0.314244 -0.290875
         vertex -0.1129 -0.316063 -0.292097
         vertex -0.1129 -0.314841 -0.293914
      endloop
   endfacet
   facet normal 1 1.72637e-15 1.49765e-15
      outer loop
         vertex -0.1129 -0.313023 -0.292692
         vertex -0.1129 -0.314841 -0.293914
         vertex -0.1129 -0.309877 -0.301298
      endloop
   endfacet
   facet normal 1 1.72637e-15 1.49765e-15
      outer loop
         vertex -0.1129 -0.306028 -0.303097
         vertex -0.1129 -0.307846 -0.304319
         vertex -0.1129 -0.307583 -0.30471
      endloop
   endfacet
   facet normal 1 1.72637e-15 1.49765e-15
      outer loop
         vertex -0.1129 -0.305765 -0.303488
         vertex -0.1129 -0.306789 -0.304532
         vertex -0.1129 -0.306752 -0.304532
      endloop
   endfacet
   facet normal 1 1.72637e-15 1.49765e-15
      outer loop
         vertex -0.1129 -0.307583 -0.30471
         vertex -0.1129 -0.307503 -0.30483
         vertex -0.1129 -0.306789 -0.304532
      endloop
   endfacet
   facet normal 1 1.72637e-15 1.49765e-15
      outer loop
         vertex -0.1129 -0.306789 -0.304532
         vertex -0.1129 -0.305765 -0.303488
         vertex -0.1129 -0.307583 -0.30471
      endloop
   endfacet
   facet normal 1 1.72637e-15 1.49765e-15
      outer loop
         vertex -0.1129 -0.305589 -0.30375
         vertex -0.1129 -0.306752 -0.304532
         vertex -0.1129 -0.305521 -0.304529
      endloop
   endfacet
   facet normal 1 1.72637e-15 1.49765e-15
      outer loop
         vertex -0.1129 -0.311068 -0.307053
         vertex -0.1129 -0.308853 -0.30592
         vertex -0.1129 -0.307959 -0.305021
      endloop
   endfacet
   facet normal 1 1.72637e-15 1.49765e-15
      outer loop
         vertex -0.1129 -0.311068 -0.307053
         vertex -0.1129 -0.310892 -0.307315
         vertex -0.1129 -0.308867 -0.305954
      endloop
   endfacet
   facet normal 1 1.72637e-15 1.49765e-15
      outer loop
         vertex -0.1129 -0.308867 -0.305954
         vertex -0.1129 -0.308853 -0.30592
         vertex -0.1129 -0.311068 -0.307053
      endloop
   endfacet
   facet normal 1 1.72637e-15 1.49765e-15
      outer loop
         vertex -0.1129 -0.307959 -0.305021
         vertex -0.1129 -0.307583 -0.30471
         vertex -0.1129 -0.311068 -0.307053
      endloop
   endfacet
   facet normal 1 1.72637e-15 1.49765e-15
      outer loop
         vertex -0.1129 -0.319548 -0.29444
         vertex -0.1129 -0.319308 -0.292032
         vertex -0.1129 -0.320576 -0.292035
      endloop
   endfacet
   facet normal 1 1.72637e-15 1.49765e-15
      outer loop
         vertex -0.1129 -0.319548 -0.29444
         vertex -0.1129 -0.316063 -0.292097
         vertex -0.1129 -0.318138 -0.291543
      endloop
   endfacet
   facet normal 1 1.72637e-15 1.49765e-15
      outer loop
         vertex -0.1129 -0.318138 -0.291543
         vertex -0.1129 -0.319308 -0.292032
         vertex -0.1129 -0.319548 -0.29444
      endloop
   endfacet
   facet normal 1 1.72637e-15 1.49765e-15
      outer loop
         vertex -0.1129 -0.316063 -0.292097
         vertex -0.1129 -0.317244 -0.290644
         vertex -0.1129 -0.318138 -0.291543
      endloop
   endfacet
   facet normal 1 1.72637e-15 1.49765e-15
      outer loop
         vertex -0.1129 -0.316063 -0.292097
         vertex -0.1129 -0.317166 -0.290455
         vertex -0.1129 -0.317244 -0.290644
      endloop
   endfacet
   facet normal 1 1.72637e-15 1.49765e-15
      outer loop
         vertex -0.1129 -0.32077 -0.295262
         vertex -0.1129 -0.321749 -0.291553
         vertex -0.1129 -0.322648 -0.290659
      endloop
   endfacet
   facet normal 1 1.72637e-15 1.49765e-15
      outer loop
         vertex -0.1129 -0.324757 -0.289332
         vertex -0.1129 -0.323137 -0.289489
         vertex -0.1129 -0.323138 -0.289099
      endloop
   endfacet
   facet normal 1 1.72637e-15 1.49765e-15
      outer loop
         vertex -0.1129 -0.322648 -0.290659
         vertex -0.1129 -0.324757 -0.289332
         vertex -0.1129 -0.32077 -0.295262
      endloop
   endfacet
   facet normal 1 1.72637e-15 1.49765e-15
      outer loop
         vertex -0.1129 -0.322648 -0.290659
         vertex -0.1129 -0.323137 -0.289489
         vertex -0.1129 -0.324757 -0.289332
      endloop
   endfacet
   facet normal 1 1.72637e-15 1.49765e-15
      outer loop
         vertex -0.1129 -0.32077 -0.295262
         vertex -0.1129 -0.319548 -0.29444
         vertex -0.1129 -0.321389 -0.291701
      endloop
   endfacet
   facet normal 1 1.72637e-15 1.49765e-15
      outer loop
         vertex -0.1129 -0.321389 -0.291701
         vertex -0.1129 -0.321749 -0.291553
         vertex -0.1129 -0.32077 -0.295262
      endloop
   endfacet
   facet normal 1 1.72637e-15 1.49765e-15
      outer loop
         vertex -0.1129 -0.323927 -0.287925
         vertex -0.1129 -0.323534 -0.28851
         vertex -0.1129 -0.323141 -0.288246
      endloop
   endfacet
   facet normal 1 1.72637e-15 1.49765e-15
      outer loop
         vertex -0.1129 -0.323141 -0.288246
         vertex -0.1129 -0.323141 -0.288221
         vertex -0.1129 -0.323927 -0.287925
      endloop
   endfacet
   facet normal 1 1.72637e-15 1.49765e-15
      outer loop
         vertex -0.1129 -0.32453 -0.29779
         vertex -0.1129 -0.327661 -0.296173
         vertex -0.1129 -0.327658 -0.297441
      endloop
   endfacet
   facet normal 1 1.72637e-15 1.49765e-15
      outer loop
         vertex -0.1129 -0.32453 -0.29779
         vertex -0.1129 -0.328517 -0.29186
         vertex -0.1129 -0.32815 -0.295003
      endloop
   endfacet
   facet normal 1 1.72637e-15 1.49765e-15
      outer loop
         vertex -0.1129 -0.32815 -0.295003
         vertex -0.1129 -0.327661 -0.296173
         vertex -0.1129 -0.32453 -0.29779
      endloop
   endfacet
   facet normal 1 1.72637e-15 1.49765e-15
      outer loop
         vertex -0.1129 -0.32863 -0.300546
         vertex -0.1129 -0.32453 -0.29779
         vertex -0.1129 -0.32814 -0.298614
      endloop
   endfacet
   facet normal 1 1.72637e-15 1.49765e-15
      outer loop
         vertex -0.1129 -0.328517 -0.29186
         vertex -0.1129 -0.329049 -0.294109
         vertex -0.1129 -0.32815 -0.295003
      endloop
   endfacet
   facet normal 1 1.72637e-15 1.49765e-15
      outer loop
         vertex -0.1129 -0.327658 -0.297441
         vertex -0.1129 -0.32814 -0.298614
         vertex -0.1129 -0.32453 -0.29779
      endloop
   endfacet
   facet normal 1 1.72637e-15 1.49765e-15
      outer loop
         vertex -0.1129 -0.328517 -0.29186
         vertex -0.1129 -0.331149 -0.29363
         vertex -0.1129 -0.330222 -0.293627
      endloop
   endfacet
   facet normal 1 1.72637e-15 1.49765e-15
      outer loop
         vertex -0.1129 -0.330222 -0.293627
         vertex -0.1129 -0.329049 -0.294109
         vertex -0.1129 -0.328517 -0.29186
      endloop
   endfacet
   facet normal 1 1.72637e-15 1.49765e-15
      outer loop
         vertex -0.1129 -0.32814 -0.298614
         vertex -0.1129 -0.329034 -0.299514
         vertex -0.1129 -0.32863 -0.300546
      endloop
   endfacet
   facet normal 1 1.72637e-15 1.49765e-15
      outer loop
         vertex -0.1129 -0.330651 -0.301905
         vertex -0.1129 -0.330204 -0.300002
         vertex -0.1129 -0.331472 -0.300006
      endloop
   endfacet
   facet normal 1 1.72637e-15 1.49765e-15
      outer loop
         vertex -0.1129 -0.32863 -0.300546
         vertex -0.1129 -0.329261 -0.299608
         vertex -0.1129 -0.330204 -0.300002
      endloop
   endfacet
   facet normal 1 1.72637e-15 1.49765e-15
      outer loop
         vertex -0.1129 -0.330204 -0.300002
         vertex -0.1129 -0.330651 -0.301905
         vertex -0.1129 -0.32863 -0.300546
      endloop
   endfacet
   facet normal 1 1.72637e-15 1.49765e-15
      outer loop
         vertex -0.1129 -0.335712 -0.296697
         vertex -0.1129 -0.334033 -0.297459
         vertex -0.1129 -0.334035 -0.296872
      endloop
   endfacet
   facet normal 1 1.72637e-15 1.49765e-15
      outer loop
         vertex -0.1129 -0.331725 -0.302627
         vertex -0.1129 -0.332645 -0.299524
         vertex -0.1129 -0.333544 -0.29863
      endloop
   endfacet
   facet normal 1 1.72637e-15 1.49765e-15
      outer loop
         vertex -0.1129 -0.331725 -0.302627
         vertex -0.1129 -0.330651 -0.301905
         vertex -0.1129 -0.332102 -0.299747
      endloop
   endfacet
   facet normal 1 1.72637e-15 1.49765e-15
      outer loop
         vertex -0.1129 -0.335712 -0.296697
         vertex -0.1129 -0.333544 -0.29863
         vertex -0.1129 -0.334033 -0.297459
      endloop
   endfacet
   facet normal 1 1.72637e-15 1.49765e-15
      outer loop
         vertex -0.1129 -0.332102 -0.299747
         vertex -0.1129 -0.332645 -0.299524
         vertex -0.1129 -0.331725 -0.302627
      endloop
   endfacet
   facet normal 1 1.72637e-15 1.49765e-15
      outer loop
         vertex -0.1129 -0.333544 -0.29863
         vertex -0.1129 -0.335712 -0.296697
         vertex -0.1129 -0.331725 -0.302627
      endloop
   endfacet
   facet normal 1 1.72637e-15 1.49765e-15
      outer loop
         vertex -0.1129 -0.334638 -0.295975
         vertex -0.1129 -0.334035 -0.296872
         vertex -0.1129 -0.334037 -0.296191
      endloop
   endfacet
   facet normal 1 1.72637e-15 1.49765e-15
      outer loop
         vertex -0.1129 -0.33301 -0.294031
         vertex -0.1129 -0.335031 -0.29539
         vertex -0.1129 -0.333555 -0.295018
      endloop
   endfacet
   facet normal 1 1.72637e-15 1.49765e-15
      outer loop
         vertex -0.1129 -0.335031 -0.29539
         vertex -0.1129 -0.334638 -0.295975
         vertex -0.1129 -0.333684 -0.295334
      endloop
   endfacet
   facet normal 1 1.72637e-15 1.49765e-15
      outer loop
         vertex -0.1129 -0.333684 -0.295334
         vertex -0.1129 -0.333555 -0.295018
         vertex -0.1129 -0.335031 -0.29539
      endloop
   endfacet
   facet normal 1 1.72637e-15 1.49765e-15
      outer loop
         vertex -0.1129 -0.33301 -0.294031
         vertex -0.1129 -0.33266 -0.294119
         vertex -0.1129 -0.33149 -0.293631
      endloop
   endfacet
   facet normal 1 1.72637e-15 1.49765e-15
      outer loop
         vertex -0.1129 -0.32891 -0.291275
         vertex -0.1129 -0.33149 -0.293631
         vertex -0.1129 -0.331149 -0.29363
      endloop
   endfacet
   facet normal 1 1.72637e-15 1.49765e-15
      outer loop
         vertex -0.1129 -0.33301 -0.294031
         vertex -0.1129 -0.332834 -0.294294
         vertex -0.1129 -0.33266 -0.294119
      endloop
   endfacet
   facet normal 1 1.72637e-15 1.49765e-15
      outer loop
         vertex -0.1129 -0.33149 -0.293631
         vertex -0.1129 -0.32891 -0.291275
         vertex -0.1129 -0.33301 -0.294031
      endloop
   endfacet
   facet normal 1 1.72637e-15 1.49765e-15
      outer loop
         vertex -0.1129 -0.324466 -0.311105
         vertex -0.1129 -0.326207 -0.309595
         vertex -0.1129 -0.326203 -0.310841
      endloop
   endfacet
   facet normal 1 1.72637e-15 1.49765e-15
      outer loop
         vertex -0.1129 -0.324466 -0.311105
         vertex -0.1129 -0.326695 -0.308425
         vertex -0.1129 -0.326207 -0.309595
      endloop
   endfacet
   facet normal 1 1.72637e-15 1.49765e-15
      outer loop
         vertex -0.1129 -0.32943 -0.303722
         vertex -0.1129 -0.327595 -0.30753
         vertex -0.1129 -0.326695 -0.308425
      endloop
   endfacet
   facet normal 1 1.72637e-15 1.49765e-15
      outer loop
         vertex -0.1129 -0.326695 -0.308425
         vertex -0.1129 -0.324466 -0.311105
         vertex -0.1129 -0.32943 -0.303722
      endloop
   endfacet
   facet normal 1 1.72637e-15 1.49765e-15
      outer loop
         vertex -0.1129 -0.32943 -0.303722
         vertex -0.1129 -0.330504 -0.304444
         vertex -0.1129 -0.328747 -0.307057
      endloop
   endfacet
   facet normal 1 1.72637e-15 1.49765e-15
      outer loop
         vertex -0.1129 -0.328747 -0.307057
         vertex -0.1129 -0.327595 -0.30753
         vertex -0.1129 -0.32943 -0.303722
      endloop
   endfacet
   facet normal 1 1.72637e-15 1.49765e-15
      outer loop
         vertex -0.1129 -0.330504 -0.304444
         vertex -0.1129 -0.350512 -0.317894
         vertex -0.1129 -0.3321 -0.30844
      endloop
   endfacet
   facet normal 1 1.72637e-15 1.49765e-15
      outer loop
         vertex -0.1129 -0.350512 -0.317894
         vertex -0.1129 -0.332578 -0.310881
         vertex -0.1129 -0.332582 -0.309613
      endloop
   endfacet
   facet normal 1 1.72637e-15 1.49765e-15
      outer loop
         vertex -0.1129 -0.350512 -0.317894
         vertex -0.1129 -0.345548 -0.325278
         vertex -0.1129 -0.33209 -0.312051
      endloop
   endfacet
   facet normal 1 1.72637e-15 1.49765e-15
      outer loop
         vertex -0.1129 -0.345548 -0.325278
         vertex -0.1129 -0.32554 -0.311827
         vertex -0.1129 -0.327579 -0.312935
      endloop
   endfacet
   facet normal 1 1.72637e-15 1.49765e-15
      outer loop
         vertex -0.1129 -0.3321 -0.30844
         vertex -0.1129 -0.331206 -0.307541
         vertex -0.1129 -0.330504 -0.304444
      endloop
   endfacet
   facet normal 1 1.72637e-15 1.49765e-15
      outer loop
         vertex -0.1129 -0.33209 -0.312051
         vertex -0.1129 -0.332578 -0.310881
         vertex -0.1129 -0.350512 -0.317894
      endloop
   endfacet
   facet normal 1 1.72637e-15 1.49765e-15
      outer loop
         vertex -0.1129 -0.327579 -0.312935
         vertex -0.1129 -0.328749 -0.313424
         vertex -0.1129 -0.345548 -0.325278
      endloop
   endfacet
   facet normal 1 1.72637e-15 1.49765e-15
      outer loop
         vertex -0.1129 -0.331206 -0.307541
         vertex -0.1129 -0.330036 -0.307052
         vertex -0.1129 -0.330504 -0.304444
      endloop
   endfacet
   facet normal 1 1.72637e-15 1.49765e-15
      outer loop
         vertex -0.1129 -0.345548 -0.325278
         vertex -0.1129 -0.33119 -0.312945
         vertex -0.1129 -0.33209 -0.312051
      endloop
   endfacet
   facet normal 1 1.72637e-15 1.49765e-15
      outer loop
         vertex -0.1129 -0.328749 -0.313424
         vertex -0.1129 -0.330018 -0.313427
         vertex -0.1129 -0.345548 -0.325278
      endloop
   endfacet
   facet normal 1 1.72637e-15 1.49765e-15
      outer loop
         vertex -0.1129 -0.332582 -0.309613
         vertex -0.1129 -0.3321 -0.30844
         vertex -0.1129 -0.350512 -0.317894
      endloop
   endfacet
   facet normal 1 1.72637e-15 1.49765e-15
      outer loop
         vertex -0.1129 -0.32554 -0.311827
         vertex -0.1129 -0.326685 -0.312036
         vertex -0.1129 -0.327579 -0.312935
      endloop
   endfacet
   facet normal 1 1.72637e-15 1.49765e-15
      outer loop
         vertex -0.1129 -0.330018 -0.313427
         vertex -0.1129 -0.33119 -0.312945
         vertex -0.1129 -0.345548 -0.325278
      endloop
   endfacet
   facet normal 1 1.72637e-15 1.49765e-15
      outer loop
         vertex -0.1129 -0.32554 -0.311827
         vertex -0.1129 -0.326203 -0.310841
         vertex -0.1129 -0.326203 -0.310863
      endloop
   endfacet
   facet normal 1 1.72637e-15 1.49765e-15
      outer loop
         vertex -0.1129 -0.326203 -0.310863
         vertex -0.1129 -0.326685 -0.312036
         vertex -0.1129 -0.32554 -0.311827
      endloop
   endfacet
   facet normal 1 1.72637e-15 1.49765e-15
      outer loop
         vertex -0.1129 -0.330036 -0.307052
         vertex -0.1129 -0.328767 -0.307048
         vertex -0.1129 -0.330504 -0.304444
      endloop
   endfacet
   facet normal 1 1.72637e-15 1.49765e-15
      outer loop
         vertex -0.1129 -0.306028 -0.303097
         vertex -0.1129 -0.306487 -0.302414
         vertex -0.1129 -0.306557 -0.302414
      endloop
   endfacet
   facet normal 1 1.72637e-15 1.49765e-15
      outer loop
         vertex -0.1129 -0.307846 -0.304319
         vertex -0.1129 -0.307098 -0.302191
         vertex -0.1129 -0.307513 -0.301779
      endloop
   endfacet
   facet normal 1 1.72637e-15 1.49765e-15
      outer loop
         vertex -0.1129 -0.306557 -0.302414
         vertex -0.1129 -0.307846 -0.304319
         vertex -0.1129 -0.306028 -0.303097
      endloop
   endfacet
   facet normal 1 1.72637e-15 1.49765e-15
      outer loop
         vertex -0.1129 -0.306557 -0.302414
         vertex -0.1129 -0.307098 -0.302191
         vertex -0.1129 -0.307846 -0.304319
      endloop
   endfacet
   facet normal 1 1.72637e-15 1.49765e-15
      outer loop
         vertex -0.1129 -0.30952 -0.30183
         vertex -0.1129 -0.307739 -0.301239
         vertex -0.1129 -0.30774 -0.300653
      endloop
   endfacet
   facet normal 1 1.72637e-15 1.49765e-15
      outer loop
         vertex -0.1129 -0.307513 -0.301779
         vertex -0.1129 -0.30952 -0.30183
         vertex -0.1129 -0.307846 -0.304319
      endloop
   endfacet
   facet normal 1 1.72637e-15 1.49765e-15
      outer loop
         vertex -0.1129 -0.307513 -0.301779
         vertex -0.1129 -0.307739 -0.301239
         vertex -0.1129 -0.30952 -0.30183
      endloop
   endfacet
   facet normal 1 1.72637e-15 1.49765e-15
      outer loop
         vertex -0.1129 -0.309877 -0.301298
         vertex -0.1129 -0.30952 -0.30183
         vertex -0.1129 -0.307729 -0.300626
      endloop
   endfacet
   facet normal 1 1.72637e-15 1.49765e-15
      outer loop
         vertex -0.1129 -0.307729 -0.300626
         vertex -0.1129 -0.308059 -0.300075
         vertex -0.1129 -0.309877 -0.301298
      endloop
   endfacet
   facet normal 1 1.72637e-15 1.49765e-15
      outer loop
         vertex -0.1129 -0.320414 -0.312768
         vertex -0.1129 -0.322218 -0.312683
         vertex -0.1129 -0.321993 -0.313223
      endloop
   endfacet
   facet normal 1 1.72637e-15 1.49765e-15
      outer loop
         vertex -0.1129 -0.322088 -0.310279
         vertex -0.1129 -0.322633 -0.312271
         vertex -0.1129 -0.322218 -0.312683
      endloop
   endfacet
   facet normal 1 1.72637e-15 1.49765e-15
      outer loop
         vertex -0.1129 -0.322218 -0.312683
         vertex -0.1129 -0.320414 -0.312768
         vertex -0.1129 -0.322088 -0.310279
      endloop
   endfacet
   facet normal 1 1.72637e-15 1.49765e-15
      outer loop
         vertex -0.1129 -0.322088 -0.310279
         vertex -0.1129 -0.324109 -0.311637
         vertex -0.1129 -0.32376 -0.31205
      endloop
   endfacet
   facet normal 1 1.72637e-15 1.49765e-15
      outer loop
         vertex -0.1129 -0.322088 -0.310279
         vertex -0.1129 -0.323174 -0.312048
         vertex -0.1129 -0.322633 -0.312271
      endloop
   endfacet
   facet normal 1 1.72637e-15 1.49765e-15
      outer loop
         vertex -0.1129 -0.324109 -0.311637
         vertex -0.1129 -0.323816 -0.312073
         vertex -0.1129 -0.32376 -0.31205
      endloop
   endfacet
   facet normal 1 1.72637e-15 1.49765e-15
      outer loop
         vertex -0.1129 -0.32376 -0.31205
         vertex -0.1129 -0.323174 -0.312048
         vertex -0.1129 -0.322088 -0.310279
      endloop
   endfacet
   facet normal 1 1.72637e-15 1.49765e-15
      outer loop
         vertex -0.1129 -0.321993 -0.313223
         vertex -0.1129 -0.321991 -0.313809
         vertex -0.1129 -0.320414 -0.312768
      endloop
   endfacet
   facet normal 1 1.72637e-15 1.49765e-15
      outer loop
         vertex -0.1129 -0.320151 -0.313159
         vertex -0.1129 -0.322002 -0.313836
         vertex -0.1129 -0.322213 -0.31435
      endloop
   endfacet
   facet normal 1 1.72637e-15 1.49765e-15
      outer loop
         vertex -0.1129 -0.320151 -0.313159
         vertex -0.1129 -0.320414 -0.312768
         vertex -0.1129 -0.322002 -0.313836
      endloop
   endfacet
   facet normal 1 1.72637e-15 1.49765e-15
      outer loop
         vertex -0.1129 -0.322213 -0.31435
         vertex -0.1129 -0.322172 -0.314518
         vertex -0.1129 -0.320151 -0.313159
      endloop
   endfacet
   facet normal 1 1.72637e-15 1.49765e-15
      outer loop
         vertex -0.1129 -0.323246 -0.31524
         vertex -0.1129 -0.322172 -0.314518
         vertex -0.1129 -0.322626 -0.314765
      endloop
   endfacet
   facet normal 1 1.72637e-15 1.49765e-15
      outer loop
         vertex -0.1129 -0.322172 -0.314518
         vertex -0.1129 -0.322256 -0.314393
         vertex -0.1129 -0.322626 -0.314765
      endloop
   endfacet
   facet normal 1 1.72637e-15 1.49765e-15
      outer loop
         vertex -0.1129 -0.322626 -0.314765
         vertex -0.1129 -0.323166 -0.31499
         vertex -0.1129 -0.323246 -0.31524
      endloop
   endfacet
   facet normal 1 1.72637e-15 1.49765e-15
      outer loop
         vertex -0.1129 -0.343254 -0.328691
         vertex -0.1129 -0.323246 -0.31524
         vertex -0.1129 -0.323722 -0.314992
      endloop
   endfacet
   facet normal 1 1.72637e-15 1.49765e-15
      outer loop
         vertex -0.1129 -0.323246 -0.31524
         vertex -0.1129 -0.323413 -0.314991
         vertex -0.1129 -0.323722 -0.314992
      endloop
   endfacet
   facet normal 1 1.72637e-15 1.49765e-15
      outer loop
         vertex -0.1129 -0.345191 -0.32581
         vertex -0.1129 -0.324293 -0.31477
         vertex -0.1129 -0.324708 -0.314357
      endloop
   endfacet
   facet normal 1 1.72637e-15 1.49765e-15
      outer loop
         vertex -0.1129 -0.324708 -0.314357
         vertex -0.1129 -0.324933 -0.313817
         vertex -0.1129 -0.345191 -0.32581
      endloop
   endfacet
   facet normal 1 1.72637e-15 1.49765e-15
      outer loop
         vertex -0.1129 -0.325183 -0.312359
         vertex -0.1129 -0.345191 -0.32581
         vertex -0.1129 -0.324935 -0.313232
      endloop
   endfacet
   facet normal 1 1.72637e-15 1.49765e-15
      outer loop
         vertex -0.1129 -0.345191 -0.32581
         vertex -0.1129 -0.323751 -0.314992
         vertex -0.1129 -0.324293 -0.31477
      endloop
   endfacet
   facet normal 1 1.72637e-15 1.49765e-15
      outer loop
         vertex -0.1129 -0.324933 -0.313817
         vertex -0.1129 -0.324935 -0.313232
         vertex -0.1129 -0.345191 -0.32581
      endloop
   endfacet
   facet normal 1 1.72637e-15 1.49765e-15
      outer loop
         vertex -0.1129 -0.343517 -0.3283
         vertex -0.1129 -0.323722 -0.314992
         vertex -0.1129 -0.323751 -0.314992
      endloop
   endfacet
   facet normal 1 1.72637e-15 1.49765e-15
      outer loop
         vertex -0.1129 -0.323751 -0.314992
         vertex -0.1129 -0.345191 -0.32581
         vertex -0.1129 -0.343517 -0.3283
      endloop
   endfacet
   facet normal 1 1.72637e-15 1.49765e-15
      outer loop
         vertex -0.1129 -0.325183 -0.312359
         vertex -0.1129 -0.324712 -0.31269
         vertex -0.1129 -0.3243 -0.312275
      endloop
   endfacet
   facet normal 1 1.72637e-15 1.49765e-15
      outer loop
         vertex -0.1129 -0.325183 -0.312359
         vertex -0.1129 -0.324806 -0.312919
         vertex -0.1129 -0.324712 -0.31269
      endloop
   endfacet
   facet normal 1 1.72637e-15 1.49765e-15
      outer loop
         vertex -0.1129 -0.3243 -0.312275
         vertex -0.1129 -0.324109 -0.311637
         vertex -0.1129 -0.325183 -0.312359
      endloop
   endfacet
   facet normal 1 1.72637e-15 1.49765e-15
      outer loop
         vertex -0.1129 -0.320414 -0.312768
         vertex -0.1129 -0.316314 -0.310012
         vertex -0.1129 -0.317566 -0.308149
      endloop
   endfacet
   facet normal 1 1.72637e-15 1.49765e-15
      outer loop
         vertex -0.1129 -0.317566 -0.308149
         vertex -0.1129 -0.318926 -0.308153
         vertex -0.1129 -0.320414 -0.312768
      endloop
   endfacet
   facet normal 1 1.72637e-15 1.49765e-15
      outer loop
         vertex -0.1129 -0.322088 -0.310279
         vertex -0.1129 -0.318926 -0.308153
         vertex -0.1129 -0.319651 -0.308155
      endloop
   endfacet
   facet normal 1 1.72637e-15 1.49765e-15
      outer loop
         vertex -0.1129 -0.327409 -0.302363
         vertex -0.1129 -0.322445 -0.309747
         vertex -0.1129 -0.323476 -0.305615
      endloop
   endfacet
   facet normal 1 1.72637e-15 1.49765e-15
      outer loop
         vertex -0.1129 -0.327409 -0.302363
         vertex -0.1129 -0.324378 -0.303454
         vertex -0.1129 -0.324385 -0.301113
      endloop
   endfacet
   facet normal 1 1.72637e-15 1.49765e-15
      outer loop
         vertex -0.1129 -0.322445 -0.309747
         vertex -0.1129 -0.321816 -0.307265
         vertex -0.1129 -0.323476 -0.305615
      endloop
   endfacet
   facet normal 1 1.72637e-15 1.49765e-15
      outer loop
         vertex -0.1129 -0.323476 -0.305615
         vertex -0.1129 -0.324378 -0.303454
         vertex -0.1129 -0.327409 -0.302363
      endloop
   endfacet
   facet normal 1 1.72637e-15 1.49765e-15
      outer loop
         vertex -0.1129 -0.322445 -0.309747
         vertex -0.1129 -0.319651 -0.308155
         vertex -0.1129 -0.321816 -0.307265
      endloop
   endfacet
   facet normal 1 1.72637e-15 1.49765e-15
      outer loop
         vertex -0.1129 -0.32863 -0.300546
         vertex -0.1129 -0.327409 -0.302363
         vertex -0.1129 -0.32394 -0.300031
      endloop
   endfacet
   facet normal 1 1.72637e-15 1.49765e-15
      outer loop
         vertex -0.1129 -0.32394 -0.300031
         vertex -0.1129 -0.32453 -0.29779
         vertex -0.1129 -0.32863 -0.300546
      endloop
   endfacet
   facet normal 1 1.72637e-15 1.49765e-15
      outer loop
         vertex -0.1129 -0.32453 -0.29779
         vertex -0.1129 -0.323495 -0.298948
         vertex -0.1129 -0.321844 -0.297288
      endloop
   endfacet
   facet normal 1 1.72637e-15 1.49765e-15
      outer loop
         vertex -0.1129 -0.321844 -0.297288
         vertex -0.1129 -0.32077 -0.295262
         vertex -0.1129 -0.32453 -0.29779
      endloop
   endfacet
   facet normal 1 1.72637e-15 1.49765e-15
      outer loop
         vertex -0.1129 -0.32453 -0.29779
         vertex -0.1129 -0.323592 -0.299185
         vertex -0.1129 -0.323495 -0.298948
      endloop
   endfacet
   facet normal 1 1.72637e-15 1.49765e-15
      outer loop
         vertex -0.1129 -0.319548 -0.29444
         vertex -0.1129 -0.319684 -0.296386
         vertex -0.1129 -0.318513 -0.296383
      endloop
   endfacet
   facet normal 1 1.72637e-15 1.49765e-15
      outer loop
         vertex -0.1129 -0.32077 -0.295262
         vertex -0.1129 -0.319942 -0.296494
         vertex -0.1129 -0.319684 -0.296386
      endloop
   endfacet
   facet normal 1 1.72637e-15 1.49765e-15
      outer loop
         vertex -0.1129 -0.319684 -0.296386
         vertex -0.1129 -0.319548 -0.29444
         vertex -0.1129 -0.32077 -0.295262
      endloop
   endfacet
   facet normal 1 1.72637e-15 1.49765e-15
      outer loop
         vertex -0.1129 -0.314841 -0.293914
         vertex -0.1129 -0.315177 -0.297269
         vertex -0.1129 -0.313517 -0.29892
      endloop
   endfacet
   facet normal 1 1.72637e-15 1.49765e-15
      outer loop
         vertex -0.1129 -0.314841 -0.293914
         vertex -0.1129 -0.317343 -0.296379
         vertex -0.1129 -0.315177 -0.297269
      endloop
   endfacet
   facet normal 1 1.72637e-15 1.49765e-15
      outer loop
         vertex -0.1129 -0.318326 -0.296257
         vertex -0.1129 -0.318242 -0.296382
         vertex -0.1129 -0.317343 -0.296379
      endloop
   endfacet
   facet normal 1 1.72637e-15 1.49765e-15
      outer loop
         vertex -0.1129 -0.309877 -0.301298
         vertex -0.1129 -0.313517 -0.29892
         vertex -0.1129 -0.312615 -0.30108
      endloop
   endfacet
   facet normal 1 1.72637e-15 1.49765e-15
      outer loop
         vertex -0.1129 -0.317343 -0.296379
         vertex -0.1129 -0.314841 -0.293914
         vertex -0.1129 -0.318326 -0.296257
      endloop
   endfacet
   facet normal 1 1.72637e-15 1.49765e-15
      outer loop
         vertex -0.1129 -0.313517 -0.29892
         vertex -0.1129 -0.309877 -0.301298
         vertex -0.1129 -0.314841 -0.293914
      endloop
   endfacet
   facet normal 1 1.72637e-15 1.49765e-15
      outer loop
         vertex -0.1129 -0.30952 -0.30183
         vertex -0.1129 -0.309877 -0.301298
         vertex -0.1129 -0.312609 -0.303134
      endloop
   endfacet
   facet normal 1 1.72637e-15 1.49765e-15
      outer loop
         vertex -0.1129 -0.312609 -0.303134
         vertex -0.1129 -0.312609 -0.303421
         vertex -0.1129 -0.30952 -0.30183
      endloop
   endfacet
   facet normal 1 1.72637e-15 1.49765e-15
      outer loop
         vertex -0.1129 -0.307846 -0.304319
         vertex -0.1129 -0.30952 -0.30183
         vertex -0.1129 -0.312884 -0.304091
      endloop
   endfacet
   facet normal 1 1.72637e-15 1.49765e-15
      outer loop
         vertex -0.1129 -0.312884 -0.304091
         vertex -0.1129 -0.311331 -0.306662
         vertex -0.1129 -0.307846 -0.304319
      endloop
   endfacet
   facet normal 1 1.72637e-15 1.49765e-15
      outer loop
         vertex -0.1129 -0.312554 -0.307484
         vertex -0.1129 -0.311331 -0.306662
         vertex -0.1129 -0.313498 -0.305587
      endloop
   endfacet
   facet normal 1 1.72637e-15 1.49765e-15
      outer loop
         vertex -0.1129 -0.311331 -0.306662
         vertex -0.1129 -0.31295 -0.304253
         vertex -0.1129 -0.313498 -0.305587
      endloop
   endfacet
   facet normal 1 1.72637e-15 1.49765e-15
      outer loop
         vertex -0.1129 -0.316314 -0.310012
         vertex -0.1129 -0.312554 -0.307484
         vertex -0.1129 -0.315149 -0.307247
      endloop
   endfacet
   facet normal 1 1.72637e-15 1.49765e-15
      outer loop
         vertex -0.1129 -0.312554 -0.307484
         vertex -0.1129 -0.313696 -0.305785
         vertex -0.1129 -0.315149 -0.307247
      endloop
   endfacet
   facet normal 1 1.72637e-15 1.49765e-15
      outer loop
         vertex -0.1129 -0.315149 -0.307247
         vertex -0.1129 -0.317309 -0.308149
         vertex -0.1129 -0.316314 -0.310012
      endloop
   endfacet
   facet normal 1 1.72637e-15 1.49765e-15
      outer loop
         vertex -0.1129 -0.32891 -0.291275
         vertex -0.1129 -0.330246 -0.289288
         vertex -0.1129 -0.33403 -0.292514
      endloop
   endfacet
   facet normal 1 1.72637e-15 1.49765e-15
      outer loop
         vertex -0.1129 -0.33301 -0.294031
         vertex -0.1129 -0.33403 -0.292514
         vertex -0.1129 -0.335896 -0.294104
      endloop
   endfacet
   facet normal 1 1.72637e-15 1.49765e-15
      outer loop
         vertex -0.1129 -0.335031 -0.29539
         vertex -0.1129 -0.335896 -0.294104
         vertex -0.1129 -0.336887 -0.294949
      endloop
   endfacet
   facet normal 1 1.72637e-15 1.49765e-15
      outer loop
         vertex -0.1129 -0.335712 -0.296697
         vertex -0.1129 -0.336105 -0.296112
         vertex -0.1129 -0.346263 -0.302941
      endloop
   endfacet
   facet normal 1 1.72637e-15 1.49765e-15
      outer loop
         vertex -0.1129 -0.331725 -0.302627
         vertex -0.1129 -0.335712 -0.296697
         vertex -0.1129 -0.350977 -0.30696
      endloop
   endfacet
   facet normal 1 1.72637e-15 1.49765e-15
      outer loop
         vertex -0.1129 -0.350977 -0.30696
         vertex -0.1129 -0.351734 -0.316078
         vertex -0.1129 -0.331725 -0.302627
      endloop
   endfacet
   facet normal 1 1.72637e-15 1.49765e-15
      outer loop
         vertex -0.1129 -0.351734 -0.316078
         vertex -0.1129 -0.355355 -0.310691
         vertex -0.1129 -0.359219 -0.313985
      endloop
   endfacet
   facet normal 1 1.72637e-15 1.49765e-15
      outer loop
         vertex -0.1129 -0.350512 -0.317894
         vertex -0.1129 -0.351734 -0.316078
         vertex -0.1129 -0.3585 -0.320626
      endloop
   endfacet
   facet normal 1 1.72637e-15 1.49765e-15
      outer loop
         vertex -0.1129 -0.345548 -0.325278
         vertex -0.1129 -0.350512 -0.317894
         vertex -0.1129 -0.358233 -0.323085
      endloop
   endfacet
   facet normal 1 1.72637e-15 1.49765e-15
      outer loop
         vertex -0.1129 -0.345191 -0.32581
         vertex -0.1129 -0.345548 -0.325278
         vertex -0.1129 -0.35715 -0.333077
      endloop
   endfacet
   facet normal 1 1.72637e-15 1.49765e-15
      outer loop
         vertex -0.1129 -0.343517 -0.3283
         vertex -0.1129 -0.345191 -0.32581
         vertex -0.1129 -0.357072 -0.333797
      endloop
   endfacet
   facet normal 1 1.72637e-15 1.49765e-15
      outer loop
         vertex -0.1129 -0.343254 -0.328691
         vertex -0.1129 -0.343517 -0.3283
         vertex -0.1129 -0.356707 -0.337167
      endloop
   endfacet
   facet normal 1 1.72637e-15 1.49765e-15
      outer loop
         vertex -0.1129 -0.343078 -0.328953
         vertex -0.1129 -0.343254 -0.328691
         vertex -0.1129 -0.356649 -0.337696
      endloop
   endfacet
   facet normal 1 1.72637e-15 1.49765e-15
      outer loop
         vertex -0.1129 -0.335259 -0.340584
         vertex -0.1129 -0.343078 -0.328953
         vertex -0.1129 -0.356611 -0.338051
      endloop
   endfacet
   facet normal 1 1.72637e-15 1.49765e-15
      outer loop
         vertex -0.1129 -0.32307 -0.315502
         vertex -0.1129 -0.343078 -0.328953
         vertex -0.1129 -0.335259 -0.340584
      endloop
   endfacet
   facet normal 1 1.72637e-15 1.49765e-15
      outer loop
         vertex -0.1129 -0.321996 -0.31478
         vertex -0.1129 -0.32307 -0.315502
         vertex -0.1129 -0.308181 -0.337649
      endloop
   endfacet
   facet normal 1 1.72637e-15 1.49765e-15
      outer loop
         vertex -0.1129 -0.321996 -0.31478
         vertex -0.1129 -0.320231 -0.315064
         vertex -0.1129 -0.319749 -0.313891
      endloop
   endfacet
   facet normal 1 1.72637e-15 1.49765e-15
      outer loop
         vertex -0.1129 -0.321996 -0.31478
         vertex -0.1129 -0.320228 -0.316332
         vertex -0.1129 -0.320231 -0.315064
      endloop
   endfacet
   facet normal 1 1.72637e-15 1.49765e-15
      outer loop
         vertex -0.1129 -0.321996 -0.31478
         vertex -0.1129 -0.319739 -0.317502
         vertex -0.1129 -0.320228 -0.316332
      endloop
   endfacet
   facet normal 1 1.72637e-15 1.49765e-15
      outer loop
         vertex -0.1129 -0.306728 -0.337492
         vertex -0.1129 -0.31884 -0.318396
         vertex -0.1129 -0.319739 -0.317502
      endloop
   endfacet
   facet normal 1 1.72637e-15 1.49765e-15
      outer loop
         vertex -0.1129 -0.319739 -0.317502
         vertex -0.1129 -0.321996 -0.31478
         vertex -0.1129 -0.306728 -0.337492
      endloop
   endfacet
   facet normal 1 1.72637e-15 1.49765e-15
      outer loop
         vertex -0.1129 -0.319749 -0.313891
         vertex -0.1129 -0.319975 -0.313421
         vertex -0.1129 -0.321996 -0.31478
      endloop
   endfacet
   facet normal 1 1.72637e-15 1.49765e-15
      outer loop
         vertex -0.1129 -0.306728 -0.337492
         vertex -0.1129 -0.316399 -0.318874
         vertex -0.1129 -0.317667 -0.318878
      endloop
   endfacet
   facet normal 1 1.72637e-15 1.49765e-15
      outer loop
         vertex -0.1129 -0.317667 -0.318878
         vertex -0.1129 -0.31884 -0.318396
         vertex -0.1129 -0.306728 -0.337492
      endloop
   endfacet
   facet normal 1 1.72637e-15 1.49765e-15
      outer loop
         vertex -0.1129 -0.316329 -0.318845
         vertex -0.1129 -0.316399 -0.318874
         vertex -0.1129 -0.306728 -0.337492
      endloop
   endfacet
   facet normal 1 1.72637e-15 1.49765e-15
      outer loop
         vertex -0.1129 -0.306728 -0.337492
         vertex -0.1129 -0.303993 -0.337195
         vertex -0.1129 -0.316329 -0.318845
      endloop
   endfacet
   facet normal 1 1.72637e-15 1.49765e-15
      outer loop
         vertex -0.1129 -0.298444 -0.336594
         vertex -0.1129 -0.315875 -0.310665
         vertex -0.1129 -0.314345 -0.313875
      endloop
   endfacet
   facet normal 1 1.72637e-15 1.49765e-15
      outer loop
         vertex -0.1129 -0.314335 -0.317487
         vertex -0.1129 -0.315229 -0.318386
         vertex -0.1129 -0.303993 -0.337195
      endloop
   endfacet
   facet normal 1 1.72637e-15 1.49765e-15
      outer loop
         vertex -0.1129 -0.298444 -0.336594
         vertex -0.1129 -0.313856 -0.315046
         vertex -0.1129 -0.313853 -0.316314
      endloop
   endfacet
   facet normal 1 1.72637e-15 1.49765e-15
      outer loop
         vertex -0.1129 -0.315875 -0.310665
         vertex -0.1129 -0.315244 -0.312981
         vertex -0.1129 -0.314345 -0.313875
      endloop
   endfacet
   facet normal 1 1.72637e-15 1.49765e-15
      outer loop
         vertex -0.1129 -0.315875 -0.310665
         vertex -0.1129 -0.317685 -0.312503
         vertex -0.1129 -0.316417 -0.312499
      endloop
   endfacet
   facet normal 1 1.72637e-15 1.49765e-15
      outer loop
         vertex -0.1129 -0.315875 -0.310665
         vertex -0.1129 -0.319975 -0.313421
         vertex -0.1129 -0.318855 -0.312991
      endloop
   endfacet
   facet normal 1 1.72637e-15 1.49765e-15
      outer loop
         vertex -0.1129 -0.303993 -0.337195
         vertex -0.1129 -0.298444 -0.336594
         vertex -0.1129 -0.314335 -0.317487
      endloop
   endfacet
   facet normal 1 1.72637e-15 1.49765e-15
      outer loop
         vertex -0.1129 -0.314345 -0.313875
         vertex -0.1129 -0.313856 -0.315046
         vertex -0.1129 -0.298444 -0.336594
      endloop
   endfacet
   facet normal 1 1.72637e-15 1.49765e-15
      outer loop
         vertex -0.1129 -0.318855 -0.312991
         vertex -0.1129 -0.317685 -0.312503
         vertex -0.1129 -0.315875 -0.310665
      endloop
   endfacet
   facet normal 1 1.72637e-15 1.49765e-15
      outer loop
         vertex -0.1129 -0.313853 -0.316314
         vertex -0.1129 -0.314335 -0.317487
         vertex -0.1129 -0.298444 -0.336594
      endloop
   endfacet
   facet normal 1 1.72637e-15 1.49765e-15
      outer loop
         vertex -0.1129 -0.319975 -0.313421
         vertex -0.1129 -0.319696 -0.313837
         vertex -0.1129 -0.318855 -0.312991
      endloop
   endfacet
   facet normal 1 1.72637e-15 1.49765e-15
      outer loop
         vertex -0.1129 -0.316417 -0.312499
         vertex -0.1129 -0.315244 -0.312981
         vertex -0.1129 -0.315875 -0.310665
      endloop
   endfacet
   facet normal 1 1.72637e-15 1.49765e-15
      outer loop
         vertex -0.1129 -0.312115 -0.308137
         vertex -0.1129 -0.315875 -0.310665
         vertex -0.1129 -0.298444 -0.336594
      endloop
   endfacet
   facet normal 1 1.72637e-15 1.49765e-15
      outer loop
         vertex -0.1129 -0.310892 -0.307315
         vertex -0.1129 -0.312115 -0.308137
         vertex -0.1129 -0.293355 -0.336042
      endloop
   endfacet
   facet normal 1 1.72637e-15 1.49765e-15
      outer loop
         vertex -0.1129 -0.2917 -0.335863
         vertex -0.1129 -0.307944 -0.310426
         vertex -0.1129 -0.308843 -0.309531
      endloop
   endfacet
   facet normal 1 1.72637e-15 1.49765e-15
      outer loop
         vertex -0.1129 -0.2917 -0.335863
         vertex -0.1129 -0.306771 -0.310907
         vertex -0.1129 -0.307944 -0.310426
      endloop
   endfacet
   facet normal 1 1.72637e-15 1.49765e-15
      outer loop
         vertex -0.1129 -0.304333 -0.310415
         vertex -0.1129 -0.305503 -0.310904
         vertex -0.1129 -0.2917 -0.335863
      endloop
   endfacet
   facet normal 1 1.72637e-15 1.49765e-15
      outer loop
         vertex -0.1129 -0.310892 -0.307315
         vertex -0.1129 -0.309332 -0.308361
         vertex -0.1129 -0.309335 -0.307093
      endloop
   endfacet
   facet normal 1 1.72637e-15 1.49765e-15
      outer loop
         vertex -0.1129 -0.308843 -0.309531
         vertex -0.1129 -0.310892 -0.307315
         vertex -0.1129 -0.2917 -0.335863
      endloop
   endfacet
   facet normal 1 1.72637e-15 1.49765e-15
      outer loop
         vertex -0.1129 -0.2917 -0.335863
         vertex -0.1129 -0.286984 -0.335352
         vertex -0.1129 -0.304333 -0.310415
      endloop
   endfacet
   facet normal 1 1.72637e-15 1.49765e-15
      outer loop
         vertex -0.1129 -0.308843 -0.309531
         vertex -0.1129 -0.309332 -0.308361
         vertex -0.1129 -0.310892 -0.307315
      endloop
   endfacet
   facet normal 1 1.72637e-15 1.49765e-15
      outer loop
         vertex -0.1129 -0.286984 -0.335352
         vertex -0.1129 -0.303984 -0.310065
         vertex -0.1129 -0.304333 -0.310415
      endloop
   endfacet
   facet normal 1 1.72637e-15 1.49765e-15
      outer loop
         vertex -0.1129 -0.305503 -0.310904
         vertex -0.1129 -0.306771 -0.310907
         vertex -0.1129 -0.2917 -0.335863
      endloop
   endfacet
   facet normal 1 1.72637e-15 1.49765e-15
      outer loop
         vertex -0.1129 -0.303439 -0.309516
         vertex -0.1129 -0.303984 -0.310065
         vertex -0.1129 -0.286984 -0.335352
      endloop
   endfacet
   facet normal 1 1.72637e-15 1.49765e-15
      outer loop
         vertex -0.1129 -0.284523 -0.335085
         vertex -0.1129 -0.302957 -0.308343
         vertex -0.1129 -0.303439 -0.309516
      endloop
   endfacet
   facet normal 1 1.72637e-15 1.49765e-15
      outer loop
         vertex -0.1129 -0.284523 -0.335085
         vertex -0.1129 -0.302959 -0.307662
         vertex -0.1129 -0.302957 -0.308343
      endloop
   endfacet
   facet normal 1 1.72637e-15 1.49765e-15
      outer loop
         vertex -0.1129 -0.276209 -0.304988
         vertex -0.1129 -0.302959 -0.307662
         vertex -0.1129 -0.284523 -0.335085
      endloop
   endfacet
   facet normal 1 1.72637e-15 1.49765e-15
      outer loop
         vertex -0.1129 -0.276209 -0.304988
         vertex -0.1129 -0.30296 -0.307075
         vertex -0.1129 -0.302959 -0.307662
      endloop
   endfacet
   facet normal 1 1.72637e-15 1.49765e-15
      outer loop
         vertex -0.1129 -0.276209 -0.304988
         vertex -0.1129 -0.293618 -0.295703
         vertex -0.1129 -0.303449 -0.305905
      endloop
   endfacet
   facet normal 1 1.72637e-15 1.49765e-15
      outer loop
         vertex -0.1129 -0.293618 -0.295703
         vertex -0.1129 -0.305589 -0.30375
         vertex -0.1129 -0.304891 -0.304788
      endloop
   endfacet
   facet normal 1 1.72637e-15 1.49765e-15
      outer loop
         vertex -0.1129 -0.303449 -0.305905
         vertex -0.1129 -0.30296 -0.307075
         vertex -0.1129 -0.276209 -0.304988
      endloop
   endfacet
   facet normal 1 1.72637e-15 1.49765e-15
      outer loop
         vertex -0.1129 -0.304891 -0.304788
         vertex -0.1129 -0.304348 -0.305011
         vertex -0.1129 -0.293618 -0.295703
      endloop
   endfacet
   facet normal 1 1.72637e-15 1.49765e-15
      outer loop
         vertex -0.1129 -0.304348 -0.305011
         vertex -0.1129 -0.303449 -0.305905
         vertex -0.1129 -0.293618 -0.295703
      endloop
   endfacet
   facet normal 1 1.72637e-15 1.49765e-15
      outer loop
         vertex -0.1129 -0.305589 -0.30375
         vertex -0.1129 -0.293618 -0.295703
         vertex -0.1129 -0.293934 -0.295534
      endloop
   endfacet
   facet normal 1 1.72637e-15 1.49765e-15
      outer loop
         vertex -0.1129 -0.305765 -0.303488
         vertex -0.1129 -0.293934 -0.295534
         vertex -0.1129 -0.294405 -0.295283
      endloop
   endfacet
   facet normal 1 1.72637e-15 1.49765e-15
      outer loop
         vertex -0.1129 -0.294405 -0.295283
         vertex -0.1129 -0.305019 -0.301772
         vertex -0.1129 -0.305431 -0.302187
      endloop
   endfacet
   facet normal 1 1.72637e-15 1.49765e-15
      outer loop
         vertex -0.1129 -0.305431 -0.302187
         vertex -0.1129 -0.306028 -0.303097
         vertex -0.1129 -0.294405 -0.295283
      endloop
   endfacet
   facet normal 1 1.72637e-15 1.49765e-15
      outer loop
         vertex -0.1129 -0.294405 -0.295283
         vertex -0.1129 -0.30598 -0.29947
         vertex -0.1129 -0.305438 -0.299692
      endloop
   endfacet
   facet normal 1 1.72637e-15 1.49765e-15
      outer loop
         vertex -0.1129 -0.305431 -0.302187
         vertex -0.1129 -0.305971 -0.302412
         vertex -0.1129 -0.306028 -0.303097
      endloop
   endfacet
   facet normal 1 1.72637e-15 1.49765e-15
      outer loop
         vertex -0.1129 -0.305438 -0.299692
         vertex -0.1129 -0.305023 -0.300105
         vertex -0.1129 -0.294405 -0.295283
      endloop
   endfacet
   facet normal 1 1.72637e-15 1.49765e-15
      outer loop
         vertex -0.1129 -0.294405 -0.295283
         vertex -0.1129 -0.304796 -0.30123
         vertex -0.1129 -0.305019 -0.301772
      endloop
   endfacet
   facet normal 1 1.72637e-15 1.49765e-15
      outer loop
         vertex -0.1129 -0.305023 -0.300105
         vertex -0.1129 -0.304798 -0.300645
         vertex -0.1129 -0.294405 -0.295283
      endloop
   endfacet
   facet normal 1 1.72637e-15 1.49765e-15
      outer loop
         vertex -0.1129 -0.304798 -0.300645
         vertex -0.1129 -0.304796 -0.30123
         vertex -0.1129 -0.294405 -0.295283
      endloop
   endfacet
   facet normal 1 1.72637e-15 1.49765e-15
      outer loop
         vertex -0.1129 -0.297403 -0.293684
         vertex -0.1129 -0.30601 -0.29947
         vertex -0.1129 -0.30598 -0.29947
      endloop
   endfacet
   facet normal 1 1.72637e-15 1.49765e-15
      outer loop
         vertex -0.1129 -0.30598 -0.29947
         vertex -0.1129 -0.294405 -0.295283
         vertex -0.1129 -0.297403 -0.293684
      endloop
   endfacet
   facet normal 1 1.72637e-15 1.49765e-15
      outer loop
         vertex -0.1129 -0.298044 -0.293342
         vertex -0.1129 -0.306565 -0.299472
         vertex -0.1129 -0.30601 -0.29947
      endloop
   endfacet
   facet normal 1 1.72637e-15 1.49765e-15
      outer loop
         vertex -0.1129 -0.298044 -0.293342
         vertex -0.1129 -0.308059 -0.300075
         vertex -0.1129 -0.307105 -0.299697
      endloop
   endfacet
   facet normal 1 1.72637e-15 1.49765e-15
      outer loop
         vertex -0.1129 -0.307105 -0.299697
         vertex -0.1129 -0.306565 -0.299472
         vertex -0.1129 -0.298044 -0.293342
      endloop
   endfacet
   facet normal 1 1.72637e-15 1.49765e-15
      outer loop
         vertex -0.1129 -0.308059 -0.300075
         vertex -0.1129 -0.307714 -0.300589
         vertex -0.1129 -0.307518 -0.300112
      endloop
   endfacet
   facet normal 1 1.72637e-15 1.49765e-15
      outer loop
         vertex -0.1129 -0.307518 -0.300112
         vertex -0.1129 -0.307105 -0.299697
         vertex -0.1129 -0.308059 -0.300075
      endloop
   endfacet
   facet normal 1 1.72637e-15 1.49765e-15
      outer loop
         vertex -0.1129 -0.313023 -0.292692
         vertex -0.1129 -0.310786 -0.29494
         vertex -0.1129 -0.31079 -0.293672
      endloop
   endfacet
   facet normal 1 1.72637e-15 1.49765e-15
      outer loop
         vertex -0.1129 -0.306936 -0.2886
         vertex -0.1129 -0.313023 -0.292692
         vertex -0.1129 -0.309414 -0.2916
      endloop
   endfacet
   facet normal 1 1.72637e-15 1.49765e-15
      outer loop
         vertex -0.1129 -0.313023 -0.292692
         vertex -0.1129 -0.310298 -0.29611
         vertex -0.1129 -0.310786 -0.29494
      endloop
   endfacet
   facet normal 1 1.72637e-15 1.49765e-15
      outer loop
         vertex -0.1129 -0.308059 -0.300075
         vertex -0.1129 -0.309399 -0.297004
         vertex -0.1129 -0.310298 -0.29611
      endloop
   endfacet
   facet normal 1 1.72637e-15 1.49765e-15
      outer loop
         vertex -0.1129 -0.309414 -0.2916
         vertex -0.1129 -0.308244 -0.291111
         vertex -0.1129 -0.306936 -0.2886
      endloop
   endfacet
   facet normal 1 1.72637e-15 1.49765e-15
      outer loop
         vertex -0.1129 -0.31079 -0.293672
         vertex -0.1129 -0.310308 -0.292499
         vertex -0.1129 -0.313023 -0.292692
      endloop
   endfacet
   facet normal 1 1.72637e-15 1.49765e-15
      outer loop
         vertex -0.1129 -0.308059 -0.300075
         vertex -0.1129 -0.308226 -0.297486
         vertex -0.1129 -0.309399 -0.297004
      endloop
   endfacet
   facet normal 1 1.72637e-15 1.49765e-15
      outer loop
         vertex -0.1129 -0.298044 -0.293342
         vertex -0.1129 -0.306936 -0.2886
         vertex -0.1129 -0.305803 -0.291589
      endloop
   endfacet
   facet normal 1 1.72637e-15 1.49765e-15
      outer loop
         vertex -0.1129 -0.310308 -0.292499
         vertex -0.1129 -0.309414 -0.2916
         vertex -0.1129 -0.313023 -0.292692
      endloop
   endfacet
   facet normal 1 1.72637e-15 1.49765e-15
      outer loop
         vertex -0.1129 -0.308059 -0.300075
         vertex -0.1129 -0.306958 -0.297483
         vertex -0.1129 -0.308226 -0.297486
      endloop
   endfacet
   facet normal 1 1.72637e-15 1.49765e-15
      outer loop
         vertex -0.1129 -0.298044 -0.293342
         vertex -0.1129 -0.304893 -0.296095
         vertex -0.1129 -0.305787 -0.296994
      endloop
   endfacet
   facet normal 1 1.72637e-15 1.49765e-15
      outer loop
         vertex -0.1129 -0.306936 -0.2886
         vertex -0.1129 -0.306976 -0.291107
         vertex -0.1129 -0.305803 -0.291589
      endloop
   endfacet
   facet normal 1 1.72637e-15 1.49765e-15
      outer loop
         vertex -0.1129 -0.310298 -0.29611
         vertex -0.1129 -0.313023 -0.292692
         vertex -0.1129 -0.308059 -0.300075
      endloop
   endfacet
   facet normal 1 1.72637e-15 1.49765e-15
      outer loop
         vertex -0.1129 -0.305787 -0.296994
         vertex -0.1129 -0.308059 -0.300075
         vertex -0.1129 -0.298044 -0.293342
      endloop
   endfacet
   facet normal 1 1.72637e-15 1.49765e-15
      outer loop
         vertex -0.1129 -0.305803 -0.291589
         vertex -0.1129 -0.304903 -0.292484
         vertex -0.1129 -0.298044 -0.293342
      endloop
   endfacet
   facet normal 1 1.72637e-15 1.49765e-15
      outer loop
         vertex -0.1129 -0.305787 -0.296994
         vertex -0.1129 -0.306958 -0.297483
         vertex -0.1129 -0.308059 -0.300075
      endloop
   endfacet
   facet normal 1 1.72637e-15 1.49765e-15
      outer loop
         vertex -0.1129 -0.304903 -0.292484
         vertex -0.1129 -0.304415 -0.293654
         vertex -0.1129 -0.298044 -0.293342
      endloop
   endfacet
   facet normal 1 1.72637e-15 1.49765e-15
      outer loop
         vertex -0.1129 -0.298044 -0.293342
         vertex -0.1129 -0.304411 -0.294922
         vertex -0.1129 -0.304893 -0.296095
      endloop
   endfacet
   facet normal 1 1.72637e-15 1.49765e-15
      outer loop
         vertex -0.1129 -0.308244 -0.291111
         vertex -0.1129 -0.306976 -0.291107
         vertex -0.1129 -0.306936 -0.2886
      endloop
   endfacet
   facet normal 1 1.72637e-15 1.49765e-15
      outer loop
         vertex -0.1129 -0.313023 -0.292692
         vertex -0.1129 -0.306936 -0.2886
         vertex -0.1129 -0.309124 -0.287433
      endloop
   endfacet
   facet normal 1 1.72637e-15 1.49765e-15
      outer loop
         vertex -0.1129 -0.314244 -0.290875
         vertex -0.1129 -0.310261 -0.286826
         vertex -0.1129 -0.315131 -0.285094
      endloop
   endfacet
   facet normal 1 1.72637e-15 1.49765e-15
      outer loop
         vertex -0.1129 -0.314244 -0.290875
         vertex -0.1129 -0.309124 -0.287433
         vertex -0.1129 -0.310261 -0.286826
      endloop
   endfacet
   facet normal 1 1.72637e-15 1.49765e-15
      outer loop
         vertex -0.1129 -0.314244 -0.290875
         vertex -0.1129 -0.318125 -0.285102
         vertex -0.1129 -0.317254 -0.287033
      endloop
   endfacet
   facet normal 1 1.72637e-15 1.49765e-15
      outer loop
         vertex -0.1129 -0.314244 -0.290875
         vertex -0.1129 -0.316762 -0.289471
         vertex -0.1129 -0.317166 -0.290455
      endloop
   endfacet
   facet normal 1 1.72637e-15 1.49765e-15
      outer loop
         vertex -0.1129 -0.317254 -0.287033
         vertex -0.1129 -0.316766 -0.288203
         vertex -0.1129 -0.314244 -0.290875
      endloop
   endfacet
   facet normal 1 1.72637e-15 1.49765e-15
      outer loop
         vertex -0.1129 -0.318153 -0.286139
         vertex -0.1129 -0.318125 -0.285102
         vertex -0.1129 -0.318466 -0.285103
      endloop
   endfacet
   facet normal 1 1.72637e-15 1.49765e-15
      outer loop
         vertex -0.1129 -0.316766 -0.288203
         vertex -0.1129 -0.316762 -0.289471
         vertex -0.1129 -0.314244 -0.290875
      endloop
   endfacet
   facet normal 1 1.72637e-15 1.49765e-15
      outer loop
         vertex -0.1129 -0.318466 -0.285103
         vertex -0.1129 -0.319303 -0.285666
         vertex -0.1129 -0.318153 -0.286139
      endloop
   endfacet
   facet normal 1 1.72637e-15 1.49765e-15
      outer loop
         vertex -0.1129 -0.318153 -0.286139
         vertex -0.1129 -0.317254 -0.287033
         vertex -0.1129 -0.318125 -0.285102
      endloop
   endfacet
   facet normal 1 1.72637e-15 1.49765e-15
      outer loop
         vertex -0.1129 -0.319735 -0.285107
         vertex -0.1129 -0.320442 -0.285583
         vertex -0.1129 -0.32039 -0.28566
      endloop
   endfacet
   facet normal 1 1.72637e-15 1.49765e-15
      outer loop
         vertex -0.1129 -0.32039 -0.28566
         vertex -0.1129 -0.319326 -0.285657
         vertex -0.1129 -0.319735 -0.285107
      endloop
   endfacet
   facet normal 1 1.72637e-15 1.49765e-15
      outer loop
         vertex -0.1129 -0.319326 -0.285657
         vertex -0.1129 -0.318466 -0.285103
         vertex -0.1129 -0.319735 -0.285107
      endloop
   endfacet
   facet normal 1 1.72637e-15 1.49765e-15
      outer loop
         vertex -0.1129 -0.32076 -0.28511
         vertex -0.1129 -0.320594 -0.28566
         vertex -0.1129 -0.320557 -0.28566
      endloop
   endfacet
   facet normal 1 1.72637e-15 1.49765e-15
      outer loop
         vertex -0.1129 -0.321764 -0.286149
         vertex -0.1129 -0.320594 -0.28566
         vertex -0.1129 -0.32076 -0.28511
      endloop
   endfacet
   facet normal 1 1.72637e-15 1.49765e-15
      outer loop
         vertex -0.1129 -0.32076 -0.28511
         vertex -0.1129 -0.321959 -0.285113
         vertex -0.1129 -0.321764 -0.286149
      endloop
   endfacet
   facet normal 1 1.72637e-15 1.49765e-15
      outer loop
         vertex -0.1129 -0.324972 -0.286371
         vertex -0.1129 -0.322659 -0.287048
         vertex -0.1129 -0.321764 -0.286149
      endloop
   endfacet
   facet normal 1 1.72637e-15 1.49765e-15
      outer loop
         vertex -0.1129 -0.321764 -0.286149
         vertex -0.1129 -0.321959 -0.285113
         vertex -0.1129 -0.324972 -0.286371
      endloop
   endfacet
   facet normal 1 1.72637e-15 1.49765e-15
      outer loop
         vertex -0.1129 -0.324972 -0.286371
         vertex -0.1129 -0.323927 -0.287925
         vertex -0.1129 -0.322673 -0.287082
      endloop
   endfacet
   facet normal 1 1.72637e-15 1.49765e-15
      outer loop
         vertex -0.1129 -0.322673 -0.287082
         vertex -0.1129 -0.322659 -0.287048
         vertex -0.1129 -0.324972 -0.286371
      endloop
   endfacet
   facet normal 1 1.72637e-15 1.49765e-15
      outer loop
         vertex -0.1129 -0.32515 -0.288747
         vertex -0.1129 -0.323927 -0.287925
         vertex -0.1129 -0.324972 -0.286371
      endloop
   endfacet
   facet normal 1 1.72637e-15 1.49765e-15
      outer loop
         vertex -0.1129 -0.32515 -0.288747
         vertex -0.1129 -0.326358 -0.28695
         vertex -0.1129 -0.32826 -0.287744
      endloop
   endfacet
   facet normal 1 1.72637e-15 1.49765e-15
      outer loop
         vertex -0.1129 -0.32826 -0.287744
         vertex -0.1129 -0.32891 -0.291275
         vertex -0.1129 -0.32515 -0.288747
      endloop
   endfacet
   facet normal 1 1.72637e-15 1.49765e-15
      outer loop
         vertex -0.1129 -0.32826 -0.287744
         vertex -0.1129 -0.329849 -0.288949
         vertex -0.1129 -0.32891 -0.291275
      endloop
   endfacet
   facet normal 1 1.72637e-15 1.49765e-15
      outer loop
         vertex -0.1129 -0.329849 -0.288949
         vertex -0.1129 -0.330246 -0.289288
         vertex -0.1129 -0.32891 -0.291275
      endloop
   endfacet
   facet normal 1 1.72637e-15 1.49765e-15
      outer loop
         vertex -0.1129 -0.324972 -0.286371
         vertex -0.1129 -0.326358 -0.28695
         vertex -0.1129 -0.32515 -0.288747
      endloop
   endfacet
   facet normal 1 1.72637e-15 1.49765e-15
      outer loop
         vertex -0.1129 -0.320557 -0.28566
         vertex -0.1129 -0.320442 -0.285583
         vertex -0.1129 -0.32076 -0.28511
      endloop
   endfacet
   facet normal 1 1.72637e-15 1.49765e-15
      outer loop
         vertex -0.1129 -0.32076 -0.28511
         vertex -0.1129 -0.320442 -0.285583
         vertex -0.1129 -0.319735 -0.285107
      endloop
   endfacet
   facet normal 1 1.72637e-15 1.49765e-15
      outer loop
         vertex -0.1129 -0.319326 -0.285657
         vertex -0.1129 -0.319303 -0.285666
         vertex -0.1129 -0.318466 -0.285103
      endloop
   endfacet
   facet normal 1 1.72637e-15 1.49765e-15
      outer loop
         vertex -0.1129 -0.317166 -0.290455
         vertex -0.1129 -0.316063 -0.292097
         vertex -0.1129 -0.314244 -0.290875
      endloop
   endfacet
   facet normal 1 1.72637e-15 1.49765e-15
      outer loop
         vertex -0.1129 -0.315131 -0.285094
         vertex -0.1129 -0.318125 -0.285102
         vertex -0.1129 -0.314244 -0.290875
      endloop
   endfacet
   facet normal 1 1.72637e-15 1.49765e-15
      outer loop
         vertex -0.1129 -0.309124 -0.287433
         vertex -0.1129 -0.314244 -0.290875
         vertex -0.1129 -0.313023 -0.292692
      endloop
   endfacet
   facet normal 1 1.72637e-15 1.49765e-15
      outer loop
         vertex -0.1129 -0.304415 -0.293654
         vertex -0.1129 -0.304411 -0.294922
         vertex -0.1129 -0.298044 -0.293342
      endloop
   endfacet
   facet normal 1 1.72637e-15 1.49765e-15
      outer loop
         vertex -0.1129 -0.30601 -0.29947
         vertex -0.1129 -0.297403 -0.293684
         vertex -0.1129 -0.298044 -0.293342
      endloop
   endfacet
   facet normal 1 1.72637e-15 1.49765e-15
      outer loop
         vertex -0.1129 -0.305971 -0.302412
         vertex -0.1129 -0.306487 -0.302414
         vertex -0.1129 -0.306028 -0.303097
      endloop
   endfacet
   facet normal 1 1.72637e-15 1.49765e-15
      outer loop
         vertex -0.1129 -0.294405 -0.295283
         vertex -0.1129 -0.306028 -0.303097
         vertex -0.1129 -0.305765 -0.303488
      endloop
   endfacet
   facet normal 1 1.72637e-15 1.49765e-15
      outer loop
         vertex -0.1129 -0.293934 -0.295534
         vertex -0.1129 -0.305765 -0.303488
         vertex -0.1129 -0.305589 -0.30375
      endloop
   endfacet
   facet normal 1 1.72637e-15 1.49765e-15
      outer loop
         vertex -0.1129 -0.284523 -0.335085
         vertex -0.1129 -0.273081 -0.333845
         vertex -0.1129 -0.276209 -0.304988
      endloop
   endfacet
   facet normal 1 1.72637e-15 1.49765e-15
      outer loop
         vertex -0.1129 -0.286984 -0.335352
         vertex -0.1129 -0.284523 -0.335085
         vertex -0.1129 -0.303439 -0.309516
      endloop
   endfacet
   facet normal 1 1.72637e-15 1.49765e-15
      outer loop
         vertex -0.1129 -0.309335 -0.307093
         vertex -0.1129 -0.308867 -0.305954
         vertex -0.1129 -0.310892 -0.307315
      endloop
   endfacet
   facet normal 1 1.72637e-15 1.49765e-15
      outer loop
         vertex -0.1129 -0.293355 -0.336042
         vertex -0.1129 -0.2917 -0.335863
         vertex -0.1129 -0.310892 -0.307315
      endloop
   endfacet
   facet normal 1 1.72637e-15 1.49765e-15
      outer loop
         vertex -0.1129 -0.298444 -0.336594
         vertex -0.1129 -0.293355 -0.336042
         vertex -0.1129 -0.312115 -0.308137
      endloop
   endfacet
   facet normal 1 1.72637e-15 1.49765e-15
      outer loop
         vertex -0.1129 -0.315229 -0.318386
         vertex -0.1129 -0.316329 -0.318845
         vertex -0.1129 -0.303993 -0.337195
      endloop
   endfacet
   facet normal 1 1.72637e-15 1.49765e-15
      outer loop
         vertex -0.1129 -0.319749 -0.313891
         vertex -0.1129 -0.319696 -0.313837
         vertex -0.1129 -0.319975 -0.313421
      endloop
   endfacet
   facet normal 1 1.72637e-15 1.49765e-15
      outer loop
         vertex -0.1129 -0.308181 -0.337649
         vertex -0.1129 -0.306728 -0.337492
         vertex -0.1129 -0.321996 -0.31478
      endloop
   endfacet
   facet normal 1 1.72637e-15 1.49765e-15
      outer loop
         vertex -0.1129 -0.335259 -0.340584
         vertex -0.1129 -0.308181 -0.337649
         vertex -0.1129 -0.32307 -0.315502
      endloop
   endfacet
   facet normal 1 1.72637e-15 1.49765e-15
      outer loop
         vertex -0.1129 -0.356611 -0.338051
         vertex -0.1129 -0.356092 -0.342842
         vertex -0.1129 -0.335259 -0.340584
      endloop
   endfacet
   facet normal 1 1.72637e-15 1.49765e-15
      outer loop
         vertex -0.1129 -0.356649 -0.337696
         vertex -0.1129 -0.356611 -0.338051
         vertex -0.1129 -0.343078 -0.328953
      endloop
   endfacet
   facet normal 1 1.72637e-15 1.49765e-15
      outer loop
         vertex -0.1129 -0.356707 -0.337167
         vertex -0.1129 -0.356649 -0.337696
         vertex -0.1129 -0.343254 -0.328691
      endloop
   endfacet
   facet normal 1 1.72637e-15 1.49765e-15
      outer loop
         vertex -0.1129 -0.357072 -0.333797
         vertex -0.1129 -0.356707 -0.337167
         vertex -0.1129 -0.343517 -0.3283
      endloop
   endfacet
   facet normal 1 1.72637e-15 1.49765e-15
      outer loop
         vertex -0.1129 -0.35715 -0.333077
         vertex -0.1129 -0.357072 -0.333797
         vertex -0.1129 -0.345191 -0.32581
      endloop
   endfacet
   facet normal 1 1.72637e-15 1.49765e-15
      outer loop
         vertex -0.1129 -0.358233 -0.323085
         vertex -0.1129 -0.35715 -0.333077
         vertex -0.1129 -0.345548 -0.325278
      endloop
   endfacet
   facet normal 1 1.72637e-15 1.49765e-15
      outer loop
         vertex -0.1129 -0.3585 -0.320626
         vertex -0.1129 -0.358233 -0.323085
         vertex -0.1129 -0.350512 -0.317894
      endloop
   endfacet
   facet normal 1 1.72637e-15 1.49765e-15
      outer loop
         vertex -0.1129 -0.359219 -0.313985
         vertex -0.1129 -0.3585 -0.320626
         vertex -0.1129 -0.351734 -0.316078
      endloop
   endfacet
   facet normal 1 1.72637e-15 1.49765e-15
      outer loop
         vertex -0.1129 -0.350977 -0.30696
         vertex -0.1129 -0.355355 -0.310691
         vertex -0.1129 -0.351734 -0.316078
      endloop
   endfacet
   facet normal 1 1.72637e-15 1.49765e-15
      outer loop
         vertex -0.1129 -0.346263 -0.302941
         vertex -0.1129 -0.350977 -0.30696
         vertex -0.1129 -0.335712 -0.296697
      endloop
   endfacet
   facet normal 1 1.72637e-15 1.49765e-15
      outer loop
         vertex -0.1129 -0.346263 -0.302941
         vertex -0.1129 -0.336105 -0.296112
         vertex -0.1129 -0.336887 -0.294949
      endloop
   endfacet
   facet normal 1 1.72637e-15 1.49765e-15
      outer loop
         vertex -0.1129 -0.336887 -0.294949
         vertex -0.1129 -0.336105 -0.296112
         vertex -0.1129 -0.335031 -0.29539
      endloop
   endfacet
   facet normal 1 1.72637e-15 1.49765e-15
      outer loop
         vertex -0.1129 -0.335896 -0.294104
         vertex -0.1129 -0.335031 -0.29539
         vertex -0.1129 -0.33301 -0.294031
      endloop
   endfacet
   facet normal 1 1.72637e-15 1.49765e-15
      outer loop
         vertex -0.1129 -0.33403 -0.292514
         vertex -0.1129 -0.33301 -0.294031
         vertex -0.1129 -0.32891 -0.291275
      endloop
   endfacet
   facet normal 1 1.72637e-15 1.49765e-15
      outer loop
         vertex -0.1129 -0.317309 -0.308149
         vertex -0.1129 -0.317566 -0.308149
         vertex -0.1129 -0.316314 -0.310012
      endloop
   endfacet
   facet normal 1 1.72637e-15 1.49765e-15
      outer loop
         vertex -0.1129 -0.313498 -0.305587
         vertex -0.1129 -0.313696 -0.305785
         vertex -0.1129 -0.312554 -0.307484
      endloop
   endfacet
   facet normal 1 1.72637e-15 1.49765e-15
      outer loop
         vertex -0.1129 -0.312884 -0.304091
         vertex -0.1129 -0.31295 -0.304253
         vertex -0.1129 -0.311331 -0.306662
      endloop
   endfacet
   facet normal 1 1.72637e-15 1.49765e-15
      outer loop
         vertex -0.1129 -0.312609 -0.303421
         vertex -0.1129 -0.312884 -0.304091
         vertex -0.1129 -0.30952 -0.30183
      endloop
   endfacet
   facet normal 1 1.72637e-15 1.49765e-15
      outer loop
         vertex -0.1129 -0.312615 -0.30108
         vertex -0.1129 -0.312609 -0.303134
         vertex -0.1129 -0.309877 -0.301298
      endloop
   endfacet
   facet normal 1 1.72637e-15 1.49765e-15
      outer loop
         vertex -0.1129 -0.318242 -0.296382
         vertex -0.1129 -0.318326 -0.296257
         vertex -0.1129 -0.318513 -0.296383
      endloop
   endfacet
   facet normal 1 1.72637e-15 1.49765e-15
      outer loop
         vertex -0.1129 -0.318513 -0.296383
         vertex -0.1129 -0.318326 -0.296257
         vertex -0.1129 -0.319548 -0.29444
      endloop
   endfacet
   facet normal 1 1.72637e-15 1.49765e-15
      outer loop
         vertex -0.1129 -0.321844 -0.297288
         vertex -0.1129 -0.319942 -0.296494
         vertex -0.1129 -0.32077 -0.295262
      endloop
   endfacet
   facet normal 1 1.72637e-15 1.49765e-15
      outer loop
         vertex -0.1129 -0.32394 -0.300031
         vertex -0.1129 -0.323592 -0.299185
         vertex -0.1129 -0.32453 -0.29779
      endloop
   endfacet
   facet normal 1 1.72637e-15 1.49765e-15
      outer loop
         vertex -0.1129 -0.324385 -0.301113
         vertex -0.1129 -0.32394 -0.300031
         vertex -0.1129 -0.327409 -0.302363
      endloop
   endfacet
   facet normal 1 1.72637e-15 1.49765e-15
      outer loop
         vertex -0.1129 -0.319651 -0.308155
         vertex -0.1129 -0.322445 -0.309747
         vertex -0.1129 -0.322088 -0.310279
      endloop
   endfacet
   facet normal 1 1.72637e-15 1.49765e-15
      outer loop
         vertex -0.1129 -0.318926 -0.308153
         vertex -0.1129 -0.322088 -0.310279
         vertex -0.1129 -0.320414 -0.312768
      endloop
   endfacet
   facet normal 1 1.72637e-15 1.49765e-15
      outer loop
         vertex -0.1129 -0.3243 -0.312275
         vertex -0.1129 -0.323816 -0.312073
         vertex -0.1129 -0.324109 -0.311637
      endloop
   endfacet
   facet normal 1 1.72637e-15 1.49765e-15
      outer loop
         vertex -0.1129 -0.324935 -0.313232
         vertex -0.1129 -0.324806 -0.312919
         vertex -0.1129 -0.325183 -0.312359
      endloop
   endfacet
   facet normal 1 1.72637e-15 1.49765e-15
      outer loop
         vertex -0.1129 -0.323722 -0.314992
         vertex -0.1129 -0.343517 -0.3283
         vertex -0.1129 -0.343254 -0.328691
      endloop
   endfacet
   facet normal 1 1.72637e-15 1.49765e-15
      outer loop
         vertex -0.1129 -0.323166 -0.31499
         vertex -0.1129 -0.323413 -0.314991
         vertex -0.1129 -0.323246 -0.31524
      endloop
   endfacet
   facet normal 1 1.72637e-15 1.49765e-15
      outer loop
         vertex -0.1129 -0.322213 -0.31435
         vertex -0.1129 -0.322256 -0.314393
         vertex -0.1129 -0.322172 -0.314518
      endloop
   endfacet
   facet normal 1 1.72637e-15 1.49765e-15
      outer loop
         vertex -0.1129 -0.321991 -0.313809
         vertex -0.1129 -0.322002 -0.313836
         vertex -0.1129 -0.320414 -0.312768
      endloop
   endfacet
   facet normal 1 1.72637e-15 1.49765e-15
      outer loop
         vertex -0.1129 -0.307729 -0.300626
         vertex -0.1129 -0.307714 -0.300589
         vertex -0.1129 -0.308059 -0.300075
      endloop
   endfacet
   facet normal 1 1.72637e-15 1.49765e-15
      outer loop
         vertex -0.1129 -0.30774 -0.300653
         vertex -0.1129 -0.307729 -0.300626
         vertex -0.1129 -0.30952 -0.30183
      endloop
   endfacet
   facet normal 1 1.72637e-15 1.49765e-15
      outer loop
         vertex -0.1129 -0.328767 -0.307048
         vertex -0.1129 -0.328747 -0.307057
         vertex -0.1129 -0.330504 -0.304444
      endloop
   endfacet
   facet normal 1 1.72637e-15 1.49765e-15
      outer loop
         vertex -0.1129 -0.326203 -0.310841
         vertex -0.1129 -0.32554 -0.311827
         vertex -0.1129 -0.324466 -0.311105
      endloop
   endfacet
   facet normal 1 1.72637e-15 1.49765e-15
      outer loop
         vertex -0.1129 -0.331149 -0.29363
         vertex -0.1129 -0.328517 -0.29186
         vertex -0.1129 -0.32891 -0.291275
      endloop
   endfacet
   facet normal 1 1.72637e-15 1.49765e-15
      outer loop
         vertex -0.1129 -0.333555 -0.295018
         vertex -0.1129 -0.332834 -0.294294
         vertex -0.1129 -0.33301 -0.294031
      endloop
   endfacet
   facet normal 1 1.72637e-15 1.49765e-15
      outer loop
         vertex -0.1129 -0.334037 -0.296191
         vertex -0.1129 -0.333684 -0.295334
         vertex -0.1129 -0.334638 -0.295975
      endloop
   endfacet
   facet normal 1 1.72637e-15 1.49765e-15
      outer loop
         vertex -0.1129 -0.334035 -0.296872
         vertex -0.1129 -0.334638 -0.295975
         vertex -0.1129 -0.335712 -0.296697
      endloop
   endfacet
   facet normal 1 1.72637e-15 1.49765e-15
      outer loop
         vertex -0.1129 -0.331472 -0.300006
         vertex -0.1129 -0.332102 -0.299747
         vertex -0.1129 -0.330651 -0.301905
      endloop
   endfacet
   facet normal 1 1.72637e-15 1.49765e-15
      outer loop
         vertex -0.1129 -0.329034 -0.299514
         vertex -0.1129 -0.329261 -0.299608
         vertex -0.1129 -0.32863 -0.300546
      endloop
   endfacet
   facet normal 1 1.72637e-15 1.49765e-15
      outer loop
         vertex -0.1129 -0.323141 -0.288221
         vertex -0.1129 -0.322673 -0.287082
         vertex -0.1129 -0.323927 -0.287925
      endloop
   endfacet
   facet normal 1 1.72637e-15 1.49765e-15
      outer loop
         vertex -0.1129 -0.323141 -0.288246
         vertex -0.1129 -0.323534 -0.28851
         vertex -0.1129 -0.323138 -0.289099
      endloop
   endfacet
   facet normal 1 1.72637e-15 1.49765e-15
      outer loop
         vertex -0.1129 -0.323138 -0.289099
         vertex -0.1129 -0.323534 -0.28851
         vertex -0.1129 -0.324757 -0.289332
      endloop
   endfacet
   facet normal 1 1.72637e-15 1.49765e-15
      outer loop
         vertex -0.1129 -0.320576 -0.292035
         vertex -0.1129 -0.321389 -0.291701
         vertex -0.1129 -0.319548 -0.29444
      endloop
   endfacet
   facet normal 1 1.72637e-15 1.49765e-15
      outer loop
         vertex -0.1129 -0.32039 -0.28566
         vertex -0.1129 -0.320442 -0.285583
         vertex -0.1129 -0.320557 -0.28566
      endloop
   endfacet
   facet normal 1 1.72637e-15 1.49765e-15
      outer loop
         vertex -0.1129 -0.307959 -0.305021
         vertex -0.1129 -0.307503 -0.30483
         vertex -0.1129 -0.307583 -0.30471
      endloop
   endfacet
   facet normal 1 1.72637e-15 1.49765e-15
      outer loop
         vertex -0.1129 -0.305521 -0.304529
         vertex -0.1129 -0.304891 -0.304788
         vertex -0.1129 -0.305589 -0.30375
      endloop
   endfacet
   facet normal 1 1.72637e-15 1.49765e-15
      outer loop
         vertex -0.1129 -0.306752 -0.304532
         vertex -0.1129 -0.305589 -0.30375
         vertex -0.1129 -0.305765 -0.303488
      endloop
   endfacet
   facet normal 1 1.72637e-15 1.49765e-15
      outer loop
         vertex -0.1129 -0.307583 -0.30471
         vertex -0.1129 -0.305765 -0.303488
         vertex -0.1129 -0.306028 -0.303097
      endloop
   endfacet
   facet normal 1 1.72637e-15 1.49765e-15
      outer loop
         vertex -0.1129 -0.309877 -0.301298
         vertex -0.1129 -0.308059 -0.300075
         vertex -0.1129 -0.313023 -0.292692
      endloop
   endfacet
   facet normal 1 1.72637e-15 1.49765e-15
      outer loop
         vertex -0.1129 -0.314841 -0.293914
         vertex -0.1129 -0.313023 -0.292692
         vertex -0.1129 -0.314244 -0.290875
      endloop
   endfacet
   facet normal 1 1.72637e-15 1.49765e-15
      outer loop
         vertex -0.1129 -0.311068 -0.307053
         vertex -0.1129 -0.307583 -0.30471
         vertex -0.1129 -0.307846 -0.304319
      endloop
   endfacet
   facet normal 1 1.72637e-15 1.49765e-15
      outer loop
         vertex -0.1129 -0.318326 -0.296257
         vertex -0.1129 -0.314841 -0.293914
         vertex -0.1129 -0.316063 -0.292097
      endloop
   endfacet
   facet normal 1 1.72637e-15 1.49765e-15
      outer loop
         vertex -0.1129 -0.312115 -0.308137
         vertex -0.1129 -0.310892 -0.307315
         vertex -0.1129 -0.311068 -0.307053
      endloop
   endfacet
   facet normal 1 1.72637e-15 1.49765e-15
      outer loop
         vertex -0.1129 -0.312291 -0.307875
         vertex -0.1129 -0.311068 -0.307053
         vertex -0.1129 -0.311331 -0.306662
      endloop
   endfacet
   facet normal 1 1.72637e-15 1.49765e-15
      outer loop
         vertex -0.1129 -0.324757 -0.289332
         vertex -0.1129 -0.323534 -0.28851
         vertex -0.1129 -0.323927 -0.287925
      endloop
   endfacet
   facet normal 1 1.72637e-15 1.49765e-15
      outer loop
         vertex -0.1129 -0.315875 -0.310665
         vertex -0.1129 -0.312115 -0.308137
         vertex -0.1129 -0.312291 -0.307875
      endloop
   endfacet
   facet normal 1 1.72637e-15 1.49765e-15
      outer loop
         vertex -0.1129 -0.316051 -0.310403
         vertex -0.1129 -0.312291 -0.307875
         vertex -0.1129 -0.312554 -0.307484
      endloop
   endfacet
   facet normal 1 1.72637e-15 1.49765e-15
      outer loop
         vertex -0.1129 -0.324288 -0.292043
         vertex -0.1129 -0.324287 -0.292628
         vertex -0.1129 -0.32077 -0.295262
      endloop
   endfacet
   facet normal 1 1.72637e-15 1.49765e-15
      outer loop
         vertex -0.1129 -0.328517 -0.29186
         vertex -0.1129 -0.324757 -0.289332
         vertex -0.1129 -0.32515 -0.288747
      endloop
   endfacet
   facet normal 1 1.72637e-15 1.49765e-15
      outer loop
         vertex -0.1129 -0.319975 -0.313421
         vertex -0.1129 -0.315875 -0.310665
         vertex -0.1129 -0.316051 -0.310403
      endloop
   endfacet
   facet normal 1 1.72637e-15 1.49765e-15
      outer loop
         vertex -0.1129 -0.320151 -0.313159
         vertex -0.1129 -0.316051 -0.310403
         vertex -0.1129 -0.316314 -0.310012
      endloop
   endfacet
   facet normal 1 1.72637e-15 1.49765e-15
      outer loop
         vertex -0.1129 -0.321996 -0.31478
         vertex -0.1129 -0.319975 -0.313421
         vertex -0.1129 -0.320151 -0.313159
      endloop
   endfacet
   facet normal 1 1.72637e-15 1.49765e-15
      outer loop
         vertex -0.1129 -0.324109 -0.311637
         vertex -0.1129 -0.322088 -0.310279
         vertex -0.1129 -0.322445 -0.309747
      endloop
   endfacet
   facet normal 1 1.72637e-15 1.49765e-15
      outer loop
         vertex -0.1129 -0.324466 -0.311105
         vertex -0.1129 -0.322445 -0.309747
         vertex -0.1129 -0.327409 -0.302363
      endloop
   endfacet
   facet normal 1 1.72637e-15 1.49765e-15
      outer loop
         vertex -0.1129 -0.32943 -0.303722
         vertex -0.1129 -0.327409 -0.302363
         vertex -0.1129 -0.32863 -0.300546
      endloop
   endfacet
   facet normal 1 1.72637e-15 1.49765e-15
      outer loop
         vertex -0.1129 -0.32307 -0.315502
         vertex -0.1129 -0.321996 -0.31478
         vertex -0.1129 -0.322172 -0.314518
      endloop
   endfacet
   facet normal 1 1.72637e-15 1.49765e-15
      outer loop
         vertex -0.1129 -0.325183 -0.312359
         vertex -0.1129 -0.324109 -0.311637
         vertex -0.1129 -0.324466 -0.311105
      endloop
   endfacet
   facet normal 1 1.72637e-15 1.49765e-15
      outer loop
         vertex -0.1129 -0.330504 -0.304444
         vertex -0.1129 -0.32943 -0.303722
         vertex -0.1129 -0.330651 -0.301905
      endloop
   endfacet
   facet normal 1 1.72637e-15 1.49765e-15
      outer loop
         vertex -0.1129 -0.335712 -0.296697
         vertex -0.1129 -0.334638 -0.295975
         vertex -0.1129 -0.335031 -0.29539
      endloop
   endfacet
   facet normal 1 1.72637e-15 1.49765e-15
      outer loop
         vertex -0.1129 -0.343078 -0.328953
         vertex -0.1129 -0.32307 -0.315502
         vertex -0.1129 -0.323246 -0.31524
      endloop
   endfacet
   facet normal 1 1.72637e-15 1.49765e-15
      outer loop
         vertex -0.1129 -0.345191 -0.32581
         vertex -0.1129 -0.325183 -0.312359
         vertex -0.1129 -0.32554 -0.311827
      endloop
   endfacet
   facet normal 1 1.72637e-15 1.49765e-15
      outer loop
         vertex -0.1129 -0.350512 -0.317894
         vertex -0.1129 -0.330504 -0.304444
         vertex -0.1129 -0.331725 -0.302627
      endloop
   endfacet
   facet normal -5.49469e-16 0.833032 -0.553225
      outer loop
         vertex -0.12775 -0.323495 -0.298948
         vertex -0.12775 -0.321844 -0.297288
         vertex -0.1129 -0.321844 -0.297288
      endloop
   endfacet
   facet normal 0 0.929925 -0.367749
      outer loop
         vertex -0.12775 -0.323969 -0.300103
         vertex -0.12775 -0.323495 -0.298948
         vertex -0.1129 -0.323592 -0.299185
      endloop
   endfacet
   facet normal -5.49469e-16 0.833032 -0.553225
      outer loop
         vertex -0.12775 -0.323495 -0.298948
         vertex -0.1129 -0.323495 -0.298948
         vertex -0.1129 -0.323592 -0.299185
      endloop
   endfacet
   facet normal -1.36009e-15 0.981331 -0.192326
      outer loop
         vertex -0.1129 -0.324385 -0.301113
         vertex -0.12775 -0.324385 -0.301113
         vertex -0.12775 -0.323969 -0.300103
      endloop
   endfacet
   facet normal 0 0.929925 -0.367749
      outer loop
         vertex -0.12775 -0.323969 -0.300103
         vertex -0.1129 -0.32394 -0.300031
         vertex -0.1129 -0.324385 -0.301113
      endloop
   endfacet
   facet normal -1.36009e-15 0.981331 -0.192326
      outer loop
         vertex -0.1129 -0.324385 -0.301113
         vertex -0.1129 -0.324378 -0.303454
         vertex -0.12775 -0.32438 -0.302737
      endloop
   endfacet
   facet normal -1.96366e-15 0.980232 0.197853
      outer loop
         vertex -0.1129 -0.324378 -0.303454
         vertex -0.12775 -0.324378 -0.303454
         vertex -0.12775 -0.32438 -0.302737
      endloop
   endfacet
   facet normal 0 0.996829 0.0795765
      outer loop
         vertex -0.12775 -0.32438 -0.302737
         vertex -0.12775 -0.324384 -0.301323
         vertex -0.1129 -0.324385 -0.301113
      endloop
   endfacet
   facet normal -2.26827e-15 0.829901 0.557911
      outer loop
         vertex -0.12775 -0.323476 -0.305615
         vertex -0.12775 -0.324378 -0.303454
         vertex -0.1129 -0.324378 -0.303454
      endloop
   endfacet
   facet normal -2.26827e-15 0.829901 0.557911
      outer loop
         vertex -0.1129 -0.323476 -0.305615
         vertex -0.1129 -0.321816 -0.307265
         vertex -0.12775 -0.322319 -0.306765
      endloop
   endfacet
   facet normal -2.22756e-15 0.553225 0.833032
      outer loop
         vertex -0.1129 -0.321816 -0.307265
         vertex -0.12775 -0.321816 -0.307265
         vertex -0.12775 -0.322319 -0.306765
      endloop
   endfacet
   facet normal -1.84772e-15 0.192326 0.981331
      outer loop
         vertex -0.1129 -0.319651 -0.308155
         vertex -0.12775 -0.319651 -0.308155
         vertex -0.12775 -0.320834 -0.307669
      endloop
   endfacet
   facet normal 0 0.397077 0.917785
      outer loop
         vertex -0.12775 -0.320834 -0.307669
         vertex -0.1129 -0.321816 -0.307265
         vertex -0.1129 -0.319651 -0.308155
      endloop
   endfacet
   facet normal 0 0.397077 0.917785
      outer loop
         vertex -0.12775 -0.320834 -0.307669
         vertex -0.12775 -0.321152 -0.307538
         vertex -0.1129 -0.321816 -0.307265
      endloop
   endfacet
   facet normal -1.84772e-15 0.192326 0.981331
      outer loop
         vertex -0.12775 -0.319651 -0.308155
         vertex -0.1129 -0.319651 -0.308155
         vertex -0.1129 -0.318926 -0.308153
      endloop
   endfacet
   facet normal 0 -0.156259 0.987716
      outer loop
         vertex -0.1129 -0.317566 -0.308149
         vertex -0.12775 -0.317309 -0.308149
         vertex -0.12775 -0.318558 -0.308152
      endloop
   endfacet
   facet normal 0 0.0104753 0.999945
      outer loop
         vertex -0.12775 -0.318558 -0.308152
         vertex -0.1129 -0.318926 -0.308153
         vertex -0.1129 -0.317566 -0.308149
      endloop
   endfacet
   facet normal 0 -0.156259 0.987716
      outer loop
         vertex -0.1129 -0.317566 -0.308149
         vertex -0.1129 -0.317309 -0.308149
         vertex -0.12775 -0.317309 -0.308149
      endloop
   endfacet
   facet normal -3.44807e-16 -0.557911 0.829901
      outer loop
         vertex -0.12775 -0.315149 -0.307247
         vertex -0.12775 -0.317309 -0.308149
         vertex -0.1129 -0.317309 -0.308149
      endloop
   endfacet
   facet normal -3.44807e-16 -0.557911 0.829901
      outer loop
         vertex -0.12775 -0.315149 -0.307247
         vertex -0.1129 -0.315149 -0.307247
         vertex -0.1129 -0.313696 -0.305785
      endloop
   endfacet
   facet normal 0 -0.806597 0.591102
      outer loop
         vertex -0.1129 -0.313696 -0.305785
         vertex -0.12775 -0.313498 -0.305587
         vertex -0.12775 -0.315149 -0.307247
      endloop
   endfacet
   facet normal 1.36009e-15 -0.981331 0.192326
      outer loop
         vertex -0.12775 -0.312609 -0.303421
         vertex -0.12775 -0.313247 -0.304975
         vertex -0.1129 -0.31295 -0.304253
      endloop
   endfacet
   facet normal 0 -0.941459 0.337129
      outer loop
         vertex -0.1129 -0.31295 -0.304253
         vertex -0.1129 -0.312884 -0.304091
         vertex -0.12775 -0.312609 -0.303421
      endloop
   endfacet
   facet normal 0 -0.888772 0.45835
      outer loop
         vertex -0.12775 -0.313247 -0.304975
         vertex -0.1129 -0.313498 -0.305587
         vertex -0.1129 -0.31295 -0.304253
      endloop
   endfacet
   facet normal 0 -0.951035 0.309084
      outer loop
         vertex -0.1129 -0.312884 -0.304091
         vertex -0.1129 -0.312609 -0.303421
         vertex -0.12775 -0.312609 -0.303421
      endloop
   endfacet
   facet normal 1.36009e-15 -0.981331 0.192326
      outer loop
         vertex -0.12775 -0.312609 -0.303421
         vertex -0.1129 -0.312609 -0.303421
         vertex -0.1129 -0.312609 -0.303134
      endloop
   endfacet
   facet normal 1.96366e-15 -0.980232 -0.197853
      outer loop
         vertex -0.1129 -0.312615 -0.30108
         vertex -0.12775 -0.312615 -0.30108
         vertex -0.12775 -0.312612 -0.302142
      endloop
   endfacet
   facet normal 0 -0.999774 -0.0212656
      outer loop
         vertex -0.12775 -0.312612 -0.302142
         vertex -0.1129 -0.312609 -0.303134
         vertex -0.1129 -0.312615 -0.30108
      endloop
   endfacet
   facet normal 2.26827e-15 -0.829901 -0.557911
      outer loop
         vertex -0.12775 -0.313517 -0.29892
         vertex -0.12775 -0.312615 -0.30108
         vertex -0.1129 -0.312615 -0.30108
      endloop
   endfacet
   facet normal 2.22756e-15 -0.553225 -0.833032
      outer loop
         vertex -0.12775 -0.315177 -0.297269
         vertex -0.12775 -0.313517 -0.29892
         vertex -0.1129 -0.313517 -0.29892
      endloop
   endfacet
   facet normal 2.22756e-15 -0.553225 -0.833032
      outer loop
         vertex -0.1129 -0.315177 -0.297269
         vertex -0.1129 -0.317343 -0.296379
         vertex -0.12775 -0.317148 -0.296459
      endloop
   endfacet
   facet normal 1.84772e-15 -0.192326 -0.981331
      outer loop
         vertex -0.1129 -0.317343 -0.296379
         vertex -0.12775 -0.317343 -0.296379
         vertex -0.12775 -0.317148 -0.296459
      endloop
   endfacet
   facet normal 1.84772e-15 -0.192326 -0.981331
      outer loop
         vertex -0.12775 -0.317343 -0.296379
         vertex -0.1129 -0.317343 -0.296379
         vertex -0.1129 -0.318242 -0.296382
      endloop
   endfacet
   facet normal 0 -0.0431842 -0.999067
      outer loop
         vertex -0.1129 -0.318242 -0.296382
         vertex -0.12775 -0.319022 -0.296384
         vertex -0.12775 -0.317343 -0.296379
      endloop
   endfacet
   facet normal 1.18659e-15 0.197853 -0.980232
      outer loop
         vertex -0.1129 -0.319684 -0.296386
         vertex -0.12775 -0.319684 -0.296386
         vertex -0.12775 -0.319022 -0.296384
      endloop
   endfacet
   facet normal 0 0.0889568 -0.996035
      outer loop
         vertex -0.12775 -0.319022 -0.296384
         vertex -0.1129 -0.318513 -0.296383
         vertex -0.1129 -0.319684 -0.296386
      endloop
   endfacet
   facet normal 3.44807e-16 0.557911 -0.829901
      outer loop
         vertex -0.12775 -0.321844 -0.297288
         vertex -0.12775 -0.319684 -0.296386
         vertex -0.1129 -0.319942 -0.296494
      endloop
   endfacet
   facet normal 1.18659e-15 0.197853 -0.980232
      outer loop
         vertex -0.12775 -0.319684 -0.296386
         vertex -0.1129 -0.319684 -0.296386
         vertex -0.1129 -0.319942 -0.296494
      endloop
   endfacet
   facet normal 0 0.242906 -0.97005
      outer loop
         vertex -0.1129 -0.319942 -0.296494
         vertex -0.1129 -0.321844 -0.297288
         vertex -0.12775 -0.321844 -0.297288
      endloop
   endfacet
   facet normal 0 -0.0431842 -0.999067
      outer loop
         vertex -0.1129 -0.318242 -0.296382
         vertex -0.1129 -0.318513 -0.296383
         vertex -0.12775 -0.319022 -0.296384
      endloop
   endfacet
   facet normal 0 -0.226137 -0.974095
      outer loop
         vertex -0.12775 -0.317148 -0.296459
         vertex -0.12775 -0.315177 -0.297269
         vertex -0.1129 -0.315177 -0.297269
      endloop
   endfacet
   facet normal 2.26827e-15 -0.829901 -0.557911
      outer loop
         vertex -0.1129 -0.313517 -0.29892
         vertex -0.1129 -0.315177 -0.297269
         vertex -0.12775 -0.315177 -0.297269
      endloop
   endfacet
   facet normal 1.96366e-15 -0.980232 -0.197853
      outer loop
         vertex -0.1129 -0.312615 -0.30108
         vertex -0.1129 -0.313517 -0.29892
         vertex -0.12775 -0.313517 -0.29892
      endloop
   endfacet
   facet normal 0 -0.989328 0.145706
      outer loop
         vertex -0.1129 -0.312609 -0.303134
         vertex -0.12775 -0.312612 -0.302142
         vertex -0.12775 -0.312609 -0.303421
      endloop
   endfacet
   facet normal 0 -0.888772 0.45835
      outer loop
         vertex -0.12775 -0.313247 -0.304975
         vertex -0.12775 -0.313498 -0.305587
         vertex -0.1129 -0.313498 -0.305587
      endloop
   endfacet
   facet normal 0 -0.806597 0.591102
      outer loop
         vertex -0.1129 -0.313696 -0.305785
         vertex -0.1129 -0.313498 -0.305587
         vertex -0.12775 -0.313498 -0.305587
      endloop
   endfacet
   facet normal -1.18659e-15 -0.197853 0.980232
      outer loop
         vertex -0.1129 -0.317309 -0.308149
         vertex -0.1129 -0.315149 -0.307247
         vertex -0.12775 -0.315149 -0.307247
      endloop
   endfacet
   facet normal 0 0.0727687 0.997349
      outer loop
         vertex -0.1129 -0.318926 -0.308153
         vertex -0.12775 -0.318558 -0.308152
         vertex -0.12775 -0.319651 -0.308155
      endloop
   endfacet
   facet normal 0 0.449963 0.893047
      outer loop
         vertex -0.12775 -0.321152 -0.307538
         vertex -0.12775 -0.321816 -0.307265
         vertex -0.1129 -0.321816 -0.307265
      endloop
   endfacet
   facet normal 0 0.647603 0.761978
      outer loop
         vertex -0.12775 -0.322319 -0.306765
         vertex -0.12775 -0.323476 -0.305615
         vertex -0.1129 -0.323476 -0.305615
      endloop
   endfacet
   facet normal -1.96366e-15 0.980232 0.197853
      outer loop
         vertex -0.1129 -0.324378 -0.303454
         vertex -0.1129 -0.323476 -0.305615
         vertex -0.12775 -0.323476 -0.305615
      endloop
   endfacet
   facet normal 0 0.987394 -0.158284
      outer loop
         vertex -0.12775 -0.324384 -0.301323
         vertex -0.12775 -0.324385 -0.301113
         vertex -0.1129 -0.324385 -0.301113
      endloop
   endfacet
   facet normal 0 0.855663 -0.517533
      outer loop
         vertex -0.1129 -0.323592 -0.299185
         vertex -0.1129 -0.32394 -0.300031
         vertex -0.12775 -0.323969 -0.300103
      endloop
   endfacet
   facet normal 3.44807e-16 0.557911 -0.829901
      outer loop
         vertex -0.1129 -0.321844 -0.297288
         vertex -0.1129 -0.323495 -0.298948
         vertex -0.12775 -0.323495 -0.298948
      endloop
   endfacet
   facet normal -1.18659e-15 -0.197853 0.980232
      outer loop
         vertex -0.1129 -0.325462 -0.29381
         vertex -0.1129 -0.324922 -0.293585
         vertex -0.12775 -0.324922 -0.293585
      endloop
   endfacet
   facet normal -1.84772e-15 0.192326 0.981331
      outer loop
         vertex -0.1129 -0.326047 -0.293812
         vertex -0.1129 -0.325462 -0.29381
         vertex -0.12775 -0.325462 -0.29381
      endloop
   endfacet
   facet normal -2.22756e-15 0.553225 0.833032
      outer loop
         vertex -0.1129 -0.326588 -0.293589
         vertex -0.1129 -0.326047 -0.293812
         vertex -0.12775 -0.326047 -0.293812
      endloop
   endfacet
   facet normal -2.26827e-15 0.829901 0.557911
      outer loop
         vertex -0.1129 -0.327003 -0.293177
         vertex -0.1129 -0.326588 -0.293589
         vertex -0.12775 -0.326588 -0.293589
      endloop
   endfacet
   facet normal -1.96366e-15 0.980232 0.197853
      outer loop
         vertex -0.1129 -0.327229 -0.292637
         vertex -0.1129 -0.327003 -0.293177
         vertex -0.12775 -0.327003 -0.293177
      endloop
   endfacet
   facet normal -1.36009e-15 0.981331 -0.192326
      outer loop
         vertex -0.1129 -0.327231 -0.292051
         vertex -0.1129 -0.327229 -0.292637
         vertex -0.12775 -0.327229 -0.292637
      endloop
   endfacet
   facet normal -5.49469e-16 0.833032 -0.553225
      outer loop
         vertex -0.1129 -0.327008 -0.29151
         vertex -0.1129 -0.327231 -0.292051
         vertex -0.12775 -0.327231 -0.292051
      endloop
   endfacet
   facet normal 3.44807e-16 0.557911 -0.829901
      outer loop
         vertex -0.1129 -0.326595 -0.291095
         vertex -0.1129 -0.327008 -0.29151
         vertex -0.12775 -0.327008 -0.29151
      endloop
   endfacet
   facet normal 1.18659e-15 0.197853 -0.980232
      outer loop
         vertex -0.1129 -0.326055 -0.29087
         vertex -0.1129 -0.326595 -0.291095
         vertex -0.12775 -0.326595 -0.291095
      endloop
   endfacet
   facet normal 1.84772e-15 -0.192326 -0.981331
      outer loop
         vertex -0.1129 -0.32547 -0.290868
         vertex -0.1129 -0.326055 -0.29087
         vertex -0.12775 -0.326055 -0.29087
      endloop
   endfacet
   facet normal 2.22756e-15 -0.553225 -0.833032
      outer loop
         vertex -0.1129 -0.324929 -0.29109
         vertex -0.1129 -0.32547 -0.290868
         vertex -0.12775 -0.32547 -0.290868
      endloop
   endfacet
   facet normal 2.26827e-15 -0.829901 -0.557911
      outer loop
         vertex -0.1129 -0.324514 -0.291503
         vertex -0.1129 -0.324929 -0.29109
         vertex -0.12775 -0.324929 -0.29109
      endloop
   endfacet
   facet normal 1.96366e-15 -0.980232 -0.197853
      outer loop
         vertex -0.1129 -0.324288 -0.292043
         vertex -0.1129 -0.324514 -0.291503
         vertex -0.12775 -0.324514 -0.291503
      endloop
   endfacet
   facet normal 1.36009e-15 -0.981331 0.192326
      outer loop
         vertex -0.1129 -0.324287 -0.292628
         vertex -0.1129 -0.324288 -0.292043
         vertex -0.12775 -0.324288 -0.292043
      endloop
   endfacet
   facet normal 5.49469e-16 -0.833032 0.553225
      outer loop
         vertex -0.1129 -0.324509 -0.29317
         vertex -0.1129 -0.324287 -0.292628
         vertex -0.12775 -0.324287 -0.292628
      endloop
   endfacet
   facet normal -3.44807e-16 -0.557911 0.829901
      outer loop
         vertex -0.1129 -0.324922 -0.293585
         vertex -0.1129 -0.324509 -0.29317
         vertex -0.12775 -0.324509 -0.29317
      endloop
   endfacet
   facet normal 5.49469e-16 -0.833032 0.553225
      outer loop
         vertex -0.12775 -0.324509 -0.29317
         vertex -0.12775 -0.324922 -0.293585
         vertex -0.1129 -0.324922 -0.293585
      endloop
   endfacet
   facet normal 1.36009e-15 -0.981331 0.192326
      outer loop
         vertex -0.12775 -0.324287 -0.292628
         vertex -0.12775 -0.324509 -0.29317
         vertex -0.1129 -0.324509 -0.29317
      endloop
   endfacet
   facet normal 1.96366e-15 -0.980232 -0.197853
      outer loop
         vertex -0.12775 -0.324288 -0.292043
         vertex -0.12775 -0.324287 -0.292628
         vertex -0.1129 -0.324287 -0.292628
      endloop
   endfacet
   facet normal 2.26827e-15 -0.829901 -0.557911
      outer loop
         vertex -0.12775 -0.324514 -0.291503
         vertex -0.12775 -0.324288 -0.292043
         vertex -0.1129 -0.324288 -0.292043
      endloop
   endfacet
   facet normal 2.22756e-15 -0.553225 -0.833032
      outer loop
         vertex -0.12775 -0.324929 -0.29109
         vertex -0.12775 -0.324514 -0.291503
         vertex -0.1129 -0.324514 -0.291503
      endloop
   endfacet
   facet normal 1.84772e-15 -0.192326 -0.981331
      outer loop
         vertex -0.12775 -0.32547 -0.290868
         vertex -0.12775 -0.324929 -0.29109
         vertex -0.1129 -0.324929 -0.29109
      endloop
   endfacet
   facet normal 1.18659e-15 0.197853 -0.980232
      outer loop
         vertex -0.12775 -0.326055 -0.29087
         vertex -0.12775 -0.32547 -0.290868
         vertex -0.1129 -0.32547 -0.290868
      endloop
   endfacet
   facet normal 3.44807e-16 0.557911 -0.829901
      outer loop
         vertex -0.12775 -0.326595 -0.291095
         vertex -0.12775 -0.326055 -0.29087
         vertex -0.1129 -0.326055 -0.29087
      endloop
   endfacet
   facet normal -5.49469e-16 0.833032 -0.553225
      outer loop
         vertex -0.12775 -0.327008 -0.29151
         vertex -0.12775 -0.326595 -0.291095
         vertex -0.1129 -0.326595 -0.291095
      endloop
   endfacet
   facet normal -1.36009e-15 0.981331 -0.192326
      outer loop
         vertex -0.12775 -0.327231 -0.292051
         vertex -0.12775 -0.327008 -0.29151
         vertex -0.1129 -0.327008 -0.29151
      endloop
   endfacet
   facet normal -1.96366e-15 0.980232 0.197853
      outer loop
         vertex -0.12775 -0.327229 -0.292637
         vertex -0.12775 -0.327231 -0.292051
         vertex -0.1129 -0.327231 -0.292051
      endloop
   endfacet
   facet normal -2.26827e-15 0.829901 0.557911
      outer loop
         vertex -0.12775 -0.327003 -0.293177
         vertex -0.12775 -0.327229 -0.292637
         vertex -0.1129 -0.327229 -0.292637
      endloop
   endfacet
   facet normal -2.22756e-15 0.553225 0.833032
      outer loop
         vertex -0.12775 -0.326588 -0.293589
         vertex -0.12775 -0.327003 -0.293177
         vertex -0.1129 -0.327003 -0.293177
      endloop
   endfacet
   facet normal -1.84772e-15 0.192326 0.981331
      outer loop
         vertex -0.12775 -0.326047 -0.293812
         vertex -0.12775 -0.326588 -0.293589
         vertex -0.1129 -0.326588 -0.293589
      endloop
   endfacet
   facet normal -1.18659e-15 -0.197853 0.980232
      outer loop
         vertex -0.12775 -0.325462 -0.29381
         vertex -0.12775 -0.326047 -0.293812
         vertex -0.1129 -0.326047 -0.293812
      endloop
   endfacet
   facet normal -3.44807e-16 -0.557911 0.829901
      outer loop
         vertex -0.12775 -0.324922 -0.293585
         vertex -0.12775 -0.325462 -0.29381
         vertex -0.1129 -0.325462 -0.29381
      endloop
   endfacet
   facet normal -1.18659e-15 -0.197853 0.980232
      outer loop
         vertex -0.1129 -0.323166 -0.31499
         vertex -0.1129 -0.322626 -0.314765
         vertex -0.12775 -0.322626 -0.314765
      endloop
   endfacet
   facet normal -1.15648e-15 0.173056 0.984912
      outer loop
         vertex -0.12775 -0.323722 -0.314992
         vertex -0.1129 -0.323722 -0.314992
         vertex -0.1129 -0.323413 -0.314991
      endloop
   endfacet
   facet normal -1.15648e-15 0.173056 0.984912
      outer loop
         vertex -0.1129 -0.323722 -0.314992
         vertex -0.12775 -0.323722 -0.314992
         vertex -0.12775 -0.323751 -0.314992
      endloop
   endfacet
   facet normal -1.84772e-15 0.192326 0.981331
      outer loop
         vertex -0.12775 -0.323751 -0.314992
         vertex -0.1129 -0.323751 -0.314992
         vertex -0.1129 -0.323722 -0.314992
      endloop
   endfacet
   facet normal -2.31296e-15 -0.0337269 0.999431
      outer loop
         vertex -0.1129 -0.323413 -0.314991
         vertex -0.12775 -0.323166 -0.31499
         vertex -0.12775 -0.323722 -0.314992
      endloop
   endfacet
   facet normal -2.22756e-15 0.553225 0.833032
      outer loop
         vertex -0.1129 -0.324293 -0.31477
         vertex -0.1129 -0.323751 -0.314992
         vertex -0.12775 -0.323751 -0.314992
      endloop
   endfacet
   facet normal -2.26827e-15 0.829901 0.557911
      outer loop
         vertex -0.1129 -0.324708 -0.314357
         vertex -0.1129 -0.324293 -0.31477
         vertex -0.12775 -0.324293 -0.31477
      endloop
   endfacet
   facet normal -1.96366e-15 0.980232 0.197853
      outer loop
         vertex -0.1129 -0.324933 -0.313817
         vertex -0.1129 -0.324708 -0.314357
         vertex -0.12775 -0.324708 -0.314357
      endloop
   endfacet
   facet normal -1.36009e-15 0.981331 -0.192326
      outer loop
         vertex -0.1129 -0.324935 -0.313232
         vertex -0.1129 -0.324933 -0.313817
         vertex -0.12775 -0.324933 -0.313817
      endloop
   endfacet
   facet normal -1.36009e-15 0.981331 -0.192326
      outer loop
         vertex -0.12775 -0.324935 -0.313232
         vertex -0.12775 -0.324712 -0.31269
         vertex -0.1129 -0.324806 -0.312919
      endloop
   endfacet
   facet normal -5.49469e-16 0.833032 -0.553225
      outer loop
         vertex -0.12775 -0.324712 -0.31269
         vertex -0.1129 -0.324712 -0.31269
         vertex -0.1129 -0.324806 -0.312919
      endloop
   endfacet
   facet normal 3.44807e-16 0.557911 -0.829901
      outer loop
         vertex -0.1129 -0.3243 -0.312275
         vertex -0.1129 -0.324712 -0.31269
         vertex -0.12775 -0.324712 -0.31269
      endloop
   endfacet
   facet normal 1.18659e-15 0.197853 -0.980232
      outer loop
         vertex -0.12775 -0.32376 -0.31205
         vertex -0.1129 -0.32376 -0.31205
         vertex -0.1129 -0.323816 -0.312073
      endloop
   endfacet
   facet normal 2.31296e-15 0.236794 -0.97156
      outer loop
         vertex -0.1129 -0.323816 -0.312073
         vertex -0.12775 -0.3243 -0.312275
         vertex -0.12775 -0.324295 -0.312273
      endloop
   endfacet
   facet normal 2.31296e-15 0.236794 -0.97156
      outer loop
         vertex -0.1129 -0.323816 -0.312073
         vertex -0.12775 -0.324295 -0.312273
         vertex -0.12775 -0.32376 -0.31205
      endloop
   endfacet
   facet normal 1.84772e-15 -0.192326 -0.981331
      outer loop
         vertex -0.1129 -0.323174 -0.312048
         vertex -0.1129 -0.32376 -0.31205
         vertex -0.12775 -0.32376 -0.31205
      endloop
   endfacet
   facet normal 2.22756e-15 -0.553225 -0.833032
      outer loop
         vertex -0.1129 -0.322633 -0.312271
         vertex -0.1129 -0.323174 -0.312048
         vertex -0.12775 -0.323174 -0.312048
      endloop
   endfacet
   facet normal 2.26827e-15 -0.829901 -0.557911
      outer loop
         vertex -0.1129 -0.322218 -0.312683
         vertex -0.1129 -0.322633 -0.312271
         vertex -0.12775 -0.322633 -0.312271
      endloop
   endfacet
   facet normal 1.96366e-15 -0.980232 -0.197853
      outer loop
         vertex -0.1129 -0.321993 -0.313223
         vertex -0.1129 -0.322218 -0.312683
         vertex -0.12775 -0.322218 -0.312683
      endloop
   endfacet
   facet normal 1.36009e-15 -0.981331 0.192326
      outer loop
         vertex -0.1129 -0.321991 -0.313809
         vertex -0.1129 -0.321993 -0.313223
         vertex -0.12775 -0.321993 -0.313223
      endloop
   endfacet
   facet normal 2.31296e-15 -0.977373 0.211522
      outer loop
         vertex -0.1129 -0.322002 -0.313836
         vertex -0.1129 -0.321991 -0.313809
         vertex -0.12775 -0.321991 -0.313809
      endloop
   endfacet
   facet normal 2.31296e-15 -0.977373 0.211522
      outer loop
         vertex -0.1129 -0.322002 -0.313836
         vertex -0.12775 -0.322002 -0.313836
         vertex -0.12775 -0.322213 -0.31435
      endloop
   endfacet
   facet normal 5.49469e-16 -0.833032 0.553225
      outer loop
         vertex -0.12775 -0.322213 -0.31435
         vertex -0.1129 -0.322213 -0.31435
         vertex -0.1129 -0.322002 -0.313836
      endloop
   endfacet
   facet normal 0 -0.560754 0.827982
      outer loop
         vertex -0.12775 -0.322622 -0.314761
         vertex -0.1129 -0.322626 -0.314765
         vertex -0.1129 -0.322256 -0.314393
      endloop
   endfacet
   facet normal 2.31296e-15 -0.810303 0.586011
      outer loop
         vertex -0.1129 -0.322256 -0.314393
         vertex -0.12775 -0.322213 -0.31435
         vertex -0.12775 -0.322622 -0.314761
      endloop
   endfacet
   facet normal 0 -0.560754 0.827982
      outer loop
         vertex -0.12775 -0.322622 -0.314761
         vertex -0.12775 -0.322626 -0.314765
         vertex -0.1129 -0.322626 -0.314765
      endloop
   endfacet
   facet normal 2.31296e-15 -0.810303 0.586011
      outer loop
         vertex -0.1129 -0.322256 -0.314393
         vertex -0.1129 -0.322213 -0.31435
         vertex -0.12775 -0.322213 -0.31435
      endloop
   endfacet
   facet normal 1.36009e-15 -0.981331 0.192326
      outer loop
         vertex -0.12775 -0.321991 -0.313809
         vertex -0.12775 -0.322002 -0.313836
         vertex -0.1129 -0.322002 -0.313836
      endloop
   endfacet
   facet normal 1.96366e-15 -0.980232 -0.197853
      outer loop
         vertex -0.12775 -0.321993 -0.313223
         vertex -0.12775 -0.321991 -0.313809
         vertex -0.1129 -0.321991 -0.313809
      endloop
   endfacet
   facet normal 2.26827e-15 -0.829901 -0.557911
      outer loop
         vertex -0.12775 -0.322218 -0.312683
         vertex -0.12775 -0.321993 -0.313223
         vertex -0.1129 -0.321993 -0.313223
      endloop
   endfacet
   facet normal 2.22756e-15 -0.553225 -0.833032
      outer loop
         vertex -0.12775 -0.322633 -0.312271
         vertex -0.12775 -0.322218 -0.312683
         vertex -0.1129 -0.322218 -0.312683
      endloop
   endfacet
   facet normal 1.84772e-15 -0.192326 -0.981331
      outer loop
         vertex -0.12775 -0.323174 -0.312048
         vertex -0.12775 -0.322633 -0.312271
         vertex -0.1129 -0.322633 -0.312271
      endloop
   endfacet
   facet normal 1.18659e-15 0.197853 -0.980232
      outer loop
         vertex -0.12775 -0.32376 -0.31205
         vertex -0.12775 -0.323174 -0.312048
         vertex -0.1129 -0.323174 -0.312048
      endloop
   endfacet
   facet normal 2.31296e-15 0.236794 -0.97156
      outer loop
         vertex -0.1129 -0.323816 -0.312073
         vertex -0.1129 -0.3243 -0.312275
         vertex -0.12775 -0.3243 -0.312275
      endloop
   endfacet
   facet normal -5.49469e-16 0.833032 -0.553225
      outer loop
         vertex -0.12775 -0.324712 -0.31269
         vertex -0.12775 -0.3243 -0.312275
         vertex -0.1129 -0.3243 -0.312275
      endloop
   endfacet
   facet normal -2.31296e-15 0.912764 -0.408487
      outer loop
         vertex -0.1129 -0.324806 -0.312919
         vertex -0.1129 -0.324935 -0.313232
         vertex -0.12775 -0.324935 -0.313232
      endloop
   endfacet
   facet normal -1.96366e-15 0.980232 0.197853
      outer loop
         vertex -0.12775 -0.324933 -0.313817
         vertex -0.12775 -0.324935 -0.313232
         vertex -0.1129 -0.324935 -0.313232
      endloop
   endfacet
   facet normal -2.26827e-15 0.829901 0.557911
      outer loop
         vertex -0.12775 -0.324708 -0.314357
         vertex -0.12775 -0.324933 -0.313817
         vertex -0.1129 -0.324933 -0.313817
      endloop
   endfacet
   facet normal -2.22756e-15 0.553225 0.833032
      outer loop
         vertex -0.12775 -0.324293 -0.31477
         vertex -0.12775 -0.324708 -0.314357
         vertex -0.1129 -0.324708 -0.314357
      endloop
   endfacet
   facet normal -1.84772e-15 0.192326 0.981331
      outer loop
         vertex -0.12775 -0.323751 -0.314992
         vertex -0.12775 -0.324293 -0.31477
         vertex -0.1129 -0.324293 -0.31477
      endloop
   endfacet
   facet normal -2.31296e-15 -0.0337269 0.999431
      outer loop
         vertex -0.1129 -0.323413 -0.314991
         vertex -0.1129 -0.323166 -0.31499
         vertex -0.12775 -0.323166 -0.31499
      endloop
   endfacet
   facet normal -3.44807e-16 -0.557911 0.829901
      outer loop
         vertex -0.12775 -0.322626 -0.314765
         vertex -0.12775 -0.323166 -0.31499
         vertex -0.1129 -0.323166 -0.31499
      endloop
   endfacet
   facet normal -1.18659e-15 -0.197853 0.980232
      outer loop
         vertex -0.1129 -0.305971 -0.302412
         vertex -0.1129 -0.305431 -0.302187
         vertex -0.12775 -0.305431 -0.302187
      endloop
   endfacet
   facet normal -1.84772e-15 0.192326 0.981331
      outer loop
         vertex -0.12775 -0.306557 -0.302414
         vertex -0.1129 -0.306557 -0.302414
         vertex -0.1129 -0.306487 -0.302414
      endloop
   endfacet
   facet normal -2.31296e-15 0.147086 0.989124
      outer loop
         vertex -0.1129 -0.306487 -0.302414
         vertex -0.12775 -0.305971 -0.302412
         vertex -0.12775 -0.306557 -0.302414
      endloop
   endfacet
   facet normal -2.22756e-15 0.553225 0.833032
      outer loop
         vertex -0.1129 -0.307098 -0.302191
         vertex -0.1129 -0.306557 -0.302414
         vertex -0.12775 -0.306557 -0.302414
      endloop
   endfacet
   facet normal -2.26827e-15 0.829901 0.557911
      outer loop
         vertex -0.1129 -0.307513 -0.301779
         vertex -0.1129 -0.307098 -0.302191
         vertex -0.12775 -0.307098 -0.302191
      endloop
   endfacet
   facet normal -1.96366e-15 0.980232 0.197853
      outer loop
         vertex -0.1129 -0.307739 -0.301239
         vertex -0.1129 -0.307513 -0.301779
         vertex -0.12775 -0.307513 -0.301779
      endloop
   endfacet
   facet normal -1.36009e-15 0.981331 -0.192326
      outer loop
         vertex -0.1129 -0.30774 -0.300653
         vertex -0.1129 -0.307739 -0.301239
         vertex -0.12775 -0.307739 -0.301239
      endloop
   endfacet
   facet normal -1.36009e-15 0.981331 -0.192326
      outer loop
         vertex -0.12775 -0.30774 -0.300653
         vertex -0.1129 -0.307714 -0.300589
         vertex -0.1129 -0.307729 -0.300626
      endloop
   endfacet
   facet normal -5.49469e-16 0.833032 -0.553225
      outer loop
         vertex -0.12775 -0.307518 -0.300112
         vertex -0.1129 -0.307518 -0.300112
         vertex -0.1129 -0.307714 -0.300589
      endloop
   endfacet
   facet normal -2.31296e-15 0.971471 -0.23716
      outer loop
         vertex -0.1129 -0.307714 -0.300589
         vertex -0.12775 -0.30774 -0.300653
         vertex -0.12775 -0.307518 -0.300112
      endloop
   endfacet
   facet normal 3.44807e-16 0.557911 -0.829901
      outer loop
         vertex -0.1129 -0.307105 -0.299697
         vertex -0.1129 -0.307518 -0.300112
         vertex -0.12775 -0.307518 -0.300112
      endloop
   endfacet
   facet normal 1.18659e-15 0.197853 -0.980232
      outer loop
         vertex -0.1129 -0.306565 -0.299472
         vertex -0.1129 -0.307105 -0.299697
         vertex -0.12775 -0.307105 -0.299697
      endloop
   endfacet
   facet normal 1.84772e-15 -0.192326 -0.981331
      outer loop
         vertex -0.12775 -0.30598 -0.29947
         vertex -0.1129 -0.30598 -0.29947
         vertex -0.1129 -0.30601 -0.29947
      endloop
   endfacet
   facet normal 2.31296e-15 -0.173056 -0.984912
      outer loop
         vertex -0.1129 -0.30601 -0.29947
         vertex -0.12775 -0.306565 -0.299472
         vertex -0.12775 -0.30598 -0.29947
      endloop
   endfacet
   facet normal 2.22756e-15 -0.553225 -0.833032
      outer loop
         vertex -0.1129 -0.305438 -0.299692
         vertex -0.1129 -0.30598 -0.29947
         vertex -0.12775 -0.30598 -0.29947
      endloop
   endfacet
   facet normal 2.26827e-15 -0.829901 -0.557911
      outer loop
         vertex -0.1129 -0.305023 -0.300105
         vertex -0.1129 -0.305438 -0.299692
         vertex -0.12775 -0.305438 -0.299692
      endloop
   endfacet
   facet normal 1.96366e-15 -0.980232 -0.197853
      outer loop
         vertex -0.1129 -0.304798 -0.300645
         vertex -0.1129 -0.305023 -0.300105
         vertex -0.12775 -0.305023 -0.300105
      endloop
   endfacet
   facet normal 1.36009e-15 -0.981331 0.192326
      outer loop
         vertex -0.1129 -0.304796 -0.30123
         vertex -0.1129 -0.304798 -0.300645
         vertex -0.12775 -0.304798 -0.300645
      endloop
   endfacet
   facet normal 5.49469e-16 -0.833032 0.553225
      outer loop
         vertex -0.1129 -0.305019 -0.301772
         vertex -0.1129 -0.304796 -0.30123
         vertex -0.12775 -0.304796 -0.30123
      endloop
   endfacet
   facet normal -3.44807e-16 -0.557911 0.829901
      outer loop
         vertex -0.1129 -0.305431 -0.302187
         vertex -0.1129 -0.305019 -0.301772
         vertex -0.12775 -0.305019 -0.301772
      endloop
   endfacet
   facet normal 5.49469e-16 -0.833032 0.553225
      outer loop
         vertex -0.12775 -0.305019 -0.301772
         vertex -0.12775 -0.305431 -0.302187
         vertex -0.1129 -0.305431 -0.302187
      endloop
   endfacet
   facet normal 1.36009e-15 -0.981331 0.192326
      outer loop
         vertex -0.12775 -0.304796 -0.30123
         vertex -0.12775 -0.305019 -0.301772
         vertex -0.1129 -0.305019 -0.301772
      endloop
   endfacet
   facet normal 1.96366e-15 -0.980232 -0.197853
      outer loop
         vertex -0.12775 -0.304798 -0.300645
         vertex -0.12775 -0.304796 -0.30123
         vertex -0.1129 -0.304796 -0.30123
      endloop
   endfacet
   facet normal 2.26827e-15 -0.829901 -0.557911
      outer loop
         vertex -0.12775 -0.305023 -0.300105
         vertex -0.12775 -0.304798 -0.300645
         vertex -0.1129 -0.304798 -0.300645
      endloop
   endfacet
   facet normal 2.22756e-15 -0.553225 -0.833032
      outer loop
         vertex -0.12775 -0.305438 -0.299692
         vertex -0.12775 -0.305023 -0.300105
         vertex -0.1129 -0.305023 -0.300105
      endloop
   endfacet
   facet normal 1.84772e-15 -0.192326 -0.981331
      outer loop
         vertex -0.12775 -0.30598 -0.29947
         vertex -0.12775 -0.305438 -0.299692
         vertex -0.1129 -0.305438 -0.299692
      endloop
   endfacet
   facet normal 2.31296e-15 -0.173056 -0.984912
      outer loop
         vertex -0.1129 -0.30601 -0.29947
         vertex -0.1129 -0.306565 -0.299472
         vertex -0.12775 -0.306565 -0.299472
      endloop
   endfacet
   facet normal 3.44807e-16 0.557911 -0.829901
      outer loop
         vertex -0.12775 -0.307105 -0.299697
         vertex -0.12775 -0.306565 -0.299472
         vertex -0.1129 -0.306565 -0.299472
      endloop
   endfacet
   facet normal -5.49469e-16 0.833032 -0.553225
      outer loop
         vertex -0.12775 -0.307518 -0.300112
         vertex -0.12775 -0.307105 -0.299697
         vertex -0.1129 -0.307105 -0.299697
      endloop
   endfacet
   facet normal -2.31296e-15 0.977373 -0.211522
      outer loop
         vertex -0.1129 -0.307729 -0.300626
         vertex -0.1129 -0.30774 -0.300653
         vertex -0.12775 -0.30774 -0.300653
      endloop
   endfacet
   facet normal -1.96366e-15 0.980232 0.197853
      outer loop
         vertex -0.12775 -0.307739 -0.301239
         vertex -0.12775 -0.30774 -0.300653
         vertex -0.1129 -0.30774 -0.300653
      endloop
   endfacet
   facet normal -2.26827e-15 0.829901 0.557911
      outer loop
         vertex -0.12775 -0.307513 -0.301779
         vertex -0.12775 -0.307739 -0.301239
         vertex -0.1129 -0.307739 -0.301239
      endloop
   endfacet
   facet normal -2.22756e-15 0.553225 0.833032
      outer loop
         vertex -0.12775 -0.307098 -0.302191
         vertex -0.12775 -0.307513 -0.301779
         vertex -0.1129 -0.307513 -0.301779
      endloop
   endfacet
   facet normal -1.84772e-15 0.192326 0.981331
      outer loop
         vertex -0.12775 -0.306557 -0.302414
         vertex -0.12775 -0.307098 -0.302191
         vertex -0.1129 -0.307098 -0.302191
      endloop
   endfacet
   facet normal -2.31296e-15 0.147086 0.989124
      outer loop
         vertex -0.1129 -0.306487 -0.302414
         vertex -0.1129 -0.305971 -0.302412
         vertex -0.12775 -0.305971 -0.302412
      endloop
   endfacet
   facet normal -3.44807e-16 -0.557911 0.829901
      outer loop
         vertex -0.12775 -0.305431 -0.302187
         vertex -0.12775 -0.305971 -0.302412
         vertex -0.1129 -0.305971 -0.302412
      endloop
   endfacet
   facet normal 3.44807e-16 0.557911 -0.829901
      outer loop
         vertex -0.1159 -0.318855 -0.312991
         vertex -0.1129 -0.318855 -0.312991
         vertex -0.1129 -0.319696 -0.313837
      endloop
   endfacet
   facet normal -4.9798e-16 0.820059 -0.572279
      outer loop
         vertex -0.1129 -0.319696 -0.313837
         vertex -0.1159 -0.319749 -0.313891
         vertex -0.1159 -0.318855 -0.312991
      endloop
   endfacet
   facet normal -1.36009e-15 0.981331 -0.192326
      outer loop
         vertex -0.1159 -0.320231 -0.315064
         vertex -0.1159 -0.319749 -0.313891
         vertex -0.1129 -0.319749 -0.313891
      endloop
   endfacet
   facet normal -1.96366e-15 0.980232 0.197853
      outer loop
         vertex -0.1159 -0.320228 -0.316332
         vertex -0.1159 -0.320231 -0.315064
         vertex -0.1129 -0.320231 -0.315064
      endloop
   endfacet
   facet normal -2.26827e-15 0.829901 0.557911
      outer loop
         vertex -0.1159 -0.319739 -0.317502
         vertex -0.1159 -0.320228 -0.316332
         vertex -0.1129 -0.320228 -0.316332
      endloop
   endfacet
   facet normal -2.22756e-15 0.553225 0.833032
      outer loop
         vertex -0.1159 -0.31884 -0.318396
         vertex -0.1159 -0.319739 -0.317502
         vertex -0.1129 -0.319739 -0.317502
      endloop
   endfacet
   facet normal -1.84772e-15 0.192326 0.981331
      outer loop
         vertex -0.1159 -0.317667 -0.318878
         vertex -0.1159 -0.31884 -0.318396
         vertex -0.1129 -0.31884 -0.318396
      endloop
   endfacet
   facet normal -1.18659e-15 -0.197853 0.980232
      outer loop
         vertex -0.1159 -0.316399 -0.318874
         vertex -0.1159 -0.317667 -0.318878
         vertex -0.1129 -0.317667 -0.318878
      endloop
   endfacet
   facet normal -3.44807e-16 -0.557911 0.829901
      outer loop
         vertex -0.1159 -0.315229 -0.318386
         vertex -0.1159 -0.316399 -0.318874
         vertex -0.1129 -0.316329 -0.318845
      endloop
   endfacet
   facet normal -1.18659e-15 -0.197853 0.980232
      outer loop
         vertex -0.1159 -0.316399 -0.318874
         vertex -0.1129 -0.316399 -0.318874
         vertex -0.1129 -0.316329 -0.318845
      endloop
   endfacet
   facet normal 5.49469e-16 -0.833032 0.553225
      outer loop
         vertex -0.1159 -0.314335 -0.317487
         vertex -0.1159 -0.315229 -0.318386
         vertex -0.1129 -0.315229 -0.318386
      endloop
   endfacet
   facet normal 1.36009e-15 -0.981331 0.192326
      outer loop
         vertex -0.1159 -0.313853 -0.316314
         vertex -0.1159 -0.314335 -0.317487
         vertex -0.1129 -0.314335 -0.317487
      endloop
   endfacet
   facet normal 1.96366e-15 -0.980232 -0.197853
      outer loop
         vertex -0.1159 -0.313856 -0.315046
         vertex -0.1159 -0.313853 -0.316314
         vertex -0.1129 -0.313853 -0.316314
      endloop
   endfacet
   facet normal 2.26827e-15 -0.829901 -0.557911
      outer loop
         vertex -0.1159 -0.314345 -0.313875
         vertex -0.1159 -0.313856 -0.315046
         vertex -0.1129 -0.313856 -0.315046
      endloop
   endfacet
   facet normal 2.22756e-15 -0.553225 -0.833032
      outer loop
         vertex -0.1159 -0.315244 -0.312981
         vertex -0.1159 -0.314345 -0.313875
         vertex -0.1129 -0.314345 -0.313875
      endloop
   endfacet
   facet normal 1.84772e-15 -0.192326 -0.981331
      outer loop
         vertex -0.1159 -0.316417 -0.312499
         vertex -0.1159 -0.315244 -0.312981
         vertex -0.1129 -0.315244 -0.312981
      endloop
   endfacet
   facet normal 1.18659e-15 0.197853 -0.980232
      outer loop
         vertex -0.1159 -0.317685 -0.312503
         vertex -0.1159 -0.316417 -0.312499
         vertex -0.1129 -0.316417 -0.312499
      endloop
   endfacet
   facet normal 3.44807e-16 0.557911 -0.829901
      outer loop
         vertex -0.1159 -0.318855 -0.312991
         vertex -0.1159 -0.317685 -0.312503
         vertex -0.1129 -0.317685 -0.312503
      endloop
   endfacet
   facet normal 1.18659e-15 0.197853 -0.980232
      outer loop
         vertex -0.1129 -0.317685 -0.312503
         vertex -0.1129 -0.318855 -0.312991
         vertex -0.1159 -0.318855 -0.312991
      endloop
   endfacet
   facet normal 1.84772e-15 -0.192326 -0.981331
      outer loop
         vertex -0.1129 -0.316417 -0.312499
         vertex -0.1129 -0.317685 -0.312503
         vertex -0.1159 -0.317685 -0.312503
      endloop
   endfacet
   facet normal 2.22756e-15 -0.553225 -0.833032
      outer loop
         vertex -0.1129 -0.315244 -0.312981
         vertex -0.1129 -0.316417 -0.312499
         vertex -0.1159 -0.316417 -0.312499
      endloop
   endfacet
   facet normal 2.26827e-15 -0.829901 -0.557911
      outer loop
         vertex -0.1129 -0.314345 -0.313875
         vertex -0.1129 -0.315244 -0.312981
         vertex -0.1159 -0.315244 -0.312981
      endloop
   endfacet
   facet normal 1.96366e-15 -0.980232 -0.197853
      outer loop
         vertex -0.1129 -0.313856 -0.315046
         vertex -0.1129 -0.314345 -0.313875
         vertex -0.1159 -0.314345 -0.313875
      endloop
   endfacet
   facet normal 1.36009e-15 -0.981331 0.192326
      outer loop
         vertex -0.1129 -0.313853 -0.316314
         vertex -0.1129 -0.313856 -0.315046
         vertex -0.1159 -0.313856 -0.315046
      endloop
   endfacet
   facet normal 5.49469e-16 -0.833032 0.553225
      outer loop
         vertex -0.1129 -0.314335 -0.317487
         vertex -0.1129 -0.313853 -0.316314
         vertex -0.1159 -0.313853 -0.316314
      endloop
   endfacet
   facet normal -3.44807e-16 -0.557911 0.829901
      outer loop
         vertex -0.1129 -0.315229 -0.318386
         vertex -0.1129 -0.314335 -0.317487
         vertex -0.1159 -0.314335 -0.317487
      endloop
   endfacet
   facet normal -1.14101e-15 -0.220394 0.975411
      outer loop
         vertex -0.1129 -0.316329 -0.318845
         vertex -0.1129 -0.315229 -0.318386
         vertex -0.1159 -0.315229 -0.318386
      endloop
   endfacet
   facet normal -1.84772e-15 0.192326 0.981331
      outer loop
         vertex -0.1129 -0.317667 -0.318878
         vertex -0.1129 -0.316399 -0.318874
         vertex -0.1159 -0.316399 -0.318874
      endloop
   endfacet
   facet normal -2.22756e-15 0.553225 0.833032
      outer loop
         vertex -0.1129 -0.31884 -0.318396
         vertex -0.1129 -0.317667 -0.318878
         vertex -0.1159 -0.317667 -0.318878
      endloop
   endfacet
   facet normal -2.26827e-15 0.829901 0.557911
      outer loop
         vertex -0.1129 -0.319739 -0.317502
         vertex -0.1129 -0.31884 -0.318396
         vertex -0.1159 -0.31884 -0.318396
      endloop
   endfacet
   facet normal -1.96366e-15 0.980232 0.197853
      outer loop
         vertex -0.1129 -0.320228 -0.316332
         vertex -0.1129 -0.319739 -0.317502
         vertex -0.1159 -0.319739 -0.317502
      endloop
   endfacet
   facet normal -1.36009e-15 0.981331 -0.192326
      outer loop
         vertex -0.1129 -0.320231 -0.315064
         vertex -0.1129 -0.320228 -0.316332
         vertex -0.1159 -0.320228 -0.316332
      endloop
   endfacet
   facet normal -5.49469e-16 0.833032 -0.553225
      outer loop
         vertex -0.1129 -0.319749 -0.313891
         vertex -0.1129 -0.320231 -0.315064
         vertex -0.1159 -0.320231 -0.315064
      endloop
   endfacet
   facet normal -4.9798e-16 0.820059 -0.572279
      outer loop
         vertex -0.1129 -0.319696 -0.313837
         vertex -0.1129 -0.319749 -0.313891
         vertex -0.1159 -0.319749 -0.313891
      endloop
   endfacet
   facet normal 1 1.69007e-15 1.55165e-15
      outer loop
         vertex -0.1159 -0.316417 -0.312499
         vertex -0.1159 -0.316734 -0.314119
         vertex -0.1159 -0.316157 -0.314356
      endloop
   endfacet
   facet normal 1 1.69007e-15 1.55165e-15
      outer loop
         vertex -0.1159 -0.316417 -0.312499
         vertex -0.1159 -0.317685 -0.312503
         vertex -0.1159 -0.317358 -0.31412
      endloop
   endfacet
   facet normal 1 1.69007e-15 1.55165e-15
      outer loop
         vertex -0.1159 -0.320231 -0.315064
         vertex -0.1159 -0.318612 -0.315381
         vertex -0.1159 -0.318375 -0.314804
      endloop
   endfacet
   facet normal 1 1.69007e-15 1.55165e-15
      outer loop
         vertex -0.1159 -0.320231 -0.315064
         vertex -0.1159 -0.320228 -0.316332
         vertex -0.1159 -0.31861 -0.316005
      endloop
   endfacet
   facet normal 1 1.69007e-15 1.55165e-15
      outer loop
         vertex -0.1159 -0.313856 -0.315046
         vertex -0.1159 -0.314345 -0.313875
         vertex -0.1159 -0.315714 -0.314796
      endloop
   endfacet
   facet normal 1 1.69007e-15 1.55165e-15
      outer loop
         vertex -0.1159 -0.314345 -0.313875
         vertex -0.1159 -0.315244 -0.312981
         vertex -0.1159 -0.316157 -0.314356
      endloop
   endfacet
   facet normal 1 1.69007e-15 1.55165e-15
      outer loop
         vertex -0.1159 -0.317358 -0.31412
         vertex -0.1159 -0.316734 -0.314119
         vertex -0.1159 -0.316417 -0.312499
      endloop
   endfacet
   facet normal 1 1.69007e-15 1.55165e-15
      outer loop
         vertex -0.1159 -0.317685 -0.312503
         vertex -0.1159 -0.318855 -0.312991
         vertex -0.1159 -0.317935 -0.314361
      endloop
   endfacet
   facet normal 1 1.69007e-15 1.55165e-15
      outer loop
         vertex -0.1159 -0.319749 -0.313891
         vertex -0.1159 -0.318375 -0.314804
         vertex -0.1159 -0.317935 -0.314361
      endloop
   endfacet
   facet normal 1 1.69007e-15 1.55165e-15
      outer loop
         vertex -0.1159 -0.31861 -0.316005
         vertex -0.1159 -0.318612 -0.315381
         vertex -0.1159 -0.320231 -0.315064
      endloop
   endfacet
   facet normal 1 1.69007e-15 1.55165e-15
      outer loop
         vertex -0.1159 -0.317667 -0.318878
         vertex -0.1159 -0.31735 -0.317259
         vertex -0.1159 -0.317927 -0.317022
      endloop
   endfacet
   facet normal 1 1.69007e-15 1.55165e-15
      outer loop
         vertex -0.1159 -0.317667 -0.318878
         vertex -0.1159 -0.316399 -0.318874
         vertex -0.1159 -0.316725 -0.317257
      endloop
   endfacet
   facet normal 1 1.69007e-15 1.55165e-15
      outer loop
         vertex -0.1159 -0.316157 -0.314356
         vertex -0.1159 -0.315714 -0.314796
         vertex -0.1159 -0.314345 -0.313875
      endloop
   endfacet
   facet normal 1 1.69007e-15 1.55165e-15
      outer loop
         vertex -0.1159 -0.317935 -0.314361
         vertex -0.1159 -0.317358 -0.31412
         vertex -0.1159 -0.317685 -0.312503
      endloop
   endfacet
   facet normal 1 1.69007e-15 1.55165e-15
      outer loop
         vertex -0.1159 -0.318375 -0.314804
         vertex -0.1159 -0.319749 -0.313891
         vertex -0.1159 -0.320231 -0.315064
      endloop
   endfacet
   facet normal 1 1.69007e-15 1.55165e-15
      outer loop
         vertex -0.1159 -0.320228 -0.316332
         vertex -0.1159 -0.319739 -0.317502
         vertex -0.1159 -0.31837 -0.316581
      endloop
   endfacet
   facet normal 1 1.69007e-15 1.55165e-15
      outer loop
         vertex -0.1159 -0.31884 -0.318396
         vertex -0.1159 -0.317927 -0.317022
         vertex -0.1159 -0.31837 -0.316581
      endloop
   endfacet
   facet normal 1 1.69007e-15 1.55165e-15
      outer loop
         vertex -0.1159 -0.316725 -0.317257
         vertex -0.1159 -0.31735 -0.317259
         vertex -0.1159 -0.317667 -0.318878
      endloop
   endfacet
   facet normal 1 1.69007e-15 1.55165e-15
      outer loop
         vertex -0.1159 -0.316157 -0.314356
         vertex -0.1159 -0.315244 -0.312981
         vertex -0.1159 -0.316417 -0.312499
      endloop
   endfacet
   facet normal 1 1.69007e-15 1.55165e-15
      outer loop
         vertex -0.1159 -0.31837 -0.316581
         vertex -0.1159 -0.31861 -0.316005
         vertex -0.1159 -0.320228 -0.316332
      endloop
   endfacet
   facet normal 1 1.69007e-15 1.55165e-15
      outer loop
         vertex -0.1159 -0.317927 -0.317022
         vertex -0.1159 -0.31884 -0.318396
         vertex -0.1159 -0.317667 -0.318878
      endloop
   endfacet
   facet normal 1 1.69007e-15 1.55165e-15
      outer loop
         vertex -0.1159 -0.316399 -0.318874
         vertex -0.1159 -0.315229 -0.318386
         vertex -0.1159 -0.316149 -0.317017
      endloop
   endfacet
   facet normal 1 1.69007e-15 1.55165e-15
      outer loop
         vertex -0.1159 -0.314335 -0.317487
         vertex -0.1159 -0.315709 -0.316574
         vertex -0.1159 -0.316149 -0.317017
      endloop
   endfacet
   facet normal 1 1.69007e-15 1.55165e-15
      outer loop
         vertex -0.1159 -0.313853 -0.316314
         vertex -0.1159 -0.315472 -0.315996
         vertex -0.1159 -0.315709 -0.316574
      endloop
   endfacet
   facet normal 1 1.69007e-15 1.55165e-15
      outer loop
         vertex -0.1159 -0.313853 -0.316314
         vertex -0.1159 -0.313856 -0.315046
         vertex -0.1159 -0.315474 -0.315372
      endloop
   endfacet
   facet normal 1 1.69007e-15 1.55165e-15
      outer loop
         vertex -0.1159 -0.317935 -0.314361
         vertex -0.1159 -0.318855 -0.312991
         vertex -0.1159 -0.319749 -0.313891
      endloop
   endfacet
   facet normal 1 1.69007e-15 1.55165e-15
      outer loop
         vertex -0.1159 -0.316149 -0.317017
         vertex -0.1159 -0.316725 -0.317257
         vertex -0.1159 -0.316399 -0.318874
      endloop
   endfacet
   facet normal 1 1.69007e-15 1.55165e-15
      outer loop
         vertex -0.1159 -0.315709 -0.316574
         vertex -0.1159 -0.314335 -0.317487
         vertex -0.1159 -0.313853 -0.316314
      endloop
   endfacet
   facet normal 1 1.69007e-15 1.55165e-15
      outer loop
         vertex -0.1159 -0.315714 -0.314796
         vertex -0.1159 -0.315474 -0.315372
         vertex -0.1159 -0.313856 -0.315046
      endloop
   endfacet
   facet normal 1 1.69007e-15 1.55165e-15
      outer loop
         vertex -0.1159 -0.316149 -0.317017
         vertex -0.1159 -0.315229 -0.318386
         vertex -0.1159 -0.314335 -0.317487
      endloop
   endfacet
   facet normal 1 1.69007e-15 1.55165e-15
      outer loop
         vertex -0.1159 -0.31837 -0.316581
         vertex -0.1159 -0.319739 -0.317502
         vertex -0.1159 -0.31884 -0.318396
      endloop
   endfacet
   facet normal 1 1.69007e-15 1.55165e-15
      outer loop
         vertex -0.1159 -0.315474 -0.315372
         vertex -0.1159 -0.315472 -0.315996
         vertex -0.1159 -0.313853 -0.316314
      endloop
   endfacet
   facet normal -5.49469e-16 0.833032 -0.553225
      outer loop
         vertex -0.12775 -0.318375 -0.314804
         vertex -0.12775 -0.317935 -0.314361
         vertex -0.1159 -0.317935 -0.314361
      endloop
   endfacet
   facet normal -1.36009e-15 0.981331 -0.192326
      outer loop
         vertex -0.12775 -0.318612 -0.315381
         vertex -0.12775 -0.318375 -0.314804
         vertex -0.1159 -0.318375 -0.314804
      endloop
   endfacet
   facet normal -1.96366e-15 0.980232 0.197853
      outer loop
         vertex -0.12775 -0.31861 -0.316005
         vertex -0.12775 -0.318612 -0.315381
         vertex -0.1159 -0.318612 -0.315381
      endloop
   endfacet
   facet normal -2.26827e-15 0.829901 0.557911
      outer loop
         vertex -0.12775 -0.31837 -0.316581
         vertex -0.12775 -0.31861 -0.316005
         vertex -0.1159 -0.31861 -0.316005
      endloop
   endfacet
   facet normal -2.22756e-15 0.553225 0.833032
      outer loop
         vertex -0.12775 -0.317927 -0.317022
         vertex -0.12775 -0.31837 -0.316581
         vertex -0.1159 -0.31837 -0.316581
      endloop
   endfacet
   facet normal -1.84772e-15 0.192326 0.981331
      outer loop
         vertex -0.12775 -0.31735 -0.317259
         vertex -0.12775 -0.317927 -0.317022
         vertex -0.1159 -0.317927 -0.317022
      endloop
   endfacet
   facet normal -1.84772e-15 0.192326 0.981331
      outer loop
         vertex -0.1159 -0.31735 -0.317259
         vertex -0.1159 -0.316725 -0.317257
         vertex -0.12775 -0.316988 -0.317258
      endloop
   endfacet
   facet normal -1.18659e-15 -0.197853 0.980232
      outer loop
         vertex -0.1159 -0.316725 -0.317257
         vertex -0.12775 -0.316725 -0.317257
         vertex -0.12775 -0.316988 -0.317258
      endloop
   endfacet
   facet normal -3.44807e-16 -0.557911 0.829901
      outer loop
         vertex -0.12775 -0.316149 -0.317017
         vertex -0.12775 -0.316725 -0.317257
         vertex -0.1159 -0.316725 -0.317257
      endloop
   endfacet
   facet normal 5.49469e-16 -0.833032 0.553225
      outer loop
         vertex -0.12775 -0.315709 -0.316574
         vertex -0.12775 -0.316149 -0.317017
         vertex -0.1159 -0.316149 -0.317017
      endloop
   endfacet
   facet normal 1.36009e-15 -0.981331 0.192326
      outer loop
         vertex -0.1159 -0.315472 -0.315996
         vertex -0.12775 -0.315472 -0.315996
         vertex -0.12775 -0.315609 -0.316331
      endloop
   endfacet
   facet normal 0 -0.912594 0.408868
      outer loop
         vertex -0.12775 -0.315609 -0.316331
         vertex -0.1159 -0.315709 -0.316574
         vertex -0.1159 -0.315472 -0.315996
      endloop
   endfacet
   facet normal 1.96366e-15 -0.980232 -0.197853
      outer loop
         vertex -0.1159 -0.315474 -0.315372
         vertex -0.12775 -0.315474 -0.315372
         vertex -0.12775 -0.315472 -0.315988
      endloop
   endfacet
   facet normal 2.1684e-15 -0.982303 0.187297
      outer loop
         vertex -0.12775 -0.315472 -0.315988
         vertex -0.1159 -0.315472 -0.315996
         vertex -0.1159 -0.315474 -0.315372
      endloop
   endfacet
   facet normal 2.26827e-15 -0.829901 -0.557911
      outer loop
         vertex -0.12775 -0.315714 -0.314796
         vertex -0.12775 -0.315474 -0.315372
         vertex -0.1159 -0.315474 -0.315372
      endloop
   endfacet
   facet normal 2.22756e-15 -0.553225 -0.833032
      outer loop
         vertex -0.12775 -0.316157 -0.314356
         vertex -0.12775 -0.315714 -0.314796
         vertex -0.1159 -0.315714 -0.314796
      endloop
   endfacet
   facet normal 2.22756e-15 -0.553225 -0.833032
      outer loop
         vertex -0.1159 -0.316157 -0.314356
         vertex -0.1159 -0.316734 -0.314119
         vertex -0.12775 -0.316726 -0.314122
      endloop
   endfacet
   facet normal 1.84772e-15 -0.192326 -0.981331
      outer loop
         vertex -0.1159 -0.316734 -0.314119
         vertex -0.12775 -0.316734 -0.314119
         vertex -0.12775 -0.316726 -0.314122
      endloop
   endfacet
   facet normal 1.18659e-15 0.197853 -0.980232
      outer loop
         vertex -0.12775 -0.317358 -0.31412
         vertex -0.12775 -0.316734 -0.314119
         vertex -0.1159 -0.316734 -0.314119
      endloop
   endfacet
   facet normal 3.44807e-16 0.557911 -0.829901
      outer loop
         vertex -0.12775 -0.317935 -0.314361
         vertex -0.12775 -0.317358 -0.31412
         vertex -0.1159 -0.317358 -0.31412
      endloop
   endfacet
   facet normal 1.18659e-15 0.197853 -0.980232
      outer loop
         vertex -0.1159 -0.317358 -0.31412
         vertex -0.1159 -0.317935 -0.314361
         vertex -0.12775 -0.317935 -0.314361
      endloop
   endfacet
   facet normal 1.84772e-15 -0.192326 -0.981331
      outer loop
         vertex -0.1159 -0.316734 -0.314119
         vertex -0.1159 -0.317358 -0.31412
         vertex -0.12775 -0.317358 -0.31412
      endloop
   endfacet
   facet normal 1.0842e-15 -0.197349 -0.980333
      outer loop
         vertex -0.12775 -0.316726 -0.314122
         vertex -0.12775 -0.316157 -0.314356
         vertex -0.1159 -0.316157 -0.314356
      endloop
   endfacet
   facet normal 2.26827e-15 -0.829901 -0.557911
      outer loop
         vertex -0.1159 -0.315714 -0.314796
         vertex -0.1159 -0.316157 -0.314356
         vertex -0.12775 -0.316157 -0.314356
      endloop
   endfacet
   facet normal 1.96366e-15 -0.980232 -0.197853
      outer loop
         vertex -0.1159 -0.315474 -0.315372
         vertex -0.1159 -0.315714 -0.314796
         vertex -0.12775 -0.315714 -0.314796
      endloop
   endfacet
   facet normal 2.1684e-15 -0.982303 0.187297
      outer loop
         vertex -0.12775 -0.315472 -0.315988
         vertex -0.12775 -0.315472 -0.315996
         vertex -0.1159 -0.315472 -0.315996
      endloop
   endfacet
   facet normal 0 -0.912594 0.408868
      outer loop
         vertex -0.12775 -0.315609 -0.316331
         vertex -0.12775 -0.315709 -0.316574
         vertex -0.1159 -0.315709 -0.316574
      endloop
   endfacet
   facet normal -3.44807e-16 -0.557911 0.829901
      outer loop
         vertex -0.1159 -0.316149 -0.317017
         vertex -0.1159 -0.315709 -0.316574
         vertex -0.12775 -0.315709 -0.316574
      endloop
   endfacet
   facet normal -1.18659e-15 -0.197853 0.980232
      outer loop
         vertex -0.1159 -0.316725 -0.317257
         vertex -0.1159 -0.316149 -0.317017
         vertex -0.12775 -0.316149 -0.317017
      endloop
   endfacet
   facet normal -1.0842e-15 -0.0341431 0.999417
      outer loop
         vertex -0.12775 -0.316988 -0.317258
         vertex -0.12775 -0.31735 -0.317259
         vertex -0.1159 -0.31735 -0.317259
      endloop
   endfacet
   facet normal -2.22756e-15 0.553225 0.833032
      outer loop
         vertex -0.1159 -0.317927 -0.317022
         vertex -0.1159 -0.31735 -0.317259
         vertex -0.12775 -0.31735 -0.317259
      endloop
   endfacet
   facet normal -2.26827e-15 0.829901 0.557911
      outer loop
         vertex -0.1159 -0.31837 -0.316581
         vertex -0.1159 -0.317927 -0.317022
         vertex -0.12775 -0.317927 -0.317022
      endloop
   endfacet
   facet normal -1.96366e-15 0.980232 0.197853
      outer loop
         vertex -0.1159 -0.31861 -0.316005
         vertex -0.1159 -0.31837 -0.316581
         vertex -0.12775 -0.31837 -0.316581
      endloop
   endfacet
   facet normal -1.36009e-15 0.981331 -0.192326
      outer loop
         vertex -0.1159 -0.318612 -0.315381
         vertex -0.1159 -0.31861 -0.316005
         vertex -0.12775 -0.31861 -0.316005
      endloop
   endfacet
   facet normal -5.49469e-16 0.833032 -0.553225
      outer loop
         vertex -0.1159 -0.318375 -0.314804
         vertex -0.1159 -0.318612 -0.315381
         vertex -0.12775 -0.318612 -0.315381
      endloop
   endfacet
   facet normal 3.44807e-16 0.557911 -0.829901
      outer loop
         vertex -0.1159 -0.317935 -0.314361
         vertex -0.1159 -0.318375 -0.314804
         vertex -0.12775 -0.318375 -0.314804
      endloop
   endfacet
   facet normal -5.49469e-16 0.833032 -0.553225
      outer loop
         vertex -0.1159 -0.3321 -0.30844
         vertex -0.1159 -0.331206 -0.307541
         vertex -0.1129 -0.331206 -0.307541
      endloop
   endfacet
   facet normal -1.36009e-15 0.981331 -0.192326
      outer loop
         vertex -0.1159 -0.332582 -0.309613
         vertex -0.1159 -0.3321 -0.30844
         vertex -0.1129 -0.3321 -0.30844
      endloop
   endfacet
   facet normal -1.96366e-15 0.980232 0.197853
      outer loop
         vertex -0.1159 -0.332578 -0.310881
         vertex -0.1159 -0.332582 -0.309613
         vertex -0.1129 -0.332582 -0.309613
      endloop
   endfacet
   facet normal -2.26827e-15 0.829901 0.557911
      outer loop
         vertex -0.1159 -0.33209 -0.312051
         vertex -0.1159 -0.332578 -0.310881
         vertex -0.1129 -0.332578 -0.310881
      endloop
   endfacet
   facet normal -2.22756e-15 0.553225 0.833032
      outer loop
         vertex -0.1159 -0.33119 -0.312945
         vertex -0.1159 -0.33209 -0.312051
         vertex -0.1129 -0.33209 -0.312051
      endloop
   endfacet
   facet normal -1.84772e-15 0.192326 0.981331
      outer loop
         vertex -0.1159 -0.330018 -0.313427
         vertex -0.1159 -0.33119 -0.312945
         vertex -0.1129 -0.33119 -0.312945
      endloop
   endfacet
   facet normal -1.18659e-15 -0.197853 0.980232
      outer loop
         vertex -0.1159 -0.328749 -0.313424
         vertex -0.1159 -0.330018 -0.313427
         vertex -0.1129 -0.330018 -0.313427
      endloop
   endfacet
   facet normal -3.44807e-16 -0.557911 0.829901
      outer loop
         vertex -0.1159 -0.327579 -0.312935
         vertex -0.1159 -0.328749 -0.313424
         vertex -0.1129 -0.328749 -0.313424
      endloop
   endfacet
   facet normal 5.49469e-16 -0.833032 0.553225
      outer loop
         vertex -0.1159 -0.326685 -0.312036
         vertex -0.1159 -0.327579 -0.312935
         vertex -0.1129 -0.327579 -0.312935
      endloop
   endfacet
   facet normal 1.36009e-15 -0.981331 0.192326
      outer loop
         vertex -0.1159 -0.326203 -0.310863
         vertex -0.1159 -0.326685 -0.312036
         vertex -0.1129 -0.326685 -0.312036
      endloop
   endfacet
   facet normal 1.96366e-15 -0.980232 -0.197853
      outer loop
         vertex -0.1159 -0.326207 -0.309595
         vertex -0.1159 -0.326203 -0.310863
         vertex -0.1129 -0.326203 -0.310841
      endloop
   endfacet
   facet normal 1.36009e-15 -0.981331 0.192326
      outer loop
         vertex -0.1159 -0.326203 -0.310863
         vertex -0.1129 -0.326203 -0.310863
         vertex -0.1129 -0.326203 -0.310841
      endloop
   endfacet
   facet normal 2.26827e-15 -0.829901 -0.557911
      outer loop
         vertex -0.1159 -0.326695 -0.308425
         vertex -0.1159 -0.326207 -0.309595
         vertex -0.1129 -0.326207 -0.309595
      endloop
   endfacet
   facet normal 2.22756e-15 -0.553225 -0.833032
      outer loop
         vertex -0.1159 -0.327595 -0.30753
         vertex -0.1159 -0.326695 -0.308425
         vertex -0.1129 -0.326695 -0.308425
      endloop
   endfacet
   facet normal 2.22756e-15 -0.553225 -0.833032
      outer loop
         vertex -0.1159 -0.327595 -0.30753
         vertex -0.1129 -0.327595 -0.30753
         vertex -0.1129 -0.328747 -0.307057
      endloop
   endfacet
   facet normal 1.85664e-15 -0.198783 -0.980043
      outer loop
         vertex -0.1129 -0.328747 -0.307057
         vertex -0.1159 -0.328767 -0.307048
         vertex -0.1159 -0.327595 -0.30753
      endloop
   endfacet
   facet normal 1.18659e-15 0.197853 -0.980232
      outer loop
         vertex -0.1159 -0.330036 -0.307052
         vertex -0.1159 -0.328767 -0.307048
         vertex -0.1129 -0.328767 -0.307048
      endloop
   endfacet
   facet normal 3.44807e-16 0.557911 -0.829901
      outer loop
         vertex -0.1159 -0.331206 -0.307541
         vertex -0.1159 -0.330036 -0.307052
         vertex -0.1129 -0.330036 -0.307052
      endloop
   endfacet
   facet normal 1.18659e-15 0.197853 -0.980232
      outer loop
         vertex -0.1129 -0.330036 -0.307052
         vertex -0.1129 -0.331206 -0.307541
         vertex -0.1159 -0.331206 -0.307541
      endloop
   endfacet
   facet normal 1.84772e-15 -0.192326 -0.981331
      outer loop
         vertex -0.1129 -0.328767 -0.307048
         vertex -0.1129 -0.330036 -0.307052
         vertex -0.1159 -0.330036 -0.307052
      endloop
   endfacet
   facet normal 1.85664e-15 -0.198783 -0.980043
      outer loop
         vertex -0.1129 -0.328747 -0.307057
         vertex -0.1129 -0.328767 -0.307048
         vertex -0.1159 -0.328767 -0.307048
      endloop
   endfacet
   facet normal 2.26827e-15 -0.829901 -0.557911
      outer loop
         vertex -0.1129 -0.326695 -0.308425
         vertex -0.1129 -0.327595 -0.30753
         vertex -0.1159 -0.327595 -0.30753
      endloop
   endfacet
   facet normal 1.96366e-15 -0.980232 -0.197853
      outer loop
         vertex -0.1129 -0.326207 -0.309595
         vertex -0.1129 -0.326695 -0.308425
         vertex -0.1159 -0.326695 -0.308425
      endloop
   endfacet
   facet normal 1.37223e-15 -0.982576 0.18586
      outer loop
         vertex -0.1129 -0.326203 -0.310841
         vertex -0.1129 -0.326207 -0.309595
         vertex -0.1159 -0.326207 -0.309595
      endloop
   endfacet
   facet normal 5.49469e-16 -0.833032 0.553225
      outer loop
         vertex -0.1129 -0.326685 -0.312036
         vertex -0.1129 -0.326203 -0.310863
         vertex -0.1159 -0.326203 -0.310863
      endloop
   endfacet
   facet normal -3.44807e-16 -0.557911 0.829901
      outer loop
         vertex -0.1129 -0.327579 -0.312935
         vertex -0.1129 -0.326685 -0.312036
         vertex -0.1159 -0.326685 -0.312036
      endloop
   endfacet
   facet normal -1.18659e-15 -0.197853 0.980232
      outer loop
         vertex -0.1129 -0.328749 -0.313424
         vertex -0.1129 -0.327579 -0.312935
         vertex -0.1159 -0.327579 -0.312935
      endloop
   endfacet
   facet normal -1.84772e-15 0.192326 0.981331
      outer loop
         vertex -0.1129 -0.330018 -0.313427
         vertex -0.1129 -0.328749 -0.313424
         vertex -0.1159 -0.328749 -0.313424
      endloop
   endfacet
   facet normal -2.22756e-15 0.553225 0.833032
      outer loop
         vertex -0.1129 -0.33119 -0.312945
         vertex -0.1129 -0.330018 -0.313427
         vertex -0.1159 -0.330018 -0.313427
      endloop
   endfacet
   facet normal -2.26827e-15 0.829901 0.557911
      outer loop
         vertex -0.1129 -0.33209 -0.312051
         vertex -0.1129 -0.33119 -0.312945
         vertex -0.1159 -0.33119 -0.312945
      endloop
   endfacet
   facet normal -1.96366e-15 0.980232 0.197853
      outer loop
         vertex -0.1129 -0.332578 -0.310881
         vertex -0.1129 -0.33209 -0.312051
         vertex -0.1159 -0.33209 -0.312051
      endloop
   endfacet
   facet normal -1.36009e-15 0.981331 -0.192326
      outer loop
         vertex -0.1129 -0.332582 -0.309613
         vertex -0.1129 -0.332578 -0.310881
         vertex -0.1159 -0.332578 -0.310881
      endloop
   endfacet
   facet normal -5.49469e-16 0.833032 -0.553225
      outer loop
         vertex -0.1129 -0.3321 -0.30844
         vertex -0.1129 -0.332582 -0.309613
         vertex -0.1159 -0.332582 -0.309613
      endloop
   endfacet
   facet normal 3.44807e-16 0.557911 -0.829901
      outer loop
         vertex -0.1129 -0.331206 -0.307541
         vertex -0.1129 -0.3321 -0.30844
         vertex -0.1159 -0.3321 -0.30844
      endloop
   endfacet
   facet normal 1 1.69007e-15 1.55165e-15
      outer loop
         vertex -0.1159 -0.327595 -0.30753
         vertex -0.1159 -0.328507 -0.308905
         vertex -0.1159 -0.328065 -0.309345
      endloop
   endfacet
   facet normal 1 1.69007e-15 1.55165e-15
      outer loop
         vertex -0.1159 -0.327595 -0.30753
         vertex -0.1159 -0.328767 -0.307048
         vertex -0.1159 -0.329085 -0.308668
      endloop
   endfacet
   facet normal 1 1.69007e-15 1.55165e-15
      outer loop
         vertex -0.1159 -0.329085 -0.308668
         vertex -0.1159 -0.328507 -0.308905
         vertex -0.1159 -0.327595 -0.30753
      endloop
   endfacet
   facet normal 1 1.69007e-15 1.55165e-15
      outer loop
         vertex -0.1159 -0.330036 -0.307052
         vertex -0.1159 -0.329709 -0.308669
         vertex -0.1159 -0.329085 -0.308668
      endloop
   endfacet
   facet normal 1 1.69007e-15 1.55165e-15
      outer loop
         vertex -0.1159 -0.326695 -0.308425
         vertex -0.1159 -0.328065 -0.309345
         vertex -0.1159 -0.327824 -0.309921
      endloop
   endfacet
   facet normal 1 1.69007e-15 1.55165e-15
      outer loop
         vertex -0.1159 -0.329085 -0.308668
         vertex -0.1159 -0.328767 -0.307048
         vertex -0.1159 -0.330036 -0.307052
      endloop
   endfacet
   facet normal 1 1.69007e-15 1.55165e-15
      outer loop
         vertex -0.1159 -0.330018 -0.313427
         vertex -0.1159 -0.3297 -0.311808
         vertex -0.1159 -0.330278 -0.311571
      endloop
   endfacet
   facet normal 1 1.69007e-15 1.55165e-15
      outer loop
         vertex -0.1159 -0.328749 -0.313424
         vertex -0.1159 -0.329076 -0.311806
         vertex -0.1159 -0.3297 -0.311808
      endloop
   endfacet
   facet normal 1 1.69007e-15 1.55165e-15
      outer loop
         vertex -0.1159 -0.328065 -0.309345
         vertex -0.1159 -0.326695 -0.308425
         vertex -0.1159 -0.327595 -0.30753
      endloop
   endfacet
   facet normal 1 1.69007e-15 1.55165e-15
      outer loop
         vertex -0.1159 -0.330036 -0.307052
         vertex -0.1159 -0.331206 -0.307541
         vertex -0.1159 -0.330285 -0.30891
      endloop
   endfacet
   facet normal 1 1.69007e-15 1.55165e-15
      outer loop
         vertex -0.1159 -0.3321 -0.30844
         vertex -0.1159 -0.330725 -0.309353
         vertex -0.1159 -0.330285 -0.30891
      endloop
   endfacet
   facet normal 1 1.69007e-15 1.55165e-15
      outer loop
         vertex -0.1159 -0.332582 -0.309613
         vertex -0.1159 -0.330963 -0.30993
         vertex -0.1159 -0.330725 -0.309353
      endloop
   endfacet
   facet normal 1 1.69007e-15 1.55165e-15
      outer loop
         vertex -0.1159 -0.332578 -0.310881
         vertex -0.1159 -0.330961 -0.310554
         vertex -0.1159 -0.330963 -0.30993
      endloop
   endfacet
   facet normal 1 1.69007e-15 1.55165e-15
      outer loop
         vertex -0.1159 -0.332578 -0.310881
         vertex -0.1159 -0.33209 -0.312051
         vertex -0.1159 -0.33072 -0.31113
      endloop
   endfacet
   facet normal 1 1.69007e-15 1.55165e-15
      outer loop
         vertex -0.1159 -0.3297 -0.311808
         vertex -0.1159 -0.330018 -0.313427
         vertex -0.1159 -0.328749 -0.313424
      endloop
   endfacet
   facet normal 1 1.69007e-15 1.55165e-15
      outer loop
         vertex -0.1159 -0.328749 -0.313424
         vertex -0.1159 -0.327579 -0.312935
         vertex -0.1159 -0.3285 -0.311566
      endloop
   endfacet
   facet normal 1 1.69007e-15 1.55165e-15
      outer loop
         vertex -0.1159 -0.326203 -0.310863
         vertex -0.1159 -0.326207 -0.309595
         vertex -0.1159 -0.327824 -0.309921
      endloop
   endfacet
   facet normal 1 1.69007e-15 1.55165e-15
      outer loop
         vertex -0.1159 -0.330285 -0.30891
         vertex -0.1159 -0.329709 -0.308669
         vertex -0.1159 -0.330036 -0.307052
      endloop
   endfacet
   facet normal 1 1.69007e-15 1.55165e-15
      outer loop
         vertex -0.1159 -0.330725 -0.309353
         vertex -0.1159 -0.3321 -0.30844
         vertex -0.1159 -0.332582 -0.309613
      endloop
   endfacet
   facet normal 1 1.69007e-15 1.55165e-15
      outer loop
         vertex -0.1159 -0.33072 -0.31113
         vertex -0.1159 -0.330961 -0.310554
         vertex -0.1159 -0.332578 -0.310881
      endloop
   endfacet
   facet normal 1 1.69007e-15 1.55165e-15
      outer loop
         vertex -0.1159 -0.33119 -0.312945
         vertex -0.1159 -0.330278 -0.311571
         vertex -0.1159 -0.33072 -0.31113
      endloop
   endfacet
   facet normal 1 1.69007e-15 1.55165e-15
      outer loop
         vertex -0.1159 -0.3285 -0.311566
         vertex -0.1159 -0.329076 -0.311806
         vertex -0.1159 -0.328749 -0.313424
      endloop
   endfacet
   facet normal 1 1.69007e-15 1.55165e-15
      outer loop
         vertex -0.1159 -0.326685 -0.312036
         vertex -0.1159 -0.32806 -0.311123
         vertex -0.1159 -0.3285 -0.311566
      endloop
   endfacet
   facet normal 1 1.69007e-15 1.55165e-15
      outer loop
         vertex -0.1159 -0.326685 -0.312036
         vertex -0.1159 -0.326203 -0.310863
         vertex -0.1159 -0.327822 -0.310545
      endloop
   endfacet
   facet normal 1 1.69007e-15 1.55165e-15
      outer loop
         vertex -0.1159 -0.327824 -0.309921
         vertex -0.1159 -0.326207 -0.309595
         vertex -0.1159 -0.326695 -0.308425
      endloop
   endfacet
   facet normal 1 1.69007e-15 1.55165e-15
      outer loop
         vertex -0.1159 -0.330963 -0.30993
         vertex -0.1159 -0.332582 -0.309613
         vertex -0.1159 -0.332578 -0.310881
      endloop
   endfacet
   facet normal 1 1.69007e-15 1.55165e-15
      outer loop
         vertex -0.1159 -0.330278 -0.311571
         vertex -0.1159 -0.33119 -0.312945
         vertex -0.1159 -0.330018 -0.313427
      endloop
   endfacet
   facet normal 1 1.69007e-15 1.55165e-15
      outer loop
         vertex -0.1159 -0.327822 -0.310545
         vertex -0.1159 -0.32806 -0.311123
         vertex -0.1159 -0.326685 -0.312036
      endloop
   endfacet
   facet normal 1 1.69007e-15 1.55165e-15
      outer loop
         vertex -0.1159 -0.330285 -0.30891
         vertex -0.1159 -0.331206 -0.307541
         vertex -0.1159 -0.3321 -0.30844
      endloop
   endfacet
   facet normal 1 1.69007e-15 1.55165e-15
      outer loop
         vertex -0.1159 -0.3285 -0.311566
         vertex -0.1159 -0.327579 -0.312935
         vertex -0.1159 -0.326685 -0.312036
      endloop
   endfacet
   facet normal 1 1.69007e-15 1.55165e-15
      outer loop
         vertex -0.1159 -0.33072 -0.31113
         vertex -0.1159 -0.33209 -0.312051
         vertex -0.1159 -0.33119 -0.312945
      endloop
   endfacet
   facet normal 1 1.69007e-15 1.55165e-15
      outer loop
         vertex -0.1159 -0.327824 -0.309921
         vertex -0.1159 -0.327822 -0.310545
         vertex -0.1159 -0.326203 -0.310863
      endloop
   endfacet
   facet normal -5.49469e-16 0.833032 -0.553225
      outer loop
         vertex -0.12775 -0.330725 -0.309353
         vertex -0.12775 -0.330285 -0.30891
         vertex -0.1159 -0.330285 -0.30891
      endloop
   endfacet
   facet normal -1.36009e-15 0.981331 -0.192326
      outer loop
         vertex -0.12775 -0.330963 -0.30993
         vertex -0.12775 -0.330725 -0.309353
         vertex -0.1159 -0.330725 -0.309353
      endloop
   endfacet
   facet normal -1.96366e-15 0.980232 0.197853
      outer loop
         vertex -0.12775 -0.330961 -0.310554
         vertex -0.12775 -0.330963 -0.30993
         vertex -0.1159 -0.330963 -0.30993
      endloop
   endfacet
   facet normal -2.26827e-15 0.829901 0.557911
      outer loop
         vertex -0.12775 -0.33072 -0.31113
         vertex -0.12775 -0.330961 -0.310554
         vertex -0.1159 -0.330961 -0.310554
      endloop
   endfacet
   facet normal -2.22756e-15 0.553225 0.833032
      outer loop
         vertex -0.12775 -0.330278 -0.311571
         vertex -0.12775 -0.33072 -0.31113
         vertex -0.1159 -0.33072 -0.31113
      endloop
   endfacet
   facet normal -2.22756e-15 0.553225 0.833032
      outer loop
         vertex -0.1159 -0.330278 -0.311571
         vertex -0.1159 -0.3297 -0.311808
         vertex -0.12775 -0.329775 -0.311777
      endloop
   endfacet
   facet normal -1.84772e-15 0.192326 0.981331
      outer loop
         vertex -0.1159 -0.3297 -0.311808
         vertex -0.12775 -0.3297 -0.311808
         vertex -0.12775 -0.329775 -0.311777
      endloop
   endfacet
   facet normal -1.18659e-15 -0.197853 0.980232
      outer loop
         vertex -0.12775 -0.329076 -0.311806
         vertex -0.12775 -0.3297 -0.311808
         vertex -0.1159 -0.3297 -0.311808
      endloop
   endfacet
   facet normal -3.44807e-16 -0.557911 0.829901
      outer loop
         vertex -0.12775 -0.3285 -0.311566
         vertex -0.12775 -0.329076 -0.311806
         vertex -0.1159 -0.329076 -0.311806
      endloop
   endfacet
   facet normal 5.49469e-16 -0.833032 0.553225
      outer loop
         vertex -0.12775 -0.32806 -0.311123
         vertex -0.12775 -0.3285 -0.311566
         vertex -0.1159 -0.3285 -0.311566
      endloop
   endfacet
   facet normal 1.36009e-15 -0.981331 0.192326
      outer loop
         vertex -0.12775 -0.327822 -0.310545
         vertex -0.12775 -0.32806 -0.311123
         vertex -0.1159 -0.32806 -0.311123
      endloop
   endfacet
   facet normal 1.96366e-15 -0.980232 -0.197853
      outer loop
         vertex -0.1159 -0.327824 -0.309921
         vertex -0.12775 -0.327824 -0.309921
         vertex -0.12775 -0.327823 -0.310465
      endloop
   endfacet
   facet normal 2.1684e-15 -0.98971 0.143088
      outer loop
         vertex -0.12775 -0.327823 -0.310465
         vertex -0.1159 -0.327822 -0.310545
         vertex -0.1159 -0.327824 -0.309921
      endloop
   endfacet
   facet normal 2.26827e-15 -0.829901 -0.557911
      outer loop
         vertex -0.12775 -0.328065 -0.309345
         vertex -0.12775 -0.327824 -0.309921
         vertex -0.1159 -0.327824 -0.309921
      endloop
   endfacet
   facet normal 2.22756e-15 -0.553225 -0.833032
      outer loop
         vertex -0.12775 -0.328507 -0.308905
         vertex -0.12775 -0.328065 -0.309345
         vertex -0.1159 -0.328065 -0.309345
      endloop
   endfacet
   facet normal 1.84772e-15 -0.192326 -0.981331
      outer loop
         vertex -0.12775 -0.329085 -0.308668
         vertex -0.12775 -0.328507 -0.308905
         vertex -0.1159 -0.328507 -0.308905
      endloop
   endfacet
   facet normal 1.18659e-15 0.197853 -0.980232
      outer loop
         vertex -0.12775 -0.329709 -0.308669
         vertex -0.12775 -0.329085 -0.308668
         vertex -0.1159 -0.329085 -0.308668
      endloop
   endfacet
   facet normal 3.44807e-16 0.557911 -0.829901
      outer loop
         vertex -0.12775 -0.330285 -0.30891
         vertex -0.12775 -0.329709 -0.308669
         vertex -0.1159 -0.329709 -0.308669
      endloop
   endfacet
   facet normal 1.18659e-15 0.197853 -0.980232
      outer loop
         vertex -0.1159 -0.329709 -0.308669
         vertex -0.1159 -0.330285 -0.30891
         vertex -0.12775 -0.330285 -0.30891
      endloop
   endfacet
   facet normal 1.84772e-15 -0.192326 -0.981331
      outer loop
         vertex -0.1159 -0.329085 -0.308668
         vertex -0.1159 -0.329709 -0.308669
         vertex -0.12775 -0.329709 -0.308669
      endloop
   endfacet
   facet normal 2.22756e-15 -0.553225 -0.833032
      outer loop
         vertex -0.1159 -0.328507 -0.308905
         vertex -0.1159 -0.329085 -0.308668
         vertex -0.12775 -0.329085 -0.308668
      endloop
   endfacet
   facet normal 2.26827e-15 -0.829901 -0.557911
      outer loop
         vertex -0.1159 -0.328065 -0.309345
         vertex -0.1159 -0.328507 -0.308905
         vertex -0.12775 -0.328507 -0.308905
      endloop
   endfacet
   facet normal 1.96366e-15 -0.980232 -0.197853
      outer loop
         vertex -0.1159 -0.327824 -0.309921
         vertex -0.1159 -0.328065 -0.309345
         vertex -0.12775 -0.328065 -0.309345
      endloop
   endfacet
   facet normal 2.1684e-15 -0.98971 0.143088
      outer loop
         vertex -0.12775 -0.327823 -0.310465
         vertex -0.12775 -0.327822 -0.310545
         vertex -0.1159 -0.327822 -0.310545
      endloop
   endfacet
   facet normal 5.49469e-16 -0.833032 0.553225
      outer loop
         vertex -0.1159 -0.32806 -0.311123
         vertex -0.1159 -0.327822 -0.310545
         vertex -0.12775 -0.327822 -0.310545
      endloop
   endfacet
   facet normal -3.44807e-16 -0.557911 0.829901
      outer loop
         vertex -0.1159 -0.3285 -0.311566
         vertex -0.1159 -0.32806 -0.311123
         vertex -0.12775 -0.32806 -0.311123
      endloop
   endfacet
   facet normal -1.18659e-15 -0.197853 0.980232
      outer loop
         vertex -0.1159 -0.329076 -0.311806
         vertex -0.1159 -0.3285 -0.311566
         vertex -0.12775 -0.3285 -0.311566
      endloop
   endfacet
   facet normal -1.84772e-15 0.192326 0.981331
      outer loop
         vertex -0.1159 -0.3297 -0.311808
         vertex -0.1159 -0.329076 -0.311806
         vertex -0.12775 -0.329076 -0.311806
      endloop
   endfacet
   facet normal -1.0842e-15 0.241084 0.970504
      outer loop
         vertex -0.12775 -0.329775 -0.311777
         vertex -0.12775 -0.330278 -0.311571
         vertex -0.1159 -0.330278 -0.311571
      endloop
   endfacet
   facet normal -2.26827e-15 0.829901 0.557911
      outer loop
         vertex -0.1159 -0.33072 -0.31113
         vertex -0.1159 -0.330278 -0.311571
         vertex -0.12775 -0.330278 -0.311571
      endloop
   endfacet
   facet normal -1.96366e-15 0.980232 0.197853
      outer loop
         vertex -0.1159 -0.330961 -0.310554
         vertex -0.1159 -0.33072 -0.31113
         vertex -0.12775 -0.33072 -0.31113
      endloop
   endfacet
   facet normal -1.36009e-15 0.981331 -0.192326
      outer loop
         vertex -0.1159 -0.330963 -0.30993
         vertex -0.1159 -0.330961 -0.310554
         vertex -0.12775 -0.330961 -0.310554
      endloop
   endfacet
   facet normal -5.49469e-16 0.833032 -0.553225
      outer loop
         vertex -0.1159 -0.330725 -0.309353
         vertex -0.1159 -0.330963 -0.30993
         vertex -0.12775 -0.330963 -0.30993
      endloop
   endfacet
   facet normal 3.44807e-16 0.557911 -0.829901
      outer loop
         vertex -0.1159 -0.330285 -0.30891
         vertex -0.1159 -0.330725 -0.309353
         vertex -0.12775 -0.330725 -0.309353
      endloop
   endfacet
   facet normal -5.49469e-16 0.833032 -0.553225
      outer loop
         vertex -0.1159 -0.333555 -0.295018
         vertex -0.1159 -0.33266 -0.294119
         vertex -0.1129 -0.332834 -0.294294
      endloop
   endfacet
   facet normal 3.44807e-16 0.557911 -0.829901
      outer loop
         vertex -0.1159 -0.33266 -0.294119
         vertex -0.1129 -0.33266 -0.294119
         vertex -0.1129 -0.332834 -0.294294
      endloop
   endfacet
   facet normal -1.36009e-15 0.981331 -0.192326
      outer loop
         vertex -0.1159 -0.334037 -0.296191
         vertex -0.1159 -0.333555 -0.295018
         vertex -0.1129 -0.333684 -0.295334
      endloop
   endfacet
   facet normal -5.49469e-16 0.833032 -0.553225
      outer loop
         vertex -0.1159 -0.333555 -0.295018
         vertex -0.1129 -0.333555 -0.295018
         vertex -0.1129 -0.333684 -0.295334
      endloop
   endfacet
   facet normal -1.36009e-15 0.981331 -0.192326
      outer loop
         vertex -0.1159 -0.334037 -0.296191
         vertex -0.1129 -0.334037 -0.296191
         vertex -0.1129 -0.334035 -0.296872
      endloop
   endfacet
   facet normal -1.71696e-15 0.999847 0.0174979
      outer loop
         vertex -0.1129 -0.334035 -0.296872
         vertex -0.1159 -0.334033 -0.297459
         vertex -0.1159 -0.334037 -0.296191
      endloop
   endfacet
   facet normal -2.26827e-15 0.829901 0.557911
      outer loop
         vertex -0.1159 -0.333544 -0.29863
         vertex -0.1159 -0.334033 -0.297459
         vertex -0.1129 -0.334033 -0.297459
      endloop
   endfacet
   facet normal -2.22756e-15 0.553225 0.833032
      outer loop
         vertex -0.1159 -0.332645 -0.299524
         vertex -0.1159 -0.333544 -0.29863
         vertex -0.1129 -0.333544 -0.29863
      endloop
   endfacet
   facet normal -1.84772e-15 0.192326 0.981331
      outer loop
         vertex -0.1159 -0.331472 -0.300006
         vertex -0.1159 -0.332645 -0.299524
         vertex -0.1129 -0.332102 -0.299747
      endloop
   endfacet
   facet normal -2.22756e-15 0.553225 0.833032
      outer loop
         vertex -0.1159 -0.332645 -0.299524
         vertex -0.1129 -0.332645 -0.299524
         vertex -0.1129 -0.332102 -0.299747
      endloop
   endfacet
   facet normal -1.18659e-15 -0.197853 0.980232
      outer loop
         vertex -0.1159 -0.330204 -0.300002
         vertex -0.1159 -0.331472 -0.300006
         vertex -0.1129 -0.331472 -0.300006
      endloop
   endfacet
   facet normal -1.18659e-15 -0.197853 0.980232
      outer loop
         vertex -0.1159 -0.330204 -0.300002
         vertex -0.1129 -0.330204 -0.300002
         vertex -0.1129 -0.329261 -0.299608
      endloop
   endfacet
   facet normal -5.14177e-16 -0.494011 0.869456
      outer loop
         vertex -0.1129 -0.329261 -0.299608
         vertex -0.1159 -0.329034 -0.299514
         vertex -0.1159 -0.330204 -0.300002
      endloop
   endfacet
   facet normal 5.49469e-16 -0.833032 0.553225
      outer loop
         vertex -0.1159 -0.32814 -0.298614
         vertex -0.1159 -0.329034 -0.299514
         vertex -0.1129 -0.329034 -0.299514
      endloop
   endfacet
   facet normal 1.36009e-15 -0.981331 0.192326
      outer loop
         vertex -0.1159 -0.327658 -0.297441
         vertex -0.1159 -0.32814 -0.298614
         vertex -0.1129 -0.32814 -0.298614
      endloop
   endfacet
   facet normal 1.96366e-15 -0.980232 -0.197853
      outer loop
         vertex -0.1159 -0.327661 -0.296173
         vertex -0.1159 -0.327658 -0.297441
         vertex -0.1129 -0.327658 -0.297441
      endloop
   endfacet
   facet normal 2.26827e-15 -0.829901 -0.557911
      outer loop
         vertex -0.1159 -0.32815 -0.295003
         vertex -0.1159 -0.327661 -0.296173
         vertex -0.1129 -0.327661 -0.296173
      endloop
   endfacet
   facet normal 2.22756e-15 -0.553225 -0.833032
      outer loop
         vertex -0.1159 -0.329049 -0.294109
         vertex -0.1159 -0.32815 -0.295003
         vertex -0.1129 -0.32815 -0.295003
      endloop
   endfacet
   facet normal 1.84772e-15 -0.192326 -0.981331
      outer loop
         vertex -0.1159 -0.330222 -0.293627
         vertex -0.1159 -0.329049 -0.294109
         vertex -0.1129 -0.329049 -0.294109
      endloop
   endfacet
   facet normal 1.84772e-15 -0.192326 -0.981331
      outer loop
         vertex -0.1159 -0.330222 -0.293627
         vertex -0.1129 -0.330222 -0.293627
         vertex -0.1129 -0.331149 -0.29363
      endloop
   endfacet
   facet normal 1.38539e-15 0.0942825 -0.995545
      outer loop
         vertex -0.1129 -0.331149 -0.29363
         vertex -0.1159 -0.33149 -0.293631
         vertex -0.1159 -0.330222 -0.293627
      endloop
   endfacet
   facet normal 3.44807e-16 0.557911 -0.829901
      outer loop
         vertex -0.1159 -0.33266 -0.294119
         vertex -0.1159 -0.33149 -0.293631
         vertex -0.1129 -0.33149 -0.293631
      endloop
   endfacet
   facet normal 1.18659e-15 0.197853 -0.980232
      outer loop
         vertex -0.1129 -0.33149 -0.293631
         vertex -0.1129 -0.33266 -0.294119
         vertex -0.1159 -0.33266 -0.294119
      endloop
   endfacet
   facet normal 1.38539e-15 0.0942825 -0.995545
      outer loop
         vertex -0.1129 -0.331149 -0.29363
         vertex -0.1129 -0.33149 -0.293631
         vertex -0.1159 -0.33149 -0.293631
      endloop
   endfacet
   facet normal 2.22756e-15 -0.553225 -0.833032
      outer loop
         vertex -0.1129 -0.329049 -0.294109
         vertex -0.1129 -0.330222 -0.293627
         vertex -0.1159 -0.330222 -0.293627
      endloop
   endfacet
   facet normal 2.26827e-15 -0.829901 -0.557911
      outer loop
         vertex -0.1129 -0.32815 -0.295003
         vertex -0.1129 -0.329049 -0.294109
         vertex -0.1159 -0.329049 -0.294109
      endloop
   endfacet
   facet normal 1.96366e-15 -0.980232 -0.197853
      outer loop
         vertex -0.1129 -0.327661 -0.296173
         vertex -0.1129 -0.32815 -0.295003
         vertex -0.1159 -0.32815 -0.295003
      endloop
   endfacet
   facet normal 1.36009e-15 -0.981331 0.192326
      outer loop
         vertex -0.1129 -0.327658 -0.297441
         vertex -0.1129 -0.327661 -0.296173
         vertex -0.1159 -0.327661 -0.296173
      endloop
   endfacet
   facet normal 5.49469e-16 -0.833032 0.553225
      outer loop
         vertex -0.1129 -0.32814 -0.298614
         vertex -0.1129 -0.327658 -0.297441
         vertex -0.1159 -0.327658 -0.297441
      endloop
   endfacet
   facet normal -3.44807e-16 -0.557911 0.829901
      outer loop
         vertex -0.1129 -0.329034 -0.299514
         vertex -0.1129 -0.32814 -0.298614
         vertex -0.1159 -0.32814 -0.298614
      endloop
   endfacet
   facet normal -5.14177e-16 -0.494011 0.869456
      outer loop
         vertex -0.1129 -0.329261 -0.299608
         vertex -0.1129 -0.329034 -0.299514
         vertex -0.1159 -0.329034 -0.299514
      endloop
   endfacet
   facet normal -1.84772e-15 0.192326 0.981331
      outer loop
         vertex -0.1129 -0.331472 -0.300006
         vertex -0.1129 -0.330204 -0.300002
         vertex -0.1159 -0.330204 -0.300002
      endloop
   endfacet
   facet normal -2.09163e-15 0.393616 0.919275
      outer loop
         vertex -0.1129 -0.332102 -0.299747
         vertex -0.1129 -0.331472 -0.300006
         vertex -0.1159 -0.331472 -0.300006
      endloop
   endfacet
   facet normal -2.26827e-15 0.829901 0.557911
      outer loop
         vertex -0.1129 -0.333544 -0.29863
         vertex -0.1129 -0.332645 -0.299524
         vertex -0.1159 -0.332645 -0.299524
      endloop
   endfacet
   facet normal -1.96366e-15 0.980232 0.197853
      outer loop
         vertex -0.1129 -0.334033 -0.297459
         vertex -0.1129 -0.333544 -0.29863
         vertex -0.1159 -0.333544 -0.29863
      endloop
   endfacet
   facet normal -1.71696e-15 0.999847 0.0174979
      outer loop
         vertex -0.1129 -0.334035 -0.296872
         vertex -0.1129 -0.334033 -0.297459
         vertex -0.1159 -0.334033 -0.297459
      endloop
   endfacet
   facet normal -7.79357e-16 0.886308 -0.463097
      outer loop
         vertex -0.1129 -0.333684 -0.295334
         vertex -0.1129 -0.334037 -0.296191
         vertex -0.1159 -0.334037 -0.296191
      endloop
   endfacet
   facet normal 1.7349e-16 0.61866 -0.785659
      outer loop
         vertex -0.1129 -0.332834 -0.294294
         vertex -0.1129 -0.333555 -0.295018
         vertex -0.1159 -0.333555 -0.295018
      endloop
   endfacet
   facet normal 1 1.69007e-15 1.55165e-15
      outer loop
         vertex -0.1159 -0.334037 -0.296191
         vertex -0.1159 -0.332417 -0.296509
         vertex -0.1159 -0.33218 -0.295931
      endloop
   endfacet
   facet normal 1 1.69007e-15 1.55165e-15
      outer loop
         vertex -0.1159 -0.334037 -0.296191
         vertex -0.1159 -0.334033 -0.297459
         vertex -0.1159 -0.332416 -0.297133
      endloop
   endfacet
   facet normal 1 1.69007e-15 1.55165e-15
      outer loop
         vertex -0.1159 -0.329049 -0.294109
         vertex -0.1159 -0.329962 -0.295484
         vertex -0.1159 -0.329519 -0.295924
      endloop
   endfacet
   facet normal 1 1.69007e-15 1.55165e-15
      outer loop
         vertex -0.1159 -0.329049 -0.294109
         vertex -0.1159 -0.330222 -0.293627
         vertex -0.1159 -0.330539 -0.295246
      endloop
   endfacet
   facet normal 1 1.69007e-15 1.55165e-15
      outer loop
         vertex -0.1159 -0.330222 -0.293627
         vertex -0.1159 -0.33149 -0.293631
         vertex -0.1159 -0.331164 -0.295248
      endloop
   endfacet
   facet normal 1 1.69007e-15 1.55165e-15
      outer loop
         vertex -0.1159 -0.33149 -0.293631
         vertex -0.1159 -0.33266 -0.294119
         vertex -0.1159 -0.33174 -0.295489
      endloop
   endfacet
   facet normal 1 1.69007e-15 1.55165e-15
      outer loop
         vertex -0.1159 -0.333555 -0.295018
         vertex -0.1159 -0.33218 -0.295931
         vertex -0.1159 -0.33174 -0.295489
      endloop
   endfacet
   facet normal 1 1.69007e-15 1.55165e-15
      outer loop
         vertex -0.1159 -0.332416 -0.297133
         vertex -0.1159 -0.332417 -0.296509
         vertex -0.1159 -0.334037 -0.296191
      endloop
   endfacet
   facet normal 1 1.69007e-15 1.55165e-15
      outer loop
         vertex -0.1159 -0.334033 -0.297459
         vertex -0.1159 -0.333544 -0.29863
         vertex -0.1159 -0.332175 -0.297709
      endloop
   endfacet
   facet normal 1 1.69007e-15 1.55165e-15
      outer loop
         vertex -0.1159 -0.333544 -0.29863
         vertex -0.1159 -0.332645 -0.299524
         vertex -0.1159 -0.331732 -0.298149
      endloop
   endfacet
   facet normal 1 1.69007e-15 1.55165e-15
      outer loop
         vertex -0.1159 -0.32814 -0.298614
         vertex -0.1159 -0.329514 -0.297702
         vertex -0.1159 -0.329955 -0.298144
      endloop
   endfacet
   facet normal 1 1.69007e-15 1.55165e-15
      outer loop
         vertex -0.1159 -0.327658 -0.297441
         vertex -0.1159 -0.329277 -0.297124
         vertex -0.1159 -0.329514 -0.297702
      endloop
   endfacet
   facet normal 1 1.69007e-15 1.55165e-15
      outer loop
         vertex -0.1159 -0.330539 -0.295246
         vertex -0.1159 -0.329962 -0.295484
         vertex -0.1159 -0.329049 -0.294109
      endloop
   endfacet
   facet normal 1 1.69007e-15 1.55165e-15
      outer loop
         vertex -0.1159 -0.33174 -0.295489
         vertex -0.1159 -0.331164 -0.295248
         vertex -0.1159 -0.33149 -0.293631
      endloop
   endfacet
   facet normal 1 1.69007e-15 1.55165e-15
      outer loop
         vertex -0.1159 -0.33218 -0.295931
         vertex -0.1159 -0.333555 -0.295018
         vertex -0.1159 -0.334037 -0.296191
      endloop
   endfacet
   facet normal 1 1.69007e-15 1.55165e-15
      outer loop
         vertex -0.1159 -0.331732 -0.298149
         vertex -0.1159 -0.332175 -0.297709
         vertex -0.1159 -0.333544 -0.29863
      endloop
   endfacet
   facet normal 1 1.69007e-15 1.55165e-15
      outer loop
         vertex -0.1159 -0.331472 -0.300006
         vertex -0.1159 -0.331155 -0.298387
         vertex -0.1159 -0.331732 -0.298149
      endloop
   endfacet
   facet normal 1 1.69007e-15 1.55165e-15
      outer loop
         vertex -0.1159 -0.331472 -0.300006
         vertex -0.1159 -0.330204 -0.300002
         vertex -0.1159 -0.330531 -0.298385
      endloop
   endfacet
   facet normal 1 1.69007e-15 1.55165e-15
      outer loop
         vertex -0.1159 -0.330204 -0.300002
         vertex -0.1159 -0.329034 -0.299514
         vertex -0.1159 -0.329955 -0.298144
      endloop
   endfacet
   facet normal 1 1.69007e-15 1.55165e-15
      outer loop
         vertex -0.1159 -0.329514 -0.297702
         vertex -0.1159 -0.32814 -0.298614
         vertex -0.1159 -0.327658 -0.297441
      endloop
   endfacet
   facet normal 1 1.69007e-15 1.55165e-15
      outer loop
         vertex -0.1159 -0.331164 -0.295248
         vertex -0.1159 -0.330539 -0.295246
         vertex -0.1159 -0.330222 -0.293627
      endloop
   endfacet
   facet normal 1 1.69007e-15 1.55165e-15
      outer loop
         vertex -0.1159 -0.332175 -0.297709
         vertex -0.1159 -0.332416 -0.297133
         vertex -0.1159 -0.334033 -0.297459
      endloop
   endfacet
   facet normal 1 1.69007e-15 1.55165e-15
      outer loop
         vertex -0.1159 -0.330531 -0.298385
         vertex -0.1159 -0.331155 -0.298387
         vertex -0.1159 -0.331472 -0.300006
      endloop
   endfacet
   facet normal 1 1.69007e-15 1.55165e-15
      outer loop
         vertex -0.1159 -0.329955 -0.298144
         vertex -0.1159 -0.329034 -0.299514
         vertex -0.1159 -0.32814 -0.298614
      endloop
   endfacet
   facet normal 1 1.69007e-15 1.55165e-15
      outer loop
         vertex -0.1159 -0.327658 -0.297441
         vertex -0.1159 -0.327661 -0.296173
         vertex -0.1159 -0.329279 -0.2965
      endloop
   endfacet
   facet normal 1 1.69007e-15 1.55165e-15
      outer loop
         vertex -0.1159 -0.327661 -0.296173
         vertex -0.1159 -0.32815 -0.295003
         vertex -0.1159 -0.329519 -0.295924
      endloop
   endfacet
   facet normal 1 1.69007e-15 1.55165e-15
      outer loop
         vertex -0.1159 -0.33174 -0.295489
         vertex -0.1159 -0.33266 -0.294119
         vertex -0.1159 -0.333555 -0.295018
      endloop
   endfacet
   facet normal 1 1.69007e-15 1.55165e-15
      outer loop
         vertex -0.1159 -0.329955 -0.298144
         vertex -0.1159 -0.330531 -0.298385
         vertex -0.1159 -0.330204 -0.300002
      endloop
   endfacet
   facet normal 1 1.69007e-15 1.55165e-15
      outer loop
         vertex -0.1159 -0.329519 -0.295924
         vertex -0.1159 -0.329279 -0.2965
         vertex -0.1159 -0.327661 -0.296173
      endloop
   endfacet
   facet normal 1 1.69007e-15 1.55165e-15
      outer loop
         vertex -0.1159 -0.331732 -0.298149
         vertex -0.1159 -0.332645 -0.299524
         vertex -0.1159 -0.331472 -0.300006
      endloop
   endfacet
   facet normal 1 1.69007e-15 1.55165e-15
      outer loop
         vertex -0.1159 -0.329519 -0.295924
         vertex -0.1159 -0.32815 -0.295003
         vertex -0.1159 -0.329049 -0.294109
      endloop
   endfacet
   facet normal 1 1.69007e-15 1.55165e-15
      outer loop
         vertex -0.1159 -0.329279 -0.2965
         vertex -0.1159 -0.329277 -0.297124
         vertex -0.1159 -0.327658 -0.297441
      endloop
   endfacet
   facet normal -5.49469e-16 0.833032 -0.553225
      outer loop
         vertex -0.12775 -0.33218 -0.295931
         vertex -0.12775 -0.33174 -0.295489
         vertex -0.1159 -0.33174 -0.295489
      endloop
   endfacet
   facet normal -1.36009e-15 0.981331 -0.192326
      outer loop
         vertex -0.12775 -0.332417 -0.296509
         vertex -0.12775 -0.33218 -0.295931
         vertex -0.1159 -0.33218 -0.295931
      endloop
   endfacet
   facet normal -1.96366e-15 0.980232 0.197853
      outer loop
         vertex -0.1159 -0.332416 -0.297133
         vertex -0.12775 -0.332416 -0.297133
         vertex -0.12775 -0.332417 -0.296517
      endloop
   endfacet
   facet normal -2.1684e-15 0.982303 -0.187297
      outer loop
         vertex -0.12775 -0.332417 -0.296517
         vertex -0.1159 -0.332417 -0.296509
         vertex -0.1159 -0.332416 -0.297133
      endloop
   endfacet
   facet normal -2.26827e-15 0.829901 0.557911
      outer loop
         vertex -0.12775 -0.332175 -0.297709
         vertex -0.12775 -0.332416 -0.297133
         vertex -0.1159 -0.332416 -0.297133
      endloop
   endfacet
   facet normal -2.22756e-15 0.553225 0.833032
      outer loop
         vertex -0.12775 -0.331732 -0.298149
         vertex -0.12775 -0.332175 -0.297709
         vertex -0.1159 -0.332175 -0.297709
      endloop
   endfacet
   facet normal -1.84772e-15 0.192326 0.981331
      outer loop
         vertex -0.1159 -0.331155 -0.298387
         vertex -0.12775 -0.331163 -0.298383
         vertex -0.12775 -0.331474 -0.298255
      endloop
   endfacet
   facet normal -1.84772e-15 0.192326 0.981331
      outer loop
         vertex -0.1159 -0.331155 -0.298387
         vertex -0.12775 -0.331155 -0.298387
         vertex -0.12775 -0.331163 -0.298383
      endloop
   endfacet
   facet normal -2.1684e-15 0.39966 0.916664
      outer loop
         vertex -0.12775 -0.331474 -0.298255
         vertex -0.1159 -0.331732 -0.298149
         vertex -0.1159 -0.331155 -0.298387
      endloop
   endfacet
   facet normal -1.84772e-15 0.192326 0.981331
      outer loop
         vertex -0.1159 -0.331155 -0.298387
         vertex -0.1159 -0.330531 -0.298385
         vertex -0.12775 -0.330794 -0.298385
      endloop
   endfacet
   facet normal -1.18659e-15 -0.197853 0.980232
      outer loop
         vertex -0.1159 -0.330531 -0.298385
         vertex -0.12775 -0.330531 -0.298385
         vertex -0.12775 -0.330794 -0.298385
      endloop
   endfacet
   facet normal -3.44807e-16 -0.557911 0.829901
      outer loop
         vertex -0.12775 -0.329955 -0.298144
         vertex -0.12775 -0.330531 -0.298385
         vertex -0.1159 -0.330531 -0.298385
      endloop
   endfacet
   facet normal 5.49469e-16 -0.833032 0.553225
      outer loop
         vertex -0.12775 -0.329514 -0.297702
         vertex -0.12775 -0.329955 -0.298144
         vertex -0.1159 -0.329955 -0.298144
      endloop
   endfacet
   facet normal 1.36009e-15 -0.981331 0.192326
      outer loop
         vertex -0.1159 -0.329277 -0.297124
         vertex -0.12775 -0.329277 -0.297124
         vertex -0.12775 -0.329414 -0.297458
      endloop
   endfacet
   facet normal 0 -0.912594 0.408868
      outer loop
         vertex -0.12775 -0.329414 -0.297458
         vertex -0.1159 -0.329514 -0.297702
         vertex -0.1159 -0.329277 -0.297124
      endloop
   endfacet
   facet normal 1.36009e-15 -0.981331 0.192326
      outer loop
         vertex -0.1159 -0.329277 -0.297124
         vertex -0.1159 -0.329279 -0.2965
         vertex -0.12775 -0.329278 -0.296779
      endloop
   endfacet
   facet normal 1.96366e-15 -0.980232 -0.197853
      outer loop
         vertex -0.1159 -0.329279 -0.2965
         vertex -0.12775 -0.329279 -0.2965
         vertex -0.12775 -0.329278 -0.296779
      endloop
   endfacet
   facet normal 2.26827e-15 -0.829901 -0.557911
      outer loop
         vertex -0.12775 -0.329519 -0.295924
         vertex -0.12775 -0.329279 -0.2965
         vertex -0.1159 -0.329279 -0.2965
      endloop
   endfacet
   facet normal 2.22756e-15 -0.553225 -0.833032
      outer loop
         vertex -0.12775 -0.329962 -0.295484
         vertex -0.12775 -0.329519 -0.295924
         vertex -0.1159 -0.329519 -0.295924
      endloop
   endfacet
   facet normal 1.84772e-15 -0.192326 -0.981331
      outer loop
         vertex -0.12775 -0.330539 -0.295246
         vertex -0.12775 -0.329962 -0.295484
         vertex -0.1159 -0.329962 -0.295484
      endloop
   endfacet
   facet normal 1.18659e-15 0.197853 -0.980232
      outer loop
         vertex -0.12775 -0.331164 -0.295248
         vertex -0.12775 -0.330539 -0.295246
         vertex -0.1159 -0.330539 -0.295246
      endloop
   endfacet
   facet normal 3.44807e-16 0.557911 -0.829901
      outer loop
         vertex -0.12775 -0.33174 -0.295489
         vertex -0.12775 -0.331164 -0.295248
         vertex -0.1159 -0.331164 -0.295248
      endloop
   endfacet
   facet normal 1.18659e-15 0.197853 -0.980232
      outer loop
         vertex -0.1159 -0.331164 -0.295248
         vertex -0.1159 -0.33174 -0.295489
         vertex -0.12775 -0.33174 -0.295489
      endloop
   endfacet
   facet normal 1.84772e-15 -0.192326 -0.981331
      outer loop
         vertex -0.1159 -0.330539 -0.295246
         vertex -0.1159 -0.331164 -0.295248
         vertex -0.12775 -0.331164 -0.295248
      endloop
   endfacet
   facet normal 2.22756e-15 -0.553225 -0.833032
      outer loop
         vertex -0.1159 -0.329962 -0.295484
         vertex -0.1159 -0.330539 -0.295246
         vertex -0.12775 -0.330539 -0.295246
      endloop
   endfacet
   facet normal 2.26827e-15 -0.829901 -0.557911
      outer loop
         vertex -0.1159 -0.329519 -0.295924
         vertex -0.1159 -0.329962 -0.295484
         vertex -0.12775 -0.329962 -0.295484
      endloop
   endfacet
   facet normal 1.96366e-15 -0.980232 -0.197853
      outer loop
         vertex -0.1159 -0.329279 -0.2965
         vertex -0.1159 -0.329519 -0.295924
         vertex -0.12775 -0.329519 -0.295924
      endloop
   endfacet
   facet normal 2.1684e-15 -0.99971 -0.0240801
      outer loop
         vertex -0.12775 -0.329278 -0.296779
         vertex -0.12775 -0.329277 -0.297124
         vertex -0.1159 -0.329277 -0.297124
      endloop
   endfacet
   facet normal 0 -0.912594 0.408868
      outer loop
         vertex -0.12775 -0.329414 -0.297458
         vertex -0.12775 -0.329514 -0.297702
         vertex -0.1159 -0.329514 -0.297702
      endloop
   endfacet
   facet normal -3.44807e-16 -0.557911 0.829901
      outer loop
         vertex -0.1159 -0.329955 -0.298144
         vertex -0.1159 -0.329514 -0.297702
         vertex -0.12775 -0.329514 -0.297702
      endloop
   endfacet
   facet normal -1.18659e-15 -0.197853 0.980232
      outer loop
         vertex -0.1159 -0.330531 -0.298385
         vertex -0.1159 -0.329955 -0.298144
         vertex -0.12775 -0.329955 -0.298144
      endloop
   endfacet
   facet normal -1.0842e-15 -0.0341431 0.999417
      outer loop
         vertex -0.12775 -0.330794 -0.298385
         vertex -0.12775 -0.331155 -0.298387
         vertex -0.1159 -0.331155 -0.298387
      endloop
   endfacet
   facet normal -2.1684e-15 0.39966 0.916664
      outer loop
         vertex -0.12775 -0.331474 -0.298255
         vertex -0.12775 -0.331732 -0.298149
         vertex -0.1159 -0.331732 -0.298149
      endloop
   endfacet
   facet normal -2.26827e-15 0.829901 0.557911
      outer loop
         vertex -0.1159 -0.332175 -0.297709
         vertex -0.1159 -0.331732 -0.298149
         vertex -0.12775 -0.331732 -0.298149
      endloop
   endfacet
   facet normal -1.96366e-15 0.980232 0.197853
      outer loop
         vertex -0.1159 -0.332416 -0.297133
         vertex -0.1159 -0.332175 -0.297709
         vertex -0.12775 -0.332175 -0.297709
      endloop
   endfacet
   facet normal -2.1684e-15 0.982303 -0.187297
      outer loop
         vertex -0.12775 -0.332417 -0.296517
         vertex -0.12775 -0.332417 -0.296509
         vertex -0.1159 -0.332417 -0.296509
      endloop
   endfacet
   facet normal -5.49469e-16 0.833032 -0.553225
      outer loop
         vertex -0.1159 -0.33218 -0.295931
         vertex -0.1159 -0.332417 -0.296509
         vertex -0.12775 -0.332417 -0.296509
      endloop
   endfacet
   facet normal 3.44807e-16 0.557911 -0.829901
      outer loop
         vertex -0.1159 -0.33174 -0.295489
         vertex -0.1159 -0.33218 -0.295931
         vertex -0.12775 -0.33218 -0.295931
      endloop
   endfacet
   facet normal -5.49469e-16 0.833032 -0.553225
      outer loop
         vertex -0.1159 -0.322659 -0.287048
         vertex -0.1159 -0.321764 -0.286149
         vertex -0.1129 -0.321764 -0.286149
      endloop
   endfacet
   facet normal -1.36009e-15 0.981331 -0.192326
      outer loop
         vertex -0.1159 -0.323141 -0.288221
         vertex -0.1159 -0.322659 -0.287048
         vertex -0.1129 -0.322673 -0.287082
      endloop
   endfacet
   facet normal -5.49469e-16 0.833032 -0.553225
      outer loop
         vertex -0.1159 -0.322659 -0.287048
         vertex -0.1129 -0.322659 -0.287048
         vertex -0.1129 -0.322673 -0.287082
      endloop
   endfacet
   facet normal -1.36009e-15 0.981331 -0.192326
      outer loop
         vertex -0.1159 -0.323141 -0.288221
         vertex -0.1129 -0.323141 -0.288246
         vertex -0.1129 -0.323138 -0.289099
      endloop
   endfacet
   facet normal -1.36009e-15 0.981331 -0.192326
      outer loop
         vertex -0.1159 -0.323141 -0.288221
         vertex -0.1129 -0.323141 -0.288221
         vertex -0.1129 -0.323141 -0.288246
      endloop
   endfacet
   facet normal -1.80763e-15 0.99686 0.0791877
      outer loop
         vertex -0.1129 -0.323138 -0.289099
         vertex -0.1159 -0.323137 -0.289489
         vertex -0.1159 -0.323141 -0.288221
      endloop
   endfacet
   facet normal -2.26827e-15 0.829901 0.557911
      outer loop
         vertex -0.1159 -0.322648 -0.290659
         vertex -0.1159 -0.323137 -0.289489
         vertex -0.1129 -0.323137 -0.289489
      endloop
   endfacet
   facet normal -2.22756e-15 0.553225 0.833032
      outer loop
         vertex -0.1159 -0.321749 -0.291553
         vertex -0.1159 -0.322648 -0.290659
         vertex -0.1129 -0.322648 -0.290659
      endloop
   endfacet
   facet normal -1.84772e-15 0.192326 0.981331
      outer loop
         vertex -0.1159 -0.320576 -0.292035
         vertex -0.1159 -0.321749 -0.291553
         vertex -0.1129 -0.321389 -0.291701
      endloop
   endfacet
   facet normal -2.22756e-15 0.553225 0.833032
      outer loop
         vertex -0.1159 -0.321749 -0.291553
         vertex -0.1129 -0.321749 -0.291553
         vertex -0.1129 -0.321389 -0.291701
      endloop
   endfacet
   facet normal -1.18659e-15 -0.197853 0.980232
      outer loop
         vertex -0.1159 -0.319308 -0.292032
         vertex -0.1159 -0.320576 -0.292035
         vertex -0.1129 -0.320576 -0.292035
      endloop
   endfacet
   facet normal -3.44807e-16 -0.557911 0.829901
      outer loop
         vertex -0.1159 -0.318138 -0.291543
         vertex -0.1159 -0.319308 -0.292032
         vertex -0.1129 -0.319308 -0.292032
      endloop
   endfacet
   facet normal 5.49469e-16 -0.833032 0.553225
      outer loop
         vertex -0.1159 -0.317244 -0.290644
         vertex -0.1159 -0.318138 -0.291543
         vertex -0.1129 -0.318138 -0.291543
      endloop
   endfacet
   facet normal 1.36009e-15 -0.981331 0.192326
      outer loop
         vertex -0.1159 -0.316762 -0.289471
         vertex -0.1159 -0.317244 -0.290644
         vertex -0.1129 -0.317166 -0.290455
      endloop
   endfacet
   facet normal 5.49469e-16 -0.833032 0.553225
      outer loop
         vertex -0.1159 -0.317244 -0.290644
         vertex -0.1129 -0.317244 -0.290644
         vertex -0.1129 -0.317166 -0.290455
      endloop
   endfacet
   facet normal 1.96366e-15 -0.980232 -0.197853
      outer loop
         vertex -0.1159 -0.316766 -0.288203
         vertex -0.1159 -0.316762 -0.289471
         vertex -0.1129 -0.316762 -0.289471
      endloop
   endfacet
   facet normal 2.26827e-15 -0.829901 -0.557911
      outer loop
         vertex -0.1159 -0.317254 -0.287033
         vertex -0.1159 -0.316766 -0.288203
         vertex -0.1129 -0.316766 -0.288203
      endloop
   endfacet
   facet normal 2.22756e-15 -0.553225 -0.833032
      outer loop
         vertex -0.1159 -0.318153 -0.286139
         vertex -0.1159 -0.317254 -0.287033
         vertex -0.1129 -0.317254 -0.287033
      endloop
   endfacet
   facet normal 2.22756e-15 -0.553225 -0.833032
      outer loop
         vertex -0.1159 -0.318153 -0.286139
         vertex -0.1129 -0.318153 -0.286139
         vertex -0.1129 -0.319303 -0.285666
      endloop
   endfacet
   facet normal 1.85797e-15 -0.199753 -0.979846
      outer loop
         vertex -0.1129 -0.319303 -0.285666
         vertex -0.1159 -0.319326 -0.285657
         vertex -0.1159 -0.318153 -0.286139
      endloop
   endfacet
   facet normal 1.18659e-15 0.197853 -0.980232
      outer loop
         vertex -0.1159 -0.320594 -0.28566
         vertex -0.1129 -0.32039 -0.28566
         vertex -0.1129 -0.320557 -0.28566
      endloop
   endfacet
   facet normal 1.84772e-15 -0.192326 -0.981331
      outer loop
         vertex -0.1159 -0.319326 -0.285657
         vertex -0.1129 -0.319326 -0.285657
         vertex -0.1129 -0.32039 -0.28566
      endloop
   endfacet
   facet normal 1.30635e-15 0.136543 -0.990634
      outer loop
         vertex -0.1129 -0.32039 -0.28566
         vertex -0.1159 -0.320594 -0.28566
         vertex -0.1159 -0.319326 -0.285657
      endloop
   endfacet
   facet normal 3.44807e-16 0.557911 -0.829901
      outer loop
         vertex -0.1159 -0.321764 -0.286149
         vertex -0.1159 -0.320594 -0.28566
         vertex -0.1129 -0.320594 -0.28566
      endloop
   endfacet
   facet normal 1.18659e-15 0.197853 -0.980232
      outer loop
         vertex -0.1129 -0.320594 -0.28566
         vertex -0.1129 -0.321764 -0.286149
         vertex -0.1159 -0.321764 -0.286149
      endloop
   endfacet
   facet normal 1.20842e-15 0.186905 -0.982378
      outer loop
         vertex -0.1129 -0.320557 -0.28566
         vertex -0.1129 -0.320594 -0.28566
         vertex -0.1159 -0.320594 -0.28566
      endloop
   endfacet
   facet normal 1.85797e-15 -0.199753 -0.979846
      outer loop
         vertex -0.1129 -0.319303 -0.285666
         vertex -0.1129 -0.319326 -0.285657
         vertex -0.1159 -0.319326 -0.285657
      endloop
   endfacet
   facet normal 2.26827e-15 -0.829901 -0.557911
      outer loop
         vertex -0.1129 -0.317254 -0.287033
         vertex -0.1129 -0.318153 -0.286139
         vertex -0.1159 -0.318153 -0.286139
      endloop
   endfacet
   facet normal 1.96366e-15 -0.980232 -0.197853
      outer loop
         vertex -0.1129 -0.316766 -0.288203
         vertex -0.1129 -0.317254 -0.287033
         vertex -0.1159 -0.317254 -0.287033
      endloop
   endfacet
   facet normal 1.36009e-15 -0.981331 0.192326
      outer loop
         vertex -0.1129 -0.316762 -0.289471
         vertex -0.1129 -0.316766 -0.288203
         vertex -0.1159 -0.316766 -0.288203
      endloop
   endfacet
   facet normal 6.86863e-16 -0.865808 0.500377
      outer loop
         vertex -0.1129 -0.317166 -0.290455
         vertex -0.1129 -0.316762 -0.289471
         vertex -0.1159 -0.316762 -0.289471
      endloop
   endfacet
   facet normal -3.44807e-16 -0.557911 0.829901
      outer loop
         vertex -0.1129 -0.318138 -0.291543
         vertex -0.1129 -0.317244 -0.290644
         vertex -0.1159 -0.317244 -0.290644
      endloop
   endfacet
   facet normal -1.18659e-15 -0.197853 0.980232
      outer loop
         vertex -0.1129 -0.319308 -0.292032
         vertex -0.1129 -0.318138 -0.291543
         vertex -0.1159 -0.318138 -0.291543
      endloop
   endfacet
   facet normal -1.84772e-15 0.192326 0.981331
      outer loop
         vertex -0.1129 -0.320576 -0.292035
         vertex -0.1129 -0.319308 -0.292032
         vertex -0.1159 -0.319308 -0.292032
      endloop
   endfacet
   facet normal -2.14585e-15 0.449615 0.893223
      outer loop
         vertex -0.1129 -0.321389 -0.291701
         vertex -0.1129 -0.320576 -0.292035
         vertex -0.1159 -0.320576 -0.292035
      endloop
   endfacet
   facet normal -2.26827e-15 0.829901 0.557911
      outer loop
         vertex -0.1129 -0.322648 -0.290659
         vertex -0.1129 -0.321749 -0.291553
         vertex -0.1159 -0.321749 -0.291553
      endloop
   endfacet
   facet normal -1.96366e-15 0.980232 0.197853
      outer loop
         vertex -0.1129 -0.323137 -0.289489
         vertex -0.1129 -0.322648 -0.290659
         vertex -0.1159 -0.322648 -0.290659
      endloop
   endfacet
   facet normal -1.80763e-15 0.99686 0.0791877
      outer loop
         vertex -0.1129 -0.323138 -0.289099
         vertex -0.1129 -0.323137 -0.289489
         vertex -0.1159 -0.323137 -0.289489
      endloop
   endfacet
   facet normal -5.74286e-16 0.839152 -0.543897
      outer loop
         vertex -0.1129 -0.322673 -0.287082
         vertex -0.1129 -0.323141 -0.288221
         vertex -0.1159 -0.323141 -0.288221
      endloop
   endfacet
   facet normal 3.44807e-16 0.557911 -0.829901
      outer loop
         vertex -0.1129 -0.321764 -0.286149
         vertex -0.1129 -0.322659 -0.287048
         vertex -0.1159 -0.322659 -0.287048
      endloop
   endfacet
   facet normal 1 1.69007e-15 1.55165e-15
      outer loop
         vertex -0.1159 -0.323137 -0.289489
         vertex -0.1159 -0.32152 -0.289162
         vertex -0.1159 -0.321521 -0.288538
      endloop
   endfacet
   facet normal 1 1.69007e-15 1.55165e-15
      outer loop
         vertex -0.1159 -0.322648 -0.290659
         vertex -0.1159 -0.321279 -0.289739
         vertex -0.1159 -0.32152 -0.289162
      endloop
   endfacet
   facet normal 1 1.69007e-15 1.55165e-15
      outer loop
         vertex -0.1159 -0.322648 -0.290659
         vertex -0.1159 -0.321749 -0.291553
         vertex -0.1159 -0.320836 -0.290179
      endloop
   endfacet
   facet normal 1 1.69007e-15 1.55165e-15
      outer loop
         vertex -0.1159 -0.321749 -0.291553
         vertex -0.1159 -0.320576 -0.292035
         vertex -0.1159 -0.320259 -0.290416
      endloop
   endfacet
   facet normal 1 1.69007e-15 1.55165e-15
      outer loop
         vertex -0.1159 -0.318153 -0.286139
         vertex -0.1159 -0.319066 -0.287513
         vertex -0.1159 -0.318623 -0.287953
      endloop
   endfacet
   facet normal 1 1.69007e-15 1.55165e-15
      outer loop
         vertex -0.1159 -0.319326 -0.285657
         vertex -0.1159 -0.319644 -0.287276
         vertex -0.1159 -0.319066 -0.287513
      endloop
   endfacet
   facet normal 1 1.69007e-15 1.55165e-15
      outer loop
         vertex -0.1159 -0.322659 -0.287048
         vertex -0.1159 -0.321284 -0.287961
         vertex -0.1159 -0.320844 -0.287518
      endloop
   endfacet
   facet normal 1 1.69007e-15 1.55165e-15
      outer loop
         vertex -0.1159 -0.322659 -0.287048
         vertex -0.1159 -0.323141 -0.288221
         vertex -0.1159 -0.321521 -0.288538
      endloop
   endfacet
   facet normal 1 1.69007e-15 1.55165e-15
      outer loop
         vertex -0.1159 -0.32152 -0.289162
         vertex -0.1159 -0.323137 -0.289489
         vertex -0.1159 -0.322648 -0.290659
      endloop
   endfacet
   facet normal 1 1.69007e-15 1.55165e-15
      outer loop
         vertex -0.1159 -0.320259 -0.290416
         vertex -0.1159 -0.320836 -0.290179
         vertex -0.1159 -0.321749 -0.291553
      endloop
   endfacet
   facet normal 1 1.69007e-15 1.55165e-15
      outer loop
         vertex -0.1159 -0.319308 -0.292032
         vertex -0.1159 -0.319635 -0.290414
         vertex -0.1159 -0.320259 -0.290416
      endloop
   endfacet
   facet normal 1 1.69007e-15 1.55165e-15
      outer loop
         vertex -0.1159 -0.319308 -0.292032
         vertex -0.1159 -0.318138 -0.291543
         vertex -0.1159 -0.319059 -0.290174
      endloop
   endfacet
   facet normal 1 1.69007e-15 1.55165e-15
      outer loop
         vertex -0.1159 -0.317244 -0.290644
         vertex -0.1159 -0.318618 -0.289731
         vertex -0.1159 -0.319059 -0.290174
      endloop
   endfacet
   facet normal 1 1.69007e-15 1.55165e-15
      outer loop
         vertex -0.1159 -0.316762 -0.289471
         vertex -0.1159 -0.318381 -0.289154
         vertex -0.1159 -0.318618 -0.289731
      endloop
   endfacet
   facet normal 1 1.69007e-15 1.55165e-15
      outer loop
         vertex -0.1159 -0.319066 -0.287513
         vertex -0.1159 -0.318153 -0.286139
         vertex -0.1159 -0.319326 -0.285657
      endloop
   endfacet
   facet normal 1 1.69007e-15 1.55165e-15
      outer loop
         vertex -0.1159 -0.320594 -0.28566
         vertex -0.1159 -0.320268 -0.287278
         vertex -0.1159 -0.319644 -0.287276
      endloop
   endfacet
   facet normal 1 1.69007e-15 1.55165e-15
      outer loop
         vertex -0.1159 -0.321521 -0.288538
         vertex -0.1159 -0.321284 -0.287961
         vertex -0.1159 -0.322659 -0.287048
      endloop
   endfacet
   facet normal 1 1.69007e-15 1.55165e-15
      outer loop
         vertex -0.1159 -0.320836 -0.290179
         vertex -0.1159 -0.321279 -0.289739
         vertex -0.1159 -0.322648 -0.290659
      endloop
   endfacet
   facet normal 1 1.69007e-15 1.55165e-15
      outer loop
         vertex -0.1159 -0.319059 -0.290174
         vertex -0.1159 -0.319635 -0.290414
         vertex -0.1159 -0.319308 -0.292032
      endloop
   endfacet
   facet normal 1 1.69007e-15 1.55165e-15
      outer loop
         vertex -0.1159 -0.318618 -0.289731
         vertex -0.1159 -0.317244 -0.290644
         vertex -0.1159 -0.316762 -0.289471
      endloop
   endfacet
   facet normal 1 1.69007e-15 1.55165e-15
      outer loop
         vertex -0.1159 -0.319644 -0.287276
         vertex -0.1159 -0.319326 -0.285657
         vertex -0.1159 -0.320594 -0.28566
      endloop
   endfacet
   facet normal 1 1.69007e-15 1.55165e-15
      outer loop
         vertex -0.1159 -0.320594 -0.28566
         vertex -0.1159 -0.321764 -0.286149
         vertex -0.1159 -0.320844 -0.287518
      endloop
   endfacet
   facet normal 1 1.69007e-15 1.55165e-15
      outer loop
         vertex -0.1159 -0.321521 -0.288538
         vertex -0.1159 -0.323141 -0.288221
         vertex -0.1159 -0.323137 -0.289489
      endloop
   endfacet
   facet normal 1 1.69007e-15 1.55165e-15
      outer loop
         vertex -0.1159 -0.319059 -0.290174
         vertex -0.1159 -0.318138 -0.291543
         vertex -0.1159 -0.317244 -0.290644
      endloop
   endfacet
   facet normal 1 1.69007e-15 1.55165e-15
      outer loop
         vertex -0.1159 -0.316766 -0.288203
         vertex -0.1159 -0.318383 -0.288529
         vertex -0.1159 -0.318381 -0.289154
      endloop
   endfacet
   facet normal 1 1.69007e-15 1.55165e-15
      outer loop
         vertex -0.1159 -0.316766 -0.288203
         vertex -0.1159 -0.317254 -0.287033
         vertex -0.1159 -0.318623 -0.287953
      endloop
   endfacet
   facet normal 1 1.69007e-15 1.55165e-15
      outer loop
         vertex -0.1159 -0.320844 -0.287518
         vertex -0.1159 -0.320268 -0.287278
         vertex -0.1159 -0.320594 -0.28566
      endloop
   endfacet
   facet normal 1 1.69007e-15 1.55165e-15
      outer loop
         vertex -0.1159 -0.320259 -0.290416
         vertex -0.1159 -0.320576 -0.292035
         vertex -0.1159 -0.319308 -0.292032
      endloop
   endfacet
   facet normal 1 1.69007e-15 1.55165e-15
      outer loop
         vertex -0.1159 -0.318623 -0.287953
         vertex -0.1159 -0.318383 -0.288529
         vertex -0.1159 -0.316766 -0.288203
      endloop
   endfacet
   facet normal 1 1.69007e-15 1.55165e-15
      outer loop
         vertex -0.1159 -0.320844 -0.287518
         vertex -0.1159 -0.321764 -0.286149
         vertex -0.1159 -0.322659 -0.287048
      endloop
   endfacet
   facet normal 1 1.69007e-15 1.55165e-15
      outer loop
         vertex -0.1159 -0.318623 -0.287953
         vertex -0.1159 -0.317254 -0.287033
         vertex -0.1159 -0.318153 -0.286139
      endloop
   endfacet
   facet normal 1 1.69007e-15 1.55165e-15
      outer loop
         vertex -0.1159 -0.318381 -0.289154
         vertex -0.1159 -0.316762 -0.289471
         vertex -0.1159 -0.316766 -0.288203
      endloop
   endfacet
   facet normal -5.49469e-16 0.833032 -0.553225
      outer loop
         vertex -0.12775 -0.321284 -0.287961
         vertex -0.12775 -0.320844 -0.287518
         vertex -0.1159 -0.320844 -0.287518
      endloop
   endfacet
   facet normal -1.36009e-15 0.981331 -0.192326
      outer loop
         vertex -0.12775 -0.321521 -0.288538
         vertex -0.12775 -0.321284 -0.287961
         vertex -0.1159 -0.321284 -0.287961
      endloop
   endfacet
   facet normal -1.96366e-15 0.980232 0.197853
      outer loop
         vertex -0.12775 -0.32152 -0.289162
         vertex -0.12775 -0.321521 -0.288538
         vertex -0.1159 -0.321521 -0.288538
      endloop
   endfacet
   facet normal -2.26827e-15 0.829901 0.557911
      outer loop
         vertex -0.12775 -0.321279 -0.289739
         vertex -0.12775 -0.32152 -0.289162
         vertex -0.1159 -0.32152 -0.289162
      endloop
   endfacet
   facet normal -2.22756e-15 0.553225 0.833032
      outer loop
         vertex -0.12775 -0.320836 -0.290179
         vertex -0.12775 -0.321279 -0.289739
         vertex -0.1159 -0.321279 -0.289739
      endloop
   endfacet
   facet normal -1.84772e-15 0.192326 0.981331
      outer loop
         vertex -0.12775 -0.320259 -0.290416
         vertex -0.12775 -0.320836 -0.290179
         vertex -0.1159 -0.320836 -0.290179
      endloop
   endfacet
   facet normal -1.84772e-15 0.192326 0.981331
      outer loop
         vertex -0.1159 -0.320259 -0.290416
         vertex -0.1159 -0.319635 -0.290414
         vertex -0.12775 -0.319812 -0.290415
      endloop
   endfacet
   facet normal -1.18659e-15 -0.197853 0.980232
      outer loop
         vertex -0.1159 -0.319635 -0.290414
         vertex -0.12775 -0.319635 -0.290414
         vertex -0.12775 -0.319812 -0.290415
      endloop
   endfacet
   facet normal -3.44807e-16 -0.557911 0.829901
      outer loop
         vertex -0.12775 -0.319059 -0.290174
         vertex -0.12775 -0.319635 -0.290414
         vertex -0.1159 -0.319635 -0.290414
      endloop
   endfacet
   facet normal 5.49469e-16 -0.833032 0.553225
      outer loop
         vertex -0.12775 -0.318618 -0.289731
         vertex -0.12775 -0.319059 -0.290174
         vertex -0.1159 -0.319059 -0.290174
      endloop
   endfacet
   facet normal 1.36009e-15 -0.981331 0.192326
      outer loop
         vertex -0.1159 -0.318381 -0.289154
         vertex -0.12775 -0.318381 -0.289154
         vertex -0.12775 -0.318551 -0.289567
      endloop
   endfacet
   facet normal 0 -0.88894 0.458023
      outer loop
         vertex -0.12775 -0.318551 -0.289567
         vertex -0.1159 -0.318618 -0.289731
         vertex -0.1159 -0.318381 -0.289154
      endloop
   endfacet
   facet normal 1.96366e-15 -0.980232 -0.197853
      outer loop
         vertex -0.12775 -0.318383 -0.288529
         vertex -0.12775 -0.318381 -0.289154
         vertex -0.1159 -0.318381 -0.289154
      endloop
   endfacet
   facet normal 2.26827e-15 -0.829901 -0.557911
      outer loop
         vertex -0.12775 -0.318623 -0.287953
         vertex -0.12775 -0.318383 -0.288529
         vertex -0.1159 -0.318383 -0.288529
      endloop
   endfacet
   facet normal 2.22756e-15 -0.553225 -0.833032
      outer loop
         vertex -0.12775 -0.319066 -0.287513
         vertex -0.12775 -0.318623 -0.287953
         vertex -0.1159 -0.318623 -0.287953
      endloop
   endfacet
   facet normal 1.84772e-15 -0.192326 -0.981331
      outer loop
         vertex -0.12775 -0.319644 -0.287276
         vertex -0.12775 -0.319066 -0.287513
         vertex -0.1159 -0.319066 -0.287513
      endloop
   endfacet
   facet normal 1.18659e-15 0.197853 -0.980232
      outer loop
         vertex -0.12775 -0.320268 -0.287278
         vertex -0.12775 -0.319644 -0.287276
         vertex -0.1159 -0.319644 -0.287276
      endloop
   endfacet
   facet normal 3.44807e-16 0.557911 -0.829901
      outer loop
         vertex -0.12775 -0.320844 -0.287518
         vertex -0.12775 -0.320268 -0.287278
         vertex -0.1159 -0.320268 -0.287278
      endloop
   endfacet
   facet normal 1.18659e-15 0.197853 -0.980232
      outer loop
         vertex -0.1159 -0.320268 -0.287278
         vertex -0.1159 -0.320844 -0.287518
         vertex -0.12775 -0.320844 -0.287518
      endloop
   endfacet
   facet normal 1.84772e-15 -0.192326 -0.981331
      outer loop
         vertex -0.1159 -0.319644 -0.287276
         vertex -0.1159 -0.320268 -0.287278
         vertex -0.12775 -0.320268 -0.287278
      endloop
   endfacet
   facet normal 2.22756e-15 -0.553225 -0.833032
      outer loop
         vertex -0.1159 -0.319066 -0.287513
         vertex -0.1159 -0.319644 -0.287276
         vertex -0.12775 -0.319644 -0.287276
      endloop
   endfacet
   facet normal 2.26827e-15 -0.829901 -0.557911
      outer loop
         vertex -0.1159 -0.318623 -0.287953
         vertex -0.1159 -0.319066 -0.287513
         vertex -0.12775 -0.319066 -0.287513
      endloop
   endfacet
   facet normal 1.96366e-15 -0.980232 -0.197853
      outer loop
         vertex -0.1159 -0.318383 -0.288529
         vertex -0.1159 -0.318623 -0.287953
         vertex -0.12775 -0.318623 -0.287953
      endloop
   endfacet
   facet normal 1.36009e-15 -0.981331 0.192326
      outer loop
         vertex -0.1159 -0.318381 -0.289154
         vertex -0.1159 -0.318383 -0.288529
         vertex -0.12775 -0.318383 -0.288529
      endloop
   endfacet
   facet normal 0 -0.88894 0.458023
      outer loop
         vertex -0.12775 -0.318551 -0.289567
         vertex -0.12775 -0.318618 -0.289731
         vertex -0.1159 -0.318618 -0.289731
      endloop
   endfacet
   facet normal -3.44807e-16 -0.557911 0.829901
      outer loop
         vertex -0.1159 -0.319059 -0.290174
         vertex -0.1159 -0.318618 -0.289731
         vertex -0.12775 -0.318618 -0.289731
      endloop
   endfacet
   facet normal -1.18659e-15 -0.197853 0.980232
      outer loop
         vertex -0.1159 -0.319635 -0.290414
         vertex -0.1159 -0.319059 -0.290174
         vertex -0.12775 -0.319059 -0.290174
      endloop
   endfacet
   facet normal -1.0842e-15 -0.0885903 0.996068
      outer loop
         vertex -0.12775 -0.319812 -0.290415
         vertex -0.12775 -0.320259 -0.290416
         vertex -0.1159 -0.320259 -0.290416
      endloop
   endfacet
   facet normal -2.22756e-15 0.553225 0.833032
      outer loop
         vertex -0.1159 -0.320836 -0.290179
         vertex -0.1159 -0.320259 -0.290416
         vertex -0.12775 -0.320259 -0.290416
      endloop
   endfacet
   facet normal -2.26827e-15 0.829901 0.557911
      outer loop
         vertex -0.1159 -0.321279 -0.289739
         vertex -0.1159 -0.320836 -0.290179
         vertex -0.12775 -0.320836 -0.290179
      endloop
   endfacet
   facet normal -1.96366e-15 0.980232 0.197853
      outer loop
         vertex -0.1159 -0.32152 -0.289162
         vertex -0.1159 -0.321279 -0.289739
         vertex -0.12775 -0.321279 -0.289739
      endloop
   endfacet
   facet normal -1.36009e-15 0.981331 -0.192326
      outer loop
         vertex -0.1159 -0.321521 -0.288538
         vertex -0.1159 -0.32152 -0.289162
         vertex -0.12775 -0.32152 -0.289162
      endloop
   endfacet
   facet normal -5.49469e-16 0.833032 -0.553225
      outer loop
         vertex -0.1159 -0.321284 -0.287961
         vertex -0.1159 -0.321521 -0.288538
         vertex -0.12775 -0.321521 -0.288538
      endloop
   endfacet
   facet normal 3.44807e-16 0.557911 -0.829901
      outer loop
         vertex -0.1159 -0.320844 -0.287518
         vertex -0.1159 -0.321284 -0.287961
         vertex -0.12775 -0.321284 -0.287961
      endloop
   endfacet
   facet normal -5.49469e-16 0.833032 -0.553225
      outer loop
         vertex -0.1159 -0.310308 -0.292499
         vertex -0.1159 -0.309414 -0.2916
         vertex -0.1129 -0.309414 -0.2916
      endloop
   endfacet
   facet normal -1.36009e-15 0.981331 -0.192326
      outer loop
         vertex -0.1159 -0.31079 -0.293672
         vertex -0.1159 -0.310308 -0.292499
         vertex -0.1129 -0.310308 -0.292499
      endloop
   endfacet
   facet normal -1.96366e-15 0.980232 0.197853
      outer loop
         vertex -0.1159 -0.310786 -0.29494
         vertex -0.1159 -0.31079 -0.293672
         vertex -0.1129 -0.31079 -0.293672
      endloop
   endfacet
   facet normal -2.26827e-15 0.829901 0.557911
      outer loop
         vertex -0.1159 -0.310298 -0.29611
         vertex -0.1159 -0.310786 -0.29494
         vertex -0.1129 -0.310786 -0.29494
      endloop
   endfacet
   facet normal -2.22756e-15 0.553225 0.833032
      outer loop
         vertex -0.1159 -0.309399 -0.297004
         vertex -0.1159 -0.310298 -0.29611
         vertex -0.1129 -0.310298 -0.29611
      endloop
   endfacet
   facet normal -1.84772e-15 0.192326 0.981331
      outer loop
         vertex -0.1159 -0.308226 -0.297486
         vertex -0.1159 -0.309399 -0.297004
         vertex -0.1129 -0.309399 -0.297004
      endloop
   endfacet
   facet normal -1.18659e-15 -0.197853 0.980232
      outer loop
         vertex -0.1159 -0.306958 -0.297483
         vertex -0.1159 -0.308226 -0.297486
         vertex -0.1129 -0.308226 -0.297486
      endloop
   endfacet
   facet normal -3.44807e-16 -0.557911 0.829901
      outer loop
         vertex -0.1159 -0.305787 -0.296994
         vertex -0.1159 -0.306958 -0.297483
         vertex -0.1129 -0.306958 -0.297483
      endloop
   endfacet
   facet normal 5.49469e-16 -0.833032 0.553225
      outer loop
         vertex -0.1159 -0.304893 -0.296095
         vertex -0.1159 -0.305787 -0.296994
         vertex -0.1129 -0.305787 -0.296994
      endloop
   endfacet
   facet normal 1.36009e-15 -0.981331 0.192326
      outer loop
         vertex -0.1159 -0.304411 -0.294922
         vertex -0.1159 -0.304893 -0.296095
         vertex -0.1129 -0.304893 -0.296095
      endloop
   endfacet
   facet normal 1.96366e-15 -0.980232 -0.197853
      outer loop
         vertex -0.1159 -0.304415 -0.293654
         vertex -0.1159 -0.304411 -0.294922
         vertex -0.1129 -0.304411 -0.294922
      endloop
   endfacet
   facet normal 2.26827e-15 -0.829901 -0.557911
      outer loop
         vertex -0.1159 -0.304903 -0.292484
         vertex -0.1159 -0.304415 -0.293654
         vertex -0.1129 -0.304415 -0.293654
      endloop
   endfacet
   facet normal 2.22756e-15 -0.553225 -0.833032
      outer loop
         vertex -0.1159 -0.305803 -0.291589
         vertex -0.1159 -0.304903 -0.292484
         vertex -0.1129 -0.304903 -0.292484
      endloop
   endfacet
   facet normal 1.84772e-15 -0.192326 -0.981331
      outer loop
         vertex -0.1159 -0.306976 -0.291107
         vertex -0.1159 -0.305803 -0.291589
         vertex -0.1129 -0.305803 -0.291589
      endloop
   endfacet
   facet normal 1.18659e-15 0.197853 -0.980232
      outer loop
         vertex -0.1159 -0.308244 -0.291111
         vertex -0.1159 -0.306976 -0.291107
         vertex -0.1129 -0.306976 -0.291107
      endloop
   endfacet
   facet normal 3.44807e-16 0.557911 -0.829901
      outer loop
         vertex -0.1159 -0.309414 -0.2916
         vertex -0.1159 -0.308244 -0.291111
         vertex -0.1129 -0.308244 -0.291111
      endloop
   endfacet
   facet normal 1.18659e-15 0.197853 -0.980232
      outer loop
         vertex -0.1129 -0.308244 -0.291111
         vertex -0.1129 -0.309414 -0.2916
         vertex -0.1159 -0.309414 -0.2916
      endloop
   endfacet
   facet normal 1.84772e-15 -0.192326 -0.981331
      outer loop
         vertex -0.1129 -0.306976 -0.291107
         vertex -0.1129 -0.308244 -0.291111
         vertex -0.1159 -0.308244 -0.291111
      endloop
   endfacet
   facet normal 2.22756e-15 -0.553225 -0.833032
      outer loop
         vertex -0.1129 -0.305803 -0.291589
         vertex -0.1129 -0.306976 -0.291107
         vertex -0.1159 -0.306976 -0.291107
      endloop
   endfacet
   facet normal 2.26827e-15 -0.829901 -0.557911
      outer loop
         vertex -0.1129 -0.304903 -0.292484
         vertex -0.1129 -0.305803 -0.291589
         vertex -0.1159 -0.305803 -0.291589
      endloop
   endfacet
   facet normal 1.96366e-15 -0.980232 -0.197853
      outer loop
         vertex -0.1129 -0.304415 -0.293654
         vertex -0.1129 -0.304903 -0.292484
         vertex -0.1159 -0.304903 -0.292484
      endloop
   endfacet
   facet normal 1.36009e-15 -0.981331 0.192326
      outer loop
         vertex -0.1129 -0.304411 -0.294922
         vertex -0.1129 -0.304415 -0.293654
         vertex -0.1159 -0.304415 -0.293654
      endloop
   endfacet
   facet normal 5.49469e-16 -0.833032 0.553225
      outer loop
         vertex -0.1129 -0.304893 -0.296095
         vertex -0.1129 -0.304411 -0.294922
         vertex -0.1159 -0.304411 -0.294922
      endloop
   endfacet
   facet normal -3.44807e-16 -0.557911 0.829901
      outer loop
         vertex -0.1129 -0.305787 -0.296994
         vertex -0.1129 -0.304893 -0.296095
         vertex -0.1159 -0.304893 -0.296095
      endloop
   endfacet
   facet normal -1.18659e-15 -0.197853 0.980232
      outer loop
         vertex -0.1129 -0.306958 -0.297483
         vertex -0.1129 -0.305787 -0.296994
         vertex -0.1159 -0.305787 -0.296994
      endloop
   endfacet
   facet normal -1.84772e-15 0.192326 0.981331
      outer loop
         vertex -0.1129 -0.308226 -0.297486
         vertex -0.1129 -0.306958 -0.297483
         vertex -0.1159 -0.306958 -0.297483
      endloop
   endfacet
   facet normal -2.22756e-15 0.553225 0.833032
      outer loop
         vertex -0.1129 -0.309399 -0.297004
         vertex -0.1129 -0.308226 -0.297486
         vertex -0.1159 -0.308226 -0.297486
      endloop
   endfacet
   facet normal -2.26827e-15 0.829901 0.557911
      outer loop
         vertex -0.1129 -0.310298 -0.29611
         vertex -0.1129 -0.309399 -0.297004
         vertex -0.1159 -0.309399 -0.297004
      endloop
   endfacet
   facet normal -1.96366e-15 0.980232 0.197853
      outer loop
         vertex -0.1129 -0.310786 -0.29494
         vertex -0.1129 -0.310298 -0.29611
         vertex -0.1159 -0.310298 -0.29611
      endloop
   endfacet
   facet normal -1.36009e-15 0.981331 -0.192326
      outer loop
         vertex -0.1129 -0.31079 -0.293672
         vertex -0.1129 -0.310786 -0.29494
         vertex -0.1159 -0.310786 -0.29494
      endloop
   endfacet
   facet normal -5.49469e-16 0.833032 -0.553225
      outer loop
         vertex -0.1129 -0.310308 -0.292499
         vertex -0.1129 -0.31079 -0.293672
         vertex -0.1159 -0.31079 -0.293672
      endloop
   endfacet
   facet normal 3.44807e-16 0.557911 -0.829901
      outer loop
         vertex -0.1129 -0.309414 -0.2916
         vertex -0.1129 -0.310308 -0.292499
         vertex -0.1159 -0.310308 -0.292499
      endloop
   endfacet
   facet normal 1 1.69007e-15 1.55165e-15
      outer loop
         vertex -0.1159 -0.306958 -0.297483
         vertex -0.1159 -0.307284 -0.295865
         vertex -0.1159 -0.307908 -0.295867
      endloop
   endfacet
   facet normal 1 1.69007e-15 1.55165e-15
      outer loop
         vertex -0.1159 -0.305787 -0.296994
         vertex -0.1159 -0.306708 -0.295625
         vertex -0.1159 -0.307284 -0.295865
      endloop
   endfacet
   facet normal 1 1.69007e-15 1.55165e-15
      outer loop
         vertex -0.1159 -0.305803 -0.291589
         vertex -0.1159 -0.306715 -0.292964
         vertex -0.1159 -0.306273 -0.293404
      endloop
   endfacet
   facet normal 1 1.69007e-15 1.55165e-15
      outer loop
         vertex -0.1159 -0.305803 -0.291589
         vertex -0.1159 -0.306976 -0.291107
         vertex -0.1159 -0.307293 -0.292727
      endloop
   endfacet
   facet normal 1 1.69007e-15 1.55165e-15
      outer loop
         vertex -0.1159 -0.310308 -0.292499
         vertex -0.1159 -0.308934 -0.293412
         vertex -0.1159 -0.308493 -0.292969
      endloop
   endfacet
   facet normal 1 1.69007e-15 1.55165e-15
      outer loop
         vertex -0.1159 -0.310308 -0.292499
         vertex -0.1159 -0.31079 -0.293672
         vertex -0.1159 -0.309171 -0.293989
      endloop
   endfacet
   facet normal 1 1.69007e-15 1.55165e-15
      outer loop
         vertex -0.1159 -0.310786 -0.29494
         vertex -0.1159 -0.309169 -0.294613
         vertex -0.1159 -0.309171 -0.293989
      endloop
   endfacet
   facet normal 1 1.69007e-15 1.55165e-15
      outer loop
         vertex -0.1159 -0.310298 -0.29611
         vertex -0.1159 -0.308928 -0.295189
         vertex -0.1159 -0.309169 -0.294613
      endloop
   endfacet
   facet normal 1 1.69007e-15 1.55165e-15
      outer loop
         vertex -0.1159 -0.309399 -0.297004
         vertex -0.1159 -0.308486 -0.29563
         vertex -0.1159 -0.308928 -0.295189
      endloop
   endfacet
   facet normal 1 1.69007e-15 1.55165e-15
      outer loop
         vertex -0.1159 -0.309399 -0.297004
         vertex -0.1159 -0.308226 -0.297486
         vertex -0.1159 -0.307908 -0.295867
      endloop
   endfacet
   facet normal 1 1.69007e-15 1.55165e-15
      outer loop
         vertex -0.1159 -0.307284 -0.295865
         vertex -0.1159 -0.306958 -0.297483
         vertex -0.1159 -0.305787 -0.296994
      endloop
   endfacet
   facet normal 1 1.69007e-15 1.55165e-15
      outer loop
         vertex -0.1159 -0.305787 -0.296994
         vertex -0.1159 -0.304893 -0.296095
         vertex -0.1159 -0.306268 -0.295182
      endloop
   endfacet
   facet normal 1 1.69007e-15 1.55165e-15
      outer loop
         vertex -0.1159 -0.307293 -0.292727
         vertex -0.1159 -0.306715 -0.292964
         vertex -0.1159 -0.305803 -0.291589
      endloop
   endfacet
   facet normal 1 1.69007e-15 1.55165e-15
      outer loop
         vertex -0.1159 -0.306976 -0.291107
         vertex -0.1159 -0.308244 -0.291111
         vertex -0.1159 -0.307917 -0.292728
      endloop
   endfacet
   facet normal 1 1.69007e-15 1.55165e-15
      outer loop
         vertex -0.1159 -0.309414 -0.2916
         vertex -0.1159 -0.308493 -0.292969
         vertex -0.1159 -0.307917 -0.292728
      endloop
   endfacet
   facet normal 1 1.69007e-15 1.55165e-15
      outer loop
         vertex -0.1159 -0.309171 -0.293989
         vertex -0.1159 -0.308934 -0.293412
         vertex -0.1159 -0.310308 -0.292499
      endloop
   endfacet
   facet normal 1 1.69007e-15 1.55165e-15
      outer loop
         vertex -0.1159 -0.309169 -0.294613
         vertex -0.1159 -0.310786 -0.29494
         vertex -0.1159 -0.310298 -0.29611
      endloop
   endfacet
   facet normal 1 1.69007e-15 1.55165e-15
      outer loop
         vertex -0.1159 -0.307908 -0.295867
         vertex -0.1159 -0.308486 -0.29563
         vertex -0.1159 -0.309399 -0.297004
      endloop
   endfacet
   facet normal 1 1.69007e-15 1.55165e-15
      outer loop
         vertex -0.1159 -0.306268 -0.295182
         vertex -0.1159 -0.306708 -0.295625
         vertex -0.1159 -0.305787 -0.296994
      endloop
   endfacet
   facet normal 1 1.69007e-15 1.55165e-15
      outer loop
         vertex -0.1159 -0.304411 -0.294922
         vertex -0.1159 -0.306031 -0.294604
         vertex -0.1159 -0.306268 -0.295182
      endloop
   endfacet
   facet normal 1 1.69007e-15 1.55165e-15
      outer loop
         vertex -0.1159 -0.307917 -0.292728
         vertex -0.1159 -0.307293 -0.292727
         vertex -0.1159 -0.306976 -0.291107
      endloop
   endfacet
   facet normal 1 1.69007e-15 1.55165e-15
      outer loop
         vertex -0.1159 -0.308493 -0.292969
         vertex -0.1159 -0.309414 -0.2916
         vertex -0.1159 -0.310308 -0.292499
      endloop
   endfacet
   facet normal 1 1.69007e-15 1.55165e-15
      outer loop
         vertex -0.1159 -0.308928 -0.295189
         vertex -0.1159 -0.310298 -0.29611
         vertex -0.1159 -0.309399 -0.297004
      endloop
   endfacet
   facet normal 1 1.69007e-15 1.55165e-15
      outer loop
         vertex -0.1159 -0.306268 -0.295182
         vertex -0.1159 -0.304893 -0.296095
         vertex -0.1159 -0.304411 -0.294922
      endloop
   endfacet
   facet normal 1 1.69007e-15 1.55165e-15
      outer loop
         vertex -0.1159 -0.304415 -0.293654
         vertex -0.1159 -0.306032 -0.29398
         vertex -0.1159 -0.306031 -0.294604
      endloop
   endfacet
   facet normal 1 1.69007e-15 1.55165e-15
      outer loop
         vertex -0.1159 -0.304415 -0.293654
         vertex -0.1159 -0.304903 -0.292484
         vertex -0.1159 -0.306273 -0.293404
      endloop
   endfacet
   facet normal 1 1.69007e-15 1.55165e-15
      outer loop
         vertex -0.1159 -0.307917 -0.292728
         vertex -0.1159 -0.308244 -0.291111
         vertex -0.1159 -0.309414 -0.2916
      endloop
   endfacet
   facet normal 1 1.69007e-15 1.55165e-15
      outer loop
         vertex -0.1159 -0.307908 -0.295867
         vertex -0.1159 -0.308226 -0.297486
         vertex -0.1159 -0.306958 -0.297483
      endloop
   endfacet
   facet normal 1 1.69007e-15 1.55165e-15
      outer loop
         vertex -0.1159 -0.306273 -0.293404
         vertex -0.1159 -0.306032 -0.29398
         vertex -0.1159 -0.304415 -0.293654
      endloop
   endfacet
   facet normal 1 1.69007e-15 1.55165e-15
      outer loop
         vertex -0.1159 -0.309171 -0.293989
         vertex -0.1159 -0.31079 -0.293672
         vertex -0.1159 -0.310786 -0.29494
      endloop
   endfacet
   facet normal 1 1.69007e-15 1.55165e-15
      outer loop
         vertex -0.1159 -0.306273 -0.293404
         vertex -0.1159 -0.304903 -0.292484
         vertex -0.1159 -0.305803 -0.291589
      endloop
   endfacet
   facet normal 1 1.69007e-15 1.55165e-15
      outer loop
         vertex -0.1159 -0.306031 -0.294604
         vertex -0.1159 -0.304411 -0.294922
         vertex -0.1159 -0.304415 -0.293654
      endloop
   endfacet
   facet normal -5.49469e-16 0.833032 -0.553225
      outer loop
         vertex -0.12775 -0.308934 -0.293412
         vertex -0.12775 -0.308493 -0.292969
         vertex -0.1159 -0.308493 -0.292969
      endloop
   endfacet
   facet normal -1.36009e-15 0.981331 -0.192326
      outer loop
         vertex -0.12775 -0.309171 -0.293989
         vertex -0.12775 -0.308934 -0.293412
         vertex -0.1159 -0.308934 -0.293412
      endloop
   endfacet
   facet normal -1.96366e-15 0.980232 0.197853
      outer loop
         vertex -0.12775 -0.309169 -0.294613
         vertex -0.12775 -0.309171 -0.293989
         vertex -0.1159 -0.309171 -0.293989
      endloop
   endfacet
   facet normal -2.26827e-15 0.829901 0.557911
      outer loop
         vertex -0.12775 -0.308928 -0.295189
         vertex -0.12775 -0.309169 -0.294613
         vertex -0.1159 -0.309169 -0.294613
      endloop
   endfacet
   facet normal -2.22756e-15 0.553225 0.833032
      outer loop
         vertex -0.12775 -0.308486 -0.29563
         vertex -0.12775 -0.308928 -0.295189
         vertex -0.1159 -0.308928 -0.295189
      endloop
   endfacet
   facet normal -1.84772e-15 0.192326 0.981331
      outer loop
         vertex -0.12775 -0.307908 -0.295867
         vertex -0.12775 -0.308486 -0.29563
         vertex -0.1159 -0.308486 -0.29563
      endloop
   endfacet
   facet normal -1.18659e-15 -0.197853 0.980232
      outer loop
         vertex -0.12775 -0.307284 -0.295865
         vertex -0.12775 -0.307908 -0.295867
         vertex -0.1159 -0.307908 -0.295867
      endloop
   endfacet
   facet normal -3.44807e-16 -0.557911 0.829901
      outer loop
         vertex -0.12775 -0.306708 -0.295625
         vertex -0.12775 -0.307284 -0.295865
         vertex -0.1159 -0.307284 -0.295865
      endloop
   endfacet
   facet normal 5.49469e-16 -0.833032 0.553225
      outer loop
         vertex -0.1159 -0.306268 -0.295182
         vertex -0.12775 -0.306268 -0.295182
         vertex -0.12775 -0.306529 -0.295444
      endloop
   endfacet
   facet normal 0 -0.682548 0.730841
      outer loop
         vertex -0.12775 -0.306529 -0.295444
         vertex -0.1159 -0.306708 -0.295625
         vertex -0.1159 -0.306268 -0.295182
      endloop
   endfacet
   facet normal 1.36009e-15 -0.981331 0.192326
      outer loop
         vertex -0.12775 -0.306031 -0.294604
         vertex -0.12775 -0.306268 -0.295182
         vertex -0.1159 -0.306268 -0.295182
      endloop
   endfacet
   facet normal 1.96366e-15 -0.980232 -0.197853
      outer loop
         vertex -0.12775 -0.306032 -0.29398
         vertex -0.12775 -0.306031 -0.294604
         vertex -0.1159 -0.306031 -0.294604
      endloop
   endfacet
   facet normal 2.26827e-15 -0.829901 -0.557911
      outer loop
         vertex -0.12775 -0.306273 -0.293404
         vertex -0.12775 -0.306032 -0.29398
         vertex -0.1159 -0.306032 -0.29398
      endloop
   endfacet
   facet normal 2.22756e-15 -0.553225 -0.833032
      outer loop
         vertex -0.12775 -0.306715 -0.292964
         vertex -0.12775 -0.306273 -0.293404
         vertex -0.1159 -0.306273 -0.293404
      endloop
   endfacet
   facet normal 1.84772e-15 -0.192326 -0.981331
      outer loop
         vertex -0.12775 -0.307293 -0.292727
         vertex -0.12775 -0.306715 -0.292964
         vertex -0.1159 -0.306715 -0.292964
      endloop
   endfacet
   facet normal 1.18659e-15 0.197853 -0.980232
      outer loop
         vertex -0.12775 -0.307917 -0.292728
         vertex -0.12775 -0.307293 -0.292727
         vertex -0.1159 -0.307293 -0.292727
      endloop
   endfacet
   facet normal 1.18659e-15 0.197853 -0.980232
      outer loop
         vertex -0.1159 -0.307917 -0.292728
         vertex -0.1159 -0.308493 -0.292969
         vertex -0.12775 -0.308259 -0.292871
      endloop
   endfacet
   facet normal 3.44807e-16 0.557911 -0.829901
      outer loop
         vertex -0.1159 -0.308493 -0.292969
         vertex -0.12775 -0.308493 -0.292969
         vertex -0.12775 -0.308259 -0.292871
      endloop
   endfacet
   facet normal 0 0.419133 -0.907925
      outer loop
         vertex -0.12775 -0.308259 -0.292871
         vertex -0.12775 -0.307917 -0.292728
         vertex -0.1159 -0.307917 -0.292728
      endloop
   endfacet
   facet normal 1.84772e-15 -0.192326 -0.981331
      outer loop
         vertex -0.1159 -0.307293 -0.292727
         vertex -0.1159 -0.307917 -0.292728
         vertex -0.12775 -0.307917 -0.292728
      endloop
   endfacet
   facet normal 2.22756e-15 -0.553225 -0.833032
      outer loop
         vertex -0.1159 -0.306715 -0.292964
         vertex -0.1159 -0.307293 -0.292727
         vertex -0.12775 -0.307293 -0.292727
      endloop
   endfacet
   facet normal 2.26827e-15 -0.829901 -0.557911
      outer loop
         vertex -0.1159 -0.306273 -0.293404
         vertex -0.1159 -0.306715 -0.292964
         vertex -0.12775 -0.306715 -0.292964
      endloop
   endfacet
   facet normal 1.96366e-15 -0.980232 -0.197853
      outer loop
         vertex -0.1159 -0.306032 -0.29398
         vertex -0.1159 -0.306273 -0.293404
         vertex -0.12775 -0.306273 -0.293404
      endloop
   endfacet
   facet normal 1.36009e-15 -0.981331 0.192326
      outer loop
         vertex -0.1159 -0.306031 -0.294604
         vertex -0.1159 -0.306032 -0.29398
         vertex -0.12775 -0.306032 -0.29398
      endloop
   endfacet
   facet normal 5.49469e-16 -0.833032 0.553225
      outer loop
         vertex -0.1159 -0.306268 -0.295182
         vertex -0.1159 -0.306031 -0.294604
         vertex -0.12775 -0.306031 -0.294604
      endloop
   endfacet
   facet normal 0 -0.682548 0.730841
      outer loop
         vertex -0.12775 -0.306529 -0.295444
         vertex -0.12775 -0.306708 -0.295625
         vertex -0.1159 -0.306708 -0.295625
      endloop
   endfacet
   facet normal -1.18659e-15 -0.197853 0.980232
      outer loop
         vertex -0.1159 -0.307284 -0.295865
         vertex -0.1159 -0.306708 -0.295625
         vertex -0.12775 -0.306708 -0.295625
      endloop
   endfacet
   facet normal -1.84772e-15 0.192326 0.981331
      outer loop
         vertex -0.1159 -0.307908 -0.295867
         vertex -0.1159 -0.307284 -0.295865
         vertex -0.12775 -0.307284 -0.295865
      endloop
   endfacet
   facet normal -2.22756e-15 0.553225 0.833032
      outer loop
         vertex -0.1159 -0.308486 -0.29563
         vertex -0.1159 -0.307908 -0.295867
         vertex -0.12775 -0.307908 -0.295867
      endloop
   endfacet
   facet normal -2.26827e-15 0.829901 0.557911
      outer loop
         vertex -0.1159 -0.308928 -0.295189
         vertex -0.1159 -0.308486 -0.29563
         vertex -0.12775 -0.308486 -0.29563
      endloop
   endfacet
   facet normal -1.96366e-15 0.980232 0.197853
      outer loop
         vertex -0.1159 -0.309169 -0.294613
         vertex -0.1159 -0.308928 -0.295189
         vertex -0.12775 -0.308928 -0.295189
      endloop
   endfacet
   facet normal -1.36009e-15 0.981331 -0.192326
      outer loop
         vertex -0.1159 -0.309171 -0.293989
         vertex -0.1159 -0.309169 -0.294613
         vertex -0.12775 -0.309169 -0.294613
      endloop
   endfacet
   facet normal -5.49469e-16 0.833032 -0.553225
      outer loop
         vertex -0.1159 -0.308934 -0.293412
         vertex -0.1159 -0.309171 -0.293989
         vertex -0.12775 -0.309171 -0.293989
      endloop
   endfacet
   facet normal 3.44807e-16 0.557911 -0.829901
      outer loop
         vertex -0.1159 -0.308493 -0.292969
         vertex -0.1159 -0.308934 -0.293412
         vertex -0.12775 -0.308934 -0.293412
      endloop
   endfacet
   facet normal -1 -1.76369e-15 -1.60114e-15
      outer loop
         vertex -0.12775 -0.311146 -0.3081
         vertex -0.12775 -0.308724 -0.311702
         vertex -0.12775 -0.313854 -0.31515
      endloop
   endfacet
   facet normal -1 -1.76369e-15 -1.60114e-15
      outer loop
         vertex -0.12775 -0.320434 -0.314343
         vertex -0.12775 -0.318012 -0.317946
         vertex -0.12775 -0.319713 -0.319089
      endloop
   endfacet
   facet normal -1 -1.76369e-15 -1.60114e-15
      outer loop
         vertex -0.12775 -0.30283 -0.300947
         vertex -0.12775 -0.302107 -0.302023
         vertex -0.12775 -0.305958 -0.304611
      endloop
   endfacet
   facet normal -1 -1.76369e-15 -1.60114e-15
      outer loop
         vertex -0.12775 -0.306681 -0.303536
         vertex -0.12775 -0.305958 -0.304611
         vertex -0.12775 -0.306583 -0.305032
      endloop
   endfacet
   facet normal -1 -1.76369e-15 -1.60114e-15
      outer loop
         vertex -0.12775 -0.307306 -0.303956
         vertex -0.12775 -0.306583 -0.305032
         vertex -0.12775 -0.311146 -0.3081
      endloop
   endfacet
   facet normal -1 -1.76369e-15 -1.60114e-15
      outer loop
         vertex -0.12775 -0.311869 -0.307024
         vertex -0.12775 -0.311146 -0.3081
         vertex -0.12775 -0.316275 -0.311548
      endloop
   endfacet
   facet normal -1 -1.76369e-15 -1.60114e-15
      outer loop
         vertex -0.12775 -0.316998 -0.310472
         vertex -0.12775 -0.316275 -0.311548
         vertex -0.12775 -0.317778 -0.312558
      endloop
   endfacet
   facet normal -1 -1.76369e-15 -1.60114e-15
      outer loop
         vertex -0.12775 -0.318501 -0.311482
         vertex -0.12775 -0.317778 -0.312558
         vertex -0.12775 -0.320434 -0.314343
      endloop
   endfacet
   facet normal -1 -1.76369e-15 -1.60114e-15
      outer loop
         vertex -0.12775 -0.30283 -0.300947
         vertex -0.12775 -0.306681 -0.303536
         vertex -0.12775 -0.305431 -0.302187
      endloop
   endfacet
   facet normal -1 -1.76369e-15 -1.60114e-15
      outer loop
         vertex -0.12775 -0.305321 -0.297241
         vertex -0.12775 -0.30283 -0.300947
         vertex -0.12775 -0.305023 -0.300105
      endloop
   endfacet
   facet normal -1 -1.76369e-15 -1.60114e-15
      outer loop
         vertex -0.12775 -0.30283 -0.300947
         vertex -0.12775 -0.304796 -0.30123
         vertex -0.12775 -0.304798 -0.300645
      endloop
   endfacet
   facet normal -1 -1.76369e-15 -1.60114e-15
      outer loop
         vertex -0.12775 -0.305431 -0.302187
         vertex -0.12775 -0.305019 -0.301772
         vertex -0.12775 -0.30283 -0.300947
      endloop
   endfacet
   facet normal -1 -1.76369e-15 -1.60114e-15
      outer loop
         vertex -0.12775 -0.306681 -0.303536
         vertex -0.12775 -0.306557 -0.302414
         vertex -0.12775 -0.305971 -0.302412
      endloop
   endfacet
   facet normal -1 -1.76369e-15 -1.60114e-15
      outer loop
         vertex -0.12775 -0.305321 -0.297241
         vertex -0.12775 -0.306565 -0.299472
         vertex -0.12775 -0.307105 -0.299697
      endloop
   endfacet
   facet normal -1 -1.76369e-15 -1.60114e-15
      outer loop
         vertex -0.12775 -0.304798 -0.300645
         vertex -0.12775 -0.305023 -0.300105
         vertex -0.12775 -0.30283 -0.300947
      endloop
   endfacet
   facet normal -1 -1.76369e-15 -1.60114e-15
      outer loop
         vertex -0.12775 -0.305971 -0.302412
         vertex -0.12775 -0.305431 -0.302187
         vertex -0.12775 -0.306681 -0.303536
      endloop
   endfacet
   facet normal -1 -1.76369e-15 -1.60114e-15
      outer loop
         vertex -0.12775 -0.307105 -0.299697
         vertex -0.12775 -0.309172 -0.29983
         vertex -0.12775 -0.305321 -0.297241
      endloop
   endfacet
   facet normal -1 -1.76369e-15 -1.60114e-15
      outer loop
         vertex -0.12775 -0.305321 -0.297241
         vertex -0.12775 -0.305438 -0.299692
         vertex -0.12775 -0.30598 -0.29947
      endloop
   endfacet
   facet normal -1 -1.76369e-15 -1.60114e-15
      outer loop
         vertex -0.12775 -0.305019 -0.301772
         vertex -0.12775 -0.304796 -0.30123
         vertex -0.12775 -0.30283 -0.300947
      endloop
   endfacet
   facet normal -1 -1.76369e-15 -1.60114e-15
      outer loop
         vertex -0.12775 -0.309172 -0.29983
         vertex -0.12775 -0.307739 -0.301239
         vertex -0.12775 -0.307513 -0.301779
      endloop
   endfacet
   facet normal -1 -1.76369e-15 -1.60114e-15
      outer loop
         vertex -0.12775 -0.307105 -0.299697
         vertex -0.12775 -0.307518 -0.300112
         vertex -0.12775 -0.309172 -0.29983
      endloop
   endfacet
   facet normal -1 -1.76369e-15 -1.60114e-15
      outer loop
         vertex -0.12775 -0.305023 -0.300105
         vertex -0.12775 -0.305438 -0.299692
         vertex -0.12775 -0.305321 -0.297241
      endloop
   endfacet
   facet normal -1 -1.76369e-15 -1.60114e-15
      outer loop
         vertex -0.12775 -0.306681 -0.303536
         vertex -0.12775 -0.307513 -0.301779
         vertex -0.12775 -0.307098 -0.302191
      endloop
   endfacet
   facet normal -1 -1.76369e-15 -1.60114e-15
      outer loop
         vertex -0.12775 -0.309172 -0.29983
         vertex -0.12775 -0.30774 -0.300653
         vertex -0.12775 -0.307739 -0.301239
      endloop
   endfacet
   facet normal -1 -1.76369e-15 -1.60114e-15
      outer loop
         vertex -0.12775 -0.30598 -0.29947
         vertex -0.12775 -0.306565 -0.299472
         vertex -0.12775 -0.305321 -0.297241
      endloop
   endfacet
   facet normal -1 -1.76369e-15 -1.60114e-15
      outer loop
         vertex -0.12775 -0.307513 -0.301779
         vertex -0.12775 -0.306681 -0.303536
         vertex -0.12775 -0.309172 -0.29983
      endloop
   endfacet
   facet normal -1 -1.76369e-15 -1.60114e-15
      outer loop
         vertex -0.12775 -0.307098 -0.302191
         vertex -0.12775 -0.306557 -0.302414
         vertex -0.12775 -0.306681 -0.303536
      endloop
   endfacet
   facet normal -1 -1.76369e-15 -1.60114e-15
      outer loop
         vertex -0.12775 -0.309172 -0.29983
         vertex -0.12775 -0.306681 -0.303536
         vertex -0.12775 -0.307306 -0.303956
      endloop
   endfacet
   facet normal -1 -1.76369e-15 -1.60114e-15
      outer loop
         vertex -0.12775 -0.320992 -0.307776
         vertex -0.12775 -0.318501 -0.311482
         vertex -0.12775 -0.321157 -0.313268
      endloop
   endfacet
   facet normal -1 -1.76369e-15 -1.60114e-15
      outer loop
         vertex -0.12775 -0.306202 -0.29593
         vertex -0.12775 -0.305321 -0.297241
         vertex -0.12775 -0.309172 -0.29983
      endloop
   endfacet
   facet normal -1 -1.76369e-15 -1.60114e-15
      outer loop
         vertex -0.12775 -0.310053 -0.298519
         vertex -0.12775 -0.309172 -0.29983
         vertex -0.12775 -0.309798 -0.30025
      endloop
   endfacet
   facet normal -1 -1.76369e-15 -1.60114e-15
      outer loop
         vertex -0.12775 -0.324529 -0.308251
         vertex -0.12775 -0.323648 -0.309561
         vertex -0.12775 -0.325349 -0.310705
      endloop
   endfacet
   facet normal -1 -1.76369e-15 -1.60114e-15
      outer loop
         vertex -0.12775 -0.313215 -0.293815
         vertex -0.12775 -0.310053 -0.298519
         vertex -0.12775 -0.310679 -0.29894
      endloop
   endfacet
   facet normal -1 -1.76369e-15 -1.60114e-15
      outer loop
         vertex -0.12775 -0.327691 -0.303547
         vertex -0.12775 -0.324529 -0.308251
         vertex -0.12775 -0.32623 -0.309394
      endloop
   endfacet
   facet normal -1 -1.76369e-15 -1.60114e-15
      outer loop
         vertex -0.12775 -0.311506 -0.28804
         vertex -0.12775 -0.309364 -0.291226
         vertex -0.12775 -0.313215 -0.293815
      endloop
   endfacet
   facet normal -1 -1.76369e-15 -1.60114e-15
      outer loop
         vertex -0.12775 -0.315357 -0.290629
         vertex -0.12775 -0.313215 -0.293815
         vertex -0.12775 -0.313841 -0.294236
      endloop
   endfacet
   facet normal -1 -1.76369e-15 -1.60114e-15
      outer loop
         vertex -0.12775 -0.327178 -0.298575
         vertex -0.12775 -0.325036 -0.301762
         vertex -0.12775 -0.327691 -0.303547
      endloop
   endfacet
   facet normal -1 -1.76369e-15 -1.60114e-15
      outer loop
         vertex -0.12775 -0.329833 -0.300361
         vertex -0.12775 -0.327691 -0.303547
         vertex -0.12775 -0.329392 -0.304691
      endloop
   endfacet
   facet normal -1 -1.76369e-15 -1.60114e-15
      outer loop
         vertex -0.12775 -0.31272 -0.286235
         vertex -0.12775 -0.311506 -0.28804
         vertex -0.12775 -0.315357 -0.290629
      endloop
   endfacet
   facet normal -1 -1.76369e-15 -1.60114e-15
      outer loop
         vertex -0.12775 -0.316571 -0.288824
         vertex -0.12775 -0.315357 -0.290629
         vertex -0.12775 -0.315983 -0.29105
      endloop
   endfacet
   facet normal -1 -1.76369e-15 -1.60114e-15
      outer loop
         vertex -0.12775 -0.317196 -0.289245
         vertex -0.12775 -0.315983 -0.29105
         vertex -0.12775 -0.320546 -0.294117
      endloop
   endfacet
   facet normal -1 -1.76369e-15 -1.60114e-15
      outer loop
         vertex -0.12775 -0.321759 -0.292312
         vertex -0.12775 -0.320546 -0.294117
         vertex -0.12775 -0.325675 -0.297565
      endloop
   endfacet
   facet normal -1 -1.76369e-15 -1.60114e-15
      outer loop
         vertex -0.12775 -0.326889 -0.29576
         vertex -0.12775 -0.325675 -0.297565
         vertex -0.12775 -0.327178 -0.298575
      endloop
   endfacet
   facet normal -1 -1.76369e-15 -1.60114e-15
      outer loop
         vertex -0.12775 -0.331047 -0.298556
         vertex -0.12775 -0.329833 -0.300361
         vertex -0.12775 -0.331534 -0.301504
      endloop
   endfacet
   facet normal -1 -1.76369e-15 -1.60114e-15
      outer loop
         vertex -0.12775 -0.316843 -0.288419
         vertex -0.12775 -0.316571 -0.288824
         vertex -0.12775 -0.317196 -0.289245
      endloop
   endfacet
   facet normal -1 -1.76369e-15 -1.60114e-15
      outer loop
         vertex -0.12775 -0.322032 -0.291907
         vertex -0.12775 -0.321759 -0.292312
         vertex -0.12775 -0.326889 -0.29576
      endloop
   endfacet
   facet normal -1 -1.76369e-15 -1.60114e-15
      outer loop
         vertex -0.12775 -0.327161 -0.295355
         vertex -0.12775 -0.326889 -0.29576
         vertex -0.12775 -0.328391 -0.29677
      endloop
   endfacet
   facet normal -1 -1.76369e-15 -1.60114e-15
      outer loop
         vertex -0.12775 -0.305958 -0.304611
         vertex -0.12775 -0.305261 -0.306385
         vertex -0.12775 -0.305831 -0.306151
      endloop
   endfacet
   facet normal -1 -1.76369e-15 -1.60114e-15
      outer loop
         vertex -0.12775 -0.305958 -0.304611
         vertex -0.12775 -0.303536 -0.308214
         vertex -0.12775 -0.304818 -0.306826
      endloop
   endfacet
   facet normal -1 -1.76369e-15 -1.60114e-15
      outer loop
         vertex -0.12775 -0.303536 -0.308214
         vertex -0.12775 -0.304161 -0.308635
         vertex -0.12775 -0.304576 -0.308018
      endloop
   endfacet
   facet normal -1 -1.76369e-15 -1.60114e-15
      outer loop
         vertex -0.12775 -0.304818 -0.306826
         vertex -0.12775 -0.305261 -0.306385
         vertex -0.12775 -0.305958 -0.304611
      endloop
   endfacet
   facet normal -1 -1.76369e-15 -1.60114e-15
      outer loop
         vertex -0.12775 -0.304576 -0.308018
         vertex -0.12775 -0.304578 -0.307402
         vertex -0.12775 -0.303536 -0.308214
      endloop
   endfacet
   facet normal -1 -1.76369e-15 -1.60114e-15
      outer loop
         vertex -0.12775 -0.304578 -0.307402
         vertex -0.12775 -0.304818 -0.306826
         vertex -0.12775 -0.303536 -0.308214
      endloop
   endfacet
   facet normal -1 -1.76369e-15 -1.60114e-15
      outer loop
         vertex -0.12775 -0.308724 -0.311702
         vertex -0.12775 -0.307474 -0.308611
         vertex -0.12775 -0.307031 -0.309051
      endloop
   endfacet
   facet normal -1 -1.76369e-15 -1.60114e-15
      outer loop
         vertex -0.12775 -0.308724 -0.311702
         vertex -0.12775 -0.305829 -0.309287
         vertex -0.12775 -0.305253 -0.309046
      endloop
   endfacet
   facet normal -1 -1.76369e-15 -1.60114e-15
      outer loop
         vertex -0.12775 -0.307031 -0.309051
         vertex -0.12775 -0.306454 -0.309288
         vertex -0.12775 -0.308724 -0.311702
      endloop
   endfacet
   facet normal -1 -1.76369e-15 -1.60114e-15
      outer loop
         vertex -0.12775 -0.304161 -0.308635
         vertex -0.12775 -0.304813 -0.308603
         vertex -0.12775 -0.304576 -0.308026
      endloop
   endfacet
   facet normal -1 -1.76369e-15 -1.60114e-15
      outer loop
         vertex -0.12775 -0.306454 -0.309288
         vertex -0.12775 -0.305829 -0.309287
         vertex -0.12775 -0.308724 -0.311702
      endloop
   endfacet
   facet normal -1 -1.76369e-15 -1.60114e-15
      outer loop
         vertex -0.12775 -0.311146 -0.3081
         vertex -0.12775 -0.307714 -0.308035
         vertex -0.12775 -0.307474 -0.308611
      endloop
   endfacet
   facet normal -1 -1.76369e-15 -1.60114e-15
      outer loop
         vertex -0.12775 -0.311146 -0.3081
         vertex -0.12775 -0.307479 -0.306833
         vertex -0.12775 -0.307716 -0.30741
      endloop
   endfacet
   facet normal -1 -1.76369e-15 -1.60114e-15
      outer loop
         vertex -0.12775 -0.306583 -0.305032
         vertex -0.12775 -0.307039 -0.30639
         vertex -0.12775 -0.307479 -0.306833
      endloop
   endfacet
   facet normal -1 -1.76369e-15 -1.60114e-15
      outer loop
         vertex -0.12775 -0.304161 -0.308635
         vertex -0.12775 -0.305253 -0.309046
         vertex -0.12775 -0.304813 -0.308603
      endloop
   endfacet
   facet normal -1 -1.76369e-15 -1.60114e-15
      outer loop
         vertex -0.12775 -0.307474 -0.308611
         vertex -0.12775 -0.308724 -0.311702
         vertex -0.12775 -0.311146 -0.3081
      endloop
   endfacet
   facet normal -1 -1.76369e-15 -1.60114e-15
      outer loop
         vertex -0.12775 -0.307479 -0.306833
         vertex -0.12775 -0.311146 -0.3081
         vertex -0.12775 -0.306583 -0.305032
      endloop
   endfacet
   facet normal -1 -1.76369e-15 -1.60114e-15
      outer loop
         vertex -0.12775 -0.305253 -0.309046
         vertex -0.12775 -0.304161 -0.308635
         vertex -0.12775 -0.308724 -0.311702
      endloop
   endfacet
   facet normal -1 -1.76369e-15 -1.60114e-15
      outer loop
         vertex -0.12775 -0.306583 -0.305032
         vertex -0.12775 -0.306463 -0.30615
         vertex -0.12775 -0.307039 -0.30639
      endloop
   endfacet
   facet normal -1 -1.76369e-15 -1.60114e-15
      outer loop
         vertex -0.12775 -0.307716 -0.30741
         vertex -0.12775 -0.307714 -0.308035
         vertex -0.12775 -0.311146 -0.3081
      endloop
   endfacet
   facet normal -1 -1.76369e-15 -1.60114e-15
      outer loop
         vertex -0.12775 -0.306583 -0.305032
         vertex -0.12775 -0.305831 -0.306151
         vertex -0.12775 -0.305838 -0.306148
      endloop
   endfacet
   facet normal -1 -1.76369e-15 -1.60114e-15
      outer loop
         vertex -0.12775 -0.305838 -0.306148
         vertex -0.12775 -0.306463 -0.30615
         vertex -0.12775 -0.306583 -0.305032
      endloop
   endfacet
   facet normal -1 -1.76369e-15 -1.60114e-15
      outer loop
         vertex -0.12775 -0.310053 -0.298519
         vertex -0.12775 -0.308928 -0.295189
         vertex -0.12775 -0.308486 -0.29563
      endloop
   endfacet
   facet normal -1 -1.76369e-15 -1.60114e-15
      outer loop
         vertex -0.12775 -0.308486 -0.29563
         vertex -0.12775 -0.307908 -0.295867
         vertex -0.12775 -0.310053 -0.298519
      endloop
   endfacet
   facet normal -1 -1.76369e-15 -1.60114e-15
      outer loop
         vertex -0.12775 -0.313215 -0.293815
         vertex -0.12775 -0.309169 -0.294613
         vertex -0.12775 -0.308928 -0.295189
      endloop
   endfacet
   facet normal -1 -1.76369e-15 -1.60114e-15
      outer loop
         vertex -0.12775 -0.306202 -0.29593
         vertex -0.12775 -0.310053 -0.298519
         vertex -0.12775 -0.307284 -0.295865
      endloop
   endfacet
   facet normal -1 -1.76369e-15 -1.60114e-15
      outer loop
         vertex -0.12775 -0.308928 -0.295189
         vertex -0.12775 -0.310053 -0.298519
         vertex -0.12775 -0.313215 -0.293815
      endloop
   endfacet
   facet normal -1 -1.76369e-15 -1.60114e-15
      outer loop
         vertex -0.12775 -0.313215 -0.293815
         vertex -0.12775 -0.308934 -0.293412
         vertex -0.12775 -0.309171 -0.293989
      endloop
   endfacet
   facet normal -1 -1.76369e-15 -1.60114e-15
      outer loop
         vertex -0.12775 -0.307284 -0.295865
         vertex -0.12775 -0.306708 -0.295625
         vertex -0.12775 -0.306202 -0.29593
      endloop
   endfacet
   facet normal -1 -1.76369e-15 -1.60114e-15
      outer loop
         vertex -0.12775 -0.309171 -0.293989
         vertex -0.12775 -0.309169 -0.294613
         vertex -0.12775 -0.313215 -0.293815
      endloop
   endfacet
   facet normal -1 -1.76369e-15 -1.60114e-15
      outer loop
         vertex -0.12775 -0.309364 -0.291226
         vertex -0.12775 -0.308493 -0.292969
         vertex -0.12775 -0.308934 -0.293412
      endloop
   endfacet
   facet normal -1 -1.76369e-15 -1.60114e-15
      outer loop
         vertex -0.12775 -0.307908 -0.295867
         vertex -0.12775 -0.307284 -0.295865
         vertex -0.12775 -0.310053 -0.298519
      endloop
   endfacet
   facet normal -1 -1.76369e-15 -1.60114e-15
      outer loop
         vertex -0.12775 -0.309364 -0.291226
         vertex -0.12775 -0.308259 -0.292871
         vertex -0.12775 -0.308493 -0.292969
      endloop
   endfacet
   facet normal -1 -1.76369e-15 -1.60114e-15
      outer loop
         vertex -0.12775 -0.308934 -0.293412
         vertex -0.12775 -0.313215 -0.293815
         vertex -0.12775 -0.309364 -0.291226
      endloop
   endfacet
   facet normal -1 -1.76369e-15 -1.60114e-15
      outer loop
         vertex -0.12775 -0.317196 -0.289245
         vertex -0.12775 -0.318618 -0.289731
         vertex -0.12775 -0.318551 -0.289567
      endloop
   endfacet
   facet normal -1 -1.76369e-15 -1.60114e-15
      outer loop
         vertex -0.12775 -0.317196 -0.289245
         vertex -0.12775 -0.319059 -0.290174
         vertex -0.12775 -0.318618 -0.289731
      endloop
   endfacet
   facet normal -1 -1.76369e-15 -1.60114e-15
      outer loop
         vertex -0.12775 -0.321759 -0.292312
         vertex -0.12775 -0.319635 -0.290414
         vertex -0.12775 -0.319059 -0.290174
      endloop
   endfacet
   facet normal -1 -1.76369e-15 -1.60114e-15
      outer loop
         vertex -0.12775 -0.319059 -0.290174
         vertex -0.12775 -0.317196 -0.289245
         vertex -0.12775 -0.321759 -0.292312
      endloop
   endfacet
   facet normal -1 -1.76369e-15 -1.60114e-15
      outer loop
         vertex -0.12775 -0.321759 -0.292312
         vertex -0.12775 -0.322032 -0.291907
         vertex -0.12775 -0.319812 -0.290415
      endloop
   endfacet
   facet normal -1 -1.76369e-15 -1.60114e-15
      outer loop
         vertex -0.12775 -0.319812 -0.290415
         vertex -0.12775 -0.319635 -0.290414
         vertex -0.12775 -0.321759 -0.292312
      endloop
   endfacet
   facet normal -1 -1.76369e-15 -1.60114e-15
      outer loop
         vertex -0.12775 -0.332748 -0.299699
         vertex -0.12775 -0.33302 -0.299294
         vertex -0.12775 -0.331474 -0.298255
      endloop
   endfacet
   facet normal -1 -1.76369e-15 -1.60114e-15
      outer loop
         vertex -0.12775 -0.331474 -0.298255
         vertex -0.12775 -0.331163 -0.298383
         vertex -0.12775 -0.332748 -0.299699
      endloop
   endfacet
   facet normal -1 -1.76369e-15 -1.60114e-15
      outer loop
         vertex -0.12775 -0.331047 -0.298556
         vertex -0.12775 -0.331163 -0.298383
         vertex -0.12775 -0.331155 -0.298387
      endloop
   endfacet
   facet normal -1 -1.76369e-15 -1.60114e-15
      outer loop
         vertex -0.12775 -0.327178 -0.298575
         vertex -0.12775 -0.329514 -0.297702
         vertex -0.12775 -0.329414 -0.297458
      endloop
   endfacet
   facet normal -1 -1.76369e-15 -1.60114e-15
      outer loop
         vertex -0.12775 -0.327178 -0.298575
         vertex -0.12775 -0.329833 -0.300361
         vertex -0.12775 -0.329955 -0.298144
      endloop
   endfacet
   facet normal -1 -1.76369e-15 -1.60114e-15
      outer loop
         vertex -0.12775 -0.329833 -0.300361
         vertex -0.12775 -0.331047 -0.298556
         vertex -0.12775 -0.330794 -0.298385
      endloop
   endfacet
   facet normal -1 -1.76369e-15 -1.60114e-15
      outer loop
         vertex -0.12775 -0.329955 -0.298144
         vertex -0.12775 -0.329514 -0.297702
         vertex -0.12775 -0.327178 -0.298575
      endloop
   endfacet
   facet normal -1 -1.76369e-15 -1.60114e-15
      outer loop
         vertex -0.12775 -0.330794 -0.298385
         vertex -0.12775 -0.330531 -0.298385
         vertex -0.12775 -0.329833 -0.300361
      endloop
   endfacet
   facet normal -1 -1.76369e-15 -1.60114e-15
      outer loop
         vertex -0.12775 -0.330531 -0.298385
         vertex -0.12775 -0.329955 -0.298144
         vertex -0.12775 -0.329833 -0.300361
      endloop
   endfacet
   facet normal -1 -1.76369e-15 -1.60114e-15
      outer loop
         vertex -0.12775 -0.328391 -0.29677
         vertex -0.12775 -0.329277 -0.297124
         vertex -0.12775 -0.329278 -0.296779
      endloop
   endfacet
   facet normal -1 -1.76369e-15 -1.60114e-15
      outer loop
         vertex -0.12775 -0.328391 -0.29677
         vertex -0.12775 -0.329414 -0.297458
         vertex -0.12775 -0.329277 -0.297124
      endloop
   endfacet
   facet normal -1 -1.76369e-15 -1.60114e-15
      outer loop
         vertex -0.12775 -0.315356 -0.31616
         vertex -0.12775 -0.315609 -0.316331
         vertex -0.12775 -0.315472 -0.315996
      endloop
   endfacet
   facet normal -1 -1.76369e-15 -1.60114e-15
      outer loop
         vertex -0.12775 -0.316275 -0.311548
         vertex -0.12775 -0.316157 -0.314356
         vertex -0.12775 -0.316726 -0.314122
      endloop
   endfacet
   facet normal -1 -1.76369e-15 -1.60114e-15
      outer loop
         vertex -0.12775 -0.316275 -0.311548
         vertex -0.12775 -0.313854 -0.31515
         vertex -0.12775 -0.315714 -0.314796
      endloop
   endfacet
   facet normal -1 -1.76369e-15 -1.60114e-15
      outer loop
         vertex -0.12775 -0.313854 -0.31515
         vertex -0.12775 -0.315356 -0.31616
         vertex -0.12775 -0.315472 -0.315988
      endloop
   endfacet
   facet normal -1 -1.76369e-15 -1.60114e-15
      outer loop
         vertex -0.12775 -0.315714 -0.314796
         vertex -0.12775 -0.316157 -0.314356
         vertex -0.12775 -0.316275 -0.311548
      endloop
   endfacet
   facet normal -1 -1.76369e-15 -1.60114e-15
      outer loop
         vertex -0.12775 -0.315472 -0.315988
         vertex -0.12775 -0.315474 -0.315372
         vertex -0.12775 -0.313854 -0.31515
      endloop
   endfacet
   facet normal -1 -1.76369e-15 -1.60114e-15
      outer loop
         vertex -0.12775 -0.315474 -0.315372
         vertex -0.12775 -0.315714 -0.314796
         vertex -0.12775 -0.313854 -0.31515
      endloop
   endfacet
   facet normal -1 -1.76369e-15 -1.60114e-15
      outer loop
         vertex -0.12775 -0.320434 -0.314343
         vertex -0.12775 -0.317778 -0.312558
         vertex -0.12775 -0.317935 -0.314361
      endloop
   endfacet
   facet normal -1 -1.76369e-15 -1.60114e-15
      outer loop
         vertex -0.12775 -0.318012 -0.317946
         vertex -0.12775 -0.31837 -0.316581
         vertex -0.12775 -0.317927 -0.317022
      endloop
   endfacet
   facet normal -1 -1.76369e-15 -1.60114e-15
      outer loop
         vertex -0.12775 -0.320434 -0.314343
         vertex -0.12775 -0.31861 -0.316005
         vertex -0.12775 -0.31837 -0.316581
      endloop
   endfacet
   facet normal -1 -1.76369e-15 -1.60114e-15
      outer loop
         vertex -0.12775 -0.317935 -0.314361
         vertex -0.12775 -0.318375 -0.314804
         vertex -0.12775 -0.320434 -0.314343
      endloop
   endfacet
   facet normal -1 -1.76369e-15 -1.60114e-15
      outer loop
         vertex -0.12775 -0.317927 -0.317022
         vertex -0.12775 -0.31735 -0.317259
         vertex -0.12775 -0.318012 -0.317946
      endloop
   endfacet
   facet normal -1 -1.76369e-15 -1.60114e-15
      outer loop
         vertex -0.12775 -0.320434 -0.314343
         vertex -0.12775 -0.318612 -0.315381
         vertex -0.12775 -0.31861 -0.316005
      endloop
   endfacet
   facet normal -1 -1.76369e-15 -1.60114e-15
      outer loop
         vertex -0.12775 -0.317778 -0.312558
         vertex -0.12775 -0.317358 -0.31412
         vertex -0.12775 -0.317935 -0.314361
      endloop
   endfacet
   facet normal -1 -1.76369e-15 -1.60114e-15
      outer loop
         vertex -0.12775 -0.317778 -0.312558
         vertex -0.12775 -0.316726 -0.314122
         vertex -0.12775 -0.316734 -0.314119
      endloop
   endfacet
   facet normal -1 -1.76369e-15 -1.60114e-15
      outer loop
         vertex -0.12775 -0.31837 -0.316581
         vertex -0.12775 -0.318012 -0.317946
         vertex -0.12775 -0.320434 -0.314343
      endloop
   endfacet
   facet normal -1 -1.76369e-15 -1.60114e-15
      outer loop
         vertex -0.12775 -0.316734 -0.314119
         vertex -0.12775 -0.317358 -0.31412
         vertex -0.12775 -0.317778 -0.312558
      endloop
   endfacet
   facet normal -1 -1.76369e-15 -1.60114e-15
      outer loop
         vertex -0.12775 -0.318375 -0.314804
         vertex -0.12775 -0.318612 -0.315381
         vertex -0.12775 -0.320434 -0.314343
      endloop
   endfacet
   facet normal -1 -1.76369e-15 -1.60114e-15
      outer loop
         vertex -0.12775 -0.320434 -0.314343
         vertex -0.12775 -0.322213 -0.31435
         vertex -0.12775 -0.322002 -0.313836
      endloop
   endfacet
   facet normal -1 -1.76369e-15 -1.60114e-15
      outer loop
         vertex -0.12775 -0.322135 -0.315487
         vertex -0.12775 -0.322622 -0.314761
         vertex -0.12775 -0.322213 -0.31435
      endloop
   endfacet
   facet normal -1 -1.76369e-15 -1.60114e-15
      outer loop
         vertex -0.12775 -0.322213 -0.31435
         vertex -0.12775 -0.320434 -0.314343
         vertex -0.12775 -0.322135 -0.315487
      endloop
   endfacet
   facet normal -1 -1.76369e-15 -1.60114e-15
      outer loop
         vertex -0.12775 -0.323648 -0.309561
         vertex -0.12775 -0.321157 -0.313268
         vertex -0.12775 -0.322218 -0.312683
      endloop
   endfacet
   facet normal -1 -1.76369e-15 -1.60114e-15
      outer loop
         vertex -0.12775 -0.325349 -0.310705
         vertex -0.12775 -0.323648 -0.309561
         vertex -0.12775 -0.32376 -0.31205
      endloop
   endfacet
   facet normal -1 -1.76369e-15 -1.60114e-15
      outer loop
         vertex -0.12775 -0.322218 -0.312683
         vertex -0.12775 -0.322633 -0.312271
         vertex -0.12775 -0.323648 -0.309561
      endloop
   endfacet
   facet normal -1 -1.76369e-15 -1.60114e-15
      outer loop
         vertex -0.12775 -0.321157 -0.313268
         vertex -0.12775 -0.321991 -0.313809
         vertex -0.12775 -0.321993 -0.313223
      endloop
   endfacet
   facet normal -1 -1.76369e-15 -1.60114e-15
      outer loop
         vertex -0.12775 -0.323648 -0.309561
         vertex -0.12775 -0.323174 -0.312048
         vertex -0.12775 -0.32376 -0.31205
      endloop
   endfacet
   facet normal -1 -1.76369e-15 -1.60114e-15
      outer loop
         vertex -0.12775 -0.321993 -0.313223
         vertex -0.12775 -0.322218 -0.312683
         vertex -0.12775 -0.321157 -0.313268
      endloop
   endfacet
   facet normal -1 -1.76369e-15 -1.60114e-15
      outer loop
         vertex -0.12775 -0.322633 -0.312271
         vertex -0.12775 -0.323174 -0.312048
         vertex -0.12775 -0.323648 -0.309561
      endloop
   endfacet
   facet normal -1 -1.76369e-15 -1.60114e-15
      outer loop
         vertex -0.12775 -0.321157 -0.313268
         vertex -0.12775 -0.322002 -0.313836
         vertex -0.12775 -0.321991 -0.313809
      endloop
   endfacet
   facet normal -1 -1.76369e-15 -1.60114e-15
      outer loop
         vertex -0.12775 -0.325036 -0.301762
         vertex -0.12775 -0.327178 -0.298575
         vertex -0.12775 -0.324385 -0.301113
      endloop
   endfacet
   facet normal -1 -1.76369e-15 -1.60114e-15
      outer loop
         vertex -0.12775 -0.327178 -0.298575
         vertex -0.12775 -0.325675 -0.297565
         vertex -0.12775 -0.323969 -0.300103
      endloop
   endfacet
   facet normal -1 -1.76369e-15 -1.60114e-15
      outer loop
         vertex -0.12775 -0.323969 -0.300103
         vertex -0.12775 -0.324385 -0.301113
         vertex -0.12775 -0.327178 -0.298575
      endloop
   endfacet
   facet normal -1 -1.76369e-15 -1.60114e-15
      outer loop
         vertex -0.12775 -0.327691 -0.303547
         vertex -0.12775 -0.324378 -0.303454
         vertex -0.12775 -0.323476 -0.305615
      endloop
   endfacet
   facet normal -1 -1.76369e-15 -1.60114e-15
      outer loop
         vertex -0.12775 -0.327691 -0.303547
         vertex -0.12775 -0.325036 -0.301762
         vertex -0.12775 -0.32438 -0.302737
      endloop
   endfacet
   facet normal -1 -1.76369e-15 -1.60114e-15
      outer loop
         vertex -0.12775 -0.32438 -0.302737
         vertex -0.12775 -0.324378 -0.303454
         vertex -0.12775 -0.327691 -0.303547
      endloop
   endfacet
   facet normal -1 -1.76369e-15 -1.60114e-15
      outer loop
         vertex -0.12775 -0.323476 -0.305615
         vertex -0.12775 -0.324529 -0.308251
         vertex -0.12775 -0.327691 -0.303547
      endloop
   endfacet
   facet normal -1 -1.76369e-15 -1.60114e-15
      outer loop
         vertex -0.12775 -0.323648 -0.309561
         vertex -0.12775 -0.321816 -0.307265
         vertex -0.12775 -0.321152 -0.307538
      endloop
   endfacet
   facet normal -1 -1.76369e-15 -1.60114e-15
      outer loop
         vertex -0.12775 -0.323648 -0.309561
         vertex -0.12775 -0.324529 -0.308251
         vertex -0.12775 -0.322319 -0.306765
      endloop
   endfacet
   facet normal -1 -1.76369e-15 -1.60114e-15
      outer loop
         vertex -0.12775 -0.322319 -0.306765
         vertex -0.12775 -0.321816 -0.307265
         vertex -0.12775 -0.323648 -0.309561
      endloop
   endfacet
   facet normal -1 -1.76369e-15 -1.60114e-15
      outer loop
         vertex -0.12775 -0.318501 -0.311482
         vertex -0.12775 -0.319651 -0.308155
         vertex -0.12775 -0.318558 -0.308152
      endloop
   endfacet
   facet normal -1 -1.76369e-15 -1.60114e-15
      outer loop
         vertex -0.12775 -0.320992 -0.307776
         vertex -0.12775 -0.320834 -0.307669
         vertex -0.12775 -0.319651 -0.308155
      endloop
   endfacet
   facet normal -1 -1.76369e-15 -1.60114e-15
      outer loop
         vertex -0.12775 -0.319651 -0.308155
         vertex -0.12775 -0.318501 -0.311482
         vertex -0.12775 -0.320992 -0.307776
      endloop
   endfacet
   facet normal -1 -1.76369e-15 -1.60114e-15
      outer loop
         vertex -0.12775 -0.316998 -0.310472
         vertex -0.12775 -0.317309 -0.308149
         vertex -0.12775 -0.315149 -0.307247
      endloop
   endfacet
   facet normal -1 -1.76369e-15 -1.60114e-15
      outer loop
         vertex -0.12775 -0.311869 -0.307024
         vertex -0.12775 -0.315149 -0.307247
         vertex -0.12775 -0.313498 -0.305587
      endloop
   endfacet
   facet normal -1 -1.76369e-15 -1.60114e-15
      outer loop
         vertex -0.12775 -0.316998 -0.310472
         vertex -0.12775 -0.318558 -0.308152
         vertex -0.12775 -0.317309 -0.308149
      endloop
   endfacet
   facet normal -1 -1.76369e-15 -1.60114e-15
      outer loop
         vertex -0.12775 -0.315149 -0.307247
         vertex -0.12775 -0.311869 -0.307024
         vertex -0.12775 -0.316998 -0.310472
      endloop
   endfacet
   facet normal -1 -1.76369e-15 -1.60114e-15
      outer loop
         vertex -0.12775 -0.307306 -0.303956
         vertex -0.12775 -0.312609 -0.303421
         vertex -0.12775 -0.312612 -0.302142
      endloop
   endfacet
   facet normal -1 -1.76369e-15 -1.60114e-15
      outer loop
         vertex -0.12775 -0.307306 -0.303956
         vertex -0.12775 -0.311869 -0.307024
         vertex -0.12775 -0.313247 -0.304975
      endloop
   endfacet
   facet normal -1 -1.76369e-15 -1.60114e-15
      outer loop
         vertex -0.12775 -0.313247 -0.304975
         vertex -0.12775 -0.312609 -0.303421
         vertex -0.12775 -0.307306 -0.303956
      endloop
   endfacet
   facet normal -1 -1.76369e-15 -1.60114e-15
      outer loop
         vertex -0.12775 -0.309798 -0.30025
         vertex -0.12775 -0.312612 -0.302142
         vertex -0.12775 -0.312615 -0.30108
      endloop
   endfacet
   facet normal -1 -1.76369e-15 -1.60114e-15
      outer loop
         vertex -0.12775 -0.313841 -0.294236
         vertex -0.12775 -0.310679 -0.29894
         vertex -0.12775 -0.313517 -0.29892
      endloop
   endfacet
   facet normal -1 -1.76369e-15 -1.60114e-15
      outer loop
         vertex -0.12775 -0.313517 -0.29892
         vertex -0.12775 -0.315177 -0.297269
         vertex -0.12775 -0.313841 -0.294236
      endloop
   endfacet
   facet normal -1 -1.76369e-15 -1.60114e-15
      outer loop
         vertex -0.12775 -0.310679 -0.29894
         vertex -0.12775 -0.312615 -0.30108
         vertex -0.12775 -0.313517 -0.29892
      endloop
   endfacet
   facet normal -1 -1.76369e-15 -1.60114e-15
      outer loop
         vertex -0.12775 -0.315983 -0.29105
         vertex -0.12775 -0.317343 -0.296379
         vertex -0.12775 -0.319022 -0.296384
      endloop
   endfacet
   facet normal -1 -1.76369e-15 -1.60114e-15
      outer loop
         vertex -0.12775 -0.315983 -0.29105
         vertex -0.12775 -0.313841 -0.294236
         vertex -0.12775 -0.317148 -0.296459
      endloop
   endfacet
   facet normal -1 -1.76369e-15 -1.60114e-15
      outer loop
         vertex -0.12775 -0.317148 -0.296459
         vertex -0.12775 -0.317343 -0.296379
         vertex -0.12775 -0.315983 -0.29105
      endloop
   endfacet
   facet normal -1 -1.76369e-15 -1.60114e-15
      outer loop
         vertex -0.12775 -0.325675 -0.297565
         vertex -0.12775 -0.320546 -0.294117
         vertex -0.12775 -0.321844 -0.297288
      endloop
   endfacet
   facet normal -1 -1.76369e-15 -1.60114e-15
      outer loop
         vertex -0.12775 -0.321844 -0.297288
         vertex -0.12775 -0.323495 -0.298948
         vertex -0.12775 -0.325675 -0.297565
      endloop
   endfacet
   facet normal -1 -1.76369e-15 -1.60114e-15
      outer loop
         vertex -0.12775 -0.320546 -0.294117
         vertex -0.12775 -0.319022 -0.296384
         vertex -0.12775 -0.319684 -0.296386
      endloop
   endfacet
   facet normal -1 -1.76369e-15 -1.60114e-15
      outer loop
         vertex -0.12775 -0.319684 -0.296386
         vertex -0.12775 -0.321844 -0.297288
         vertex -0.12775 -0.320546 -0.294117
      endloop
   endfacet
   facet normal -1 -1.76369e-15 -1.60114e-15
      outer loop
         vertex -0.12775 -0.321959 -0.285113
         vertex -0.12775 -0.319977 -0.285108
         vertex -0.12775 -0.320268 -0.287278
      endloop
   endfacet
   facet normal -1 -1.76369e-15 -1.60114e-15
      outer loop
         vertex -0.12775 -0.322032 -0.291907
         vertex -0.12775 -0.325582 -0.286626
         vertex -0.12775 -0.32152 -0.289162
      endloop
   endfacet
   facet normal -1 -1.76369e-15 -1.60114e-15
      outer loop
         vertex -0.12775 -0.325582 -0.286626
         vertex -0.12775 -0.321284 -0.287961
         vertex -0.12775 -0.321521 -0.288538
      endloop
   endfacet
   facet normal -1 -1.76369e-15 -1.60114e-15
      outer loop
         vertex -0.12775 -0.321959 -0.285113
         vertex -0.12775 -0.320844 -0.287518
         vertex -0.12775 -0.321284 -0.287961
      endloop
   endfacet
   facet normal -1 -1.76369e-15 -1.60114e-15
      outer loop
         vertex -0.12775 -0.319977 -0.285108
         vertex -0.12775 -0.319644 -0.287276
         vertex -0.12775 -0.320268 -0.287278
      endloop
   endfacet
   facet normal -1 -1.76369e-15 -1.60114e-15
      outer loop
         vertex -0.12775 -0.322032 -0.291907
         vertex -0.12775 -0.320836 -0.290179
         vertex -0.12775 -0.320259 -0.290416
      endloop
   endfacet
   facet normal -1 -1.76369e-15 -1.60114e-15
      outer loop
         vertex -0.12775 -0.321521 -0.288538
         vertex -0.12775 -0.32152 -0.289162
         vertex -0.12775 -0.325582 -0.286626
      endloop
   endfacet
   facet normal -1 -1.76369e-15 -1.60114e-15
      outer loop
         vertex -0.12775 -0.320268 -0.287278
         vertex -0.12775 -0.320844 -0.287518
         vertex -0.12775 -0.321959 -0.285113
      endloop
   endfacet
   facet normal -1 -1.76369e-15 -1.60114e-15
      outer loop
         vertex -0.12775 -0.319977 -0.285108
         vertex -0.12775 -0.317469 -0.288839
         vertex -0.12775 -0.318623 -0.287953
      endloop
   endfacet
   facet normal -1 -1.76369e-15 -1.60114e-15
      outer loop
         vertex -0.12775 -0.317469 -0.288839
         vertex -0.12775 -0.318551 -0.289567
         vertex -0.12775 -0.318381 -0.289154
      endloop
   endfacet
   facet normal -1 -1.76369e-15 -1.60114e-15
      outer loop
         vertex -0.12775 -0.322032 -0.291907
         vertex -0.12775 -0.321279 -0.289739
         vertex -0.12775 -0.320836 -0.290179
      endloop
   endfacet
   facet normal -1 -1.76369e-15 -1.60114e-15
      outer loop
         vertex -0.12775 -0.321284 -0.287961
         vertex -0.12775 -0.325582 -0.286626
         vertex -0.12775 -0.321959 -0.285113
      endloop
   endfacet
   facet normal -1 -1.76369e-15 -1.60114e-15
      outer loop
         vertex -0.12775 -0.318623 -0.287953
         vertex -0.12775 -0.319066 -0.287513
         vertex -0.12775 -0.319977 -0.285108
      endloop
   endfacet
   facet normal -1 -1.76369e-15 -1.60114e-15
      outer loop
         vertex -0.12775 -0.318381 -0.289154
         vertex -0.12775 -0.318383 -0.288529
         vertex -0.12775 -0.317469 -0.288839
      endloop
   endfacet
   facet normal -1 -1.76369e-15 -1.60114e-15
      outer loop
         vertex -0.12775 -0.32152 -0.289162
         vertex -0.12775 -0.321279 -0.289739
         vertex -0.12775 -0.322032 -0.291907
      endloop
   endfacet
   facet normal -1 -1.76369e-15 -1.60114e-15
      outer loop
         vertex -0.12775 -0.318383 -0.288529
         vertex -0.12775 -0.318623 -0.287953
         vertex -0.12775 -0.317469 -0.288839
      endloop
   endfacet
   facet normal -1 -1.76369e-15 -1.60114e-15
      outer loop
         vertex -0.12775 -0.319066 -0.287513
         vertex -0.12775 -0.319644 -0.287276
         vertex -0.12775 -0.319977 -0.285108
      endloop
   endfacet
   facet normal -1 -1.76369e-15 -1.60114e-15
      outer loop
         vertex -0.12775 -0.317469 -0.288839
         vertex -0.12775 -0.319977 -0.285108
         vertex -0.12775 -0.319071 -0.285105
      endloop
   endfacet
   facet normal -1 -1.76369e-15 -1.60114e-15
      outer loop
         vertex -0.12775 -0.316843 -0.288419
         vertex -0.12775 -0.319071 -0.285105
         vertex -0.12775 -0.315131 -0.285094
      endloop
   endfacet
   facet normal -1 -1.76369e-15 -1.60114e-15
      outer loop
         vertex -0.12775 -0.316571 -0.288824
         vertex -0.12775 -0.316843 -0.288419
         vertex -0.12775 -0.313124 -0.285919
      endloop
   endfacet
   facet normal -1 -1.76369e-15 -1.60114e-15
      outer loop
         vertex -0.12775 -0.313124 -0.285919
         vertex -0.12775 -0.31286 -0.286027
         vertex -0.12775 -0.316571 -0.288824
      endloop
   endfacet
   facet normal -1 -1.76369e-15 -1.60114e-15
      outer loop
         vertex -0.12775 -0.311506 -0.28804
         vertex -0.12775 -0.31272 -0.286235
         vertex -0.12775 -0.312581 -0.286142
      endloop
   endfacet
   facet normal -1 -1.76369e-15 -1.60114e-15
      outer loop
         vertex -0.12775 -0.309364 -0.291226
         vertex -0.12775 -0.311506 -0.28804
         vertex -0.12775 -0.308815 -0.287689
      endloop
   endfacet
   facet normal -1 -1.76369e-15 -1.60114e-15
      outer loop
         vertex -0.12775 -0.306914 -0.289579
         vertex -0.12775 -0.306715 -0.292964
         vertex -0.12775 -0.307293 -0.292727
      endloop
   endfacet
   facet normal -1 -1.76369e-15 -1.60114e-15
      outer loop
         vertex -0.12775 -0.303973 -0.292504
         vertex -0.12775 -0.306273 -0.293404
         vertex -0.12775 -0.306715 -0.292964
      endloop
   endfacet
   facet normal -1 -1.76369e-15 -1.60114e-15
      outer loop
         vertex -0.12775 -0.303973 -0.292504
         vertex -0.12775 -0.303345 -0.294009
         vertex -0.12775 -0.306032 -0.29398
      endloop
   endfacet
   facet normal -1 -1.76369e-15 -1.60114e-15
      outer loop
         vertex -0.12775 -0.306715 -0.292964
         vertex -0.12775 -0.306914 -0.289579
         vertex -0.12775 -0.303973 -0.292504
      endloop
   endfacet
   facet normal -1 -1.76369e-15 -1.60114e-15
      outer loop
         vertex -0.12775 -0.303345 -0.294009
         vertex -0.12775 -0.306031 -0.294604
         vertex -0.12775 -0.306032 -0.29398
      endloop
   endfacet
   facet normal -1 -1.76369e-15 -1.60114e-15
      outer loop
         vertex -0.12775 -0.309364 -0.291226
         vertex -0.12775 -0.306914 -0.289579
         vertex -0.12775 -0.307917 -0.292728
      endloop
   endfacet
   facet normal -1 -1.76369e-15 -1.60114e-15
      outer loop
         vertex -0.12775 -0.306032 -0.29398
         vertex -0.12775 -0.306273 -0.293404
         vertex -0.12775 -0.303973 -0.292504
      endloop
   endfacet
   facet normal -1 -1.76369e-15 -1.60114e-15
      outer loop
         vertex -0.12775 -0.303345 -0.294009
         vertex -0.12775 -0.306202 -0.29593
         vertex -0.12775 -0.306268 -0.295182
      endloop
   endfacet
   facet normal -1 -1.76369e-15 -1.60114e-15
      outer loop
         vertex -0.12775 -0.307293 -0.292727
         vertex -0.12775 -0.307917 -0.292728
         vertex -0.12775 -0.306914 -0.289579
      endloop
   endfacet
   facet normal -1 -1.76369e-15 -1.60114e-15
      outer loop
         vertex -0.12775 -0.306202 -0.29593
         vertex -0.12775 -0.306529 -0.295444
         vertex -0.12775 -0.306268 -0.295182
      endloop
   endfacet
   facet normal -1 -1.76369e-15 -1.60114e-15
      outer loop
         vertex -0.12775 -0.306268 -0.295182
         vertex -0.12775 -0.306031 -0.294604
         vertex -0.12775 -0.303345 -0.294009
      endloop
   endfacet
   facet normal -1 -1.76369e-15 -1.60114e-15
      outer loop
         vertex -0.12775 -0.306202 -0.29593
         vertex -0.12775 -0.303345 -0.294009
         vertex -0.12775 -0.302724 -0.295495
      endloop
   endfacet
   facet normal -1 -1.76369e-15 -1.60114e-15
      outer loop
         vertex -0.12775 -0.305321 -0.297241
         vertex -0.12775 -0.302724 -0.295495
         vertex -0.12775 -0.301343 -0.298805
      endloop
   endfacet
   facet normal -1 -1.76369e-15 -1.60114e-15
      outer loop
         vertex -0.12775 -0.30283 -0.300947
         vertex -0.12775 -0.301343 -0.298805
         vertex -0.12775 -0.301335 -0.301504
      endloop
   endfacet
   facet normal -1 -1.76369e-15 -1.60114e-15
      outer loop
         vertex -0.12775 -0.305958 -0.304611
         vertex -0.12775 -0.301323 -0.305633
         vertex -0.12775 -0.301944 -0.307144
      endloop
   endfacet
   facet normal -1 -1.76369e-15 -1.60114e-15
      outer loop
         vertex -0.12775 -0.305958 -0.304611
         vertex -0.12775 -0.302107 -0.302023
         vertex -0.12775 -0.30133 -0.303177
      endloop
   endfacet
   facet normal -1 -1.76369e-15 -1.60114e-15
      outer loop
         vertex -0.12775 -0.30133 -0.303177
         vertex -0.12775 -0.301323 -0.305633
         vertex -0.12775 -0.305958 -0.304611
      endloop
   endfacet
   facet normal -1 -1.76369e-15 -1.60114e-15
      outer loop
         vertex -0.12775 -0.304161 -0.308635
         vertex -0.12775 -0.303536 -0.308214
         vertex -0.12775 -0.302821 -0.309277
      endloop
   endfacet
   facet normal -1 -1.76369e-15 -1.60114e-15
      outer loop
         vertex -0.12775 -0.308724 -0.311702
         vertex -0.12775 -0.304161 -0.308635
         vertex -0.12775 -0.303165 -0.310116
      endloop
   endfacet
   facet normal -1 -1.76369e-15 -1.60114e-15
      outer loop
         vertex -0.12775 -0.303165 -0.310116
         vertex -0.12775 -0.303919 -0.311949
         vertex -0.12775 -0.308724 -0.311702
      endloop
   endfacet
   facet normal -1 -1.76369e-15 -1.60114e-15
      outer loop
         vertex -0.12775 -0.313854 -0.31515
         vertex -0.12775 -0.308724 -0.311702
         vertex -0.12775 -0.308733 -0.316791
      endloop
   endfacet
   facet normal -1 -1.76369e-15 -1.60114e-15
      outer loop
         vertex -0.12775 -0.313854 -0.31515
         vertex -0.12775 -0.31187 -0.3181
         vertex -0.12775 -0.313574 -0.318812
      endloop
   endfacet
   facet normal -1 -1.76369e-15 -1.60114e-15
      outer loop
         vertex -0.12775 -0.313574 -0.318812
         vertex -0.12775 -0.315034 -0.319421
         vertex -0.12775 -0.316149 -0.317017
      endloop
   endfacet
   facet normal -1 -1.76369e-15 -1.60114e-15
      outer loop
         vertex -0.12775 -0.315034 -0.319421
         vertex -0.12775 -0.317016 -0.319427
         vertex -0.12775 -0.316725 -0.317257
      endloop
   endfacet
   facet normal -1 -1.76369e-15 -1.60114e-15
      outer loop
         vertex -0.12775 -0.313574 -0.318812
         vertex -0.12775 -0.315709 -0.316574
         vertex -0.12775 -0.315609 -0.316331
      endloop
   endfacet
   facet normal -1 -1.76369e-15 -1.60114e-15
      outer loop
         vertex -0.12775 -0.316725 -0.317257
         vertex -0.12775 -0.316149 -0.317017
         vertex -0.12775 -0.315034 -0.319421
      endloop
   endfacet
   facet normal -1 -1.76369e-15 -1.60114e-15
      outer loop
         vertex -0.12775 -0.316149 -0.317017
         vertex -0.12775 -0.315709 -0.316574
         vertex -0.12775 -0.313574 -0.318812
      endloop
   endfacet
   facet normal -1 -1.76369e-15 -1.60114e-15
      outer loop
         vertex -0.12775 -0.317016 -0.319427
         vertex -0.12775 -0.318012 -0.317946
         vertex -0.12775 -0.316988 -0.317258
      endloop
   endfacet
   facet normal -1 -1.76369e-15 -1.60114e-15
      outer loop
         vertex -0.12775 -0.316988 -0.317258
         vertex -0.12775 -0.316725 -0.317257
         vertex -0.12775 -0.317016 -0.319427
      endloop
   endfacet
   facet normal -1 -1.76369e-15 -1.60114e-15
      outer loop
         vertex -0.12775 -0.318012 -0.317946
         vertex -0.12775 -0.317016 -0.319427
         vertex -0.12775 -0.319481 -0.319434
      endloop
   endfacet
   facet normal -1 -1.76369e-15 -1.60114e-15
      outer loop
         vertex -0.12775 -0.322135 -0.315487
         vertex -0.12775 -0.319713 -0.319089
         vertex -0.12775 -0.320228 -0.319436
      endloop
   endfacet
   facet normal -1 -1.76369e-15 -1.60114e-15
      outer loop
         vertex -0.12775 -0.320228 -0.319436
         vertex -0.12775 -0.321862 -0.319441
         vertex -0.12775 -0.322135 -0.315487
      endloop
   endfacet
   facet normal -1 -1.76369e-15 -1.60114e-15
      outer loop
         vertex -0.12775 -0.322135 -0.315487
         vertex -0.12775 -0.325682 -0.317871
         vertex -0.12775 -0.323166 -0.31499
      endloop
   endfacet
   facet normal -1 -1.76369e-15 -1.60114e-15
      outer loop
         vertex -0.12775 -0.323166 -0.31499
         vertex -0.12775 -0.322626 -0.314765
         vertex -0.12775 -0.322135 -0.315487
      endloop
   endfacet
   facet normal -1 -1.76369e-15 -1.60114e-15
      outer loop
         vertex -0.12775 -0.325682 -0.317871
         vertex -0.12775 -0.327123 -0.317279
         vertex -0.12775 -0.323722 -0.314992
      endloop
   endfacet
   facet normal -1 -1.76369e-15 -1.60114e-15
      outer loop
         vertex -0.12775 -0.323722 -0.314992
         vertex -0.12775 -0.323166 -0.31499
         vertex -0.12775 -0.325682 -0.317871
      endloop
   endfacet
   facet normal -1 -1.76369e-15 -1.60114e-15
      outer loop
         vertex -0.12775 -0.324708 -0.314357
         vertex -0.12775 -0.324293 -0.31477
         vertex -0.12775 -0.327123 -0.317279
      endloop
   endfacet
   facet normal -1 -1.76369e-15 -1.60114e-15
      outer loop
         vertex -0.12775 -0.328178 -0.316845
         vertex -0.12775 -0.330721 -0.314316
         vertex -0.12775 -0.324933 -0.313817
      endloop
   endfacet
   facet normal -1 -1.76369e-15 -1.60114e-15
      outer loop
         vertex -0.12775 -0.327123 -0.317279
         vertex -0.12775 -0.328178 -0.316845
         vertex -0.12775 -0.324708 -0.314357
      endloop
   endfacet
   facet normal -1 -1.76369e-15 -1.60114e-15
      outer loop
         vertex -0.12775 -0.330721 -0.314316
         vertex -0.12775 -0.324935 -0.313232
         vertex -0.12775 -0.324933 -0.313817
      endloop
   endfacet
   facet normal -1 -1.76369e-15 -1.60114e-15
      outer loop
         vertex -0.12775 -0.324933 -0.313817
         vertex -0.12775 -0.324708 -0.314357
         vertex -0.12775 -0.328178 -0.316845
      endloop
   endfacet
   facet normal -1 -1.76369e-15 -1.60114e-15
      outer loop
         vertex -0.12775 -0.330721 -0.314316
         vertex -0.12775 -0.3243 -0.312275
         vertex -0.12775 -0.324712 -0.31269
      endloop
   endfacet
   facet normal -1 -1.76369e-15 -1.60114e-15
      outer loop
         vertex -0.12775 -0.324712 -0.31269
         vertex -0.12775 -0.324935 -0.313232
         vertex -0.12775 -0.330721 -0.314316
      endloop
   endfacet
   facet normal -1 -1.76369e-15 -1.60114e-15
      outer loop
         vertex -0.12775 -0.324293 -0.31477
         vertex -0.12775 -0.323751 -0.314992
         vertex -0.12775 -0.327123 -0.317279
      endloop
   endfacet
   facet normal -1 -1.76369e-15 -1.60114e-15
      outer loop
         vertex -0.12775 -0.325349 -0.310705
         vertex -0.12775 -0.324295 -0.312273
         vertex -0.12775 -0.3243 -0.312275
      endloop
   endfacet
   facet normal -1 -1.76369e-15 -1.60114e-15
      outer loop
         vertex -0.12775 -0.3243 -0.312275
         vertex -0.12775 -0.330721 -0.314316
         vertex -0.12775 -0.325349 -0.310705
      endloop
   endfacet
   facet normal -1 -1.76369e-15 -1.60114e-15
      outer loop
         vertex -0.12775 -0.325349 -0.310705
         vertex -0.12775 -0.327822 -0.310545
         vertex -0.12775 -0.327823 -0.310465
      endloop
   endfacet
   facet normal -1 -1.76369e-15 -1.60114e-15
      outer loop
         vertex -0.12775 -0.330721 -0.314316
         vertex -0.12775 -0.329076 -0.311806
         vertex -0.12775 -0.3285 -0.311566
      endloop
   endfacet
   facet normal -1 -1.76369e-15 -1.60114e-15
      outer loop
         vertex -0.12775 -0.325349 -0.310705
         vertex -0.12775 -0.32806 -0.311123
         vertex -0.12775 -0.327822 -0.310545
      endloop
   endfacet
   facet normal -1 -1.76369e-15 -1.60114e-15
      outer loop
         vertex -0.12775 -0.330721 -0.314316
         vertex -0.12775 -0.3297 -0.311808
         vertex -0.12775 -0.329076 -0.311806
      endloop
   endfacet
   facet normal -1 -1.76369e-15 -1.60114e-15
      outer loop
         vertex -0.12775 -0.330721 -0.314316
         vertex -0.12775 -0.331863 -0.313181
         vertex -0.12775 -0.329775 -0.311777
      endloop
   endfacet
   facet normal -1 -1.76369e-15 -1.60114e-15
      outer loop
         vertex -0.12775 -0.325349 -0.310705
         vertex -0.12775 -0.3285 -0.311566
         vertex -0.12775 -0.32806 -0.311123
      endloop
   endfacet
   facet normal -1 -1.76369e-15 -1.60114e-15
      outer loop
         vertex -0.12775 -0.329775 -0.311777
         vertex -0.12775 -0.3297 -0.311808
         vertex -0.12775 -0.330721 -0.314316
      endloop
   endfacet
   facet normal -1 -1.76369e-15 -1.60114e-15
      outer loop
         vertex -0.12775 -0.3285 -0.311566
         vertex -0.12775 -0.325349 -0.310705
         vertex -0.12775 -0.330721 -0.314316
      endloop
   endfacet
   facet normal -1 -1.76369e-15 -1.60114e-15
      outer loop
         vertex -0.12775 -0.334618 -0.308203
         vertex -0.12775 -0.330963 -0.30993
         vertex -0.12775 -0.330961 -0.310554
      endloop
   endfacet
   facet normal -1 -1.76369e-15 -1.60114e-15
      outer loop
         vertex -0.12775 -0.32623 -0.309394
         vertex -0.12775 -0.328065 -0.309345
         vertex -0.12775 -0.328507 -0.308905
      endloop
   endfacet
   facet normal -1 -1.76369e-15 -1.60114e-15
      outer loop
         vertex -0.12775 -0.32623 -0.309394
         vertex -0.12775 -0.327823 -0.310465
         vertex -0.12775 -0.327824 -0.309921
      endloop
   endfacet
   facet normal -1 -1.76369e-15 -1.60114e-15
      outer loop
         vertex -0.12775 -0.331863 -0.313181
         vertex -0.12775 -0.33302 -0.312031
         vertex -0.12775 -0.33072 -0.31113
      endloop
   endfacet
   facet normal -1 -1.76369e-15 -1.60114e-15
      outer loop
         vertex -0.12775 -0.330961 -0.310554
         vertex -0.12775 -0.33302 -0.312031
         vertex -0.12775 -0.334618 -0.308203
      endloop
   endfacet
   facet normal -1 -1.76369e-15 -1.60114e-15
      outer loop
         vertex -0.12775 -0.334618 -0.308203
         vertex -0.12775 -0.329392 -0.304691
         vertex -0.12775 -0.330285 -0.30891
      endloop
   endfacet
   facet normal -1 -1.76369e-15 -1.60114e-15
      outer loop
         vertex -0.12775 -0.329392 -0.304691
         vertex -0.12775 -0.328507 -0.308905
         vertex -0.12775 -0.329085 -0.308668
      endloop
   endfacet
   facet normal -1 -1.76369e-15 -1.60114e-15
      outer loop
         vertex -0.12775 -0.327824 -0.309921
         vertex -0.12775 -0.328065 -0.309345
         vertex -0.12775 -0.32623 -0.309394
      endloop
   endfacet
   facet normal -1 -1.76369e-15 -1.60114e-15
      outer loop
         vertex -0.12775 -0.33072 -0.31113
         vertex -0.12775 -0.330278 -0.311571
         vertex -0.12775 -0.331863 -0.313181
      endloop
   endfacet
   facet normal -1 -1.76369e-15 -1.60114e-15
      outer loop
         vertex -0.12775 -0.334618 -0.308203
         vertex -0.12775 -0.330725 -0.309353
         vertex -0.12775 -0.330963 -0.30993
      endloop
   endfacet
   facet normal -1 -1.76369e-15 -1.60114e-15
      outer loop
         vertex -0.12775 -0.329392 -0.304691
         vertex -0.12775 -0.329709 -0.308669
         vertex -0.12775 -0.330285 -0.30891
      endloop
   endfacet
   facet normal -1 -1.76369e-15 -1.60114e-15
      outer loop
         vertex -0.12775 -0.328507 -0.308905
         vertex -0.12775 -0.329392 -0.304691
         vertex -0.12775 -0.32623 -0.309394
      endloop
   endfacet
   facet normal -1 -1.76369e-15 -1.60114e-15
      outer loop
         vertex -0.12775 -0.330961 -0.310554
         vertex -0.12775 -0.33072 -0.31113
         vertex -0.12775 -0.33302 -0.312031
      endloop
   endfacet
   facet normal -1 -1.76369e-15 -1.60114e-15
      outer loop
         vertex -0.12775 -0.329085 -0.308668
         vertex -0.12775 -0.329709 -0.308669
         vertex -0.12775 -0.329392 -0.304691
      endloop
   endfacet
   facet normal -1 -1.76369e-15 -1.60114e-15
      outer loop
         vertex -0.12775 -0.330285 -0.30891
         vertex -0.12775 -0.330725 -0.309353
         vertex -0.12775 -0.334618 -0.308203
      endloop
   endfacet
   facet normal -1 -1.76369e-15 -1.60114e-15
      outer loop
         vertex -0.12775 -0.329392 -0.304691
         vertex -0.12775 -0.334618 -0.308203
         vertex -0.12775 -0.335651 -0.30573
      endloop
   endfacet
   facet normal -1 -1.76369e-15 -1.60114e-15
      outer loop
         vertex -0.12775 -0.331534 -0.301504
         vertex -0.12775 -0.335651 -0.30573
         vertex -0.12775 -0.335662 -0.301658
      endloop
   endfacet
   facet normal -1 -1.76369e-15 -1.60114e-15
      outer loop
         vertex -0.12775 -0.332748 -0.299699
         vertex -0.12775 -0.335662 -0.301658
         vertex -0.12775 -0.335664 -0.301071
      endloop
   endfacet
   facet normal -1 -1.76369e-15 -1.60114e-15
      outer loop
         vertex -0.12775 -0.33302 -0.299294
         vertex -0.12775 -0.335664 -0.301071
         vertex -0.12775 -0.33567 -0.298902
      endloop
   endfacet
   facet normal -1 -1.76369e-15 -1.60114e-15
      outer loop
         vertex -0.12775 -0.334765 -0.296699
         vertex -0.12775 -0.332416 -0.297133
         vertex -0.12775 -0.332175 -0.297709
      endloop
   endfacet
   facet normal -1 -1.76369e-15 -1.60114e-15
      outer loop
         vertex -0.12775 -0.334765 -0.296699
         vertex -0.12775 -0.333828 -0.294419
         vertex -0.12775 -0.332417 -0.296517
      endloop
   endfacet
   facet normal -1 -1.76369e-15 -1.60114e-15
      outer loop
         vertex -0.12775 -0.33302 -0.299294
         vertex -0.12775 -0.332175 -0.297709
         vertex -0.12775 -0.331732 -0.298149
      endloop
   endfacet
   facet normal -1 -1.76369e-15 -1.60114e-15
      outer loop
         vertex -0.12775 -0.332417 -0.296517
         vertex -0.12775 -0.332416 -0.297133
         vertex -0.12775 -0.334765 -0.296699
      endloop
   endfacet
   facet normal -1 -1.76369e-15 -1.60114e-15
      outer loop
         vertex -0.12775 -0.332175 -0.297709
         vertex -0.12775 -0.33302 -0.299294
         vertex -0.12775 -0.334765 -0.296699
      endloop
   endfacet
   facet normal -1 -1.76369e-15 -1.60114e-15
      outer loop
         vertex -0.12775 -0.331959 -0.291464
         vertex -0.12775 -0.329962 -0.295484
         vertex -0.12775 -0.330539 -0.295246
      endloop
   endfacet
   facet normal -1 -1.76369e-15 -1.60114e-15
      outer loop
         vertex -0.12775 -0.331959 -0.291464
         vertex -0.12775 -0.328663 -0.296365
         vertex -0.12775 -0.329519 -0.295924
      endloop
   endfacet
   facet normal -1 -1.76369e-15 -1.60114e-15
      outer loop
         vertex -0.12775 -0.333828 -0.294419
         vertex -0.12775 -0.33218 -0.295931
         vertex -0.12775 -0.332417 -0.296509
      endloop
   endfacet
   facet normal -1 -1.76369e-15 -1.60114e-15
      outer loop
         vertex -0.12775 -0.333828 -0.294419
         vertex -0.12775 -0.333075 -0.292586
         vertex -0.12775 -0.33174 -0.295489
      endloop
   endfacet
   facet normal -1 -1.76369e-15 -1.60114e-15
      outer loop
         vertex -0.12775 -0.331164 -0.295248
         vertex -0.12775 -0.33174 -0.295489
         vertex -0.12775 -0.333075 -0.292586
      endloop
   endfacet
   facet normal -1 -1.76369e-15 -1.60114e-15
      outer loop
         vertex -0.12775 -0.329519 -0.295924
         vertex -0.12775 -0.329962 -0.295484
         vertex -0.12775 -0.331959 -0.291464
      endloop
   endfacet
   facet normal -1 -1.76369e-15 -1.60114e-15
      outer loop
         vertex -0.12775 -0.33174 -0.295489
         vertex -0.12775 -0.33218 -0.295931
         vertex -0.12775 -0.333828 -0.294419
      endloop
   endfacet
   facet normal -1 -1.76369e-15 -1.60114e-15
      outer loop
         vertex -0.12775 -0.330539 -0.295246
         vertex -0.12775 -0.331164 -0.295248
         vertex -0.12775 -0.331959 -0.291464
      endloop
   endfacet
   facet normal -1 -1.76369e-15 -1.60114e-15
      outer loop
         vertex -0.12775 -0.333075 -0.292586
         vertex -0.12775 -0.331959 -0.291464
         vertex -0.12775 -0.331164 -0.295248
      endloop
   endfacet
   facet normal -1 -1.76369e-15 -1.60114e-15
      outer loop
         vertex -0.12775 -0.328663 -0.296365
         vertex -0.12775 -0.329278 -0.296779
         vertex -0.12775 -0.329279 -0.2965
      endloop
   endfacet
   facet normal -1 -1.76369e-15 -1.60114e-15
      outer loop
         vertex -0.12775 -0.329279 -0.2965
         vertex -0.12775 -0.329519 -0.295924
         vertex -0.12775 -0.328663 -0.296365
      endloop
   endfacet
   facet normal -1 -1.76369e-15 -1.60114e-15
      outer loop
         vertex -0.12775 -0.327161 -0.295355
         vertex -0.12775 -0.328663 -0.296365
         vertex -0.12775 -0.331959 -0.291464
      endloop
   endfacet
   facet normal -1 -1.76369e-15 -1.60114e-15
      outer loop
         vertex -0.12775 -0.325582 -0.286626
         vertex -0.12775 -0.322032 -0.291907
         vertex -0.12775 -0.324514 -0.291503
      endloop
   endfacet
   facet normal -1 -1.76369e-15 -1.60114e-15
      outer loop
         vertex -0.12775 -0.322032 -0.291907
         vertex -0.12775 -0.327161 -0.295355
         vertex -0.12775 -0.324922 -0.293585
      endloop
   endfacet
   facet normal -1 -1.76369e-15 -1.60114e-15
      outer loop
         vertex -0.12775 -0.32826 -0.287744
         vertex -0.12775 -0.326595 -0.291095
         vertex -0.12775 -0.327008 -0.29151
      endloop
   endfacet
   facet normal -1 -1.76369e-15 -1.60114e-15
      outer loop
         vertex -0.12775 -0.322032 -0.291907
         vertex -0.12775 -0.324288 -0.292043
         vertex -0.12775 -0.324514 -0.291503
      endloop
   endfacet
   facet normal -1 -1.76369e-15 -1.60114e-15
      outer loop
         vertex -0.12775 -0.327161 -0.295355
         vertex -0.12775 -0.325462 -0.29381
         vertex -0.12775 -0.324922 -0.293585
      endloop
   endfacet
   facet normal -1 -1.76369e-15 -1.60114e-15
      outer loop
         vertex -0.12775 -0.327008 -0.29151
         vertex -0.12775 -0.330657 -0.290155
         vertex -0.12775 -0.32826 -0.287744
      endloop
   endfacet
   facet normal -1 -1.76369e-15 -1.60114e-15
      outer loop
         vertex -0.12775 -0.32826 -0.287744
         vertex -0.12775 -0.325582 -0.286626
         vertex -0.12775 -0.326055 -0.29087
      endloop
   endfacet
   facet normal -1 -1.76369e-15 -1.60114e-15
      outer loop
         vertex -0.12775 -0.324514 -0.291503
         vertex -0.12775 -0.324929 -0.29109
         vertex -0.12775 -0.325582 -0.286626
      endloop
   endfacet
   facet normal -1 -1.76369e-15 -1.60114e-15
      outer loop
         vertex -0.12775 -0.324922 -0.293585
         vertex -0.12775 -0.324509 -0.29317
         vertex -0.12775 -0.322032 -0.291907
      endloop
   endfacet
   facet normal -1 -1.76369e-15 -1.60114e-15
      outer loop
         vertex -0.12775 -0.326055 -0.29087
         vertex -0.12775 -0.326595 -0.291095
         vertex -0.12775 -0.32826 -0.287744
      endloop
   endfacet
   facet normal -1 -1.76369e-15 -1.60114e-15
      outer loop
         vertex -0.12775 -0.324929 -0.29109
         vertex -0.12775 -0.32547 -0.290868
         vertex -0.12775 -0.325582 -0.286626
      endloop
   endfacet
   facet normal -1 -1.76369e-15 -1.60114e-15
      outer loop
         vertex -0.12775 -0.324509 -0.29317
         vertex -0.12775 -0.324287 -0.292628
         vertex -0.12775 -0.322032 -0.291907
      endloop
   endfacet
   facet normal -1 -1.76369e-15 -1.60114e-15
      outer loop
         vertex -0.12775 -0.330657 -0.290155
         vertex -0.12775 -0.327229 -0.292637
         vertex -0.12775 -0.327003 -0.293177
      endloop
   endfacet
   facet normal -1 -1.76369e-15 -1.60114e-15
      outer loop
         vertex -0.12775 -0.32547 -0.290868
         vertex -0.12775 -0.326055 -0.29087
         vertex -0.12775 -0.325582 -0.286626
      endloop
   endfacet
   facet normal -1 -1.76369e-15 -1.60114e-15
      outer loop
         vertex -0.12775 -0.327161 -0.295355
         vertex -0.12775 -0.326047 -0.293812
         vertex -0.12775 -0.325462 -0.29381
      endloop
   endfacet
   facet normal -1 -1.76369e-15 -1.60114e-15
      outer loop
         vertex -0.12775 -0.327161 -0.295355
         vertex -0.12775 -0.327003 -0.293177
         vertex -0.12775 -0.326588 -0.293589
      endloop
   endfacet
   facet normal -1 -1.76369e-15 -1.60114e-15
      outer loop
         vertex -0.12775 -0.330657 -0.290155
         vertex -0.12775 -0.327231 -0.292051
         vertex -0.12775 -0.327229 -0.292637
      endloop
   endfacet
   facet normal -1 -1.76369e-15 -1.60114e-15
      outer loop
         vertex -0.12775 -0.324287 -0.292628
         vertex -0.12775 -0.324288 -0.292043
         vertex -0.12775 -0.322032 -0.291907
      endloop
   endfacet
   facet normal -1 -1.76369e-15 -1.60114e-15
      outer loop
         vertex -0.12775 -0.327003 -0.293177
         vertex -0.12775 -0.327161 -0.295355
         vertex -0.12775 -0.330657 -0.290155
      endloop
   endfacet
   facet normal -1 -1.76369e-15 -1.60114e-15
      outer loop
         vertex -0.12775 -0.326588 -0.293589
         vertex -0.12775 -0.326047 -0.293812
         vertex -0.12775 -0.327161 -0.295355
      endloop
   endfacet
   facet normal -1 -1.76369e-15 -1.60114e-15
      outer loop
         vertex -0.12775 -0.327008 -0.29151
         vertex -0.12775 -0.327231 -0.292051
         vertex -0.12775 -0.330657 -0.290155
      endloop
   endfacet
   facet normal -1 -1.76369e-15 -1.60114e-15
      outer loop
         vertex -0.12775 -0.331959 -0.291464
         vertex -0.12775 -0.330657 -0.290155
         vertex -0.12775 -0.327161 -0.295355
      endloop
   endfacet
   facet normal -1 -1.76369e-15 -1.60114e-15
      outer loop
         vertex -0.12775 -0.332417 -0.296509
         vertex -0.12775 -0.332417 -0.296517
         vertex -0.12775 -0.333828 -0.294419
      endloop
   endfacet
   facet normal -1 -1.76369e-15 -1.60114e-15
      outer loop
         vertex -0.12775 -0.331732 -0.298149
         vertex -0.12775 -0.331474 -0.298255
         vertex -0.12775 -0.33302 -0.299294
      endloop
   endfacet
   facet normal -1 -1.76369e-15 -1.60114e-15
      outer loop
         vertex -0.12775 -0.33567 -0.298902
         vertex -0.12775 -0.334765 -0.296699
         vertex -0.12775 -0.33302 -0.299294
      endloop
   endfacet
   facet normal -1 -1.76369e-15 -1.60114e-15
      outer loop
         vertex -0.12775 -0.335664 -0.301071
         vertex -0.12775 -0.33302 -0.299294
         vertex -0.12775 -0.332748 -0.299699
      endloop
   endfacet
   facet normal -1 -1.76369e-15 -1.60114e-15
      outer loop
         vertex -0.12775 -0.335662 -0.301658
         vertex -0.12775 -0.332748 -0.299699
         vertex -0.12775 -0.331534 -0.301504
      endloop
   endfacet
   facet normal -1 -1.76369e-15 -1.60114e-15
      outer loop
         vertex -0.12775 -0.335651 -0.30573
         vertex -0.12775 -0.331534 -0.301504
         vertex -0.12775 -0.329392 -0.304691
      endloop
   endfacet
   facet normal -1 -1.76369e-15 -1.60114e-15
      outer loop
         vertex -0.12775 -0.330278 -0.311571
         vertex -0.12775 -0.329775 -0.311777
         vertex -0.12775 -0.331863 -0.313181
      endloop
   endfacet
   facet normal -1 -1.76369e-15 -1.60114e-15
      outer loop
         vertex -0.12775 -0.327823 -0.310465
         vertex -0.12775 -0.32623 -0.309394
         vertex -0.12775 -0.325349 -0.310705
      endloop
   endfacet
   facet normal -1 -1.76369e-15 -1.60114e-15
      outer loop
         vertex -0.12775 -0.323751 -0.314992
         vertex -0.12775 -0.323722 -0.314992
         vertex -0.12775 -0.327123 -0.317279
      endloop
   endfacet
   facet normal -1 -1.76369e-15 -1.60114e-15
      outer loop
         vertex -0.12775 -0.322626 -0.314765
         vertex -0.12775 -0.322622 -0.314761
         vertex -0.12775 -0.322135 -0.315487
      endloop
   endfacet
   facet normal -1 -1.76369e-15 -1.60114e-15
      outer loop
         vertex -0.12775 -0.321862 -0.319441
         vertex -0.12775 -0.325682 -0.317871
         vertex -0.12775 -0.322135 -0.315487
      endloop
   endfacet
   facet normal -1 -1.76369e-15 -1.60114e-15
      outer loop
         vertex -0.12775 -0.320228 -0.319436
         vertex -0.12775 -0.319713 -0.319089
         vertex -0.12775 -0.319481 -0.319434
      endloop
   endfacet
   facet normal -1 -1.76369e-15 -1.60114e-15
      outer loop
         vertex -0.12775 -0.319481 -0.319434
         vertex -0.12775 -0.319713 -0.319089
         vertex -0.12775 -0.318012 -0.317946
      endloop
   endfacet
   facet normal -1 -1.76369e-15 -1.60114e-15
      outer loop
         vertex -0.12775 -0.315609 -0.316331
         vertex -0.12775 -0.315356 -0.31616
         vertex -0.12775 -0.313574 -0.318812
      endloop
   endfacet
   facet normal -1 -1.76369e-15 -1.60114e-15
      outer loop
         vertex -0.12775 -0.313574 -0.318812
         vertex -0.12775 -0.315356 -0.31616
         vertex -0.12775 -0.313854 -0.31515
      endloop
   endfacet
   facet normal -1 -1.76369e-15 -1.60114e-15
      outer loop
         vertex -0.12775 -0.308733 -0.316791
         vertex -0.12775 -0.31187 -0.3181
         vertex -0.12775 -0.313854 -0.31515
      endloop
   endfacet
   facet normal -1 -1.76369e-15 -1.60114e-15
      outer loop
         vertex -0.12775 -0.303919 -0.311949
         vertex -0.12775 -0.308733 -0.316791
         vertex -0.12775 -0.308724 -0.311702
      endloop
   endfacet
   facet normal -1 -1.76369e-15 -1.60114e-15
      outer loop
         vertex -0.12775 -0.302821 -0.309277
         vertex -0.12775 -0.303165 -0.310116
         vertex -0.12775 -0.304161 -0.308635
      endloop
   endfacet
   facet normal -1 -1.76369e-15 -1.60114e-15
      outer loop
         vertex -0.12775 -0.302821 -0.309277
         vertex -0.12775 -0.303536 -0.308214
         vertex -0.12775 -0.301944 -0.307144
      endloop
   endfacet
   facet normal -1 -1.76369e-15 -1.60114e-15
      outer loop
         vertex -0.12775 -0.301944 -0.307144
         vertex -0.12775 -0.303536 -0.308214
         vertex -0.12775 -0.305958 -0.304611
      endloop
   endfacet
   facet normal -1 -1.76369e-15 -1.60114e-15
      outer loop
         vertex -0.12775 -0.30133 -0.303177
         vertex -0.12775 -0.302107 -0.302023
         vertex -0.12775 -0.301335 -0.301504
      endloop
   endfacet
   facet normal -1 -1.76369e-15 -1.60114e-15
      outer loop
         vertex -0.12775 -0.301335 -0.301504
         vertex -0.12775 -0.302107 -0.302023
         vertex -0.12775 -0.30283 -0.300947
      endloop
   endfacet
   facet normal -1 -1.76369e-15 -1.60114e-15
      outer loop
         vertex -0.12775 -0.301343 -0.298805
         vertex -0.12775 -0.30283 -0.300947
         vertex -0.12775 -0.305321 -0.297241
      endloop
   endfacet
   facet normal -1 -1.76369e-15 -1.60114e-15
      outer loop
         vertex -0.12775 -0.302724 -0.295495
         vertex -0.12775 -0.305321 -0.297241
         vertex -0.12775 -0.306202 -0.29593
      endloop
   endfacet
   facet normal -1 -1.76369e-15 -1.60114e-15
      outer loop
         vertex -0.12775 -0.307917 -0.292728
         vertex -0.12775 -0.308259 -0.292871
         vertex -0.12775 -0.309364 -0.291226
      endloop
   endfacet
   facet normal -1 -1.76369e-15 -1.60114e-15
      outer loop
         vertex -0.12775 -0.308815 -0.287689
         vertex -0.12775 -0.306914 -0.289579
         vertex -0.12775 -0.309364 -0.291226
      endloop
   endfacet
   facet normal -1 -1.76369e-15 -1.60114e-15
      outer loop
         vertex -0.12775 -0.312581 -0.286142
         vertex -0.12775 -0.308815 -0.287689
         vertex -0.12775 -0.311506 -0.28804
      endloop
   endfacet
   facet normal -1 -1.76369e-15 -1.60114e-15
      outer loop
         vertex -0.12775 -0.312581 -0.286142
         vertex -0.12775 -0.31272 -0.286235
         vertex -0.12775 -0.31286 -0.286027
      endloop
   endfacet
   facet normal -1 -1.76369e-15 -1.60114e-15
      outer loop
         vertex -0.12775 -0.31286 -0.286027
         vertex -0.12775 -0.31272 -0.286235
         vertex -0.12775 -0.316571 -0.288824
      endloop
   endfacet
   facet normal -1 -1.76369e-15 -1.60114e-15
      outer loop
         vertex -0.12775 -0.315131 -0.285094
         vertex -0.12775 -0.313124 -0.285919
         vertex -0.12775 -0.316843 -0.288419
      endloop
   endfacet
   facet normal -1 -1.76369e-15 -1.60114e-15
      outer loop
         vertex -0.12775 -0.319071 -0.285105
         vertex -0.12775 -0.316843 -0.288419
         vertex -0.12775 -0.317469 -0.288839
      endloop
   endfacet
   facet normal -1 -1.76369e-15 -1.60114e-15
      outer loop
         vertex -0.12775 -0.320259 -0.290416
         vertex -0.12775 -0.319812 -0.290415
         vertex -0.12775 -0.322032 -0.291907
      endloop
   endfacet
   facet normal -1 -1.76369e-15 -1.60114e-15
      outer loop
         vertex -0.12775 -0.323495 -0.298948
         vertex -0.12775 -0.323969 -0.300103
         vertex -0.12775 -0.325675 -0.297565
      endloop
   endfacet
   facet normal -1 -1.76369e-15 -1.60114e-15
      outer loop
         vertex -0.12775 -0.319022 -0.296384
         vertex -0.12775 -0.320546 -0.294117
         vertex -0.12775 -0.315983 -0.29105
      endloop
   endfacet
   facet normal -1 -1.76369e-15 -1.60114e-15
      outer loop
         vertex -0.12775 -0.315177 -0.297269
         vertex -0.12775 -0.317148 -0.296459
         vertex -0.12775 -0.313841 -0.294236
      endloop
   endfacet
   facet normal -1 -1.76369e-15 -1.60114e-15
      outer loop
         vertex -0.12775 -0.312615 -0.30108
         vertex -0.12775 -0.310679 -0.29894
         vertex -0.12775 -0.309798 -0.30025
      endloop
   endfacet
   facet normal -1 -1.76369e-15 -1.60114e-15
      outer loop
         vertex -0.12775 -0.312612 -0.302142
         vertex -0.12775 -0.309798 -0.30025
         vertex -0.12775 -0.307306 -0.303956
      endloop
   endfacet
   facet normal -1 -1.76369e-15 -1.60114e-15
      outer loop
         vertex -0.12775 -0.313498 -0.305587
         vertex -0.12775 -0.313247 -0.304975
         vertex -0.12775 -0.311869 -0.307024
      endloop
   endfacet
   facet normal -1 -1.76369e-15 -1.60114e-15
      outer loop
         vertex -0.12775 -0.318558 -0.308152
         vertex -0.12775 -0.316998 -0.310472
         vertex -0.12775 -0.318501 -0.311482
      endloop
   endfacet
   facet normal -1 -1.76369e-15 -1.60114e-15
      outer loop
         vertex -0.12775 -0.320834 -0.307669
         vertex -0.12775 -0.320992 -0.307776
         vertex -0.12775 -0.321152 -0.307538
      endloop
   endfacet
   facet normal -1 -1.76369e-15 -1.60114e-15
      outer loop
         vertex -0.12775 -0.321152 -0.307538
         vertex -0.12775 -0.320992 -0.307776
         vertex -0.12775 -0.323648 -0.309561
      endloop
   endfacet
   facet normal -1 -1.76369e-15 -1.60114e-15
      outer loop
         vertex -0.12775 -0.323476 -0.305615
         vertex -0.12775 -0.322319 -0.306765
         vertex -0.12775 -0.324529 -0.308251
      endloop
   endfacet
   facet normal -1 -1.76369e-15 -1.60114e-15
      outer loop
         vertex -0.12775 -0.32438 -0.302737
         vertex -0.12775 -0.325036 -0.301762
         vertex -0.12775 -0.324384 -0.301323
      endloop
   endfacet
   facet normal -1 -1.76369e-15 -1.60114e-15
      outer loop
         vertex -0.12775 -0.324385 -0.301113
         vertex -0.12775 -0.324384 -0.301323
         vertex -0.12775 -0.325036 -0.301762
      endloop
   endfacet
   facet normal -1 -1.76369e-15 -1.60114e-15
      outer loop
         vertex -0.12775 -0.32376 -0.31205
         vertex -0.12775 -0.324295 -0.312273
         vertex -0.12775 -0.325349 -0.310705
      endloop
   endfacet
   facet normal -1 -1.76369e-15 -1.60114e-15
      outer loop
         vertex -0.12775 -0.322002 -0.313836
         vertex -0.12775 -0.321157 -0.313268
         vertex -0.12775 -0.320434 -0.314343
      endloop
   endfacet
   facet normal -1 -1.76369e-15 -1.60114e-15
      outer loop
         vertex -0.12775 -0.31735 -0.317259
         vertex -0.12775 -0.316988 -0.317258
         vertex -0.12775 -0.318012 -0.317946
      endloop
   endfacet
   facet normal -1 -1.76369e-15 -1.60114e-15
      outer loop
         vertex -0.12775 -0.316726 -0.314122
         vertex -0.12775 -0.317778 -0.312558
         vertex -0.12775 -0.316275 -0.311548
      endloop
   endfacet
   facet normal -1 -1.76369e-15 -1.60114e-15
      outer loop
         vertex -0.12775 -0.315472 -0.315996
         vertex -0.12775 -0.315472 -0.315988
         vertex -0.12775 -0.315356 -0.31616
      endloop
   endfacet
   facet normal -1 -1.76369e-15 -1.60114e-15
      outer loop
         vertex -0.12775 -0.329278 -0.296779
         vertex -0.12775 -0.328663 -0.296365
         vertex -0.12775 -0.328391 -0.29677
      endloop
   endfacet
   facet normal -1 -1.76369e-15 -1.60114e-15
      outer loop
         vertex -0.12775 -0.329414 -0.297458
         vertex -0.12775 -0.328391 -0.29677
         vertex -0.12775 -0.327178 -0.298575
      endloop
   endfacet
   facet normal -1 -1.76369e-15 -1.60114e-15
      outer loop
         vertex -0.12775 -0.331155 -0.298387
         vertex -0.12775 -0.330794 -0.298385
         vertex -0.12775 -0.331047 -0.298556
      endloop
   endfacet
   facet normal -1 -1.76369e-15 -1.60114e-15
      outer loop
         vertex -0.12775 -0.331163 -0.298383
         vertex -0.12775 -0.331047 -0.298556
         vertex -0.12775 -0.332748 -0.299699
      endloop
   endfacet
   facet normal -1 -1.76369e-15 -1.60114e-15
      outer loop
         vertex -0.12775 -0.318551 -0.289567
         vertex -0.12775 -0.317469 -0.288839
         vertex -0.12775 -0.317196 -0.289245
      endloop
   endfacet
   facet normal -1 -1.76369e-15 -1.60114e-15
      outer loop
         vertex -0.12775 -0.306708 -0.295625
         vertex -0.12775 -0.306529 -0.295444
         vertex -0.12775 -0.306202 -0.29593
      endloop
   endfacet
   facet normal -1 -1.76369e-15 -1.60114e-15
      outer loop
         vertex -0.12775 -0.304576 -0.308026
         vertex -0.12775 -0.304576 -0.308018
         vertex -0.12775 -0.304161 -0.308635
      endloop
   endfacet
   facet normal -1 -1.76369e-15 -1.60114e-15
      outer loop
         vertex -0.12775 -0.305831 -0.306151
         vertex -0.12775 -0.306583 -0.305032
         vertex -0.12775 -0.305958 -0.304611
      endloop
   endfacet
   facet normal -1 -1.76369e-15 -1.60114e-15
      outer loop
         vertex -0.12775 -0.328391 -0.29677
         vertex -0.12775 -0.328663 -0.296365
         vertex -0.12775 -0.327161 -0.295355
      endloop
   endfacet
   facet normal -1 -1.76369e-15 -1.60114e-15
      outer loop
         vertex -0.12775 -0.326889 -0.29576
         vertex -0.12775 -0.327161 -0.295355
         vertex -0.12775 -0.322032 -0.291907
      endloop
   endfacet
   facet normal -1 -1.76369e-15 -1.60114e-15
      outer loop
         vertex -0.12775 -0.317196 -0.289245
         vertex -0.12775 -0.317469 -0.288839
         vertex -0.12775 -0.316843 -0.288419
      endloop
   endfacet
   facet normal -1 -1.76369e-15 -1.60114e-15
      outer loop
         vertex -0.12775 -0.331534 -0.301504
         vertex -0.12775 -0.332748 -0.299699
         vertex -0.12775 -0.331047 -0.298556
      endloop
   endfacet
   facet normal -1 -1.76369e-15 -1.60114e-15
      outer loop
         vertex -0.12775 -0.327178 -0.298575
         vertex -0.12775 -0.328391 -0.29677
         vertex -0.12775 -0.326889 -0.29576
      endloop
   endfacet
   facet normal -1 -1.76369e-15 -1.60114e-15
      outer loop
         vertex -0.12775 -0.325675 -0.297565
         vertex -0.12775 -0.326889 -0.29576
         vertex -0.12775 -0.321759 -0.292312
      endloop
   endfacet
   facet normal -1 -1.76369e-15 -1.60114e-15
      outer loop
         vertex -0.12775 -0.320546 -0.294117
         vertex -0.12775 -0.321759 -0.292312
         vertex -0.12775 -0.317196 -0.289245
      endloop
   endfacet
   facet normal -1 -1.76369e-15 -1.60114e-15
      outer loop
         vertex -0.12775 -0.315983 -0.29105
         vertex -0.12775 -0.317196 -0.289245
         vertex -0.12775 -0.316571 -0.288824
      endloop
   endfacet
   facet normal -1 -1.76369e-15 -1.60114e-15
      outer loop
         vertex -0.12775 -0.315357 -0.290629
         vertex -0.12775 -0.316571 -0.288824
         vertex -0.12775 -0.31272 -0.286235
      endloop
   endfacet
   facet normal -1 -1.76369e-15 -1.60114e-15
      outer loop
         vertex -0.12775 -0.329392 -0.304691
         vertex -0.12775 -0.331534 -0.301504
         vertex -0.12775 -0.329833 -0.300361
      endloop
   endfacet
   facet normal -1 -1.76369e-15 -1.60114e-15
      outer loop
         vertex -0.12775 -0.327691 -0.303547
         vertex -0.12775 -0.329833 -0.300361
         vertex -0.12775 -0.327178 -0.298575
      endloop
   endfacet
   facet normal -1 -1.76369e-15 -1.60114e-15
      outer loop
         vertex -0.12775 -0.313841 -0.294236
         vertex -0.12775 -0.315983 -0.29105
         vertex -0.12775 -0.315357 -0.290629
      endloop
   endfacet
   facet normal -1 -1.76369e-15 -1.60114e-15
      outer loop
         vertex -0.12775 -0.313215 -0.293815
         vertex -0.12775 -0.315357 -0.290629
         vertex -0.12775 -0.311506 -0.28804
      endloop
   endfacet
   facet normal -1 -1.76369e-15 -1.60114e-15
      outer loop
         vertex -0.12775 -0.32623 -0.309394
         vertex -0.12775 -0.329392 -0.304691
         vertex -0.12775 -0.327691 -0.303547
      endloop
   endfacet
   facet normal -1 -1.76369e-15 -1.60114e-15
      outer loop
         vertex -0.12775 -0.310679 -0.29894
         vertex -0.12775 -0.313841 -0.294236
         vertex -0.12775 -0.313215 -0.293815
      endloop
   endfacet
   facet normal -1 -1.76369e-15 -1.60114e-15
      outer loop
         vertex -0.12775 -0.325349 -0.310705
         vertex -0.12775 -0.32623 -0.309394
         vertex -0.12775 -0.324529 -0.308251
      endloop
   endfacet
   facet normal -1 -1.76369e-15 -1.60114e-15
      outer loop
         vertex -0.12775 -0.309798 -0.30025
         vertex -0.12775 -0.310679 -0.29894
         vertex -0.12775 -0.310053 -0.298519
      endloop
   endfacet
   facet normal -1 -1.76369e-15 -1.60114e-15
      outer loop
         vertex -0.12775 -0.309172 -0.29983
         vertex -0.12775 -0.310053 -0.298519
         vertex -0.12775 -0.306202 -0.29593
      endloop
   endfacet
   facet normal -1 -1.76369e-15 -1.60114e-15
      outer loop
         vertex -0.12775 -0.321157 -0.313268
         vertex -0.12775 -0.323648 -0.309561
         vertex -0.12775 -0.320992 -0.307776
      endloop
   endfacet
   facet normal -1 -1.76369e-15 -1.60114e-15
      outer loop
         vertex -0.12775 -0.307306 -0.303956
         vertex -0.12775 -0.309798 -0.30025
         vertex -0.12775 -0.309172 -0.29983
      endloop
   endfacet
   facet normal -1 -1.76369e-15 -1.60114e-15
      outer loop
         vertex -0.12775 -0.307518 -0.300112
         vertex -0.12775 -0.30774 -0.300653
         vertex -0.12775 -0.309172 -0.29983
      endloop
   endfacet
   facet normal -1 -1.76369e-15 -1.60114e-15
      outer loop
         vertex -0.12775 -0.320434 -0.314343
         vertex -0.12775 -0.321157 -0.313268
         vertex -0.12775 -0.318501 -0.311482
      endloop
   endfacet
   facet normal -1 -1.76369e-15 -1.60114e-15
      outer loop
         vertex -0.12775 -0.317778 -0.312558
         vertex -0.12775 -0.318501 -0.311482
         vertex -0.12775 -0.316998 -0.310472
      endloop
   endfacet
   facet normal -1 -1.76369e-15 -1.60114e-15
      outer loop
         vertex -0.12775 -0.316275 -0.311548
         vertex -0.12775 -0.316998 -0.310472
         vertex -0.12775 -0.311869 -0.307024
      endloop
   endfacet
   facet normal -1 -1.76369e-15 -1.60114e-15
      outer loop
         vertex -0.12775 -0.311146 -0.3081
         vertex -0.12775 -0.311869 -0.307024
         vertex -0.12775 -0.307306 -0.303956
      endloop
   endfacet
   facet normal -1 -1.76369e-15 -1.60114e-15
      outer loop
         vertex -0.12775 -0.306583 -0.305032
         vertex -0.12775 -0.307306 -0.303956
         vertex -0.12775 -0.306681 -0.303536
      endloop
   endfacet
   facet normal -1 -1.76369e-15 -1.60114e-15
      outer loop
         vertex -0.12775 -0.305958 -0.304611
         vertex -0.12775 -0.306681 -0.303536
         vertex -0.12775 -0.30283 -0.300947
      endloop
   endfacet
   facet normal -1 -1.76369e-15 -1.60114e-15
      outer loop
         vertex -0.12775 -0.319713 -0.319089
         vertex -0.12775 -0.322135 -0.315487
         vertex -0.12775 -0.320434 -0.314343
      endloop
   endfacet
   facet normal -1 -1.76369e-15 -1.60114e-15
      outer loop
         vertex -0.12775 -0.313854 -0.31515
         vertex -0.12775 -0.316275 -0.311548
         vertex -0.12775 -0.311146 -0.3081
      endloop
   endfacet
   facet normal -5.49469e-16 0.833032 -0.553225
      outer loop
         vertex -0.12775 -0.307479 -0.306833
         vertex -0.12775 -0.307039 -0.30639
         vertex -0.1159 -0.307039 -0.30639
      endloop
   endfacet
   facet normal -1.36009e-15 0.981331 -0.192326
      outer loop
         vertex -0.12775 -0.307716 -0.30741
         vertex -0.12775 -0.307479 -0.306833
         vertex -0.1159 -0.307479 -0.306833
      endloop
   endfacet
   facet normal -1.96366e-15 0.980232 0.197853
      outer loop
         vertex -0.12775 -0.307714 -0.308035
         vertex -0.12775 -0.307716 -0.30741
         vertex -0.1159 -0.307716 -0.30741
      endloop
   endfacet
   facet normal -2.26827e-15 0.829901 0.557911
      outer loop
         vertex -0.12775 -0.307474 -0.308611
         vertex -0.12775 -0.307714 -0.308035
         vertex -0.1159 -0.307714 -0.308035
      endloop
   endfacet
   facet normal -2.22756e-15 0.553225 0.833032
      outer loop
         vertex -0.12775 -0.307031 -0.309051
         vertex -0.12775 -0.307474 -0.308611
         vertex -0.1159 -0.307474 -0.308611
      endloop
   endfacet
   facet normal -1.84772e-15 0.192326 0.981331
      outer loop
         vertex -0.12775 -0.306454 -0.309288
         vertex -0.12775 -0.307031 -0.309051
         vertex -0.1159 -0.307031 -0.309051
      endloop
   endfacet
   facet normal -1.18659e-15 -0.197853 0.980232
      outer loop
         vertex -0.12775 -0.305829 -0.309287
         vertex -0.12775 -0.306454 -0.309288
         vertex -0.1159 -0.306454 -0.309288
      endloop
   endfacet
   facet normal -3.44807e-16 -0.557911 0.829901
      outer loop
         vertex -0.12775 -0.305253 -0.309046
         vertex -0.12775 -0.305829 -0.309287
         vertex -0.1159 -0.305829 -0.309287
      endloop
   endfacet
   facet normal 5.49469e-16 -0.833032 0.553225
      outer loop
         vertex -0.12775 -0.304813 -0.308603
         vertex -0.12775 -0.305253 -0.309046
         vertex -0.1159 -0.305253 -0.309046
      endloop
   endfacet
   facet normal 1.36009e-15 -0.981331 0.192326
      outer loop
         vertex -0.12775 -0.304576 -0.308026
         vertex -0.12775 -0.304813 -0.308603
         vertex -0.1159 -0.304813 -0.308603
      endloop
   endfacet
   facet normal 1.96366e-15 -0.980232 -0.197853
      outer loop
         vertex -0.1159 -0.304578 -0.307402
         vertex -0.12775 -0.304578 -0.307402
         vertex -0.12775 -0.304576 -0.308018
      endloop
   endfacet
   facet normal 2.1684e-15 -0.982303 0.187297
      outer loop
         vertex -0.12775 -0.304576 -0.308018
         vertex -0.1159 -0.304576 -0.308026
         vertex -0.1159 -0.304578 -0.307402
      endloop
   endfacet
   facet normal 2.26827e-15 -0.829901 -0.557911
      outer loop
         vertex -0.12775 -0.304818 -0.306826
         vertex -0.12775 -0.304578 -0.307402
         vertex -0.1159 -0.304578 -0.307402
      endloop
   endfacet
   facet normal 2.22756e-15 -0.553225 -0.833032
      outer loop
         vertex -0.12775 -0.305261 -0.306385
         vertex -0.12775 -0.304818 -0.306826
         vertex -0.1159 -0.304818 -0.306826
      endloop
   endfacet
   facet normal 1.84772e-15 -0.192326 -0.981331
      outer loop
         vertex -0.1159 -0.305838 -0.306148
         vertex -0.12775 -0.305838 -0.306148
         vertex -0.12775 -0.305831 -0.306151
      endloop
   endfacet
   facet normal 1.0842e-15 -0.197349 -0.980333
      outer loop
         vertex -0.12775 -0.305831 -0.306151
         vertex -0.1159 -0.305261 -0.306385
         vertex -0.1159 -0.305838 -0.306148
      endloop
   endfacet
   facet normal 1.18659e-15 0.197853 -0.980232
      outer loop
         vertex -0.12775 -0.306463 -0.30615
         vertex -0.12775 -0.305838 -0.306148
         vertex -0.1159 -0.305838 -0.306148
      endloop
   endfacet
   facet normal 3.44807e-16 0.557911 -0.829901
      outer loop
         vertex -0.12775 -0.307039 -0.30639
         vertex -0.12775 -0.306463 -0.30615
         vertex -0.1159 -0.306463 -0.30615
      endloop
   endfacet
   facet normal 1.18659e-15 0.197853 -0.980232
      outer loop
         vertex -0.1159 -0.306463 -0.30615
         vertex -0.1159 -0.307039 -0.30639
         vertex -0.12775 -0.307039 -0.30639
      endloop
   endfacet
   facet normal 1.84772e-15 -0.192326 -0.981331
      outer loop
         vertex -0.1159 -0.305838 -0.306148
         vertex -0.1159 -0.306463 -0.30615
         vertex -0.12775 -0.306463 -0.30615
      endloop
   endfacet
   facet normal 1.0842e-15 -0.197349 -0.980333
      outer loop
         vertex -0.12775 -0.305831 -0.306151
         vertex -0.12775 -0.305261 -0.306385
         vertex -0.1159 -0.305261 -0.306385
      endloop
   endfacet
   facet normal 2.26827e-15 -0.829901 -0.557911
      outer loop
         vertex -0.1159 -0.304818 -0.306826
         vertex -0.1159 -0.305261 -0.306385
         vertex -0.12775 -0.305261 -0.306385
      endloop
   endfacet
   facet normal 1.96366e-15 -0.980232 -0.197853
      outer loop
         vertex -0.1159 -0.304578 -0.307402
         vertex -0.1159 -0.304818 -0.306826
         vertex -0.12775 -0.304818 -0.306826
      endloop
   endfacet
   facet normal 2.1684e-15 -0.982303 0.187297
      outer loop
         vertex -0.12775 -0.304576 -0.308018
         vertex -0.12775 -0.304576 -0.308026
         vertex -0.1159 -0.304576 -0.308026
      endloop
   endfacet
   facet normal 5.49469e-16 -0.833032 0.553225
      outer loop
         vertex -0.1159 -0.304813 -0.308603
         vertex -0.1159 -0.304576 -0.308026
         vertex -0.12775 -0.304576 -0.308026
      endloop
   endfacet
   facet normal -3.44807e-16 -0.557911 0.829901
      outer loop
         vertex -0.1159 -0.305253 -0.309046
         vertex -0.1159 -0.304813 -0.308603
         vertex -0.12775 -0.304813 -0.308603
      endloop
   endfacet
   facet normal -1.18659e-15 -0.197853 0.980232
      outer loop
         vertex -0.1159 -0.305829 -0.309287
         vertex -0.1159 -0.305253 -0.309046
         vertex -0.12775 -0.305253 -0.309046
      endloop
   endfacet
   facet normal -1.84772e-15 0.192326 0.981331
      outer loop
         vertex -0.1159 -0.306454 -0.309288
         vertex -0.1159 -0.305829 -0.309287
         vertex -0.12775 -0.305829 -0.309287
      endloop
   endfacet
   facet normal -2.22756e-15 0.553225 0.833032
      outer loop
         vertex -0.1159 -0.307031 -0.309051
         vertex -0.1159 -0.306454 -0.309288
         vertex -0.12775 -0.306454 -0.309288
      endloop
   endfacet
   facet normal -2.26827e-15 0.829901 0.557911
      outer loop
         vertex -0.1159 -0.307474 -0.308611
         vertex -0.1159 -0.307031 -0.309051
         vertex -0.12775 -0.307031 -0.309051
      endloop
   endfacet
   facet normal -1.96366e-15 0.980232 0.197853
      outer loop
         vertex -0.1159 -0.307714 -0.308035
         vertex -0.1159 -0.307474 -0.308611
         vertex -0.12775 -0.307474 -0.308611
      endloop
   endfacet
   facet normal -1.36009e-15 0.981331 -0.192326
      outer loop
         vertex -0.1159 -0.307716 -0.30741
         vertex -0.1159 -0.307714 -0.308035
         vertex -0.12775 -0.307714 -0.308035
      endloop
   endfacet
   facet normal -5.49469e-16 0.833032 -0.553225
      outer loop
         vertex -0.1159 -0.307479 -0.306833
         vertex -0.1159 -0.307716 -0.30741
         vertex -0.12775 -0.307716 -0.30741
      endloop
   endfacet
   facet normal 3.44807e-16 0.557911 -0.829901
      outer loop
         vertex -0.1159 -0.307039 -0.30639
         vertex -0.1159 -0.307479 -0.306833
         vertex -0.12775 -0.307479 -0.306833
      endloop
   endfacet
   facet normal 1 1.69007e-15 1.55165e-15
      outer loop
         vertex -0.1159 -0.304348 -0.305011
         vertex -0.1159 -0.305261 -0.306385
         vertex -0.1159 -0.304818 -0.306826
      endloop
   endfacet
   facet normal 1 1.69007e-15 1.55165e-15
      outer loop
         vertex -0.1159 -0.305521 -0.304529
         vertex -0.1159 -0.305838 -0.306148
         vertex -0.1159 -0.305261 -0.306385
      endloop
   endfacet
   facet normal 1 1.69007e-15 1.55165e-15
      outer loop
         vertex -0.1159 -0.305261 -0.306385
         vertex -0.1159 -0.304348 -0.305011
         vertex -0.1159 -0.305521 -0.304529
      endloop
   endfacet
   facet normal 1 1.69007e-15 1.55165e-15
      outer loop
         vertex -0.1159 -0.305521 -0.304529
         vertex -0.1159 -0.306789 -0.304532
         vertex -0.1159 -0.306463 -0.30615
      endloop
   endfacet
   facet normal 1 1.69007e-15 1.55165e-15
      outer loop
         vertex -0.1159 -0.306771 -0.310907
         vertex -0.1159 -0.306454 -0.309288
         vertex -0.1159 -0.307031 -0.309051
      endloop
   endfacet
   facet normal 1 1.69007e-15 1.55165e-15
      outer loop
         vertex -0.1159 -0.306771 -0.310907
         vertex -0.1159 -0.305503 -0.310904
         vertex -0.1159 -0.305829 -0.309287
      endloop
   endfacet
   facet normal 1 1.69007e-15 1.55165e-15
      outer loop
         vertex -0.1159 -0.306463 -0.30615
         vertex -0.1159 -0.305838 -0.306148
         vertex -0.1159 -0.305521 -0.304529
      endloop
   endfacet
   facet normal 1 1.69007e-15 1.55165e-15
      outer loop
         vertex -0.1159 -0.306789 -0.304532
         vertex -0.1159 -0.307959 -0.305021
         vertex -0.1159 -0.307039 -0.30639
      endloop
   endfacet
   facet normal 1 1.69007e-15 1.55165e-15
      outer loop
         vertex -0.1159 -0.308853 -0.30592
         vertex -0.1159 -0.307479 -0.306833
         vertex -0.1159 -0.307039 -0.30639
      endloop
   endfacet
   facet normal 1 1.69007e-15 1.55165e-15
      outer loop
         vertex -0.1159 -0.308853 -0.30592
         vertex -0.1159 -0.309335 -0.307093
         vertex -0.1159 -0.307716 -0.30741
      endloop
   endfacet
   facet normal 1 1.69007e-15 1.55165e-15
      outer loop
         vertex -0.1159 -0.307944 -0.310426
         vertex -0.1159 -0.307031 -0.309051
         vertex -0.1159 -0.307474 -0.308611
      endloop
   endfacet
   facet normal 1 1.69007e-15 1.55165e-15
      outer loop
         vertex -0.1159 -0.305829 -0.309287
         vertex -0.1159 -0.306454 -0.309288
         vertex -0.1159 -0.306771 -0.310907
      endloop
   endfacet
   facet normal 1 1.69007e-15 1.55165e-15
      outer loop
         vertex -0.1159 -0.302957 -0.308343
         vertex -0.1159 -0.30296 -0.307075
         vertex -0.1159 -0.304578 -0.307402
      endloop
   endfacet
   facet normal 1 1.69007e-15 1.55165e-15
      outer loop
         vertex -0.1159 -0.30296 -0.307075
         vertex -0.1159 -0.303449 -0.305905
         vertex -0.1159 -0.304818 -0.306826
      endloop
   endfacet
   facet normal 1 1.69007e-15 1.55165e-15
      outer loop
         vertex -0.1159 -0.307039 -0.30639
         vertex -0.1159 -0.306463 -0.30615
         vertex -0.1159 -0.306789 -0.304532
      endloop
   endfacet
   facet normal 1 1.69007e-15 1.55165e-15
      outer loop
         vertex -0.1159 -0.307716 -0.30741
         vertex -0.1159 -0.307479 -0.306833
         vertex -0.1159 -0.308853 -0.30592
      endloop
   endfacet
   facet normal 1 1.69007e-15 1.55165e-15
      outer loop
         vertex -0.1159 -0.309332 -0.308361
         vertex -0.1159 -0.307714 -0.308035
         vertex -0.1159 -0.307716 -0.30741
      endloop
   endfacet
   facet normal 1 1.69007e-15 1.55165e-15
      outer loop
         vertex -0.1159 -0.309332 -0.308361
         vertex -0.1159 -0.308843 -0.309531
         vertex -0.1159 -0.307474 -0.308611
      endloop
   endfacet
   facet normal 1 1.69007e-15 1.55165e-15
      outer loop
         vertex -0.1159 -0.307031 -0.309051
         vertex -0.1159 -0.307944 -0.310426
         vertex -0.1159 -0.306771 -0.310907
      endloop
   endfacet
   facet normal 1 1.69007e-15 1.55165e-15
      outer loop
         vertex -0.1159 -0.305503 -0.310904
         vertex -0.1159 -0.304333 -0.310415
         vertex -0.1159 -0.305253 -0.309046
      endloop
   endfacet
   facet normal 1 1.69007e-15 1.55165e-15
      outer loop
         vertex -0.1159 -0.304818 -0.306826
         vertex -0.1159 -0.304578 -0.307402
         vertex -0.1159 -0.30296 -0.307075
      endloop
   endfacet
   facet normal 1 1.69007e-15 1.55165e-15
      outer loop
         vertex -0.1159 -0.307039 -0.30639
         vertex -0.1159 -0.307959 -0.305021
         vertex -0.1159 -0.308853 -0.30592
      endloop
   endfacet
   facet normal 1 1.69007e-15 1.55165e-15
      outer loop
         vertex -0.1159 -0.307474 -0.308611
         vertex -0.1159 -0.307714 -0.308035
         vertex -0.1159 -0.309332 -0.308361
      endloop
   endfacet
   facet normal 1 1.69007e-15 1.55165e-15
      outer loop
         vertex -0.1159 -0.305253 -0.309046
         vertex -0.1159 -0.305829 -0.309287
         vertex -0.1159 -0.305503 -0.310904
      endloop
   endfacet
   facet normal 1 1.69007e-15 1.55165e-15
      outer loop
         vertex -0.1159 -0.304818 -0.306826
         vertex -0.1159 -0.303449 -0.305905
         vertex -0.1159 -0.304348 -0.305011
      endloop
   endfacet
   facet normal 1 1.69007e-15 1.55165e-15
      outer loop
         vertex -0.1159 -0.307474 -0.308611
         vertex -0.1159 -0.308843 -0.309531
         vertex -0.1159 -0.307944 -0.310426
      endloop
   endfacet
   facet normal 1 1.69007e-15 1.55165e-15
      outer loop
         vertex -0.1159 -0.303439 -0.309516
         vertex -0.1159 -0.304813 -0.308603
         vertex -0.1159 -0.305253 -0.309046
      endloop
   endfacet
   facet normal 1 1.69007e-15 1.55165e-15
      outer loop
         vertex -0.1159 -0.302957 -0.308343
         vertex -0.1159 -0.304576 -0.308026
         vertex -0.1159 -0.304813 -0.308603
      endloop
   endfacet
   facet normal 1 1.69007e-15 1.55165e-15
      outer loop
         vertex -0.1159 -0.307716 -0.30741
         vertex -0.1159 -0.309335 -0.307093
         vertex -0.1159 -0.309332 -0.308361
      endloop
   endfacet
   facet normal 1 1.69007e-15 1.55165e-15
      outer loop
         vertex -0.1159 -0.304813 -0.308603
         vertex -0.1159 -0.303439 -0.309516
         vertex -0.1159 -0.302957 -0.308343
      endloop
   endfacet
   facet normal 1 1.69007e-15 1.55165e-15
      outer loop
         vertex -0.1159 -0.305253 -0.309046
         vertex -0.1159 -0.304333 -0.310415
         vertex -0.1159 -0.303439 -0.309516
      endloop
   endfacet
   facet normal 1 1.69007e-15 1.55165e-15
      outer loop
         vertex -0.1159 -0.304578 -0.307402
         vertex -0.1159 -0.304576 -0.308026
         vertex -0.1159 -0.302957 -0.308343
      endloop
   endfacet
   facet normal -5.49469e-16 0.833032 -0.553225
      outer loop
         vertex -0.1159 -0.308853 -0.30592
         vertex -0.1159 -0.307959 -0.305021
         vertex -0.1129 -0.307959 -0.305021
      endloop
   endfacet
   facet normal -1.36009e-15 0.981331 -0.192326
      outer loop
         vertex -0.1159 -0.309335 -0.307093
         vertex -0.1159 -0.308853 -0.30592
         vertex -0.1129 -0.308867 -0.305954
      endloop
   endfacet
   facet normal -5.49469e-16 0.833032 -0.553225
      outer loop
         vertex -0.1159 -0.308853 -0.30592
         vertex -0.1129 -0.308853 -0.30592
         vertex -0.1129 -0.308867 -0.305954
      endloop
   endfacet
   facet normal -1.96366e-15 0.980232 0.197853
      outer loop
         vertex -0.1159 -0.309332 -0.308361
         vertex -0.1159 -0.309335 -0.307093
         vertex -0.1129 -0.309335 -0.307093
      endloop
   endfacet
   facet normal -2.26827e-15 0.829901 0.557911
      outer loop
         vertex -0.1159 -0.308843 -0.309531
         vertex -0.1159 -0.309332 -0.308361
         vertex -0.1129 -0.309332 -0.308361
      endloop
   endfacet
   facet normal -2.22756e-15 0.553225 0.833032
      outer loop
         vertex -0.1159 -0.307944 -0.310426
         vertex -0.1159 -0.308843 -0.309531
         vertex -0.1129 -0.308843 -0.309531
      endloop
   endfacet
   facet normal -1.84772e-15 0.192326 0.981331
      outer loop
         vertex -0.1159 -0.306771 -0.310907
         vertex -0.1159 -0.307944 -0.310426
         vertex -0.1129 -0.307944 -0.310426
      endloop
   endfacet
   facet normal -1.18659e-15 -0.197853 0.980232
      outer loop
         vertex -0.1159 -0.305503 -0.310904
         vertex -0.1159 -0.306771 -0.310907
         vertex -0.1129 -0.306771 -0.310907
      endloop
   endfacet
   facet normal -3.44807e-16 -0.557911 0.829901
      outer loop
         vertex -0.1159 -0.304333 -0.310415
         vertex -0.1159 -0.305503 -0.310904
         vertex -0.1129 -0.305503 -0.310904
      endloop
   endfacet
   facet normal 5.49469e-16 -0.833032 0.553225
      outer loop
         vertex -0.1159 -0.303439 -0.309516
         vertex -0.1159 -0.304333 -0.310415
         vertex -0.1129 -0.303984 -0.310065
      endloop
   endfacet
   facet normal -3.44807e-16 -0.557911 0.829901
      outer loop
         vertex -0.1159 -0.304333 -0.310415
         vertex -0.1129 -0.304333 -0.310415
         vertex -0.1129 -0.303984 -0.310065
      endloop
   endfacet
   facet normal 1.36009e-15 -0.981331 0.192326
      outer loop
         vertex -0.1159 -0.302957 -0.308343
         vertex -0.1159 -0.303439 -0.309516
         vertex -0.1129 -0.303439 -0.309516
      endloop
   endfacet
   facet normal 1.36009e-15 -0.981331 0.192326
      outer loop
         vertex -0.1159 -0.302957 -0.308343
         vertex -0.1129 -0.302957 -0.308343
         vertex -0.1129 -0.302959 -0.307662
      endloop
   endfacet
   facet normal 1.71696e-15 -0.999847 -0.0174979
      outer loop
         vertex -0.1129 -0.302959 -0.307662
         vertex -0.1159 -0.30296 -0.307075
         vertex -0.1159 -0.302957 -0.308343
      endloop
   endfacet
   facet normal 2.26827e-15 -0.829901 -0.557911
      outer loop
         vertex -0.1159 -0.303449 -0.305905
         vertex -0.1159 -0.30296 -0.307075
         vertex -0.1129 -0.30296 -0.307075
      endloop
   endfacet
   facet normal 2.22756e-15 -0.553225 -0.833032
      outer loop
         vertex -0.1159 -0.304348 -0.305011
         vertex -0.1159 -0.303449 -0.305905
         vertex -0.1129 -0.303449 -0.305905
      endloop
   endfacet
   facet normal 1.84772e-15 -0.192326 -0.981331
      outer loop
         vertex -0.1159 -0.305521 -0.304529
         vertex -0.1159 -0.304348 -0.305011
         vertex -0.1129 -0.304891 -0.304788
      endloop
   endfacet
   facet normal 2.22756e-15 -0.553225 -0.833032
      outer loop
         vertex -0.1159 -0.304348 -0.305011
         vertex -0.1129 -0.304348 -0.305011
         vertex -0.1129 -0.304891 -0.304788
      endloop
   endfacet
   facet normal 1.84772e-15 -0.192326 -0.981331
      outer loop
         vertex -0.1159 -0.305521 -0.304529
         vertex -0.1129 -0.305521 -0.304529
         vertex -0.1129 -0.306752 -0.304532
      endloop
   endfacet
   facet normal 1.20842e-15 0.186905 -0.982378
      outer loop
         vertex -0.1129 -0.306752 -0.304532
         vertex -0.1159 -0.306789 -0.304532
         vertex -0.1159 -0.305521 -0.304529
      endloop
   endfacet
   facet normal 1.18659e-15 0.197853 -0.980232
      outer loop
         vertex -0.1159 -0.306789 -0.304532
         vertex -0.1129 -0.306789 -0.304532
         vertex -0.1129 -0.307503 -0.30483
      endloop
   endfacet
   facet normal 6.85753e-16 0.425211 -0.905094
      outer loop
         vertex -0.1129 -0.307503 -0.30483
         vertex -0.1159 -0.307959 -0.305021
         vertex -0.1159 -0.306789 -0.304532
      endloop
   endfacet
   facet normal 6.85753e-16 0.425211 -0.905094
      outer loop
         vertex -0.1129 -0.307503 -0.30483
         vertex -0.1129 -0.307959 -0.305021
         vertex -0.1159 -0.307959 -0.305021
      endloop
   endfacet
   facet normal 1.20842e-15 0.186905 -0.982378
      outer loop
         vertex -0.1129 -0.306752 -0.304532
         vertex -0.1129 -0.306789 -0.304532
         vertex -0.1159 -0.306789 -0.304532
      endloop
   endfacet
   facet normal 2.09163e-15 -0.393616 -0.919275
      outer loop
         vertex -0.1129 -0.304891 -0.304788
         vertex -0.1129 -0.305521 -0.304529
         vertex -0.1159 -0.305521 -0.304529
      endloop
   endfacet
   facet normal 2.26827e-15 -0.829901 -0.557911
      outer loop
         vertex -0.1129 -0.303449 -0.305905
         vertex -0.1129 -0.304348 -0.305011
         vertex -0.1159 -0.304348 -0.305011
      endloop
   endfacet
   facet normal 1.96366e-15 -0.980232 -0.197853
      outer loop
         vertex -0.1129 -0.30296 -0.307075
         vertex -0.1129 -0.303449 -0.305905
         vertex -0.1159 -0.303449 -0.305905
      endloop
   endfacet
   facet normal 1.71696e-15 -0.999847 -0.0174979
      outer loop
         vertex -0.1129 -0.302959 -0.307662
         vertex -0.1129 -0.30296 -0.307075
         vertex -0.1159 -0.30296 -0.307075
      endloop
   endfacet
   facet normal 5.49469e-16 -0.833032 0.553225
      outer loop
         vertex -0.1129 -0.303439 -0.309516
         vertex -0.1129 -0.302957 -0.308343
         vertex -0.1159 -0.302957 -0.308343
      endloop
   endfacet
   facet normal 4.16011e-18 -0.677632 0.735401
      outer loop
         vertex -0.1129 -0.303984 -0.310065
         vertex -0.1129 -0.303439 -0.309516
         vertex -0.1159 -0.303439 -0.309516
      endloop
   endfacet
   facet normal -1.18659e-15 -0.197853 0.980232
      outer loop
         vertex -0.1129 -0.305503 -0.310904
         vertex -0.1129 -0.304333 -0.310415
         vertex -0.1159 -0.304333 -0.310415
      endloop
   endfacet
   facet normal -1.84772e-15 0.192326 0.981331
      outer loop
         vertex -0.1129 -0.306771 -0.310907
         vertex -0.1129 -0.305503 -0.310904
         vertex -0.1159 -0.305503 -0.310904
      endloop
   endfacet
   facet normal -2.22756e-15 0.553225 0.833032
      outer loop
         vertex -0.1129 -0.307944 -0.310426
         vertex -0.1129 -0.306771 -0.310907
         vertex -0.1159 -0.306771 -0.310907
      endloop
   endfacet
   facet normal -2.26827e-15 0.829901 0.557911
      outer loop
         vertex -0.1129 -0.308843 -0.309531
         vertex -0.1129 -0.307944 -0.310426
         vertex -0.1159 -0.307944 -0.310426
      endloop
   endfacet
   facet normal -1.96366e-15 0.980232 0.197853
      outer loop
         vertex -0.1129 -0.309332 -0.308361
         vertex -0.1129 -0.308843 -0.309531
         vertex -0.1159 -0.308843 -0.309531
      endloop
   endfacet
   facet normal -1.36009e-15 0.981331 -0.192326
      outer loop
         vertex -0.1129 -0.309335 -0.307093
         vertex -0.1129 -0.309332 -0.308361
         vertex -0.1159 -0.309332 -0.308361
      endloop
   endfacet
   facet normal -5.74286e-16 0.839152 -0.543897
      outer loop
         vertex -0.1129 -0.308867 -0.305954
         vertex -0.1129 -0.309335 -0.307093
         vertex -0.1159 -0.309335 -0.307093
      endloop
   endfacet
   facet normal 3.44807e-16 0.557911 -0.829901
      outer loop
         vertex -0.1129 -0.307959 -0.305021
         vertex -0.1129 -0.308853 -0.30592
         vertex -0.1159 -0.308853 -0.30592
      endloop
   endfacet
endsolid Foot. Units = meters