solid Align bar. STL generated by ONSHAPE BY PTC INC, 1.212. Units = meters
   facet normal 1.82511e-15 -0.763649 0.645632
      outer loop
         vertex -0.155 -0.222656 -0.138165
         vertex -0.158038 -0.217921 -0.132565
         vertex -0.160613 -0.219032 -0.133879
      endloop
   endfacet
   facet normal 1.82511e-15 -0.763649 0.645632
      outer loop
         vertex -0.160613 -0.219032 -0.133879
         vertex -0.162333 -0.220694 -0.135846
         vertex -0.155 -0.222656 -0.138165
      endloop
   endfacet
   facet normal 1.82511e-15 -0.763649 0.645632
      outer loop
         vertex -0.162333 -0.220694 -0.135846
         vertex -0.162938 -0.222656 -0.138165
         vertex -0.155 -0.222656 -0.138165
      endloop
   endfacet
   facet normal 1.82511e-15 -0.763649 0.645632
      outer loop
         vertex -0.162938 -0.222656 -0.138165
         vertex -0.162333 -0.224617 -0.140485
         vertex -0.155 -0.222656 -0.138165
      endloop
   endfacet
   facet normal 1.82511e-15 -0.763649 0.645632
      outer loop
         vertex -0.162333 -0.224617 -0.140485
         vertex -0.160613 -0.226279 -0.142452
         vertex -0.155 -0.222656 -0.138165
      endloop
   endfacet
   facet normal 1.82511e-15 -0.763649 0.645632
      outer loop
         vertex -0.160613 -0.226279 -0.142452
         vertex -0.158038 -0.22739 -0.143766
         vertex -0.155 -0.222656 -0.138165
      endloop
   endfacet
   facet normal 1.82511e-15 -0.763649 0.645632
      outer loop
         vertex -0.158038 -0.22739 -0.143766
         vertex -0.155 -0.22778 -0.144227
         vertex -0.155 -0.222656 -0.138165
      endloop
   endfacet
   facet normal 1.82511e-15 -0.763649 0.645632
      outer loop
         vertex -0.155 -0.22778 -0.144227
         vertex -0.151962 -0.22739 -0.143766
         vertex -0.155 -0.222656 -0.138165
      endloop
   endfacet
   facet normal 1.82511e-15 -0.763649 0.645632
      outer loop
         vertex -0.151962 -0.22739 -0.143766
         vertex -0.149387 -0.226279 -0.142452
         vertex -0.155 -0.222656 -0.138165
      endloop
   endfacet
   facet normal 1.82511e-15 -0.763649 0.645632
      outer loop
         vertex -0.149387 -0.226279 -0.142452
         vertex -0.147667 -0.224617 -0.140485
         vertex -0.155 -0.222656 -0.138165
      endloop
   endfacet
   facet normal 1.82511e-15 -0.763649 0.645632
      outer loop
         vertex -0.147667 -0.224617 -0.140485
         vertex -0.147063 -0.222656 -0.138165
         vertex -0.155 -0.222656 -0.138165
      endloop
   endfacet
   facet normal 1.82511e-15 -0.763649 0.645632
      outer loop
         vertex -0.147063 -0.222656 -0.138165
         vertex -0.147667 -0.220694 -0.135846
         vertex -0.155 -0.222656 -0.138165
      endloop
   endfacet
   facet normal 1.82511e-15 -0.763649 0.645632
      outer loop
         vertex -0.147667 -0.220694 -0.135846
         vertex -0.149387 -0.219032 -0.133879
         vertex -0.155 -0.222656 -0.138165
      endloop
   endfacet
   facet normal 1.82511e-15 -0.763649 0.645632
      outer loop
         vertex -0.149387 -0.219032 -0.133879
         vertex -0.151962 -0.217921 -0.132565
         vertex -0.155 -0.222656 -0.138165
      endloop
   endfacet
   facet normal 1.82511e-15 -0.763649 0.645632
      outer loop
         vertex -0.151962 -0.217921 -0.132565
         vertex -0.155 -0.217531 -0.132104
         vertex -0.155 -0.222656 -0.138165
      endloop
   endfacet
   facet normal 1.82511e-15 -0.763649 0.645632
      outer loop
         vertex -0.155 -0.217531 -0.132104
         vertex -0.158038 -0.217921 -0.132565
         vertex -0.155 -0.222656 -0.138165
      endloop
   endfacet
   facet normal 0.382683 -0.596486 -0.70552
      outer loop
         vertex -0.158038 -0.217921 -0.132565
         vertex -0.155 -0.217531 -0.132104
         vertex -0.155 -0.4065 0.027661
      endloop
   endfacet
   facet normal 0.707107 -0.45653 -0.539981
      outer loop
         vertex -0.160613 -0.219032 -0.133879
         vertex -0.158038 -0.217921 -0.132565
         vertex -0.158038 -0.40689 0.0271996
      endloop
   endfacet
   facet normal 0.92388 -0.247072 -0.292236
      outer loop
         vertex -0.162333 -0.220694 -0.135846
         vertex -0.160613 -0.219032 -0.133879
         vertex -0.160613 -0.408001 0.0258856
      endloop
   endfacet
   facet normal 1 -7.18172e-15 -1.13214e-14
      outer loop
         vertex -0.162938 -0.222656 -0.138165
         vertex -0.162333 -0.220694 -0.135846
         vertex -0.162333 -0.409663 0.0239191
      endloop
   endfacet
   facet normal 0.92388 0.247072 0.292236
      outer loop
         vertex -0.162333 -0.224617 -0.140485
         vertex -0.162938 -0.222656 -0.138165
         vertex -0.162938 -0.411625 0.0215995
      endloop
   endfacet
   facet normal 0.707107 0.45653 0.539981
      outer loop
         vertex -0.160613 -0.226279 -0.142452
         vertex -0.162333 -0.224617 -0.140485
         vertex -0.162333 -0.413586 0.0192799
      endloop
   endfacet
   facet normal 0.382683 0.596486 0.70552
      outer loop
         vertex -0.158038 -0.22739 -0.143766
         vertex -0.160613 -0.226279 -0.142452
         vertex -0.160613 -0.415248 0.0173134
      endloop
   endfacet
   facet normal -1.75551e-15 0.645632 0.763649
      outer loop
         vertex -0.155 -0.22778 -0.144227
         vertex -0.158038 -0.22739 -0.143766
         vertex -0.158038 -0.416359 0.0159995
      endloop
   endfacet
   facet normal -0.382683 0.596486 0.70552
      outer loop
         vertex -0.151962 -0.22739 -0.143766
         vertex -0.155 -0.22778 -0.144227
         vertex -0.155 -0.416749 0.0155381
      endloop
   endfacet
   facet normal -0.707107 0.45653 0.539981
      outer loop
         vertex -0.149387 -0.226279 -0.142452
         vertex -0.151962 -0.22739 -0.143766
         vertex -0.151962 -0.416359 0.0159995
      endloop
   endfacet
   facet normal -0.92388 0.247072 0.292236
      outer loop
         vertex -0.147667 -0.224617 -0.140485
         vertex -0.149387 -0.226279 -0.142452
         vertex -0.149387 -0.415248 0.0173134
      endloop
   endfacet
   facet normal -1 -8.07863e-15 -6.72849e-15
      outer loop
         vertex -0.147063 -0.222656 -0.138165
         vertex -0.147667 -0.224617 -0.140485
         vertex -0.147667 -0.413586 0.0192799
      endloop
   endfacet
   facet normal -0.92388 -0.247072 -0.292236
      outer loop
         vertex -0.147667 -0.220694 -0.135846
         vertex -0.147063 -0.222656 -0.138165
         vertex -0.147063 -0.411625 0.0215995
      endloop
   endfacet
   facet normal -0.707107 -0.45653 -0.539981
      outer loop
         vertex -0.149387 -0.219032 -0.133879
         vertex -0.147667 -0.220694 -0.135846
         vertex -0.147667 -0.409663 0.0239191
      endloop
   endfacet
   facet normal -0.382683 -0.596486 -0.70552
      outer loop
         vertex -0.151962 -0.217921 -0.132565
         vertex -0.149387 -0.219032 -0.133879
         vertex -0.149387 -0.408001 0.0258856
      endloop
   endfacet
   facet normal 3.59351e-14 -0.645632 -0.763649
      outer loop
         vertex -0.155 -0.217531 -0.132104
         vertex -0.151962 -0.217921 -0.132565
         vertex -0.151962 -0.40689 0.0271996
      endloop
   endfacet
   facet normal -0.382683 -0.596486 -0.70552
      outer loop
         vertex -0.151962 -0.40689 0.0271996
         vertex -0.155 -0.4065 0.027661
         vertex -0.155 -0.217531 -0.132104
      endloop
   endfacet
   facet normal -0.707107 -0.45653 -0.539981
      outer loop
         vertex -0.149387 -0.408001 0.0258856
         vertex -0.151962 -0.40689 0.0271996
         vertex -0.151962 -0.217921 -0.132565
      endloop
   endfacet
   facet normal -0.92388 -0.247072 -0.292236
      outer loop
         vertex -0.147667 -0.409663 0.0239191
         vertex -0.149387 -0.408001 0.0258856
         vertex -0.149387 -0.219032 -0.133879
      endloop
   endfacet
   facet normal -1 -8.07863e-15 -6.72849e-15
      outer loop
         vertex -0.147063 -0.411625 0.0215995
         vertex -0.147667 -0.409663 0.0239191
         vertex -0.147667 -0.220694 -0.135846
      endloop
   endfacet
   facet normal -0.92388 0.247072 0.292236
      outer loop
         vertex -0.147667 -0.413586 0.0192799
         vertex -0.147063 -0.411625 0.0215995
         vertex -0.147063 -0.222656 -0.138165
      endloop
   endfacet
   facet normal -0.707107 0.45653 0.539981
      outer loop
         vertex -0.149387 -0.415248 0.0173134
         vertex -0.147667 -0.413586 0.0192799
         vertex -0.147667 -0.224617 -0.140485
      endloop
   endfacet
   facet normal -0.382683 0.596486 0.70552
      outer loop
         vertex -0.151962 -0.416359 0.0159995
         vertex -0.149387 -0.415248 0.0173134
         vertex -0.149387 -0.226279 -0.142452
      endloop
   endfacet
   facet normal -1.75551e-15 0.645632 0.763649
      outer loop
         vertex -0.155 -0.416749 0.0155381
         vertex -0.151962 -0.416359 0.0159995
         vertex -0.151962 -0.22739 -0.143766
      endloop
   endfacet
   facet normal 0.382683 0.596486 0.70552
      outer loop
         vertex -0.158038 -0.416359 0.0159995
         vertex -0.155 -0.416749 0.0155381
         vertex -0.155 -0.22778 -0.144227
      endloop
   endfacet
   facet normal 0.707107 0.45653 0.539981
      outer loop
         vertex -0.160613 -0.415248 0.0173134
         vertex -0.158038 -0.416359 0.0159995
         vertex -0.158038 -0.22739 -0.143766
      endloop
   endfacet
   facet normal 0.92388 0.247072 0.292236
      outer loop
         vertex -0.162333 -0.413586 0.0192799
         vertex -0.160613 -0.415248 0.0173134
         vertex -0.160613 -0.226279 -0.142452
      endloop
   endfacet
   facet normal 1 -7.18172e-15 -1.13214e-14
      outer loop
         vertex -0.162938 -0.411625 0.0215995
         vertex -0.162333 -0.413586 0.0192799
         vertex -0.162333 -0.224617 -0.140485
      endloop
   endfacet
   facet normal 0.92388 -0.247072 -0.292236
      outer loop
         vertex -0.162333 -0.409663 0.0239191
         vertex -0.162938 -0.411625 0.0215995
         vertex -0.162938 -0.222656 -0.138165
      endloop
   endfacet
   facet normal 0.707107 -0.45653 -0.539981
      outer loop
         vertex -0.160613 -0.408001 0.0258856
         vertex -0.162333 -0.409663 0.0239191
         vertex -0.162333 -0.220694 -0.135846
      endloop
   endfacet
   facet normal 0.382683 -0.596486 -0.70552
      outer loop
         vertex -0.158038 -0.40689 0.0271996
         vertex -0.160613 -0.408001 0.0258856
         vertex -0.160613 -0.219032 -0.133879
      endloop
   endfacet
   facet normal 3.59351e-14 -0.645632 -0.763649
      outer loop
         vertex -0.155 -0.4065 0.027661
         vertex -0.158038 -0.40689 0.0271996
         vertex -0.158038 -0.217921 -0.132565
      endloop
   endfacet
   facet normal -1.82511e-15 0.763649 -0.645632
      outer loop
         vertex -0.149387 -0.415248 0.0173134
         vertex -0.151962 -0.416359 0.0159995
         vertex -0.153751 -0.413571 0.0192968
      endloop
   endfacet
   facet normal -1.82511e-15 0.763649 -0.645632
      outer loop
         vertex -0.151962 -0.416359 0.0159995
         vertex -0.155 -0.416749 0.0155381
         vertex -0.155 -0.413732 0.019107
      endloop
   endfacet
   facet normal -1.82511e-15 0.763649 -0.645632
      outer loop
         vertex -0.147667 -0.413586 0.0192799
         vertex -0.149387 -0.415248 0.0173134
         vertex -0.152692 -0.413115 0.0198371
      endloop
   endfacet
   facet normal -1.82511e-15 0.763649 -0.645632
      outer loop
         vertex -0.155 -0.413732 0.019107
         vertex -0.153751 -0.413571 0.0192968
         vertex -0.151962 -0.416359 0.0159995
      endloop
   endfacet
   facet normal -1.82511e-15 0.763649 -0.645632
      outer loop
         vertex -0.162333 -0.409663 0.0239191
         vertex -0.158015 -0.410818 0.0225533
         vertex -0.158264 -0.411625 0.0215995
      endloop
   endfacet
   facet normal -1.82511e-15 0.763649 -0.645632
      outer loop
         vertex -0.160613 -0.408001 0.0258856
         vertex -0.157308 -0.410135 0.023362
         vertex -0.158015 -0.410818 0.0225533
      endloop
   endfacet
   facet normal -1.82511e-15 0.763649 -0.645632
      outer loop
         vertex -0.147063 -0.411625 0.0215995
         vertex -0.147667 -0.413586 0.0192799
         vertex -0.151985 -0.412431 0.0206457
      endloop
   endfacet
   facet normal -1.82511e-15 0.763649 -0.645632
      outer loop
         vertex -0.153751 -0.413571 0.0192968
         vertex -0.152692 -0.413115 0.0198371
         vertex -0.149387 -0.415248 0.0173134
      endloop
   endfacet
   facet normal -1.82511e-15 0.763649 -0.645632
      outer loop
         vertex -0.158038 -0.416359 0.0159995
         vertex -0.156249 -0.413571 0.0192968
         vertex -0.155 -0.413732 0.019107
      endloop
   endfacet
   facet normal -1.82511e-15 0.763649 -0.645632
      outer loop
         vertex -0.160613 -0.415248 0.0173134
         vertex -0.157308 -0.413115 0.0198371
         vertex -0.156249 -0.413571 0.0192968
      endloop
   endfacet
   facet normal -1.82511e-15 0.763649 -0.645632
      outer loop
         vertex -0.158015 -0.410818 0.0225533
         vertex -0.162333 -0.409663 0.0239191
         vertex -0.160613 -0.408001 0.0258856
      endloop
   endfacet
   facet normal -1.82511e-15 0.763649 -0.645632
      outer loop
         vertex -0.160613 -0.408001 0.0258856
         vertex -0.158038 -0.40689 0.0271996
         vertex -0.156249 -0.409678 0.0239023
      endloop
   endfacet
   facet normal -1.82511e-15 0.763649 -0.645632
      outer loop
         vertex -0.151962 -0.40689 0.0271996
         vertex -0.149387 -0.408001 0.0258856
         vertex -0.152692 -0.410135 0.023362
      endloop
   endfacet
   facet normal -1.82511e-15 0.763649 -0.645632
      outer loop
         vertex -0.149387 -0.408001 0.0258856
         vertex -0.147667 -0.409663 0.0239191
         vertex -0.151985 -0.410818 0.0225533
      endloop
   endfacet
   facet normal -1.82511e-15 0.763649 -0.645632
      outer loop
         vertex -0.147667 -0.409663 0.0239191
         vertex -0.147063 -0.411625 0.0215995
         vertex -0.151736 -0.411625 0.0215995
      endloop
   endfacet
   facet normal -1.82511e-15 0.763649 -0.645632
      outer loop
         vertex -0.152692 -0.413115 0.0198371
         vertex -0.151985 -0.412431 0.0206457
         vertex -0.147667 -0.413586 0.0192799
      endloop
   endfacet
   facet normal -1.82511e-15 0.763649 -0.645632
      outer loop
         vertex -0.156249 -0.413571 0.0192968
         vertex -0.158038 -0.416359 0.0159995
         vertex -0.160613 -0.415248 0.0173134
      endloop
   endfacet
   facet normal -1.82511e-15 0.763649 -0.645632
      outer loop
         vertex -0.162333 -0.413586 0.0192799
         vertex -0.158015 -0.412431 0.0206457
         vertex -0.157308 -0.413115 0.0198371
      endloop
   endfacet
   facet normal -1.82511e-15 0.763649 -0.645632
      outer loop
         vertex -0.162938 -0.411625 0.0215995
         vertex -0.158264 -0.411625 0.0215995
         vertex -0.158015 -0.412431 0.0206457
      endloop
   endfacet
   facet normal -1.82511e-15 0.763649 -0.645632
      outer loop
         vertex -0.156249 -0.409678 0.0239023
         vertex -0.157308 -0.410135 0.023362
         vertex -0.160613 -0.408001 0.0258856
      endloop
   endfacet
   facet normal -1.82511e-15 0.763649 -0.645632
      outer loop
         vertex -0.151985 -0.410818 0.0225533
         vertex -0.152692 -0.410135 0.023362
         vertex -0.149387 -0.408001 0.0258856
      endloop
   endfacet
   facet normal -1.82511e-15 0.763649 -0.645632
      outer loop
         vertex -0.151985 -0.412431 0.0206457
         vertex -0.151736 -0.411625 0.0215995
         vertex -0.147063 -0.411625 0.0215995
      endloop
   endfacet
   facet normal -1.82511e-15 0.763649 -0.645632
      outer loop
         vertex -0.157308 -0.413115 0.0198371
         vertex -0.160613 -0.415248 0.0173134
         vertex -0.162333 -0.413586 0.0192799
      endloop
   endfacet
   facet normal -1.82511e-15 0.763649 -0.645632
      outer loop
         vertex -0.158264 -0.411625 0.0215995
         vertex -0.162938 -0.411625 0.0215995
         vertex -0.162333 -0.409663 0.0239191
      endloop
   endfacet
   facet normal -1.82511e-15 0.763649 -0.645632
      outer loop
         vertex -0.151962 -0.40689 0.0271996
         vertex -0.153751 -0.409678 0.0239023
         vertex -0.155 -0.409517 0.024092
      endloop
   endfacet
   facet normal -1.82511e-15 0.763649 -0.645632
      outer loop
         vertex -0.151736 -0.411625 0.0215995
         vertex -0.151985 -0.410818 0.0225533
         vertex -0.147667 -0.409663 0.0239191
      endloop
   endfacet
   facet normal -1.82511e-15 0.763649 -0.645632
      outer loop
         vertex -0.158015 -0.412431 0.0206457
         vertex -0.162333 -0.413586 0.0192799
         vertex -0.162938 -0.411625 0.0215995
      endloop
   endfacet
   facet normal -1.82511e-15 0.763649 -0.645632
      outer loop
         vertex -0.155 -0.4065 0.027661
         vertex -0.155 -0.409517 0.024092
         vertex -0.156249 -0.409678 0.0239023
      endloop
   endfacet
   facet normal -1.82511e-15 0.763649 -0.645632
      outer loop
         vertex -0.152692 -0.410135 0.023362
         vertex -0.153751 -0.409678 0.0239023
         vertex -0.151962 -0.40689 0.0271996
      endloop
   endfacet
   facet normal -1.82511e-15 0.763649 -0.645632
      outer loop
         vertex -0.156249 -0.409678 0.0239023
         vertex -0.158038 -0.40689 0.0271996
         vertex -0.155 -0.4065 0.027661
      endloop
   endfacet
   facet normal -1.82511e-15 0.763649 -0.645632
      outer loop
         vertex -0.155 -0.413732 0.019107
         vertex -0.155 -0.416749 0.0155381
         vertex -0.158038 -0.416359 0.0159995
      endloop
   endfacet
   facet normal -1.82511e-15 0.763649 -0.645632
      outer loop
         vertex -0.155 -0.409517 0.024092
         vertex -0.155 -0.4065 0.027661
         vertex -0.151962 -0.40689 0.0271996
      endloop
   endfacet
   facet normal 1.78314e-16 -0.645632 -0.763649
      outer loop
         vertex -0.155 -0.409517 0.024092
         vertex -0.155637 -0.41784 0.0310461
         vertex -0.156249 -0.41786 0.0308203
      endloop
   endfacet
   facet normal 1.78314e-16 -0.645632 -0.763649
      outer loop
         vertex -0.155 -0.409517 0.024092
         vertex -0.155 -0.417833 0.0311224
         vertex -0.155637 -0.41784 0.0310461
      endloop
   endfacet
   facet normal 0.382683 -0.596486 -0.70552
      outer loop
         vertex -0.156249 -0.409678 0.0239023
         vertex -0.156813 -0.417894 0.0304537
         vertex -0.157308 -0.417939 0.0299602
      endloop
   endfacet
   facet normal 0.382683 -0.596486 -0.70552
      outer loop
         vertex -0.156249 -0.409678 0.0239023
         vertex -0.156249 -0.41786 0.0308203
         vertex -0.156813 -0.417894 0.0304537
      endloop
   endfacet
   facet normal 0.707107 -0.45653 -0.539981
      outer loop
         vertex -0.157308 -0.410135 0.023362
         vertex -0.157308 -0.417939 0.0299602
         vertex -0.158015 -0.418056 0.0286729
      endloop
   endfacet
   facet normal 0.92388 -0.247072 -0.292236
      outer loop
         vertex -0.158015 -0.410818 0.0225533
         vertex -0.158015 -0.418056 0.0286729
         vertex -0.158264 -0.418195 0.0271544
      endloop
   endfacet
   facet normal 1 4.4645e-14 -4.49107e-14
      outer loop
         vertex -0.158264 -0.411625 0.0215995
         vertex -0.158264 -0.418195 0.0271544
         vertex -0.158015 -0.418333 0.0256359
      endloop
   endfacet
   facet normal 0.92388 0.247072 0.292236
      outer loop
         vertex -0.158015 -0.412431 0.0206457
         vertex -0.158015 -0.418333 0.0256359
         vertex -0.157308 -0.418451 0.0243486
      endloop
   endfacet
   facet normal 0.707107 0.45653 0.539981
      outer loop
         vertex -0.157308 -0.413115 0.0198371
         vertex -0.156813 -0.418496 0.0238551
         vertex -0.156249 -0.418529 0.0234884
      endloop
   endfacet
   facet normal 0.707107 0.45653 0.539981
      outer loop
         vertex -0.157308 -0.413115 0.0198371
         vertex -0.157308 -0.418451 0.0243486
         vertex -0.156813 -0.418496 0.0238551
      endloop
   endfacet
   facet normal 0.382683 0.596486 0.70552
      outer loop
         vertex -0.156249 -0.413571 0.0192968
         vertex -0.155637 -0.41855 0.0232626
         vertex -0.155 -0.418557 0.0231864
      endloop
   endfacet
   facet normal 0.382683 0.596486 0.70552
      outer loop
         vertex -0.156249 -0.413571 0.0192968
         vertex -0.156249 -0.418529 0.0234884
         vertex -0.155637 -0.41855 0.0232626
      endloop
   endfacet
   facet normal -0.382683 0.596486 0.70552
      outer loop
         vertex -0.153751 -0.413571 0.0192968
         vertex -0.155 -0.413732 0.019107
         vertex -0.155 -0.418557 0.0231864
      endloop
   endfacet
   facet normal 3.53311e-15 0.645632 0.763649
      outer loop
         vertex -0.155 -0.418557 0.0231864
         vertex -0.154363 -0.41855 0.0232626
         vertex -0.153751 -0.413571 0.0192968
      endloop
   endfacet
   facet normal -0.707107 0.45653 0.539981
      outer loop
         vertex -0.152692 -0.413115 0.0198371
         vertex -0.153751 -0.413571 0.0192968
         vertex -0.153751 -0.418529 0.0234884
      endloop
   endfacet
   facet normal -0.382683 0.596486 0.70552
      outer loop
         vertex -0.153751 -0.418529 0.0234884
         vertex -0.153187 -0.418496 0.0238551
         vertex -0.152692 -0.413115 0.0198371
      endloop
   endfacet
   facet normal -0.92388 0.247072 0.292236
      outer loop
         vertex -0.151985 -0.412431 0.0206457
         vertex -0.152692 -0.413115 0.0198371
         vertex -0.152692 -0.418451 0.0243486
      endloop
   endfacet
   facet normal -1 -1.97848e-15 4.86728e-16
      outer loop
         vertex -0.151736 -0.411625 0.0215995
         vertex -0.151985 -0.412431 0.0206457
         vertex -0.151985 -0.418333 0.0256359
      endloop
   endfacet
   facet normal -0.92388 -0.247072 -0.292236
      outer loop
         vertex -0.151985 -0.410818 0.0225533
         vertex -0.151736 -0.411625 0.0215995
         vertex -0.151736 -0.418195 0.0271544
      endloop
   endfacet
   facet normal -0.707107 -0.45653 -0.539981
      outer loop
         vertex -0.152692 -0.410135 0.023362
         vertex -0.151985 -0.410818 0.0225533
         vertex -0.151985 -0.418056 0.0286729
      endloop
   endfacet
   facet normal -0.382683 -0.596486 -0.70552
      outer loop
         vertex -0.153751 -0.409678 0.0239023
         vertex -0.152692 -0.410135 0.023362
         vertex -0.152692 -0.417939 0.0299602
      endloop
   endfacet
   facet normal -0.707107 -0.45653 -0.539981
      outer loop
         vertex -0.152692 -0.417939 0.0299602
         vertex -0.153187 -0.417894 0.0304537
         vertex -0.153751 -0.409678 0.0239023
      endloop
   endfacet
   facet normal 1.78314e-16 -0.645632 -0.763649
      outer loop
         vertex -0.155 -0.409517 0.024092
         vertex -0.153751 -0.409678 0.0239023
         vertex -0.153751 -0.41786 0.0308203
      endloop
   endfacet
   facet normal -0.382683 -0.596486 -0.70552
      outer loop
         vertex -0.153751 -0.41786 0.0308203
         vertex -0.154363 -0.41784 0.0310461
         vertex -0.155 -0.409517 0.024092
      endloop
   endfacet
   facet normal -0.19509 -0.633226 -0.748976
      outer loop
         vertex -0.154363 -0.41784 0.0310461
         vertex -0.155 -0.417833 0.0311224
         vertex -0.155 -0.409517 0.024092
      endloop
   endfacet
   facet normal -0.55557 -0.536823 -0.634951
      outer loop
         vertex -0.153187 -0.417894 0.0304537
         vertex -0.153751 -0.41786 0.0308203
         vertex -0.153751 -0.409678 0.0239023
      endloop
   endfacet
   facet normal -0.92388 -0.247072 -0.292236
      outer loop
         vertex -0.151985 -0.418056 0.0286729
         vertex -0.152692 -0.417939 0.0299602
         vertex -0.152692 -0.410135 0.023362
      endloop
   endfacet
   facet normal -1 4.4645e-14 -3.85329e-14
      outer loop
         vertex -0.151736 -0.418195 0.0271544
         vertex -0.151985 -0.418056 0.0286729
         vertex -0.151985 -0.410818 0.0225533
      endloop
   endfacet
   facet normal -0.92388 0.247072 0.292236
      outer loop
         vertex -0.151985 -0.418333 0.0256359
         vertex -0.151736 -0.418195 0.0271544
         vertex -0.151736 -0.411625 0.0215995
      endloop
   endfacet
   facet normal -0.707107 0.45653 0.539981
      outer loop
         vertex -0.152692 -0.418451 0.0243486
         vertex -0.151985 -0.418333 0.0256359
         vertex -0.151985 -0.412431 0.0206457
      endloop
   endfacet
   facet normal -0.55557 0.536823 0.634951
      outer loop
         vertex -0.153187 -0.418496 0.0238551
         vertex -0.152692 -0.418451 0.0243486
         vertex -0.152692 -0.413115 0.0198371
      endloop
   endfacet
   facet normal -0.19509 0.633226 0.748976
      outer loop
         vertex -0.154363 -0.41855 0.0232626
         vertex -0.153751 -0.418529 0.0234884
         vertex -0.153751 -0.413571 0.0192968
      endloop
   endfacet
   facet normal 3.53311e-15 0.645632 0.763649
      outer loop
         vertex -0.155 -0.418557 0.0231864
         vertex -0.155 -0.413732 0.019107
         vertex -0.156249 -0.413571 0.0192968
      endloop
   endfacet
   facet normal 0.382683 0.596486 0.70552
      outer loop
         vertex -0.156249 -0.418529 0.0234884
         vertex -0.156249 -0.413571 0.0192968
         vertex -0.157308 -0.413115 0.0198371
      endloop
   endfacet
   facet normal 0.707107 0.45653 0.539981
      outer loop
         vertex -0.157308 -0.418451 0.0243486
         vertex -0.157308 -0.413115 0.0198371
         vertex -0.158015 -0.412431 0.0206457
      endloop
   endfacet
   facet normal 0.92388 0.247072 0.292236
      outer loop
         vertex -0.158015 -0.418333 0.0256359
         vertex -0.158015 -0.412431 0.0206457
         vertex -0.158264 -0.411625 0.0215995
      endloop
   endfacet
   facet normal 1 4.4645e-14 -4.49107e-14
      outer loop
         vertex -0.158264 -0.418195 0.0271544
         vertex -0.158264 -0.411625 0.0215995
         vertex -0.158015 -0.410818 0.0225533
      endloop
   endfacet
   facet normal 0.92388 -0.247072 -0.292236
      outer loop
         vertex -0.158015 -0.418056 0.0286729
         vertex -0.158015 -0.410818 0.0225533
         vertex -0.157308 -0.410135 0.023362
      endloop
   endfacet
   facet normal 0.707107 -0.45653 -0.539981
      outer loop
         vertex -0.157308 -0.417939 0.0299602
         vertex -0.157308 -0.410135 0.023362
         vertex -0.156249 -0.409678 0.0239023
      endloop
   endfacet
   facet normal 0.382683 -0.596486 -0.70552
      outer loop
         vertex -0.156249 -0.41786 0.0308203
         vertex -0.156249 -0.409678 0.0239023
         vertex -0.155 -0.409517 0.024092
      endloop
   endfacet
   facet normal 2.43172e-15 -0.995864 0.0908592
      outer loop
         vertex -0.150863 -0.416706 0.0434772
         vertex -0.153751 -0.41786 0.0308203
         vertex -0.153187 -0.417894 0.0304537
      endloop
   endfacet
   facet normal 2.43172e-15 -0.995864 0.0908592
      outer loop
         vertex -0.159138 -0.416706 0.0434772
         vertex -0.157308 -0.417939 0.0299602
         vertex -0.156813 -0.417894 0.0304537
      endloop
   endfacet
   facet normal 2.43172e-15 -0.995864 0.0908592
      outer loop
         vertex -0.150863 -0.416706 0.0434772
         vertex -0.154363 -0.41784 0.0310461
         vertex -0.153751 -0.41786 0.0308203
      endloop
   endfacet
   facet normal 2.43172e-15 -0.995864 0.0908592
      outer loop
         vertex -0.150863 -0.416706 0.0434772
         vertex -0.159138 -0.416706 0.0434772
         vertex -0.155 -0.417833 0.0311224
      endloop
   endfacet
   facet normal 2.43172e-15 -0.995864 0.0908592
      outer loop
         vertex -0.156813 -0.417894 0.0304537
         vertex -0.156249 -0.41786 0.0308203
         vertex -0.159138 -0.416706 0.0434772
      endloop
   endfacet
   facet normal 2.43172e-15 -0.995864 0.0908592
      outer loop
         vertex -0.152621 -0.419838 0.0091494
         vertex -0.154363 -0.41855 0.0232626
         vertex -0.155 -0.418557 0.0231864
      endloop
   endfacet
   facet normal 2.43172e-15 -0.995864 0.0908592
      outer loop
         vertex -0.155 -0.417833 0.0311224
         vertex -0.154363 -0.41784 0.0310461
         vertex -0.150863 -0.416706 0.0434772
      endloop
   endfacet
   facet normal 2.43172e-15 -0.995864 0.0908592
      outer loop
         vertex -0.156249 -0.41786 0.0308203
         vertex -0.155637 -0.41784 0.0310461
         vertex -0.159138 -0.416706 0.0434772
      endloop
   endfacet
   facet normal 2.43172e-15 -0.995864 0.0908592
      outer loop
         vertex -0.157379 -0.419838 0.0091494
         vertex -0.155 -0.419838 0.0091494
         vertex -0.155 -0.418557 0.0231864
      endloop
   endfacet
   facet normal 2.43172e-15 -0.995864 0.0908592
      outer loop
         vertex -0.155 -0.418557 0.0231864
         vertex -0.155 -0.419838 0.0091494
         vertex -0.152621 -0.419838 0.0091494
      endloop
   endfacet
   facet normal 2.43172e-15 -0.995864 0.0908592
      outer loop
         vertex -0.150863 -0.419809 0.00946575
         vertex -0.152692 -0.418451 0.0243486
         vertex -0.153187 -0.418496 0.0238551
      endloop
   endfacet
   facet normal 2.43172e-15 -0.995864 0.0908592
      outer loop
         vertex -0.155637 -0.41784 0.0310461
         vertex -0.155 -0.417833 0.0311224
         vertex -0.159138 -0.416706 0.0434772
      endloop
   endfacet
   facet normal 2.43172e-15 -0.995864 0.0908592
      outer loop
         vertex -0.159138 -0.419809 0.00946575
         vertex -0.156249 -0.418529 0.0234884
         vertex -0.156813 -0.418496 0.0238551
      endloop
   endfacet
   facet normal 2.43172e-15 -0.995864 0.0908592
      outer loop
         vertex -0.155637 -0.41855 0.0232626
         vertex -0.15837 -0.419821 0.00932756
         vertex -0.157379 -0.419838 0.0091494
      endloop
   endfacet
   facet normal 2.43172e-15 -0.995864 0.0908592
      outer loop
         vertex -0.152621 -0.419838 0.0091494
         vertex -0.15163 -0.419821 0.00932756
         vertex -0.154363 -0.41855 0.0232626
      endloop
   endfacet
   facet normal 2.43172e-15 -0.995864 0.0908592
      outer loop
         vertex -0.153187 -0.418496 0.0238551
         vertex -0.153751 -0.418529 0.0234884
         vertex -0.150863 -0.419809 0.00946575
      endloop
   endfacet
   facet normal 2.43172e-15 -0.995864 0.0908592
      outer loop
         vertex -0.153187 -0.417894 0.0304537
         vertex -0.152692 -0.417939 0.0299602
         vertex -0.150863 -0.416706 0.0434772
      endloop
   endfacet
   facet normal 2.43172e-15 -0.995864 0.0908592
      outer loop
         vertex -0.159138 -0.419809 0.00946575
         vertex -0.158015 -0.418333 0.0256359
         vertex -0.158264 -0.418195 0.0271544
      endloop
   endfacet
   facet normal 2.43172e-15 -0.995864 0.0908592
      outer loop
         vertex -0.159138 -0.419809 0.00946575
         vertex -0.155637 -0.41855 0.0232626
         vertex -0.156249 -0.418529 0.0234884
      endloop
   endfacet
   facet normal 2.43172e-15 -0.995864 0.0908592
      outer loop
         vertex -0.155637 -0.41855 0.0232626
         vertex -0.159138 -0.419809 0.00946575
         vertex -0.15837 -0.419821 0.00932756
      endloop
   endfacet
   facet normal 2.43172e-15 -0.995864 0.0908592
      outer loop
         vertex -0.153751 -0.418529 0.0234884
         vertex -0.154363 -0.41855 0.0232626
         vertex -0.150863 -0.419809 0.00946575
      endloop
   endfacet
   facet normal 2.43172e-15 -0.995864 0.0908592
      outer loop
         vertex -0.150863 -0.419809 0.00946575
         vertex -0.150863 -0.416706 0.0434772
         vertex -0.151736 -0.418195 0.0271544
      endloop
   endfacet
   facet normal 2.43172e-15 -0.995864 0.0908592
      outer loop
         vertex -0.159138 -0.416706 0.0434772
         vertex -0.158015 -0.418056 0.0286729
         vertex -0.157308 -0.417939 0.0299602
      endloop
   endfacet
   facet normal 2.43172e-15 -0.995864 0.0908592
      outer loop
         vertex -0.158264 -0.418195 0.0271544
         vertex -0.159138 -0.416706 0.0434772
         vertex -0.159138 -0.419809 0.00946575
      endloop
   endfacet
   facet normal 2.43172e-15 -0.995864 0.0908592
      outer loop
         vertex -0.155 -0.418557 0.0231864
         vertex -0.155637 -0.41855 0.0232626
         vertex -0.157379 -0.419838 0.0091494
      endloop
   endfacet
   facet normal 2.43172e-15 -0.995864 0.0908592
      outer loop
         vertex -0.150863 -0.419809 0.00946575
         vertex -0.151985 -0.418333 0.0256359
         vertex -0.152692 -0.418451 0.0243486
      endloop
   endfacet
   facet normal 2.43172e-15 -0.995864 0.0908592
      outer loop
         vertex -0.150863 -0.416706 0.0434772
         vertex -0.151985 -0.418056 0.0286729
         vertex -0.151736 -0.418195 0.0271544
      endloop
   endfacet
   facet normal 2.43172e-15 -0.995864 0.0908592
      outer loop
         vertex -0.158264 -0.418195 0.0271544
         vertex -0.158015 -0.418056 0.0286729
         vertex -0.159138 -0.416706 0.0434772
      endloop
   endfacet
   facet normal 2.43172e-15 -0.995864 0.0908592
      outer loop
         vertex -0.156813 -0.418496 0.0238551
         vertex -0.157308 -0.418451 0.0243486
         vertex -0.159138 -0.419809 0.00946575
      endloop
   endfacet
   facet normal 2.43172e-15 -0.995864 0.0908592
      outer loop
         vertex -0.151736 -0.418195 0.0271544
         vertex -0.151985 -0.418333 0.0256359
         vertex -0.150863 -0.419809 0.00946575
      endloop
   endfacet
   facet normal 2.43172e-15 -0.995864 0.0908592
      outer loop
         vertex -0.157308 -0.418451 0.0243486
         vertex -0.158015 -0.418333 0.0256359
         vertex -0.159138 -0.419809 0.00946575
      endloop
   endfacet
   facet normal 2.43172e-15 -0.995864 0.0908592
      outer loop
         vertex -0.152692 -0.417939 0.0299602
         vertex -0.151985 -0.418056 0.0286729
         vertex -0.150863 -0.416706 0.0434772
      endloop
   endfacet
   facet normal 2.43172e-15 -0.995864 0.0908592
      outer loop
         vertex -0.15163 -0.419821 0.00932756
         vertex -0.150863 -0.419809 0.00946575
         vertex -0.154363 -0.41855 0.0232626
      endloop
   endfacet
   facet normal -0.699854 -0.461165 -0.545464
      outer loop
         vertex -0.165498 -0.41396 0.00954377
         vertex -0.16334 -0.415494 0.00854371
         vertex -0.163803 -0.416704 0.00960443
      endloop
   endfacet
   facet normal -0.478746 -0.334984 -0.811534
      outer loop
         vertex -0.163803 -0.416704 0.00960443
         vertex -0.165766 -0.415749 0.0106971
         vertex -0.165762 -0.415724 0.0106815
      endloop
   endfacet
   facet normal -0.478746 -0.334984 -0.811534
      outer loop
         vertex -0.163803 -0.416704 0.00960443
         vertex -0.16334 -0.415494 0.00854371
         vertex -0.16069 -0.41748 0.00853893
      endloop
   endfacet
   facet normal -0.374195 -0.587304 -0.717671
      outer loop
         vertex -0.16069 -0.41748 0.00853893
         vertex -0.160017 -0.418867 0.00910851
         vertex -0.163803 -0.416704 0.00960443
      endloop
   endfacet
   facet normal -0.478746 -0.334984 -0.811534
      outer loop
         vertex -0.163803 -0.416704 0.00960443
         vertex -0.160017 -0.418867 0.00910851
         vertex -0.160431 -0.419534 0.00956672
      endloop
   endfacet
   facet normal -0.309103 -0.614014 -0.726252
      outer loop
         vertex -0.159637 -0.41827 0.00853703
         vertex -0.157379 -0.419838 0.0091494
         vertex -0.15837 -0.419821 0.00932756
      endloop
   endfacet
   facet normal -0.245744 -0.514537 -0.8215
      outer loop
         vertex -0.160017 -0.418867 0.00910851
         vertex -0.159138 -0.419809 0.00946575
         vertex -0.159577 -0.419875 0.00956577
      endloop
   endfacet
   facet normal -0.245744 -0.514537 -0.8215
      outer loop
         vertex -0.160017 -0.418867 0.00910851
         vertex -0.15837 -0.419821 0.00932756
         vertex -0.159138 -0.419809 0.00946575
      endloop
   endfacet
   facet normal -0.176737 -0.403235 -0.897867
      outer loop
         vertex -0.160431 -0.419534 0.00956672
         vertex -0.160472 -0.420011 0.00976958
         vertex -0.160653 -0.420109 0.00981403
      endloop
   endfacet
   facet normal -0.176737 -0.403235 -0.897867
      outer loop
         vertex -0.160431 -0.419534 0.00956672
         vertex -0.159577 -0.419875 0.00956577
         vertex -0.160472 -0.420011 0.00976958
      endloop
   endfacet
   facet normal -0.160514 -0.0775741 -0.98398
      outer loop
         vertex -0.163255 -0.419698 0.0101587
         vertex -0.161662 -0.420655 0.0100612
         vertex -0.161964 -0.420928 0.0101116
      endloop
   endfacet
   facet normal -0.160514 -0.0775741 -0.98398
      outer loop
         vertex -0.163255 -0.419698 0.0101587
         vertex -0.160937 -0.420263 0.00988342
         vertex -0.161662 -0.420655 0.0100612
      endloop
   endfacet
   facet normal -0.364234 -0.107227 -0.925114
      outer loop
         vertex -0.16449 -0.41807 0.0102859
         vertex -0.160431 -0.419534 0.00956672
         vertex -0.163761 -0.419185 0.0101749
      endloop
   endfacet
   facet normal -0.111248 -0.295291 -0.948908
      outer loop
         vertex -0.160819 -0.420199 0.00985461
         vertex -0.160937 -0.420263 0.00988342
         vertex -0.163255 -0.419698 0.0101587
      endloop
   endfacet
   facet normal -0.228949 -0.0892724 -0.969336
      outer loop
         vertex -0.163761 -0.419185 0.0101749
         vertex -0.160431 -0.419534 0.00956672
         vertex -0.160819 -0.420199 0.00985461
      endloop
   endfacet
   facet normal -0.160514 -0.0775741 -0.98398
      outer loop
         vertex -0.163255 -0.419698 0.0101587
         vertex -0.163761 -0.419185 0.0101749
         vertex -0.160819 -0.420199 0.00985461
      endloop
   endfacet
   facet normal -0.364234 -0.107227 -0.925114
      outer loop
         vertex -0.16449 -0.41807 0.0102859
         vertex -0.165839 -0.417984 0.0109545
         vertex -0.16628 -0.417729 0.01112
      endloop
   endfacet
   facet normal -0.364234 -0.107227 -0.925114
      outer loop
         vertex -0.16449 -0.41807 0.0102859
         vertex -0.164758 -0.418608 0.010549
         vertex -0.165145 -0.418385 0.0106943
      endloop
   endfacet
   facet normal -0.351131 0.0136778 -0.936226
      outer loop
         vertex -0.165145 -0.418385 0.0106943
         vertex -0.165839 -0.417984 0.0109545
         vertex -0.16449 -0.41807 0.0102859
      endloop
   endfacet
   facet normal -0.655138 -0.163112 -0.737691
      outer loop
         vertex -0.165766 -0.415749 0.0106971
         vertex -0.163803 -0.416704 0.00960443
         vertex -0.16449 -0.41807 0.0102859
      endloop
   endfacet
   facet normal -0.364234 -0.107227 -0.925114
      outer loop
         vertex -0.16449 -0.41807 0.0102859
         vertex -0.166372 -0.417669 0.011185
         vertex -0.165766 -0.415749 0.0106971
      endloop
   endfacet
   facet normal -0.509797 0.128765 -0.850603
      outer loop
         vertex -0.166372 -0.417669 0.011185
         vertex -0.166498 -0.417588 0.0112737
         vertex -0.165766 -0.415749 0.0106971
      endloop
   endfacet
   facet normal -0.493467 0.118248 -0.861689
      outer loop
         vertex -0.16628 -0.417729 0.01112
         vertex -0.166372 -0.417669 0.011185
         vertex -0.16449 -0.41807 0.0102859
      endloop
   endfacet
   facet normal -0.228949 -0.0892724 -0.969336
      outer loop
         vertex -0.163761 -0.419185 0.0101749
         vertex -0.164758 -0.418608 0.010549
         vertex -0.16449 -0.41807 0.0102859
      endloop
   endfacet
   facet normal -0.0377017 -0.10282 -0.993985
      outer loop
         vertex -0.161964 -0.420928 0.0101116
         vertex -0.162006 -0.420966 0.0101186
         vertex -0.163255 -0.419698 0.0101587
      endloop
   endfacet
   facet normal -0.118951 -0.320201 -0.939852
      outer loop
         vertex -0.160653 -0.420109 0.00981403
         vertex -0.160819 -0.420199 0.00985461
         vertex -0.160431 -0.419534 0.00956672
      endloop
   endfacet
   facet normal -0.146314 -0.448452 -0.88175
      outer loop
         vertex -0.159577 -0.419875 0.00956577
         vertex -0.160431 -0.419534 0.00956672
         vertex -0.160017 -0.418867 0.00910851
      endloop
   endfacet
   facet normal -0.161777 -0.56563 -0.808635
      outer loop
         vertex -0.15837 -0.419821 0.00932756
         vertex -0.160017 -0.418867 0.00910851
         vertex -0.159637 -0.41827 0.00853703
      endloop
   endfacet
   facet normal -0.176737 -0.403235 -0.897867
      outer loop
         vertex -0.160431 -0.419534 0.00956672
         vertex -0.16449 -0.41807 0.0102859
         vertex -0.163803 -0.416704 0.00960443
      endloop
   endfacet
   facet normal -0.374195 -0.587304 -0.717671
      outer loop
         vertex -0.16069 -0.41748 0.00853893
         vertex -0.159637 -0.41827 0.00853703
         vertex -0.160017 -0.418867 0.00910851
      endloop
   endfacet
   facet normal -0.478746 -0.334984 -0.811534
      outer loop
         vertex -0.163803 -0.416704 0.00960443
         vertex -0.165762 -0.415724 0.0106815
         vertex -0.165498 -0.41396 0.00954377
      endloop
   endfacet
   facet normal -0.95763 -0.023212 -0.287065
      outer loop
         vertex -0.170318 -0.418308 0.0162842
         vertex -0.170194 -0.417982 0.0160208
         vertex -0.169452 -0.417865 0.0146085
      endloop
   endfacet
   facet normal -0.95763 -0.023212 -0.287065
      outer loop
         vertex -0.170318 -0.418308 0.0162842
         vertex -0.17036 -0.418035 0.0166538
         vertex -0.170291 -0.417998 0.0162055
      endloop
   endfacet
   facet normal -0.954581 0.046676 -0.294273
      outer loop
         vertex -0.170291 -0.417998 0.0162055
         vertex -0.170194 -0.417982 0.0160208
         vertex -0.170318 -0.418308 0.0162842
      endloop
   endfacet
   facet normal -0.430975 0.0752534 -0.899221
      outer loop
         vertex -0.165839 -0.417984 0.0109545
         vertex -0.166373 -0.418407 0.0111638
         vertex -0.167446 -0.41843 0.011937
      endloop
   endfacet
   facet normal -0.430975 0.0752534 -0.899221
      outer loop
         vertex -0.165839 -0.417984 0.0109545
         vertex -0.165145 -0.418385 0.0106943
         vertex -0.166373 -0.418407 0.0111638
      endloop
   endfacet
   facet normal -0.833971 -0.0482353 -0.549696
      outer loop
         vertex -0.169202 -0.4184 0.0139002
         vertex -0.169249 -0.41876 0.0140133
         vertex -0.170062 -0.41854 0.016
      endloop
   endfacet
   facet normal -0.833971 -0.0482353 -0.549696
      outer loop
         vertex -0.169202 -0.4184 0.0139002
         vertex -0.168696 -0.418824 0.0134387
         vertex -0.169249 -0.41876 0.0140133
      endloop
   endfacet
   facet normal -0.833971 -0.0482353 -0.549696
      outer loop
         vertex -0.169202 -0.4184 0.0139002
         vertex -0.16867 -0.418827 0.0134118
         vertex -0.168696 -0.418824 0.0134387
      endloop
   endfacet
   facet normal -0.38808 -0.0842885 -0.917763
      outer loop
         vertex -0.165124 -0.419117 0.0107891
         vertex -0.166373 -0.418407 0.0111638
         vertex -0.165145 -0.418385 0.0106943
      endloop
   endfacet
   facet normal -0.350691 0.0141944 -0.936384
      outer loop
         vertex -0.165145 -0.418385 0.0106943
         vertex -0.164758 -0.418608 0.010549
         vertex -0.165124 -0.419117 0.0107891
      endloop
   endfacet
   facet normal -0.744566 -0.0574823 -0.665069
      outer loop
         vertex -0.168397 -0.418426 0.0128555
         vertex -0.168783 -0.417759 0.0133359
         vertex -0.168176 -0.417713 0.0127879
      endloop
   endfacet
   facet normal -0.744566 -0.0574823 -0.665069
      outer loop
         vertex -0.168397 -0.418426 0.0128555
         vertex -0.168792 -0.41776 0.0133526
         vertex -0.168783 -0.417759 0.0133359
      endloop
   endfacet
   facet normal -0.78829 0.100524 -0.607037
      outer loop
         vertex -0.168792 -0.41776 0.0133526
         vertex -0.168397 -0.418426 0.0128555
         vertex -0.169202 -0.4184 0.0139002
      endloop
   endfacet
   facet normal -0.833971 -0.0482353 -0.549696
      outer loop
         vertex -0.169202 -0.4184 0.0139002
         vertex -0.169452 -0.417865 0.0146085
         vertex -0.168792 -0.41776 0.0133526
      endloop
   endfacet
   facet normal -0.727284 0.113369 -0.676909
      outer loop
         vertex -0.168176 -0.417713 0.0127879
         vertex -0.167866 -0.418082 0.0122962
         vertex -0.168397 -0.418426 0.0128555
      endloop
   endfacet
   facet normal -0.687444 0.00942158 -0.726176
      outer loop
         vertex -0.167866 -0.418082 0.0122962
         vertex -0.166372 -0.417669 0.011185
         vertex -0.16628 -0.417729 0.01112
      endloop
   endfacet
   facet normal -0.687444 0.00942158 -0.726176
      outer loop
         vertex -0.167866 -0.418082 0.0122962
         vertex -0.168176 -0.417713 0.0127879
         vertex -0.166498 -0.417588 0.0112737
      endloop
   endfacet
   facet normal -0.533129 0.143424 -0.833788
      outer loop
         vertex -0.166498 -0.417588 0.0112737
         vertex -0.166372 -0.417669 0.011185
         vertex -0.167866 -0.418082 0.0122962
      endloop
   endfacet
   facet normal -0.521571 -0.0706949 -0.850274
      outer loop
         vertex -0.166373 -0.418407 0.0111638
         vertex -0.165595 -0.419094 0.0110012
         vertex -0.166929 -0.419027 0.011602
      endloop
   endfacet
   facet normal -0.521571 -0.0706949 -0.850274
      outer loop
         vertex -0.166373 -0.418407 0.0111638
         vertex -0.165124 -0.419117 0.0107891
         vertex -0.165595 -0.419094 0.0110012
      endloop
   endfacet
   facet normal -0.784006 -0.0557147 -0.618248
      outer loop
         vertex -0.16867 -0.418827 0.0134118
         vertex -0.169202 -0.4184 0.0139002
         vertex -0.168397 -0.418426 0.0128555
      endloop
   endfacet
   facet normal -0.95763 -0.023212 -0.287065
      outer loop
         vertex -0.170318 -0.418308 0.0162842
         vertex -0.17045 -0.418435 0.0169474
         vertex -0.170526 -0.418415 0.0171322
      endloop
   endfacet
   facet normal -0.95763 -0.023212 -0.287065
      outer loop
         vertex -0.170318 -0.418308 0.0162842
         vertex -0.170062 -0.41854 0.016
         vertex -0.17045 -0.418435 0.0169474
      endloop
   endfacet
   facet normal -0.980657 -0.0170993 -0.194984
      outer loop
         vertex -0.170526 -0.418415 0.0171322
         vertex -0.1707 -0.418221 0.0188847
         vertex -0.170318 -0.418308 0.0162842
      endloop
   endfacet
   facet normal -0.744566 -0.0574823 -0.665069
      outer loop
         vertex -0.168397 -0.418426 0.0128555
         vertex -0.166929 -0.419027 0.011602
         vertex -0.16867 -0.418827 0.0134118
      endloop
   endfacet
   facet normal -0.580981 -0.0740055 -0.810546
      outer loop
         vertex -0.166929 -0.419027 0.011602
         vertex -0.167446 -0.41843 0.011937
         vertex -0.166373 -0.418407 0.0111638
      endloop
   endfacet
   facet normal -0.744566 -0.0574823 -0.665069
      outer loop
         vertex -0.168397 -0.418426 0.0128555
         vertex -0.167446 -0.41843 0.011937
         vertex -0.166929 -0.419027 0.011602
      endloop
   endfacet
   facet normal -0.493536 0.118329 -0.861638
      outer loop
         vertex -0.16628 -0.417729 0.01112
         vertex -0.165839 -0.417984 0.0109545
         vertex -0.167866 -0.418082 0.0122962
      endloop
   endfacet
   facet normal -0.687444 0.00942158 -0.726176
      outer loop
         vertex -0.167866 -0.418082 0.0122962
         vertex -0.167446 -0.41843 0.011937
         vertex -0.168397 -0.418426 0.0128555
      endloop
   endfacet
   facet normal -0.95763 -0.023212 -0.287065
      outer loop
         vertex -0.170318 -0.418308 0.0162842
         vertex -0.1707 -0.418221 0.0188847
         vertex -0.17036 -0.418035 0.0166538
      endloop
   endfacet
   facet normal -0.312836 -0.0179589 -0.949637
      outer loop
         vertex -0.164758 -0.418608 0.010549
         vertex -0.163761 -0.419185 0.0101749
         vertex -0.165124 -0.419117 0.0107891
      endloop
   endfacet
   facet normal -0.944465 -0.0287655 -0.32735
      outer loop
         vertex -0.170062 -0.41854 0.016
         vertex -0.170318 -0.418308 0.0162842
         vertex -0.169202 -0.4184 0.0139002
      endloop
   endfacet
   facet normal -0.639267 -0.0647796 -0.766252
      outer loop
         vertex -0.167446 -0.41843 0.011937
         vertex -0.167866 -0.418082 0.0122962
         vertex -0.165839 -0.417984 0.0109545
      endloop
   endfacet
   facet normal -0.87564 0.0774678 -0.476711
      outer loop
         vertex -0.169452 -0.417865 0.0146085
         vertex -0.169202 -0.4184 0.0139002
         vertex -0.170318 -0.418308 0.0162842
      endloop
   endfacet
   facet normal -0.707102 -0.456534 -0.539985
      outer loop
         vertex -0.165603 -0.413889 0.00962839
         vertex -0.165762 -0.415724 0.0106815
         vertex -0.166467 -0.415137 0.0112292
      endloop
   endfacet
   facet normal -0.705454 -0.151767 -0.692316
      outer loop
         vertex -0.166467 -0.415137 0.0112292
         vertex -0.166214 -0.413474 0.0101183
         vertex -0.165603 -0.413889 0.00962839
      endloop
   endfacet
   facet normal -0.656303 -0.167287 -0.735718
      outer loop
         vertex -0.165762 -0.415724 0.0106815
         vertex -0.166503 -0.415225 0.0112629
         vertex -0.166467 -0.415137 0.0112292
      endloop
   endfacet
   facet normal -0.655138 -0.163112 -0.737691
      outer loop
         vertex -0.165766 -0.415749 0.0106971
         vertex -0.166498 -0.417588 0.0112737
         vertex -0.1671 -0.416716 0.0118285
      endloop
   endfacet
   facet normal -0.701219 -0.137329 -0.699595
      outer loop
         vertex -0.166503 -0.415225 0.0112629
         vertex -0.165762 -0.415724 0.0106815
         vertex -0.165766 -0.415749 0.0106971
      endloop
   endfacet
   facet normal -0.6 0.111466 -0.792197
      outer loop
         vertex -0.1671 -0.416716 0.0118285
         vertex -0.166503 -0.415225 0.0112629
         vertex -0.165766 -0.415749 0.0106971
      endloop
   endfacet
   facet normal -0.707102 -0.456534 -0.539985
      outer loop
         vertex -0.165603 -0.413889 0.00962839
         vertex -0.165498 -0.41396 0.00954377
         vertex -0.165762 -0.415724 0.0106815
      endloop
   endfacet
   facet normal -1 0 0
      outer loop
         vertex -0.1707 -0.427549 0.0188315
         vertex -0.1707 -0.421153 0.0191611
         vertex -0.170375 -0.421327 0.016769
      endloop
   endfacet
   facet normal -1 0 0
      outer loop
         vertex -0.1707 -0.421153 0.0191611
         vertex -0.1707 -0.418382 0.0188989
         vertex -0.170425 -0.418569 0.0169418
      endloop
   endfacet
   facet normal -0.857953 -0.0374172 -0.512364
      outer loop
         vertex -0.169422 -0.421489 0.0145499
         vertex -0.170375 -0.421327 0.016769
         vertex -0.170425 -0.418569 0.0169418
      endloop
   endfacet
   facet normal -0.690014 -0.0527174 -0.721873
      outer loop
         vertex -0.16791 -0.421627 0.0126643
         vertex -0.169422 -0.421489 0.0145499
         vertex -0.16943 -0.419185 0.0146041
      endloop
   endfacet
   facet normal -0.472166 -0.0642044 -0.879168
      outer loop
         vertex -0.165949 -0.42173 0.0112486
         vertex -0.16791 -0.421627 0.0126643
         vertex -0.168639 -0.418985 0.0134208
      endloop
   endfacet
   facet normal -0.228949 -0.0892724 -0.969336
      outer loop
         vertex -0.163761 -0.419185 0.0101749
         vertex -0.163188 -0.421473 0.010283
         vertex -0.163741 -0.421677 0.0104559
      endloop
   endfacet
   facet normal -0.173496 -0.0997422 -0.979771
      outer loop
         vertex -0.163255 -0.419698 0.0101587
         vertex -0.162006 -0.420966 0.0101186
         vertex -0.162328 -0.421338 0.0101693
      endloop
   endfacet
   facet normal -0.165285 -0.0816045 -0.982864
      outer loop
         vertex -0.163188 -0.421473 0.010283
         vertex -0.163761 -0.419185 0.0101749
         vertex -0.163255 -0.419698 0.0101587
      endloop
   endfacet
   facet normal -0.0697428 -0.0863003 -0.993825
      outer loop
         vertex -0.162328 -0.421338 0.0101693
         vertex -0.163188 -0.421473 0.010283
         vertex -0.163255 -0.419698 0.0101587
      endloop
   endfacet
   facet normal -0.472166 -0.0642044 -0.879168
      outer loop
         vertex -0.165949 -0.42173 0.0112486
         vertex -0.166901 -0.419302 0.0117417
         vertex -0.16551 -0.419205 0.010984
      endloop
   endfacet
   facet normal -0.438831 -0.0824063 -0.894783
      outer loop
         vertex -0.16551 -0.419205 0.010984
         vertex -0.163741 -0.421677 0.0104559
         vertex -0.163984 -0.421767 0.0105321
      endloop
   endfacet
   facet normal -0.472166 -0.0642044 -0.879168
      outer loop
         vertex -0.165949 -0.42173 0.0112486
         vertex -0.163984 -0.421767 0.0105321
         vertex -0.165127 -0.42219 0.0108897
      endloop
   endfacet
   facet normal -0.609395 0.012607 -0.792767
      outer loop
         vertex -0.167185 -0.423633 0.0121092
         vertex -0.16791 -0.421627 0.0126643
         vertex -0.165949 -0.42173 0.0112486
      endloop
   endfacet
   facet normal -0.806913 0.0854126 -0.584463
      outer loop
         vertex -0.16879 -0.425701 0.0138576
         vertex -0.169422 -0.421489 0.0145499
         vertex -0.16791 -0.421627 0.0126643
      endloop
   endfacet
   facet normal -0.963834 -0.0194106 -0.265795
      outer loop
         vertex -0.170375 -0.421327 0.016769
         vertex -0.169422 -0.421489 0.0145499
         vertex -0.16879 -0.425701 0.0138576
      endloop
   endfacet
   facet normal -0.806913 0.0854126 -0.584463
      outer loop
         vertex -0.16879 -0.425701 0.0138576
         vertex -0.169557 -0.426689 0.0146931
         vertex -0.170375 -0.421327 0.016769
      endloop
   endfacet
   facet normal -0.948396 0.066565 -0.310022
      outer loop
         vertex -0.170236 -0.42695 0.0160413
         vertex -0.169557 -0.426689 0.0146931
         vertex -0.169832 -0.427042 0.0149921
      endloop
   endfacet
   facet normal -1 0 0
      outer loop
         vertex -0.1707 -0.427549 0.0188315
         vertex -0.170236 -0.42695 0.0160413
         vertex -0.170052 -0.427912 0.0157273
      endloop
   endfacet
   facet normal -1 0 0
      outer loop
         vertex -0.1707 -0.418382 0.0188989
         vertex -0.1707 -0.418221 0.0188847
         vertex -0.170526 -0.418415 0.0171322
      endloop
   endfacet
   facet normal -0.980634 -0.0168911 -0.19512
      outer loop
         vertex -0.170526 -0.418415 0.0171322
         vertex -0.170425 -0.418569 0.0169418
         vertex -0.1707 -0.418382 0.0188989
      endloop
   endfacet
   facet normal -0.975172 -0.0203087 -0.220515
      outer loop
         vertex -0.170425 -0.418569 0.0169418
         vertex -0.17045 -0.418435 0.0169474
         vertex -0.170062 -0.41854 0.016
      endloop
   endfacet
   facet normal -0.944749 -0.0286758 -0.326539
      outer loop
         vertex -0.170062 -0.41854 0.016
         vertex -0.16943 -0.419185 0.0146041
         vertex -0.170425 -0.418569 0.0169418
      endloop
   endfacet
   facet normal -0.783884 -0.0569423 -0.618291
      outer loop
         vertex -0.168639 -0.418985 0.0134208
         vertex -0.16943 -0.419185 0.0146041
         vertex -0.169249 -0.41876 0.0140133
      endloop
   endfacet
   facet normal -0.580972 -0.0739842 -0.810554
      outer loop
         vertex -0.166929 -0.419027 0.011602
         vertex -0.166901 -0.419302 0.0117417
         vertex -0.168639 -0.418985 0.0134208
      endloop
   endfacet
   facet normal -0.783884 -0.0569423 -0.618291
      outer loop
         vertex -0.168639 -0.418985 0.0134208
         vertex -0.168696 -0.418824 0.0134387
         vertex -0.16867 -0.418827 0.0134118
      endloop
   endfacet
   facet normal -0.626923 -0.0714482 -0.775798
      outer loop
         vertex -0.166901 -0.419302 0.0117417
         vertex -0.166929 -0.419027 0.011602
         vertex -0.165595 -0.419094 0.0110012
      endloop
   endfacet
   facet normal -0.438831 -0.0824063 -0.894783
      outer loop
         vertex -0.16551 -0.419205 0.010984
         vertex -0.165595 -0.419094 0.0110012
         vertex -0.165124 -0.419117 0.0107891
      endloop
   endfacet
   facet normal -0.387611 -0.084229 -0.917967
      outer loop
         vertex -0.165124 -0.419117 0.0107891
         vertex -0.163761 -0.419185 0.0101749
         vertex -0.16551 -0.419205 0.010984
      endloop
   endfacet
   facet normal -0.440358 -0.0819225 -0.894077
      outer loop
         vertex -0.165595 -0.419094 0.0110012
         vertex -0.16551 -0.419205 0.010984
         vertex -0.166901 -0.419302 0.0117417
      endloop
   endfacet
   facet normal -0.783884 -0.0569423 -0.618291
      outer loop
         vertex -0.168639 -0.418985 0.0134208
         vertex -0.16867 -0.418827 0.0134118
         vertex -0.166929 -0.419027 0.011602
      endloop
   endfacet
   facet normal -0.838811 -0.0485849 -0.542251
      outer loop
         vertex -0.169249 -0.41876 0.0140133
         vertex -0.168696 -0.418824 0.0134387
         vertex -0.168639 -0.418985 0.0134208
      endloop
   endfacet
   facet normal -0.944749 -0.0286758 -0.326539
      outer loop
         vertex -0.170062 -0.41854 0.016
         vertex -0.169249 -0.41876 0.0140133
         vertex -0.16943 -0.419185 0.0146041
      endloop
   endfacet
   facet normal -0.980634 -0.0168911 -0.19512
      outer loop
         vertex -0.170526 -0.418415 0.0171322
         vertex -0.17045 -0.418435 0.0169474
         vertex -0.170425 -0.418569 0.0169418
      endloop
   endfacet
   facet normal -0.946652 0.0891438 -0.309684
      outer loop
         vertex -0.170052 -0.427912 0.0157273
         vertex -0.1707 -0.430479 0.0178975
         vertex -0.1707 -0.427549 0.0188315
      endloop
   endfacet
   facet normal -0.903552 0.100134 -0.416613
      outer loop
         vertex -0.169832 -0.427042 0.0149921
         vertex -0.170052 -0.427912 0.0157273
         vertex -0.170236 -0.42695 0.0160413
      endloop
   endfacet
   facet normal -0.88098 0.0993271 -0.46261
      outer loop
         vertex -0.169557 -0.426689 0.0146931
         vertex -0.170236 -0.42695 0.0160413
         vertex -0.170375 -0.421327 0.016769
      endloop
   endfacet
   facet normal -0.690014 -0.0527174 -0.721873
      outer loop
         vertex -0.16791 -0.421627 0.0126643
         vertex -0.167185 -0.423633 0.0121092
         vertex -0.16879 -0.425701 0.0138576
      endloop
   endfacet
   facet normal -0.472166 -0.0642044 -0.879168
      outer loop
         vertex -0.165949 -0.42173 0.0112486
         vertex -0.165571 -0.422501 0.0111527
         vertex -0.167185 -0.423633 0.0121092
      endloop
   endfacet
   facet normal -0.380828 -0.0529915 -0.923126
      outer loop
         vertex -0.165127 -0.42219 0.0108897
         vertex -0.165571 -0.422501 0.0111527
         vertex -0.165949 -0.42173 0.0112486
      endloop
   endfacet
   facet normal -0.438831 -0.0824063 -0.894783
      outer loop
         vertex -0.16551 -0.419205 0.010984
         vertex -0.163984 -0.421767 0.0105321
         vertex -0.165949 -0.42173 0.0112486
      endloop
   endfacet
   facet normal -0.227522 -0.07396 -0.97096
      outer loop
         vertex -0.163741 -0.421677 0.0104559
         vertex -0.16551 -0.419205 0.010984
         vertex -0.163761 -0.419185 0.0101749
      endloop
   endfacet
   facet normal -0.783884 -0.0569423 -0.618291
      outer loop
         vertex -0.168639 -0.418985 0.0134208
         vertex -0.166901 -0.419302 0.0117417
         vertex -0.165949 -0.42173 0.0112486
      endloop
   endfacet
   facet normal -0.901921 -0.0396089 -0.430081
      outer loop
         vertex -0.16943 -0.419185 0.0146041
         vertex -0.168639 -0.418985 0.0134208
         vertex -0.16791 -0.421627 0.0126643
      endloop
   endfacet
   facet normal -0.975172 -0.0203087 -0.220515
      outer loop
         vertex -0.170425 -0.418569 0.0169418
         vertex -0.16943 -0.419185 0.0146041
         vertex -0.169422 -0.421489 0.0145499
      endloop
   endfacet
   facet normal -0.975172 -0.0203087 -0.220515
      outer loop
         vertex -0.170425 -0.418569 0.0169418
         vertex -0.170375 -0.421327 0.016769
         vertex -0.1707 -0.421153 0.0191611
      endloop
   endfacet
   facet normal -0.963834 -0.0194106 -0.265795
      outer loop
         vertex -0.170375 -0.421327 0.016769
         vertex -0.170236 -0.42695 0.0160413
         vertex -0.1707 -0.427549 0.0188315
      endloop
   endfacet
   facet normal -0.6 0.111466 -0.792197
      outer loop
         vertex -0.1671 -0.416716 0.0118285
         vertex -0.166498 -0.417588 0.0112737
         vertex -0.168176 -0.417713 0.0127879
      endloop
   endfacet
   facet normal -0.727896 0.113111 -0.676294
      outer loop
         vertex -0.168176 -0.417713 0.0127879
         vertex -0.168506 -0.417006 0.0133389
         vertex -0.1671 -0.416716 0.0118285
      endloop
   endfacet
   facet normal -0.768668 0.0904009 -0.633227
      outer loop
         vertex -0.168506 -0.417006 0.0133389
         vertex -0.168783 -0.417759 0.0133359
         vertex -0.168792 -0.41776 0.0133526
      endloop
   endfacet
   facet normal -0.788328 0.100543 -0.606984
      outer loop
         vertex -0.168792 -0.41776 0.0133526
         vertex -0.168937 -0.417095 0.0138021
         vertex -0.168506 -0.417006 0.0133389
      endloop
   endfacet
   facet normal -0.947311 0.0503132 -0.316339
      outer loop
         vertex -0.170194 -0.417982 0.0160208
         vertex -0.170144 -0.417554 0.0161936
         vertex -0.16996 -0.4174 0.0153931
      endloop
   endfacet
   facet normal -0.917746 0.0571422 -0.393036
      outer loop
         vertex -0.16996 -0.4174 0.0153931
         vertex -0.169452 -0.417865 0.0146085
         vertex -0.170194 -0.417982 0.0160208
      endloop
   endfacet
   facet normal -0.917746 0.0571422 -0.393036
      outer loop
         vertex -0.16996 -0.4174 0.0153931
         vertex -0.169731 -0.417318 0.0149637
         vertex -0.169452 -0.417865 0.0146085
      endloop
   endfacet
   facet normal -0.788328 0.100543 -0.606984
      outer loop
         vertex -0.168792 -0.41776 0.0133526
         vertex -0.169452 -0.417865 0.0146085
         vertex -0.169348 -0.417179 0.0142428
      endloop
   endfacet
   facet normal -0.849763 0.0751038 -0.521788
      outer loop
         vertex -0.169348 -0.417179 0.0142428
         vertex -0.168937 -0.417095 0.0138021
         vertex -0.168792 -0.41776 0.0133526
      endloop
   endfacet
   facet normal -0.950886 0.044811 -0.30628
      outer loop
         vertex -0.170144 -0.417554 0.0161936
         vertex -0.170291 -0.417998 0.0162055
         vertex -0.17036 -0.418035 0.0166538
      endloop
   endfacet
   facet normal -0.950886 0.044811 -0.30628
      outer loop
         vertex -0.170144 -0.417554 0.0161936
         vertex -0.170194 -0.417982 0.0160208
         vertex -0.170291 -0.417998 0.0162055
      endloop
   endfacet
   facet normal -0.968326 0.0388759 -0.246643
      outer loop
         vertex -0.17036 -0.418035 0.0166538
         vertex -0.1707 -0.418221 0.0188847
         vertex -0.170694 -0.418012 0.0185817
      endloop
   endfacet
   facet normal -1 0 0
      outer loop
         vertex -0.1707 -0.418221 0.0188847
         vertex -0.1707 -0.418074 0.0189068
         vertex -0.170694 -0.418012 0.0185817
      endloop
   endfacet
   facet normal -0.999324 0.00541862 -0.0363524
      outer loop
         vertex -0.170694 -0.418012 0.0185817
         vertex -0.17031 -0.417692 0.0169125
         vertex -0.17036 -0.418035 0.0166538
      endloop
   endfacet
   facet normal -0.968326 0.0388759 -0.246643
      outer loop
         vertex -0.17036 -0.418035 0.0166538
         vertex -0.17031 -0.417692 0.0169125
         vertex -0.170144 -0.417554 0.0161936
      endloop
   endfacet
   facet normal -0.894622 0.0640548 -0.442209
      outer loop
         vertex -0.169731 -0.417318 0.0149637
         vertex -0.169348 -0.417179 0.0142428
         vertex -0.169452 -0.417865 0.0146085
      endloop
   endfacet
   facet normal -0.727896 0.113111 -0.676294
      outer loop
         vertex -0.168176 -0.417713 0.0127879
         vertex -0.168783 -0.417759 0.0133359
         vertex -0.168506 -0.417006 0.0133389
      endloop
   endfacet
   facet normal -0.944445 0.131012 -0.30143
      outer loop
         vertex -0.1702 -0.41674 0.0162586
         vertex -0.170144 -0.417554 0.0161936
         vertex -0.17031 -0.417692 0.0169125
      endloop
   endfacet
   facet normal -0.944445 0.131012 -0.30143
      outer loop
         vertex -0.1702 -0.41674 0.0162586
         vertex -0.169731 -0.417318 0.0149637
         vertex -0.16996 -0.4174 0.0153931
      endloop
   endfacet
   facet normal -0.917744 0.0571527 -0.393038
      outer loop
         vertex -0.16996 -0.4174 0.0153931
         vertex -0.170144 -0.417554 0.0161936
         vertex -0.1702 -0.41674 0.0162586
      endloop
   endfacet
   facet normal -0.768192 0.0904022 -0.633805
      outer loop
         vertex -0.168506 -0.417006 0.0133389
         vertex -0.169152 -0.416555 0.0140903
         vertex -0.167968 -0.416124 0.0128225
      endloop
   endfacet
   facet normal -0.714556 0.202602 -0.669599
      outer loop
         vertex -0.167968 -0.416124 0.0128225
         vertex -0.167577 -0.416409 0.0122828
         vertex -0.168506 -0.417006 0.0133389
      endloop
   endfacet
   facet normal -0.664987 0.164447 -0.728525
      outer loop
         vertex -0.167577 -0.416409 0.0122828
         vertex -0.167419 -0.416511 0.0121325
         vertex -0.168506 -0.417006 0.0133389
      endloop
   endfacet
   facet normal -0.992602 0.046682 -0.112077
      outer loop
         vertex -0.170518 -0.417588 0.0179413
         vertex -0.17031 -0.417692 0.0169125
         vertex -0.170694 -0.418012 0.0185817
      endloop
   endfacet
   facet normal -0.999334 0.00494441 -0.0361561
      outer loop
         vertex -0.170694 -0.418012 0.0185817
         vertex -0.1707 -0.418074 0.0189068
         vertex -0.170697 -0.418067 0.0188919
      endloop
   endfacet
   facet normal -0.999334 0.00494441 -0.0361561
      outer loop
         vertex -0.170694 -0.418012 0.0185817
         vertex -0.170697 -0.418067 0.0188919
         vertex -0.170518 -0.417588 0.0179413
      endloop
   endfacet
   facet normal -0.876304 0.195229 -0.440428
      outer loop
         vertex -0.169476 -0.416146 0.0150809
         vertex -0.169348 -0.417179 0.0142428
         vertex -0.169731 -0.417318 0.0149637
      endloop
   endfacet
   facet normal -0.849744 0.0751758 -0.521808
      outer loop
         vertex -0.169348 -0.417179 0.0142428
         vertex -0.169476 -0.416146 0.0150809
         vertex -0.169152 -0.416555 0.0140903
      endloop
   endfacet
   facet normal -0.827606 0.179858 -0.531714
      outer loop
         vertex -0.169152 -0.416555 0.0140903
         vertex -0.168937 -0.417095 0.0138021
         vertex -0.169348 -0.417179 0.0142428
      endloop
   endfacet
   facet normal -0.894602 0.0640549 -0.442249
      outer loop
         vertex -0.169731 -0.417318 0.0149637
         vertex -0.1702 -0.41674 0.0162586
         vertex -0.170168 -0.416713 0.0162061
      endloop
   endfacet
   facet normal -0.827606 0.179858 -0.531714
      outer loop
         vertex -0.169152 -0.416555 0.0140903
         vertex -0.168506 -0.417006 0.0133389
         vertex -0.168937 -0.417095 0.0138021
      endloop
   endfacet
   facet normal -0.827606 0.179858 -0.531714
      outer loop
         vertex -0.169152 -0.416555 0.0140903
         vertex -0.169476 -0.416146 0.0150809
         vertex -0.168752 -0.415553 0.0139034
      endloop
   endfacet
   facet normal -0.783543 0.254611 -0.566774
      outer loop
         vertex -0.168752 -0.415553 0.0139034
         vertex -0.168109 -0.416022 0.0130163
         vertex -0.169152 -0.416555 0.0140903
      endloop
   endfacet
   facet normal -0.729419 0.213634 -0.649853
      outer loop
         vertex -0.168109 -0.416022 0.0130163
         vertex -0.167968 -0.416124 0.0128225
         vertex -0.169152 -0.416555 0.0140903
      endloop
   endfacet
   facet normal -0.894602 0.0640549 -0.442249
      outer loop
         vertex -0.169731 -0.417318 0.0149637
         vertex -0.170168 -0.416713 0.0162061
         vertex -0.169476 -0.416146 0.0150809
      endloop
   endfacet
   facet normal -0.992602 0.046682 -0.112077
      outer loop
         vertex -0.170518 -0.417588 0.0179413
         vertex -0.17045 -0.417407 0.0175825
         vertex -0.17031 -0.417692 0.0169125
      endloop
   endfacet
   facet normal -0.645277 0.148779 -0.749322
      outer loop
         vertex -0.167419 -0.416511 0.0121325
         vertex -0.1671 -0.416716 0.0118285
         vertex -0.168506 -0.417006 0.0133389
      endloop
   endfacet
   facet normal -0.973375 0.0333711 -0.226777
      outer loop
         vertex -0.17031 -0.417692 0.0169125
         vertex -0.17045 -0.417407 0.0175825
         vertex -0.1702 -0.41674 0.0162586
      endloop
   endfacet
   facet normal -0.953333 0.230561 -0.194929
      outer loop
         vertex -0.17028 -0.41086 0.0209533
         vertex -0.170594 -0.411885 0.02182
         vertex -0.170564 -0.410386 0.0236083
      endloop
   endfacet
   facet normal -0.984834 0.148952 -0.0889681
      outer loop
         vertex -0.170564 -0.410386 0.0236083
         vertex -0.170594 -0.411885 0.02182
         vertex -0.1707 -0.412935 0.0227076
      endloop
   endfacet
   facet normal -0.976056 0.122609 -0.179671
      outer loop
         vertex -0.170485 -0.41467 0.0185799
         vertex -0.170594 -0.411885 0.02182
         vertex -0.17028 -0.41086 0.0209533
      endloop
   endfacet
   facet normal -0.953333 0.230561 -0.194929
      outer loop
         vertex -0.17028 -0.41086 0.0209533
         vertex -0.169895 -0.413322 0.0174624
         vertex -0.170485 -0.41467 0.0185799
      endloop
   endfacet
   facet normal -0.976056 0.122609 -0.179671
      outer loop
         vertex -0.170485 -0.41467 0.0185799
         vertex -0.1707 -0.415774 0.0201969
         vertex -0.1707 -0.412935 0.0227076
      endloop
   endfacet
   facet normal -0.955433 0.135551 -0.262246
      outer loop
         vertex -0.170299 -0.416163 0.0168682
         vertex -0.170485 -0.41467 0.0185799
         vertex -0.169848 -0.41362 0.0170402
      endloop
   endfacet
   facet normal -1 0 0
      outer loop
         vertex -0.1707 -0.417383 0.0192284
         vertex -0.1707 -0.415774 0.0201969
         vertex -0.170485 -0.41467 0.0185799
      endloop
   endfacet
   facet normal -0.945552 0.135153 -0.296084
      outer loop
         vertex -0.17021 -0.416588 0.0163579
         vertex -0.170299 -0.416163 0.0168682
         vertex -0.169131 -0.415052 0.0147184
      endloop
   endfacet
   facet normal -1 0 0
      outer loop
         vertex -0.1707 -0.417804 0.0190226
         vertex -0.1707 -0.417383 0.0192284
         vertex -0.170299 -0.416163 0.0168682
      endloop
   endfacet
   facet normal -0.985932 0.162724 -0.0381845
      outer loop
         vertex -0.170448 -0.408619 0.0279739
         vertex -0.170564 -0.410386 0.0236083
         vertex -0.1707 -0.411727 0.024409
      endloop
   endfacet
   facet normal -1 0 0
      outer loop
         vertex -0.1707 -0.411727 0.024409
         vertex -0.1707 -0.410042 0.0284073
         vertex -0.170448 -0.408619 0.0279739
      endloop
   endfacet
   facet normal -0.985932 0.162724 -0.0381845
      outer loop
         vertex -0.170448 -0.408619 0.0279739
         vertex -0.170197 -0.407197 0.0275406
         vertex -0.170564 -0.410386 0.0236083
      endloop
   endfacet
   facet normal -0.941679 0.326712 -0.0806181
      outer loop
         vertex -0.170166 -0.407143 0.0275243
         vertex -0.169468 -0.405933 0.0271556
         vertex -0.169829 -0.408061 0.0237467
      endloop
   endfacet
   facet normal -0.917106 0.3555 -0.18038
      outer loop
         vertex -0.169829 -0.408061 0.0237467
         vertex -0.170564 -0.410386 0.0236083
         vertex -0.170166 -0.407143 0.0275243
      endloop
   endfacet
   facet normal -0.917106 0.3555 -0.18038
      outer loop
         vertex -0.169829 -0.408061 0.0237467
         vertex -0.170158 -0.409087 0.0228318
         vertex -0.170564 -0.410386 0.0236083
      endloop
   endfacet
   facet normal -0.788136 0.255588 -0.559926
      outer loop
         vertex -0.168793 -0.415504 0.0139833
         vertex -0.168752 -0.415553 0.0139034
         vertex -0.169476 -0.416146 0.0150809
      endloop
   endfacet
   facet normal -0.876297 0.195114 -0.440493
      outer loop
         vertex -0.169476 -0.416146 0.0150809
         vertex -0.17021 -0.416588 0.0163579
         vertex -0.168793 -0.415504 0.0139833
      endloop
   endfacet
   facet normal -1 0 0
      outer loop
         vertex -0.1707 -0.417804 0.0190226
         vertex -0.17045 -0.417407 0.0175825
         vertex -0.170518 -0.417588 0.0179413
      endloop
   endfacet
   facet normal -0.945552 0.135153 -0.296084
      outer loop
         vertex -0.17021 -0.416588 0.0163579
         vertex -0.1702 -0.41674 0.0162586
         vertex -0.17045 -0.417407 0.0175825
      endloop
   endfacet
   facet normal -0.986025 0.0646331 -0.15355
      outer loop
         vertex -0.17045 -0.417407 0.0175825
         vertex -0.1707 -0.417804 0.0190226
         vertex -0.17021 -0.416588 0.0163579
      endloop
   endfacet
   facet normal -0.945552 0.135153 -0.296084
      outer loop
         vertex -0.17021 -0.416588 0.0163579
         vertex -0.170168 -0.416713 0.0162061
         vertex -0.1702 -0.41674 0.0162586
      endloop
   endfacet
   facet normal -1 0 0
      outer loop
         vertex -0.1707 -0.418019 0.0189291
         vertex -0.170518 -0.417588 0.0179413
         vertex -0.170697 -0.418067 0.0188919
      endloop
   endfacet
   facet normal -1 0 0
      outer loop
         vertex -0.1707 -0.418074 0.0189068
         vertex -0.1707 -0.418074 0.0189071
         vertex -0.170697 -0.418067 0.0188919
      endloop
   endfacet
   facet normal -0.999998 0.000699916 -0.00176972
      outer loop
         vertex -0.170697 -0.418067 0.0188919
         vertex -0.1707 -0.418074 0.0189071
         vertex -0.1707 -0.418019 0.0189291
      endloop
   endfacet
   facet normal -0.992518 0.0464383 -0.11292
      outer loop
         vertex -0.170518 -0.417588 0.0179413
         vertex -0.1707 -0.418019 0.0189291
         vertex -0.1707 -0.417804 0.0190226
      endloop
   endfacet
   facet normal -0.876297 0.195114 -0.440493
      outer loop
         vertex -0.169476 -0.416146 0.0150809
         vertex -0.170168 -0.416713 0.0162061
         vertex -0.17021 -0.416588 0.0163579
      endloop
   endfacet
   facet normal -0.875523 0.468352 -0.118771
      outer loop
         vertex -0.169468 -0.405933 0.0271556
         vertex -0.16874 -0.404669 0.0267707
         vertex -0.169829 -0.408061 0.0237467
      endloop
   endfacet
   facet normal -0.94408 0.320136 -0.0789059
      outer loop
         vertex -0.170197 -0.407197 0.0275406
         vertex -0.170166 -0.407143 0.0275243
         vertex -0.170564 -0.410386 0.0236083
      endloop
   endfacet
   facet normal -0.955433 0.135551 -0.262246
      outer loop
         vertex -0.170299 -0.416163 0.0168682
         vertex -0.17021 -0.416588 0.0163579
         vertex -0.1707 -0.417804 0.0190226
      endloop
   endfacet
   facet normal -0.825706 0.259019 -0.501117
      outer loop
         vertex -0.169131 -0.415052 0.0147184
         vertex -0.168793 -0.415504 0.0139833
         vertex -0.17021 -0.416588 0.0163579
      endloop
   endfacet
   facet normal -0.976056 0.122609 -0.179671
      outer loop
         vertex -0.170485 -0.41467 0.0185799
         vertex -0.170299 -0.416163 0.0168682
         vertex -0.1707 -0.417383 0.0192284
      endloop
   endfacet
   facet normal -0.905371 0.239346 -0.350738
      outer loop
         vertex -0.169848 -0.41362 0.0170402
         vertex -0.169131 -0.415052 0.0147184
         vertex -0.170299 -0.416163 0.0168682
      endloop
   endfacet
   facet normal -1 0 0
      outer loop
         vertex -0.1707 -0.412935 0.0227076
         vertex -0.170594 -0.411885 0.02182
         vertex -0.170485 -0.41467 0.0185799
      endloop
   endfacet
   facet normal -0.91364 0.236899 -0.330363
      outer loop
         vertex -0.169895 -0.413322 0.0174624
         vertex -0.169848 -0.41362 0.0170402
         vertex -0.170485 -0.41467 0.0185799
      endloop
   endfacet
   facet normal -1 0 0
      outer loop
         vertex -0.1707 -0.412935 0.0227076
         vertex -0.1707 -0.411727 0.024409
         vertex -0.170564 -0.410386 0.0236083
      endloop
   endfacet
   facet normal -0.984834 0.148952 -0.0889681
      outer loop
         vertex -0.170564 -0.410386 0.0236083
         vertex -0.170158 -0.409087 0.0228318
         vertex -0.17028 -0.41086 0.0209533
      endloop
   endfacet
   facet normal -0.747619 0.428782 0.507161
      outer loop
         vertex -0.166214 -0.400611 0.0253331
         vertex -0.167901 -0.402472 0.0238822
         vertex -0.167909 -0.403384 0.0251665
      endloop
   endfacet
   facet normal -0.974886 0.218337 0.0438936
      outer loop
         vertex -0.169656 -0.407266 0.0224762
         vertex -0.167909 -0.403384 0.0251665
         vertex -0.168684 -0.40441 0.0229263
      endloop
   endfacet
   facet normal -0.858773 0.481344 0.175549
      outer loop
         vertex -0.167909 -0.403384 0.0251665
         vertex -0.167901 -0.402472 0.0238822
         vertex -0.168684 -0.40441 0.0229263
      endloop
   endfacet
   facet normal -0.858773 0.481344 0.175549
      outer loop
         vertex -0.167909 -0.403384 0.0251665
         vertex -0.169656 -0.407266 0.0224762
         vertex -0.169788 -0.407713 0.0232068
      endloop
   endfacet
   facet normal -0.974886 0.218337 0.0438936
      outer loop
         vertex -0.169656 -0.407266 0.0224762
         vertex -0.169647 -0.406792 0.0217511
         vertex -0.169988 -0.409457 0.0197655
      endloop
   endfacet
   facet normal -0.99999 -0.00345258 0.0028088
      outer loop
         vertex -0.169988 -0.409457 0.0197655
         vertex -0.170032 -0.410033 0.0200964
         vertex -0.169656 -0.407266 0.0224762
      endloop
   endfacet
   facet normal -0.974886 0.218337 0.0438936
      outer loop
         vertex -0.169656 -0.407266 0.0224762
         vertex -0.170032 -0.410033 0.0200964
         vertex -0.170131 -0.410514 0.0204902
      endloop
   endfacet
   facet normal -0.971831 -0.0118635 -0.235379
      outer loop
         vertex -0.1696 -0.41187 0.0169216
         vertex -0.170032 -0.410033 0.0200964
         vertex -0.17 -0.409548 0.0196978
      endloop
   endfacet
   facet normal -0.99449 0.0760977 -0.0720993
      outer loop
         vertex -0.170032 -0.410033 0.0200964
         vertex -0.1696 -0.41187 0.0169216
         vertex -0.169737 -0.412696 0.017243
      endloop
   endfacet
   facet normal -0.971831 -0.0118635 -0.235379
      outer loop
         vertex -0.1696 -0.41187 0.0169216
         vertex -0.169594 -0.411046 0.0165687
         vertex -0.16865 -0.411751 0.0143071
      endloop
   endfacet
   facet normal -0.926366 -0.231136 -0.297359
      outer loop
         vertex -0.16865 -0.411751 0.0143071
         vertex -0.167559 -0.414091 0.0123802
         vertex -0.1696 -0.41187 0.0169216
      endloop
   endfacet
   facet normal -0.971831 -0.0118635 -0.235379
      outer loop
         vertex -0.1696 -0.41187 0.0169216
         vertex -0.167559 -0.414091 0.0123802
         vertex -0.167991 -0.415638 0.0128967
      endloop
   endfacet
   facet normal -0.747619 -0.428782 -0.507161
      outer loop
         vertex -0.166214 -0.413474 0.0101183
         vertex -0.166467 -0.415137 0.0112292
         vertex -0.167559 -0.414091 0.0123802
      endloop
   endfacet
   facet normal -0.701219 -0.137329 -0.699595
      outer loop
         vertex -0.166503 -0.415225 0.0112629
         vertex -0.167419 -0.416511 0.0121325
         vertex -0.167991 -0.415638 0.0128967
      endloop
   endfacet
   facet normal -0.701219 -0.137329 -0.699595
      outer loop
         vertex -0.166503 -0.415225 0.0112629
         vertex -0.1671 -0.416716 0.0118285
         vertex -0.167419 -0.416511 0.0121325
      endloop
   endfacet
   facet normal -0.828348 -0.106006 -0.550094
      outer loop
         vertex -0.167559 -0.414091 0.0123802
         vertex -0.166467 -0.415137 0.0112292
         vertex -0.166503 -0.415225 0.0112629
      endloop
   endfacet
   facet normal -0.756443 0.151887 -0.636179
      outer loop
         vertex -0.167991 -0.415638 0.0128967
         vertex -0.167577 -0.416409 0.0122828
         vertex -0.167968 -0.416124 0.0128225
      endloop
   endfacet
   facet normal -0.756443 0.151887 -0.636179
      outer loop
         vertex -0.167991 -0.415638 0.0128967
         vertex -0.167419 -0.416511 0.0121325
         vertex -0.167577 -0.416409 0.0122828
      endloop
   endfacet
   facet normal -0.949044 0.125809 -0.288942
      outer loop
         vertex -0.169737 -0.412696 0.017243
         vertex -0.167991 -0.415638 0.0128967
         vertex -0.169131 -0.415052 0.0147184
      endloop
   endfacet
   facet normal -0.825706 0.259019 -0.501117
      outer loop
         vertex -0.169131 -0.415052 0.0147184
         vertex -0.169848 -0.41362 0.0170402
         vertex -0.169737 -0.412696 0.017243
      endloop
   endfacet
   facet normal -0.756443 0.151887 -0.636179
      outer loop
         vertex -0.167991 -0.415638 0.0128967
         vertex -0.168793 -0.415504 0.0139833
         vertex -0.169131 -0.415052 0.0147184
      endloop
   endfacet
   facet normal -0.756443 0.151887 -0.636179
      outer loop
         vertex -0.167991 -0.415638 0.0128967
         vertex -0.168109 -0.416022 0.0130163
         vertex -0.168752 -0.415553 0.0139034
      endloop
   endfacet
   facet normal -0.783543 0.254611 -0.566774
      outer loop
         vertex -0.168752 -0.415553 0.0139034
         vertex -0.168793 -0.415504 0.0139833
         vertex -0.167991 -0.415638 0.0128967
      endloop
   endfacet
   facet normal -0.915868 0.233108 -0.326874
      outer loop
         vertex -0.169895 -0.413322 0.0174624
         vertex -0.17028 -0.41086 0.0209533
         vertex -0.170131 -0.410514 0.0204902
      endloop
   endfacet
   facet normal -0.978082 0.156159 -0.13773
      outer loop
         vertex -0.170131 -0.410514 0.0204902
         vertex -0.17028 -0.41086 0.0209533
         vertex -0.170158 -0.409087 0.0228318
      endloop
   endfacet
   facet normal -0.939796 0.293386 -0.175238
      outer loop
         vertex -0.170158 -0.409087 0.0228318
         vertex -0.169788 -0.407713 0.0232068
         vertex -0.170131 -0.410514 0.0204902
      endloop
   endfacet
   facet normal -0.952986 0.292839 -0.0778693
      outer loop
         vertex -0.169788 -0.407713 0.0232068
         vertex -0.169829 -0.408061 0.0237467
         vertex -0.16874 -0.404669 0.0267707
      endloop
   endfacet
   facet normal -0.782228 0.603099 -0.156177
      outer loop
         vertex -0.16874 -0.404669 0.0267707
         vertex -0.168272 -0.404096 0.0265233
         vertex -0.169788 -0.407713 0.0232068
      endloop
   endfacet
   facet normal -0.798295 0.600138 -0.0505876
      outer loop
         vertex -0.168272 -0.404096 0.0265233
         vertex -0.168449 -0.404344 0.0270325
         vertex -0.16792 -0.403752 0.0275081
      endloop
   endfacet
   facet normal -0.701219 0.66701 0.251773
      outer loop
         vertex -0.166503 -0.402031 0.0268691
         vertex -0.167909 -0.403384 0.0251665
         vertex -0.168272 -0.404096 0.0265233
      endloop
   endfacet
   facet normal -0.798295 0.600138 -0.0505876
      outer loop
         vertex -0.168272 -0.404096 0.0265233
         vertex -0.167362 -0.403129 0.0280095
         vertex -0.166503 -0.402031 0.0268691
      endloop
   endfacet
   facet normal -0.642728 0.76579 -0.0215834
      outer loop
         vertex -0.167362 -0.403129 0.0280095
         vertex -0.1671 -0.402837 0.028245
         vertex -0.166503 -0.402031 0.0268691
      endloop
   endfacet
   facet normal -0.701219 0.66701 0.251773
      outer loop
         vertex -0.166503 -0.402031 0.0268691
         vertex -0.166467 -0.401983 0.0267873
         vertex -0.167909 -0.403384 0.0251665
      endloop
   endfacet
   facet normal -0.713738 0.694903 -0.0876826
      outer loop
         vertex -0.16792 -0.403752 0.0275081
         vertex -0.167362 -0.403129 0.0280095
         vertex -0.168272 -0.404096 0.0265233
      endloop
   endfacet
   facet normal -0.782228 0.603099 -0.156177
      outer loop
         vertex -0.16874 -0.404669 0.0267707
         vertex -0.168449 -0.404344 0.0270325
         vertex -0.168272 -0.404096 0.0265233
      endloop
   endfacet
   facet normal -0.939796 0.293386 -0.175238
      outer loop
         vertex -0.170158 -0.409087 0.0228318
         vertex -0.169829 -0.408061 0.0237467
         vertex -0.169788 -0.407713 0.0232068
      endloop
   endfacet
   facet normal -0.978082 0.156159 -0.13773
      outer loop
         vertex -0.170131 -0.410514 0.0204902
         vertex -0.169737 -0.412696 0.017243
         vertex -0.169895 -0.413322 0.0174624
      endloop
   endfacet
   facet normal -0.905371 0.239346 -0.350738
      outer loop
         vertex -0.169848 -0.41362 0.0170402
         vertex -0.169895 -0.413322 0.0174624
         vertex -0.169737 -0.412696 0.017243
      endloop
   endfacet
   facet normal -0.714497 0.202414 -0.669718
      outer loop
         vertex -0.167968 -0.416124 0.0128225
         vertex -0.168109 -0.416022 0.0130163
         vertex -0.167991 -0.415638 0.0128967
      endloop
   endfacet
   facet normal -0.756443 0.151887 -0.636179
      outer loop
         vertex -0.167991 -0.415638 0.0128967
         vertex -0.167559 -0.414091 0.0123802
         vertex -0.166503 -0.415225 0.0112629
      endloop
   endfacet
   facet normal -0.828348 -0.106006 -0.550094
      outer loop
         vertex -0.167559 -0.414091 0.0123802
         vertex -0.167521 -0.412594 0.0116027
         vertex -0.166214 -0.413474 0.0101183
      endloop
   endfacet
   facet normal -0.756443 0.151887 -0.636179
      outer loop
         vertex -0.167991 -0.415638 0.0128967
         vertex -0.169737 -0.412696 0.017243
         vertex -0.1696 -0.41187 0.0169216
      endloop
   endfacet
   facet normal -0.926366 -0.231136 -0.297359
      outer loop
         vertex -0.16865 -0.411751 0.0143071
         vertex -0.167521 -0.412594 0.0116027
         vertex -0.167559 -0.414091 0.0123802
      endloop
   endfacet
   facet normal -0.949044 0.125809 -0.288942
      outer loop
         vertex -0.169737 -0.412696 0.017243
         vertex -0.170131 -0.410514 0.0204902
         vertex -0.170032 -0.410033 0.0200964
      endloop
   endfacet
   facet normal -0.999972 -0.0047994 -0.00567671
      outer loop
         vertex -0.17 -0.409548 0.0196978
         vertex -0.169594 -0.411046 0.0165687
         vertex -0.1696 -0.41187 0.0169216
      endloop
   endfacet
   facet normal -0.978082 0.156159 -0.13773
      outer loop
         vertex -0.170131 -0.410514 0.0204902
         vertex -0.169788 -0.407713 0.0232068
         vertex -0.169656 -0.407266 0.0224762
      endloop
   endfacet
   facet normal -0.99999 -0.00345258 0.0028088
      outer loop
         vertex -0.169988 -0.409457 0.0197655
         vertex -0.17 -0.409548 0.0196978
         vertex -0.170032 -0.410033 0.0200964
      endloop
   endfacet
   facet normal -0.952986 0.292839 -0.0778693
      outer loop
         vertex -0.169788 -0.407713 0.0232068
         vertex -0.168272 -0.404096 0.0265233
         vertex -0.167909 -0.403384 0.0251665
      endloop
   endfacet
   facet normal -0.925393 0.252316 0.282816
      outer loop
         vertex -0.168684 -0.40441 0.0229263
         vertex -0.169647 -0.406792 0.0217511
         vertex -0.169656 -0.407266 0.0224762
      endloop
   endfacet
   facet normal -0.858773 0.481344 0.175549
      outer loop
         vertex -0.167909 -0.403384 0.0251665
         vertex -0.166467 -0.401983 0.0267873
         vertex -0.166214 -0.400611 0.0253331
      endloop
   endfacet
   facet normal -0.94408 0.320136 -0.0789059
      outer loop
         vertex -0.170197 -0.407197 0.0275406
         vertex -0.170448 -0.408619 0.0279739
         vertex -0.170438 -0.407987 0.0283611
      endloop
   endfacet
   facet normal -0.973375 0.229169 0.00481125
      outer loop
         vertex -0.170438 -0.407987 0.0283611
         vertex -0.17015 -0.407299 0.0283456
         vertex -0.170197 -0.407197 0.0275406
      endloop
   endfacet
   facet normal -0.827166 0.554997 -0.0881745
      outer loop
         vertex -0.169147 -0.405033 0.0277173
         vertex -0.168449 -0.404344 0.0270325
         vertex -0.16874 -0.404669 0.0267707
      endloop
   endfacet
   facet normal -0.827166 0.554997 -0.0881745
      outer loop
         vertex -0.169147 -0.405033 0.0277173
         vertex -0.16792 -0.403752 0.0275081
         vertex -0.168449 -0.404344 0.0270325
      endloop
   endfacet
   facet normal -0.985934 0.162708 -0.0382153
      outer loop
         vertex -0.170448 -0.408619 0.0279739
         vertex -0.1707 -0.410042 0.0284073
         vertex -0.170492 -0.408117 0.028364
      endloop
   endfacet
   facet normal -0.894602 0.446743 0.0103921
      outer loop
         vertex -0.169635 -0.406066 0.0283179
         vertex -0.169242 -0.405128 0.0282968
         vertex -0.169147 -0.405033 0.0277173
      endloop
   endfacet
   facet normal -0.875529 0.468309 -0.118892
      outer loop
         vertex -0.169468 -0.405933 0.0271556
         vertex -0.170166 -0.407143 0.0275243
         vertex -0.169635 -0.406066 0.0283179
      endloop
   endfacet
   facet normal -0.827166 0.554997 -0.0881745
      outer loop
         vertex -0.169147 -0.405033 0.0277173
         vertex -0.169468 -0.405933 0.0271556
         vertex -0.169635 -0.406066 0.0283179
      endloop
   endfacet
   facet normal -0.838007 0.545498 0.0132743
      outer loop
         vertex -0.169242 -0.405128 0.0282968
         vertex -0.16896 -0.404826 0.02829
         vertex -0.169147 -0.405033 0.0277173
      endloop
   endfacet
   facet normal -0.812337 0.583025 0.0138099
      outer loop
         vertex -0.16896 -0.404826 0.02829
         vertex -0.168524 -0.40436 0.0282794
         vertex -0.169147 -0.405033 0.0277173
      endloop
   endfacet
   facet normal -0.768192 0.640013 0.0162714
      outer loop
         vertex -0.168524 -0.40436 0.0282794
         vertex -0.167362 -0.403129 0.0280095
         vertex -0.16792 -0.403752 0.0275081
      endloop
   endfacet
   facet normal -0.768192 0.640013 0.0162714
      outer loop
         vertex -0.168524 -0.40436 0.0282794
         vertex -0.1671 -0.402837 0.028245
         vertex -0.167362 -0.403129 0.0280095
      endloop
   endfacet
   facet normal -0.713567 0.695059 -0.0878386
      outer loop
         vertex -0.16792 -0.403752 0.0275081
         vertex -0.169147 -0.405033 0.0277173
         vertex -0.168524 -0.40436 0.0282794
      endloop
   endfacet
   facet normal -0.941745 0.326527 -0.0805963
      outer loop
         vertex -0.170166 -0.407143 0.0275243
         vertex -0.170197 -0.407197 0.0275406
         vertex -0.169635 -0.406066 0.0283179
      endloop
   endfacet
   facet normal -0.97686 0.21384 0.00415975
      outer loop
         vertex -0.170492 -0.408117 0.028364
         vertex -0.170438 -0.407987 0.0283611
         vertex -0.170448 -0.408619 0.0279739
      endloop
   endfacet
   facet normal -0.782228 0.603099 -0.156177
      outer loop
         vertex -0.16874 -0.404669 0.0267707
         vertex -0.169468 -0.405933 0.0271556
         vertex -0.169147 -0.405033 0.0277173
      endloop
   endfacet
   facet normal -0.951213 0.308473 0.00620128
      outer loop
         vertex -0.17015 -0.407299 0.0283456
         vertex -0.169635 -0.406066 0.0283179
         vertex -0.170197 -0.407197 0.0275406
      endloop
   endfacet
   facet normal -0.707102 0.456534 0.539985
      outer loop
         vertex -0.165603 -0.400197 0.0258231
         vertex -0.166214 -0.400611 0.0253331
         vertex -0.166467 -0.401983 0.0267873
      endloop
   endfacet
   facet normal -0.65608 0.698157 0.286593
      outer loop
         vertex -0.165787 -0.401519 0.0274723
         vertex -0.165498 -0.400125 0.0259077
         vertex -0.165603 -0.400197 0.0258231
      endloop
   endfacet
   facet normal -0.705454 0.657431 0.264799
      outer loop
         vertex -0.166467 -0.401983 0.0267873
         vertex -0.165787 -0.401519 0.0274723
         vertex -0.165603 -0.400197 0.0258231
      endloop
   endfacet
   facet normal -0.646581 0.718297 0.25687
      outer loop
         vertex -0.165817 -0.401668 0.0276392
         vertex -0.166503 -0.402031 0.0268691
         vertex -0.1671 -0.402837 0.028245
      endloop
   endfacet
   facet normal -0.6 0.799702 0.0218447
      outer loop
         vertex -0.1671 -0.402837 0.028245
         vertex -0.166498 -0.402434 0.029197
         vertex -0.165817 -0.401668 0.0276392
      endloop
   endfacet
   facet normal -0.646581 0.718297 0.25687
      outer loop
         vertex -0.165817 -0.401668 0.0276392
         vertex -0.165787 -0.401519 0.0274723
         vertex -0.166503 -0.402031 0.0268691
      endloop
   endfacet
   facet normal -0.705454 0.657431 0.264799
      outer loop
         vertex -0.166467 -0.401983 0.0267873
         vertex -0.166503 -0.402031 0.0268691
         vertex -0.165787 -0.401519 0.0274723
      endloop
   endfacet
   facet normal -0.6 0.799702 0.0218447
      outer loop
         vertex -0.1671 -0.402837 0.028245
         vertex -0.168524 -0.40436 0.0282794
         vertex -0.168152 -0.403972 0.0290673
      endloop
   endfacet
   facet normal -0.768689 0.639418 0.016186
      outer loop
         vertex -0.168524 -0.40436 0.0282794
         vertex -0.168766 -0.404543 0.0290191
         vertex -0.168152 -0.403972 0.0290673
      endloop
   endfacet
   facet normal -0.72794 0.68564 0.000988249
      outer loop
         vertex -0.168152 -0.403972 0.0290673
         vertex -0.166498 -0.402434 0.029197
         vertex -0.1671 -0.402837 0.028245
      endloop
   endfacet
   facet normal -0.875578 0.483068 0.0029481
      outer loop
         vertex -0.169502 -0.405744 0.0289179
         vertex -0.168946 -0.40471 0.029005
         vertex -0.169242 -0.405128 0.0282968
      endloop
   endfacet
   facet normal -0.811799 0.583759 0.0144427
      outer loop
         vertex -0.16896 -0.404826 0.02829
         vertex -0.169242 -0.405128 0.0282968
         vertex -0.168946 -0.40471 0.029005
      endloop
   endfacet
   facet normal -0.805079 0.593164 0.00206184
      outer loop
         vertex -0.168946 -0.40471 0.029005
         vertex -0.168766 -0.404543 0.0290191
         vertex -0.16896 -0.404826 0.02829
      endloop
   endfacet
   facet normal -0.89417 0.447608 0.0103845
      outer loop
         vertex -0.169635 -0.406066 0.0283179
         vertex -0.17015 -0.407299 0.0283456
         vertex -0.170147 -0.406941 0.0288169
      endloop
   endfacet
   facet normal -0.950881 0.309484 0.00674853
      outer loop
         vertex -0.17015 -0.407299 0.0283456
         vertex -0.170224 -0.407165 0.028798
         vertex -0.170147 -0.406941 0.0288169
      endloop
   endfacet
   facet normal -0.938525 0.345199 0.00306742
      outer loop
         vertex -0.170147 -0.406941 0.0288169
         vertex -0.169502 -0.405744 0.0289179
         vertex -0.169635 -0.406066 0.0283179
      endloop
   endfacet
   facet normal -0.950881 0.309484 0.00674853
      outer loop
         vertex -0.17015 -0.407299 0.0283456
         vertex -0.170438 -0.407987 0.0283611
         vertex -0.170347 -0.407816 0.0287431
      endloop
   endfacet
   facet normal -0.968301 0.249771 0.00268972
      outer loop
         vertex -0.170347 -0.407816 0.0287431
         vertex -0.170261 -0.407271 0.0287891
         vertex -0.17015 -0.407299 0.0283456
      endloop
   endfacet
   facet normal -1 0 0
      outer loop
         vertex -0.1707 -0.410045 0.0285551
         vertex -0.170347 -0.407816 0.0287431
         vertex -0.170492 -0.408117 0.028364
      endloop
   endfacet
   facet normal -0.968301 0.249771 0.00268972
      outer loop
         vertex -0.170347 -0.407816 0.0287431
         vertex -0.170438 -0.407987 0.0283611
         vertex -0.170492 -0.408117 0.028364
      endloop
   endfacet
   facet normal -0.976894 0.21368 0.00445264
      outer loop
         vertex -0.170492 -0.408117 0.028364
         vertex -0.1707 -0.410042 0.0284073
         vertex -0.1707 -0.410045 0.0285551
      endloop
   endfacet
   facet normal -0.951216 0.308511 0.00296478
      outer loop
         vertex -0.170261 -0.407271 0.0287891
         vertex -0.170224 -0.407165 0.028798
         vertex -0.17015 -0.407299 0.0283456
      endloop
   endfacet
   facet normal -0.838009 0.545495 0.0132799
      outer loop
         vertex -0.169242 -0.405128 0.0282968
         vertex -0.169635 -0.406066 0.0283179
         vertex -0.169502 -0.405744 0.0289179
      endloop
   endfacet
   facet normal -0.768689 0.639418 0.016186
      outer loop
         vertex -0.168524 -0.40436 0.0282794
         vertex -0.16896 -0.404826 0.02829
         vertex -0.168766 -0.404543 0.0290191
      endloop
   endfacet
   facet normal -0.957637 0.279187 0.0706103
      outer loop
         vertex -0.170318 -0.407495 0.0290736
         vertex -0.170179 -0.407211 0.0293617
         vertex -0.169725 -0.4064 0.0295924
      endloop
   endfacet
   facet normal -0.904301 0.41295 0.108223
      outer loop
         vertex -0.169725 -0.4064 0.0295924
         vertex -0.169202 -0.40516 0.0295605
         vertex -0.170318 -0.407495 0.0290736
      endloop
   endfacet
   facet normal -0.904301 0.41295 0.108223
      outer loop
         vertex -0.169725 -0.4064 0.0295924
         vertex -0.168773 -0.4047 0.0300759
         vertex -0.169202 -0.40516 0.0295605
      endloop
   endfacet
   facet normal -0.388215 0.890915 0.23571
      outer loop
         vertex -0.165144 -0.402179 0.0307933
         vertex -0.164787 -0.401807 0.0303411
         vertex -0.165161 -0.401944 0.0300908
      endloop
   endfacet
   facet normal -0.388215 0.890915 0.23571
      outer loop
         vertex -0.165144 -0.402179 0.0307933
         vertex -0.163762 -0.401617 0.0309534
         vertex -0.164581 -0.401732 0.0304784
      endloop
   endfacet
   facet normal -0.293035 0.936645 0.1919
      outer loop
         vertex -0.164581 -0.401732 0.0304784
         vertex -0.164787 -0.401807 0.0303411
         vertex -0.165144 -0.402179 0.0307933
      endloop
   endfacet
   facet normal -0.957637 0.279187 0.0706103
      outer loop
         vertex -0.170318 -0.407495 0.0290736
         vertex -0.170224 -0.407165 0.028798
         vertex -0.170261 -0.407271 0.0287891
      endloop
   endfacet
   facet normal -0.833998 0.533995 0.138913
      outer loop
         vertex -0.169202 -0.40516 0.0295605
         vertex -0.169502 -0.405744 0.0289179
         vertex -0.170147 -0.406941 0.0288169
      endloop
   endfacet
   facet normal -0.938534 0.345173 0.00309872
      outer loop
         vertex -0.170147 -0.406941 0.0288169
         vertex -0.170318 -0.407495 0.0290736
         vertex -0.169202 -0.40516 0.0295605
      endloop
   endfacet
   facet normal -0.938534 0.345173 0.00309872
      outer loop
         vertex -0.170147 -0.406941 0.0288169
         vertex -0.170224 -0.407165 0.028798
         vertex -0.170318 -0.407495 0.0290736
      endloop
   endfacet
   facet normal -0.687477 0.717596 0.111501
      outer loop
         vertex -0.167866 -0.403525 0.0295134
         vertex -0.165832 -0.40219 0.0296426
         vertex -0.166498 -0.402434 0.029197
      endloop
   endfacet
   facet normal -0.957637 0.279187 0.0706103
      outer loop
         vertex -0.170318 -0.407495 0.0290736
         vertex -0.170388 -0.408172 0.0290881
         vertex -0.170248 -0.407335 0.0293265
      endloop
   endfacet
   facet normal -0.957637 0.279187 0.0706103
      outer loop
         vertex -0.170318 -0.407495 0.0290736
         vertex -0.1707 -0.410045 0.0285551
         vertex -0.170388 -0.408172 0.0290881
      endloop
   endfacet
   facet normal -0.639326 0.744785 0.1912
      outer loop
         vertex -0.167446 -0.403229 0.0299164
         vertex -0.168397 -0.404134 0.0297593
         vertex -0.167643 -0.403702 0.03036
      endloop
   endfacet
   facet normal -0.521671 0.826628 0.21106
      outer loop
         vertex -0.166373 -0.402463 0.0300219
         vertex -0.167446 -0.403229 0.0299164
         vertex -0.166553 -0.402752 0.0306302
      endloop
   endfacet
   facet normal -0.539164 0.814278 0.215067
      outer loop
         vertex -0.166553 -0.402752 0.0306302
         vertex -0.165619 -0.402372 0.0307383
         vertex -0.166373 -0.402463 0.0300219
      endloop
   endfacet
   facet normal -0.744608 0.646224 0.167194
      outer loop
         vertex -0.168397 -0.404134 0.0297593
         vertex -0.169202 -0.40516 0.0295605
         vertex -0.168757 -0.40467 0.0300844
      endloop
   endfacet
   facet normal -0.833998 0.533995 0.138913
      outer loop
         vertex -0.169202 -0.40516 0.0295605
         vertex -0.168397 -0.404134 0.0297593
         vertex -0.168766 -0.404543 0.0290191
      endloop
   endfacet
   facet normal -0.788836 0.6146 0.00208791
      outer loop
         vertex -0.168766 -0.404543 0.0290191
         vertex -0.168946 -0.40471 0.029005
         vertex -0.169202 -0.40516 0.0295605
      endloop
   endfacet
   facet normal -0.744608 0.646224 0.167194
      outer loop
         vertex -0.168397 -0.404134 0.0297593
         vertex -0.167866 -0.403525 0.0295134
         vertex -0.168152 -0.403972 0.0290673
      endloop
   endfacet
   facet normal -0.727284 0.686336 0.000793215
      outer loop
         vertex -0.168152 -0.403972 0.0290673
         vertex -0.168766 -0.404543 0.0290191
         vertex -0.168397 -0.404134 0.0297593
      endloop
   endfacet
   facet normal -0.744608 0.646224 0.167194
      outer loop
         vertex -0.168397 -0.404134 0.0297593
         vertex -0.167446 -0.403229 0.0299164
         vertex -0.167866 -0.403525 0.0295134
      endloop
   endfacet
   facet normal -0.521671 0.826628 0.21106
      outer loop
         vertex -0.166373 -0.402463 0.0300219
         vertex -0.165161 -0.401944 0.0300908
         vertex -0.165653 -0.402125 0.0297618
      endloop
   endfacet
   facet normal -0.431033 0.899187 0.0753294
      outer loop
         vertex -0.165832 -0.40219 0.0296426
         vertex -0.167866 -0.403525 0.0295134
         vertex -0.167446 -0.403229 0.0299164
      endloop
   endfacet
   facet normal -0.639326 0.744785 0.1912
      outer loop
         vertex -0.167446 -0.403229 0.0299164
         vertex -0.166373 -0.402463 0.0300219
         vertex -0.165832 -0.40219 0.0296426
      endloop
   endfacet
   facet normal -0.968488 0.249046 0.0026763
      outer loop
         vertex -0.170347 -0.407816 0.0287431
         vertex -0.1707 -0.410045 0.0285551
         vertex -0.170318 -0.407495 0.0290736
      endloop
   endfacet
   facet normal -0.408907 0.90759 0.0952673
      outer loop
         vertex -0.165653 -0.402125 0.0297618
         vertex -0.165832 -0.40219 0.0296426
         vertex -0.166373 -0.402463 0.0300219
      endloop
   endfacet
   facet normal -0.805061 0.593188 0.0020257
      outer loop
         vertex -0.168946 -0.40471 0.029005
         vertex -0.169502 -0.405744 0.0289179
         vertex -0.169202 -0.40516 0.0295605
      endloop
   endfacet
   facet normal -0.784059 0.60031 0.157731
      outer loop
         vertex -0.168757 -0.40467 0.0300844
         vertex -0.167643 -0.403702 0.03036
         vertex -0.168397 -0.404134 0.0297593
      endloop
   endfacet
   facet normal -0.441043 0.867571 0.229784
      outer loop
         vertex -0.165619 -0.402372 0.0307383
         vertex -0.165144 -0.402179 0.0307933
         vertex -0.166373 -0.402463 0.0300219
      endloop
   endfacet
   facet normal -0.669595 0.718203 0.18928
      outer loop
         vertex -0.167643 -0.403702 0.03036
         vertex -0.166553 -0.402752 0.0306302
         vertex -0.167446 -0.403229 0.0299164
      endloop
   endfacet
   facet normal -0.949729 0.303028 0.0786731
      outer loop
         vertex -0.170248 -0.407335 0.0293265
         vertex -0.170179 -0.407211 0.0293617
         vertex -0.170318 -0.407495 0.0290736
      endloop
   endfacet
   facet normal -0.533129 0.846029 -0.00275055
      outer loop
         vertex -0.166498 -0.402434 0.029197
         vertex -0.168152 -0.403972 0.0290673
         vertex -0.167866 -0.403525 0.0295134
      endloop
   endfacet
   facet normal -0.951216 0.308513 0.00296401
      outer loop
         vertex -0.170261 -0.407271 0.0287891
         vertex -0.170347 -0.407816 0.0287431
         vertex -0.170318 -0.407495 0.0290736
      endloop
   endfacet
   facet normal -0.350794 0.925669 0.141702
      outer loop
         vertex -0.165161 -0.401944 0.0300908
         vertex -0.166373 -0.402463 0.0300219
         vertex -0.165144 -0.402179 0.0307933
      endloop
   endfacet
   facet normal -0.786448 0.597393 0.156911
      outer loop
         vertex -0.168773 -0.4047 0.0300759
         vertex -0.168757 -0.40467 0.0300844
         vertex -0.169202 -0.40516 0.0295605
      endloop
   endfacet
   facet normal -0.699854 0.461165 0.545464
      outer loop
         vertex -0.165498 -0.400125 0.0259077
         vertex -0.165787 -0.401519 0.0274723
         vertex -0.163858 -0.400741 0.0287094
      endloop
   endfacet
   facet normal -0.469588 0.761053 0.447532
      outer loop
         vertex -0.163858 -0.400741 0.0287094
         vertex -0.16334 -0.399394 0.0275861
         vertex -0.165498 -0.400125 0.0259077
      endloop
   endfacet
   facet normal -0.339596 0.914779 0.218756
      outer loop
         vertex -0.164638 -0.401663 0.0300821
         vertex -0.16051 -0.401167 0.031517
         vertex -0.160054 -0.400569 0.0308685
      endloop
   endfacet
   facet normal -0.469588 0.761053 0.447532
      outer loop
         vertex -0.163858 -0.400741 0.0287094
         vertex -0.160054 -0.400569 0.0308685
         vertex -0.16069 -0.39972 0.0295454
      endloop
   endfacet
   facet normal -0.239565 0.733907 0.635602
      outer loop
         vertex -0.160054 -0.400569 0.0308685
         vertex -0.159637 -0.399849 0.0303246
         vertex -0.16069 -0.39972 0.0295454
      endloop
   endfacet
   facet normal -0.0828645 0.910568 0.404967
      outer loop
         vertex -0.160994 -0.401629 0.0322523
         vertex -0.161491 -0.40194 0.0330543
         vertex -0.155026 -0.40194 0.0330543
      endloop
   endfacet
   facet normal -0.0828645 0.910568 0.404967
      outer loop
         vertex -0.160994 -0.401629 0.0322523
         vertex -0.155024 -0.401938 0.033052
         vertex -0.155022 -0.401935 0.0330498
      endloop
   endfacet
   facet normal -0.163456 0.83367 0.527519
      outer loop
         vertex -0.16051 -0.401167 0.031517
         vertex -0.155022 -0.401935 0.0330498
         vertex -0.15502 -0.401932 0.0330476
      endloop
   endfacet
   facet normal -0.239565 0.733907 0.635602
      outer loop
         vertex -0.160054 -0.400569 0.0308685
         vertex -0.15502 -0.401932 0.0330476
         vertex -0.155018 -0.40193 0.0330454
      endloop
   endfacet
   facet normal -0.646581 0.718297 0.25687
      outer loop
         vertex -0.165817 -0.401668 0.0276392
         vertex -0.165653 -0.402125 0.0297618
         vertex -0.164638 -0.401663 0.0300821
      endloop
   endfacet
   facet normal -0.646581 0.718297 0.25687
      outer loop
         vertex -0.165817 -0.401668 0.0276392
         vertex -0.165832 -0.40219 0.0296426
         vertex -0.165653 -0.402125 0.0297618
      endloop
   endfacet
   facet normal -0.646581 0.718297 0.25687
      outer loop
         vertex -0.165817 -0.401668 0.0276392
         vertex -0.166498 -0.402434 0.029197
         vertex -0.165832 -0.40219 0.0296426
      endloop
   endfacet
   facet normal -0.339596 0.914779 0.218756
      outer loop
         vertex -0.164638 -0.401663 0.0300821
         vertex -0.165653 -0.402125 0.0297618
         vertex -0.165161 -0.401944 0.0300908
      endloop
   endfacet
   facet normal -0.163456 0.83367 0.527519
      outer loop
         vertex -0.16051 -0.401167 0.031517
         vertex -0.163762 -0.401617 0.0309534
         vertex -0.16297 -0.401741 0.0317607
      endloop
   endfacet
   facet normal -0.339596 0.914779 0.218756
      outer loop
         vertex -0.164638 -0.401663 0.0300821
         vertex -0.164581 -0.401732 0.0304784
         vertex -0.163762 -0.401617 0.0309534
      endloop
   endfacet
   facet normal -0.339596 0.914779 0.218756
      outer loop
         vertex -0.164638 -0.401663 0.0300821
         vertex -0.164787 -0.401807 0.0303411
         vertex -0.164581 -0.401732 0.0304784
      endloop
   endfacet
   facet normal -0.229111 0.94096 0.249204
      outer loop
         vertex -0.163762 -0.401617 0.0309534
         vertex -0.16051 -0.401167 0.031517
         vertex -0.164638 -0.401663 0.0300821
      endloop
   endfacet
   facet normal -0.0828645 0.910568 0.404967
      outer loop
         vertex -0.160994 -0.401629 0.0322523
         vertex -0.16297 -0.401741 0.0317607
         vertex -0.1617 -0.40194 0.0330543
      endloop
   endfacet
   facet normal 1.52656e-13 0.967793 0.251749
      outer loop
         vertex -0.1617 -0.40194 0.0330543
         vertex -0.161491 -0.40194 0.0330543
         vertex -0.160994 -0.401629 0.0322523
      endloop
   endfacet
   facet normal -0.120446 0.966062 0.228509
      outer loop
         vertex -0.16297 -0.401741 0.0317607
         vertex -0.160994 -0.401629 0.0322523
         vertex -0.16051 -0.401167 0.031517
      endloop
   endfacet
   facet normal -0.350572 0.925646 0.142402
      outer loop
         vertex -0.165161 -0.401944 0.0300908
         vertex -0.164787 -0.401807 0.0303411
         vertex -0.164638 -0.401663 0.0300821
      endloop
   endfacet
   facet normal -0.339596 0.914779 0.218756
      outer loop
         vertex -0.164638 -0.401663 0.0300821
         vertex -0.163858 -0.400741 0.0287094
         vertex -0.165817 -0.401668 0.0276392
      endloop
   endfacet
   facet normal -0.00121716 0.645631 0.763649
      outer loop
         vertex -0.155018 -0.40193 0.0330454
         vertex -0.15502 -0.401932 0.0330476
         vertex -0.155 -0.40194 0.0330543
      endloop
   endfacet
   facet normal -0.000912871 0.646066 0.763281
      outer loop
         vertex -0.15502 -0.401932 0.0330476
         vertex -0.155022 -0.401935 0.0330498
         vertex -0.155 -0.40194 0.0330543
      endloop
   endfacet
   facet normal -0.000608581 0.6465 0.762913
      outer loop
         vertex -0.155022 -0.401935 0.0330498
         vertex -0.155024 -0.401938 0.033052
         vertex -0.155 -0.40194 0.0330543
      endloop
   endfacet
   facet normal -0.000304291 0.646935 0.762545
      outer loop
         vertex -0.155024 -0.401938 0.033052
         vertex -0.155026 -0.40194 0.0330543
         vertex -0.155 -0.40194 0.0330543
      endloop
   endfacet
   facet normal -0.00121716 0.645631 0.763649
      outer loop
         vertex -0.155018 -0.40193 0.0330454
         vertex -0.159637 -0.399849 0.0303246
         vertex -0.160054 -0.400569 0.0308685
      endloop
   endfacet
   facet normal -0.000912871 0.646066 0.763281
      outer loop
         vertex -0.15502 -0.401932 0.0330476
         vertex -0.160054 -0.400569 0.0308685
         vertex -0.16051 -0.401167 0.031517
      endloop
   endfacet
   facet normal -0.000608581 0.6465 0.762913
      outer loop
         vertex -0.155022 -0.401935 0.0330498
         vertex -0.16051 -0.401167 0.031517
         vertex -0.160994 -0.401629 0.0322523
      endloop
   endfacet
   facet normal 1.0177e-13 0.647369 0.762177
      outer loop
         vertex -0.155026 -0.40194 0.0330543
         vertex -0.155024 -0.401938 0.033052
         vertex -0.160994 -0.401629 0.0322523
      endloop
   endfacet
   facet normal -0.374195 0.609995 0.698487
      outer loop
         vertex -0.16069 -0.39972 0.0295454
         vertex -0.16334 -0.399394 0.0275861
         vertex -0.163858 -0.400741 0.0287094
      endloop
   endfacet
   facet normal -0.239565 0.733907 0.635602
      outer loop
         vertex -0.160054 -0.400569 0.0308685
         vertex -0.163858 -0.400741 0.0287094
         vertex -0.164638 -0.401663 0.0300821
      endloop
   endfacet
   facet normal -0.65608 0.698157 0.286593
      outer loop
         vertex -0.165787 -0.401519 0.0274723
         vertex -0.165817 -0.401668 0.0276392
         vertex -0.163858 -0.400741 0.0287094
      endloop
   endfacet
   facet normal -1 0 0
      outer loop
         vertex -0.1707 -0.411465 0.0351121
         vertex -0.170283 -0.40877 0.0353781
         vertex -0.170477 -0.408159 0.0292208
      endloop
   endfacet
   facet normal -0.901945 0.417459 0.11056
      outer loop
         vertex -0.169818 -0.406328 0.0297056
         vertex -0.170477 -0.408159 0.0292208
         vertex -0.170283 -0.40877 0.0353781
      endloop
   endfacet
   facet normal -1 0 0
      outer loop
         vertex -0.1707 -0.411465 0.0351121
         vertex -0.170315 -0.408832 0.0388813
         vertex -0.170158 -0.408569 0.0386585
      endloop
   endfacet
   facet normal -1 0 0
      outer loop
         vertex -0.1707 -0.411465 0.0351121
         vertex -0.1707 -0.411162 0.0405923
         vertex -0.170646 -0.410789 0.0405356
      endloop
   endfacet
   facet normal -0.999166 0.039784 -0.00924634
      outer loop
         vertex -0.170646 -0.410789 0.0405356
         vertex -0.170315 -0.408832 0.0388813
         vertex -0.1707 -0.411465 0.0351121
      endloop
   endfacet
   facet normal -0.953636 0.299508 0.0295619
      outer loop
         vertex -0.170283 -0.40877 0.0353781
         vertex -0.170158 -0.408569 0.0386585
         vertex -0.168796 -0.406291 0.0367331
      endloop
   endfacet
   facet normal -0.818843 0.571242 0.0563826
      outer loop
         vertex -0.16907 -0.406324 0.0356195
         vertex -0.168796 -0.406291 0.0367331
         vertex -0.168184 -0.405267 0.0358671
      endloop
   endfacet
   facet normal -0.701396 0.709325 0.0700116
      outer loop
         vertex -0.167996 -0.405109 0.0357331
         vertex -0.167263 -0.40449 0.0352104
         vertex -0.168743 -0.404705 0.0301402
      endloop
   endfacet
   facet normal -0.901945 0.417459 0.11056
      outer loop
         vertex -0.169818 -0.406328 0.0297056
         vertex -0.16907 -0.406324 0.0356195
         vertex -0.167996 -0.405109 0.0357331
      endloop
   endfacet
   facet normal -0.623378 0.774727 0.105816
      outer loop
         vertex -0.167263 -0.40449 0.0352104
         vertex -0.165593 -0.403083 0.0340202
         vertex -0.166726 -0.40311 0.0309348
      endloop
   endfacet
   facet normal -0.432519 0.881223 0.190717
      outer loop
         vertex -0.165593 -0.403083 0.0340202
         vertex -0.163762 -0.402287 0.0333477
         vertex -0.165549 -0.402386 0.0308443
      endloop
   endfacet
   facet normal -0.204443 0.949096 0.239623
      outer loop
         vertex -0.16354 -0.402191 0.0332661
         vertex -0.1617 -0.40194 0.0330543
         vertex -0.16297 -0.401741 0.0317607
      endloop
   endfacet
   facet normal -0.438956 0.868564 0.23003
      outer loop
         vertex -0.165549 -0.402386 0.0308443
         vertex -0.163762 -0.402287 0.0333477
         vertex -0.16354 -0.402191 0.0332661
      endloop
   endfacet
   facet normal -0.204443 0.949096 0.239623
      outer loop
         vertex -0.16354 -0.402191 0.0332661
         vertex -0.163762 -0.401617 0.0309534
         vertex -0.165549 -0.402386 0.0308443
      endloop
   endfacet
   facet normal -0.438956 0.868564 0.23003
      outer loop
         vertex -0.165549 -0.402386 0.0308443
         vertex -0.163762 -0.401617 0.0309534
         vertex -0.165144 -0.402179 0.0307933
      endloop
   endfacet
   facet normal -0.438956 0.868564 0.23003
      outer loop
         vertex -0.165549 -0.402386 0.0308443
         vertex -0.165619 -0.402372 0.0307383
         vertex -0.166553 -0.402752 0.0306302
      endloop
   endfacet
   facet normal -0.783936 0.600151 0.158944
      outer loop
         vertex -0.168743 -0.404705 0.0301402
         vertex -0.166726 -0.40311 0.0309348
         vertex -0.167643 -0.403702 0.03036
      endloop
   endfacet
   facet normal -0.62701 0.75305 0.199438
      outer loop
         vertex -0.166726 -0.40311 0.0309348
         vertex -0.166553 -0.402752 0.0306302
         vertex -0.167643 -0.403702 0.03036
      endloop
   endfacet
   facet normal -0.669576 0.718231 0.189242
      outer loop
         vertex -0.167643 -0.403702 0.03036
         vertex -0.168757 -0.40467 0.0300844
         vertex -0.168743 -0.404705 0.0301402
      endloop
   endfacet
   facet normal -0.901945 0.417459 0.11056
      outer loop
         vertex -0.169818 -0.406328 0.0297056
         vertex -0.168743 -0.404705 0.0301402
         vertex -0.168773 -0.4047 0.0300759
      endloop
   endfacet
   facet normal -0.901945 0.417459 0.11056
      outer loop
         vertex -0.169818 -0.406328 0.0297056
         vertex -0.169725 -0.4064 0.0295924
         vertex -0.170179 -0.407211 0.0293617
      endloop
   endfacet
   facet normal -0.944622 0.317571 0.082688
      outer loop
         vertex -0.170179 -0.407211 0.0293617
         vertex -0.170477 -0.408159 0.0292208
         vertex -0.169818 -0.406328 0.0297056
      endloop
   endfacet
   facet normal -0.944622 0.317571 0.082688
      outer loop
         vertex -0.170179 -0.407211 0.0293617
         vertex -0.170248 -0.407335 0.0293265
         vertex -0.170477 -0.408159 0.0292208
      endloop
   endfacet
   facet normal -1 0 0
      outer loop
         vertex -0.1707 -0.410085 0.0287106
         vertex -0.170477 -0.408159 0.0292208
         vertex -0.170388 -0.408172 0.0290881
      endloop
   endfacet
   facet normal -0.975957 0.210995 0.0546756
      outer loop
         vertex -0.170388 -0.408172 0.0290881
         vertex -0.1707 -0.410045 0.0285551
         vertex -0.1707 -0.410085 0.0287106
      endloop
   endfacet
   facet normal -0.949757 0.302899 0.0788262
      outer loop
         vertex -0.170248 -0.407335 0.0293265
         vertex -0.170388 -0.408172 0.0290881
         vertex -0.170477 -0.408159 0.0292208
      endloop
   endfacet
   facet normal -0.786538 0.597274 0.156917
      outer loop
         vertex -0.168773 -0.4047 0.0300759
         vertex -0.169725 -0.4064 0.0295924
         vertex -0.169818 -0.406328 0.0297056
      endloop
   endfacet
   facet normal -0.784059 0.60031 0.157731
      outer loop
         vertex -0.168757 -0.40467 0.0300844
         vertex -0.168773 -0.4047 0.0300759
         vertex -0.168743 -0.404705 0.0301402
      endloop
   endfacet
   facet normal -0.539169 0.814272 0.215078
      outer loop
         vertex -0.166553 -0.402752 0.0306302
         vertex -0.166726 -0.40311 0.0309348
         vertex -0.165549 -0.402386 0.0308443
      endloop
   endfacet
   facet normal -0.388192 0.89094 0.235654
      outer loop
         vertex -0.165144 -0.402179 0.0307933
         vertex -0.165619 -0.402372 0.0307383
         vertex -0.165549 -0.402386 0.0308443
      endloop
   endfacet
   facet normal -0.141953 0.953925 0.264341
      outer loop
         vertex -0.16297 -0.401741 0.0317607
         vertex -0.163762 -0.401617 0.0309534
         vertex -0.16354 -0.402191 0.0332661
      endloop
   endfacet
   facet normal -0.438956 0.868564 0.23003
      outer loop
         vertex -0.165549 -0.402386 0.0308443
         vertex -0.166726 -0.40311 0.0309348
         vertex -0.165593 -0.403083 0.0340202
      endloop
   endfacet
   facet normal -0.62701 0.75305 0.199438
      outer loop
         vertex -0.166726 -0.40311 0.0309348
         vertex -0.168743 -0.404705 0.0301402
         vertex -0.167263 -0.40449 0.0352104
      endloop
   endfacet
   facet normal -0.783936 0.600151 0.158944
      outer loop
         vertex -0.168743 -0.404705 0.0301402
         vertex -0.169818 -0.406328 0.0297056
         vertex -0.167996 -0.405109 0.0357331
      endloop
   endfacet
   facet normal -0.720447 0.690795 0.0613162
      outer loop
         vertex -0.168184 -0.405267 0.0358671
         vertex -0.167996 -0.405109 0.0357331
         vertex -0.16907 -0.406324 0.0356195
      endloop
   endfacet
   facet normal -0.807435 0.58976 0.0152346
      outer loop
         vertex -0.168796 -0.406291 0.0367331
         vertex -0.16907 -0.406324 0.0356195
         vertex -0.170283 -0.40877 0.0353781
      endloop
   endfacet
   facet normal -0.946522 0.320359 -0.0382959
      outer loop
         vertex -0.170158 -0.408569 0.0386585
         vertex -0.170283 -0.40877 0.0353781
         vertex -0.1707 -0.411465 0.0351121
      endloop
   endfacet
   facet normal -0.999166 0.039784 -0.00924634
      outer loop
         vertex -0.170646 -0.410789 0.0405356
         vertex -0.1707 -0.411162 0.0405923
         vertex -0.1707 -0.41111 0.0408069
      endloop
   endfacet
   facet normal -0.953636 0.299508 0.0295619
      outer loop
         vertex -0.170283 -0.40877 0.0353781
         vertex -0.16907 -0.406324 0.0356195
         vertex -0.169818 -0.406328 0.0297056
      endloop
   endfacet
   facet normal -0.975178 0.214042 0.0566869
      outer loop
         vertex -0.170477 -0.408159 0.0292208
         vertex -0.1707 -0.410085 0.0287106
         vertex -0.1707 -0.411465 0.0351121
      endloop
   endfacet
   facet normal 0.382683 -0.920058 0.083943
      outer loop
         vertex -0.160668 -0.417009 0.0435049
         vertex -0.161662 -0.420655 0.0100612
         vertex -0.160937 -0.420263 0.00988342
      endloop
   endfacet
   facet normal 0.456121 -0.886237 0.0808572
      outer loop
         vertex -0.160937 -0.420263 0.00988342
         vertex -0.160819 -0.420199 0.00985461
         vertex -0.160668 -0.417009 0.0435049
      endloop
   endfacet
   facet normal 0.382683 -0.920058 0.083943
      outer loop
         vertex -0.160668 -0.417009 0.0435049
         vertex -0.161966 -0.417872 0.0435837
         vertex -0.161964 -0.420928 0.0101116
      endloop
   endfacet
   facet normal 0.707129 -0.70416 0.0642451
      outer loop
         vertex -0.161964 -0.420928 0.0101116
         vertex -0.161662 -0.420655 0.0100612
         vertex -0.160668 -0.417009 0.0435049
      endloop
   endfacet
   facet normal 7.52161e-14 -0.995864 0.0908592
      outer loop
         vertex -0.159138 -0.416706 0.0434772
         vertex -0.160472 -0.420011 0.00976958
         vertex -0.159577 -0.419875 0.00956577
      endloop
   endfacet
   facet normal 7.52161e-14 -0.995864 0.0908592
      outer loop
         vertex -0.159138 -0.416706 0.0434772
         vertex -0.160668 -0.417009 0.0435049
         vertex -0.160653 -0.420109 0.00981403
      endloop
   endfacet
   facet normal 0.381852 -0.920401 0.0839742
      outer loop
         vertex -0.160653 -0.420109 0.00981403
         vertex -0.160472 -0.420011 0.00976958
         vertex -0.159138 -0.416706 0.0434772
      endloop
   endfacet
   facet normal 0.92388 -0.381101 0.0347703
      outer loop
         vertex -0.162833 -0.419165 0.0437016
         vertex -0.163138 -0.420689 0.0438407
         vertex -0.163138 -0.423588 0.0120712
      endloop
   endfacet
   facet normal 0.707107 -0.704182 0.0642472
      outer loop
         vertex -0.161966 -0.417872 0.0435837
         vertex -0.162833 -0.419165 0.0437016
         vertex -0.162833 -0.422161 0.0108647
      endloop
   endfacet
   facet normal 0.92388 -0.381101 0.0347703
      outer loop
         vertex -0.162833 -0.422161 0.0108647
         vertex -0.162328 -0.421338 0.0101693
         vertex -0.161966 -0.417872 0.0435837
      endloop
   endfacet
   facet normal 0.797546 -0.600762 0.0548115
      outer loop
         vertex -0.162328 -0.421338 0.0101693
         vertex -0.162006 -0.420966 0.0101186
         vertex -0.161966 -0.417872 0.0435837
      endloop
   endfacet
   facet normal 0.717042 -0.694147 0.0633316
      outer loop
         vertex -0.162006 -0.420966 0.0101186
         vertex -0.161964 -0.420928 0.0101116
         vertex -0.161966 -0.417872 0.0435837
      endloop
   endfacet
   facet normal 1 -2.18575e-13 -4.21885e-12
      outer loop
         vertex -0.163138 -0.423588 0.0120712
         vertex -0.162833 -0.422161 0.0108647
         vertex -0.162833 -0.419165 0.0437016
      endloop
   endfacet
   facet normal 0.111252 -0.989682 0.0902952
      outer loop
         vertex -0.159577 -0.419875 0.00956577
         vertex -0.159138 -0.419809 0.00946575
         vertex -0.159138 -0.416706 0.0434772
      endloop
   endfacet
   facet normal 0.425519 -0.901207 0.082223
      outer loop
         vertex -0.160819 -0.420199 0.00985461
         vertex -0.160653 -0.420109 0.00981403
         vertex -0.160668 -0.417009 0.0435049
      endloop
   endfacet
   facet normal 0.382683 -0.920058 0.083943
      outer loop
         vertex -0.160668 -0.417009 0.0435049
         vertex -0.159138 -0.416706 0.0434772
         vertex -0.159138 -0.416608 0.0438254
      endloop
   endfacet
   facet normal 5.12496e-14 -0.898408 0.439162
      outer loop
         vertex -0.159138 -0.416608 0.0438254
         vertex -0.160668 -0.416881 0.0439617
         vertex -0.160668 -0.417009 0.0435049
      endloop
   endfacet
   facet normal 0.382683 -0.829162 0.407484
      outer loop
         vertex -0.160668 -0.416881 0.0439617
         vertex -0.159138 -0.416607 0.0438274
         vertex -0.159138 -0.416393 0.0441158
      endloop
   endfacet
   facet normal 5.05646e-14 -0.683431 0.730015
      outer loop
         vertex -0.159138 -0.416393 0.0441158
         vertex -0.160668 -0.416597 0.0443424
         vertex -0.160668 -0.416881 0.0439617
      endloop
   endfacet
   facet normal 0.382683 -0.628553 0.677107
      outer loop
         vertex -0.160668 -0.416597 0.0443424
         vertex -0.159138 -0.41639 0.0441193
         vertex -0.159138 -0.416088 0.0443107
      endloop
   endfacet
   facet normal 4.9619e-14 -0.379056 0.925374
      outer loop
         vertex -0.159138 -0.416088 0.0443107
         vertex -0.160668 -0.416197 0.0445966
         vertex -0.160668 -0.416597 0.0443424
      endloop
   endfacet
   facet normal -1.53291e-16 -0.373181 0.927758
      outer loop
         vertex -0.159138 -0.416083 0.0443141
         vertex -0.159138 -0.415735 0.0443845
         vertex -0.160607 -0.415731 0.0447141
      endloop
   endfacet
   facet normal 0.37144 -0.0151088 0.928334
      outer loop
         vertex -0.160607 -0.415731 0.0447141
         vertex -0.160668 -0.416197 0.0445966
         vertex -0.159138 -0.416083 0.0443141
      endloop
   endfacet
   facet normal 0.382683 -0.920058 0.083943
      outer loop
         vertex -0.160668 -0.417009 0.0435049
         vertex -0.160668 -0.416881 0.0439617
         vertex -0.161966 -0.417659 0.0443442
      endloop
   endfacet
   facet normal 0.382683 -0.829162 0.407484
      outer loop
         vertex -0.160668 -0.416881 0.0439617
         vertex -0.160668 -0.416597 0.0443424
         vertex -0.161966 -0.417187 0.0449779
      endloop
   endfacet
   facet normal 0.382683 -0.628553 0.677107
      outer loop
         vertex -0.160668 -0.416597 0.0443424
         vertex -0.160668 -0.416197 0.0445966
         vertex -0.161918 -0.416554 0.04541
      endloop
   endfacet
   facet normal 0.707107 -0.704182 0.0642472
      outer loop
         vertex -0.161966 -0.417872 0.0435837
         vertex -0.161966 -0.417659 0.0443442
         vertex -0.162833 -0.418823 0.0449165
      endloop
   endfacet
   facet normal 0.707107 -0.634613 0.311875
      outer loop
         vertex -0.161966 -0.417659 0.0443442
         vertex -0.161966 -0.417187 0.0449779
         vertex -0.162833 -0.41807 0.045929
      endloop
   endfacet
   facet normal 0.92388 -0.381101 0.0347703
      outer loop
         vertex -0.162833 -0.419165 0.0437016
         vertex -0.162833 -0.418823 0.0449165
         vertex -0.163138 -0.420197 0.0455917
      endloop
   endfacet
   facet normal 0.92388 -0.34345 0.168785
      outer loop
         vertex -0.162833 -0.418823 0.0449165
         vertex -0.162833 -0.41807 0.045929
         vertex -0.163138 -0.419111 0.0470508
      endloop
   endfacet
   facet normal -1.771e-16 0.342097 0.939665
      outer loop
         vertex -0.159138 -0.415368 0.044326
         vertex -0.159138 -0.415064 0.04415
         vertex -0.159149 -0.415068 0.0441537
      endloop
   endfacet
   facet normal -1.85575e-16 -0.0166432 0.999861
      outer loop
         vertex -0.159138 -0.415726 0.0443862
         vertex -0.159138 -0.415378 0.0443278
         vertex -0.159946 -0.415431 0.0444601
      endloop
   endfacet
   facet normal 0.203426 0.246101 0.947656
      outer loop
         vertex -0.159946 -0.415431 0.0444601
         vertex -0.160607 -0.415731 0.0447141
         vertex -0.159138 -0.415726 0.0443862
      endloop
   endfacet
   facet normal 0.382683 -0.344775 0.857137
      outer loop
         vertex -0.160668 -0.416197 0.0445966
         vertex -0.160817 -0.415827 0.0447951
         vertex -0.161268 -0.416032 0.0449685
      endloop
   endfacet
   facet normal 0.382683 -0.344775 0.857137
      outer loop
         vertex -0.160668 -0.416197 0.0445966
         vertex -0.160607 -0.415731 0.0447141
         vertex -0.160817 -0.415827 0.0447951
      endloop
   endfacet
   facet normal 0.92388 -0.260355 0.280467
      outer loop
         vertex -0.162833 -0.41807 0.045929
         vertex -0.161966 -0.417187 0.0449779
         vertex -0.162318 -0.416875 0.0456813
      endloop
   endfacet
   facet normal 0.707107 -0.481074 0.518236
      outer loop
         vertex -0.161966 -0.417187 0.0449779
         vertex -0.16197 -0.416596 0.0454452
         vertex -0.162318 -0.416875 0.0456813
      endloop
   endfacet
   facet normal 0.707107 -0.481074 0.518236
      outer loop
         vertex -0.161966 -0.417187 0.0449779
         vertex -0.161918 -0.416554 0.04541
         vertex -0.16197 -0.416596 0.0454452
      endloop
   endfacet
   facet normal 1 1.70233e-14 -7.0832e-15
      outer loop
         vertex -0.163138 -0.419111 0.0470508
         vertex -0.162833 -0.41807 0.045929
         vertex -0.162948 -0.417851 0.0465059
      endloop
   endfacet
   facet normal 0.92388 -0.260355 0.280467
      outer loop
         vertex -0.162833 -0.41807 0.045929
         vertex -0.162793 -0.417611 0.0463029
         vertex -0.162948 -0.417851 0.0465059
      endloop
   endfacet
   facet normal 0.952634 -0.172086 0.250749
      outer loop
         vertex -0.162948 -0.417851 0.0465059
         vertex -0.163138 -0.418805 0.047313
         vertex -0.163138 -0.419111 0.0470508
      endloop
   endfacet
   facet normal 0.795077 -0.274645 0.540761
      outer loop
         vertex -0.162318 -0.416875 0.0456813
         vertex -0.162793 -0.417611 0.0463029
         vertex -0.162833 -0.41807 0.045929
      endloop
   endfacet
   facet normal 0.532642 -0.169015 0.829293
      outer loop
         vertex -0.161268 -0.416032 0.0449685
         vertex -0.161918 -0.416554 0.04541
         vertex -0.160668 -0.416197 0.0445966
      endloop
   endfacet
   facet normal 4.74586e-14 0.332138 0.943231
      outer loop
         vertex -0.159138 -0.415378 0.0443278
         vertex -0.159138 -0.415368 0.044326
         vertex -0.159946 -0.415431 0.0444601
      endloop
   endfacet
   facet normal 0.00282842 0.641299 0.767286
      outer loop
         vertex -0.159149 -0.415068 0.0441537
         vertex -0.159946 -0.415431 0.0444601
         vertex -0.159138 -0.415368 0.044326
      endloop
   endfacet
   facet normal 1 1.70233e-14 -7.0832e-15
      outer loop
         vertex -0.163138 -0.419111 0.0470508
         vertex -0.163138 -0.420197 0.0455917
         vertex -0.162833 -0.418823 0.0449165
      endloop
   endfacet
   facet normal 1 1.70233e-14 -7.0832e-15
      outer loop
         vertex -0.163138 -0.420197 0.0455917
         vertex -0.163138 -0.420689 0.0438407
         vertex -0.162833 -0.419165 0.0437016
      endloop
   endfacet
   facet normal 0.92388 -0.260355 0.280467
      outer loop
         vertex -0.162833 -0.41807 0.045929
         vertex -0.162833 -0.418823 0.0449165
         vertex -0.161966 -0.417659 0.0443442
      endloop
   endfacet
   facet normal 0.92388 -0.34345 0.168785
      outer loop
         vertex -0.162833 -0.418823 0.0449165
         vertex -0.162833 -0.419165 0.0437016
         vertex -0.161966 -0.417872 0.0435837
      endloop
   endfacet
   facet normal 0.703746 -0.273654 0.655633
      outer loop
         vertex -0.161918 -0.416554 0.04541
         vertex -0.161966 -0.417187 0.0449779
         vertex -0.160668 -0.416597 0.0443424
      endloop
   endfacet
   facet normal 0.707107 -0.481074 0.518236
      outer loop
         vertex -0.161966 -0.417187 0.0449779
         vertex -0.161966 -0.417659 0.0443442
         vertex -0.160668 -0.416881 0.0439617
      endloop
   endfacet
   facet normal 0.707107 -0.634613 0.311875
      outer loop
         vertex -0.161966 -0.417659 0.0443442
         vertex -0.161966 -0.417872 0.0435837
         vertex -0.160668 -0.417009 0.0435049
      endloop
   endfacet
   facet normal 4.85365e-14 -0.025099 0.999685
      outer loop
         vertex -0.159138 -0.415735 0.0443845
         vertex -0.159138 -0.415726 0.0443862
         vertex -0.160607 -0.415731 0.0447141
      endloop
   endfacet
   facet normal 4.9619e-14 -0.379056 0.925374
      outer loop
         vertex -0.159138 -0.416088 0.0443107
         vertex -0.159138 -0.416083 0.0443141
         vertex -0.160668 -0.416197 0.0445966
      endloop
   endfacet
   facet normal 5.05646e-14 -0.683431 0.730015
      outer loop
         vertex -0.159138 -0.416393 0.0441158
         vertex -0.159138 -0.41639 0.0441193
         vertex -0.160668 -0.416597 0.0443424
      endloop
   endfacet
   facet normal 5.12496e-14 -0.898408 0.439162
      outer loop
         vertex -0.159138 -0.416608 0.0438254
         vertex -0.159138 -0.416607 0.0438274
         vertex -0.160668 -0.416881 0.0439617
      endloop
   endfacet
   facet normal 1.63305e-15 -0.645632 -0.763649
      outer loop
         vertex -0.163138 -0.423588 0.0120712
         vertex -0.170052 -0.427912 0.0157273
         vertex -0.169832 -0.427042 0.0149921
      endloop
   endfacet
   facet normal 1.63305e-15 -0.645632 -0.763649
      outer loop
         vertex -0.169832 -0.427042 0.0149921
         vertex -0.169557 -0.426689 0.0146931
         vertex -0.163138 -0.423588 0.0120712
      endloop
   endfacet
   facet normal 1.63305e-15 -0.645632 -0.763649
      outer loop
         vertex -0.163138 -0.446408 0.0313645
         vertex -0.1707 -0.446408 0.0313645
         vertex -0.1707 -0.430479 0.0178975
      endloop
   endfacet
   facet normal 1.63305e-15 -0.645632 -0.763649
      outer loop
         vertex -0.163138 -0.423588 0.0120712
         vertex -0.165127 -0.42219 0.0108897
         vertex -0.163984 -0.421767 0.0105321
      endloop
   endfacet
   facet normal 1.63305e-15 -0.645632 -0.763649
      outer loop
         vertex -0.169557 -0.426689 0.0146931
         vertex -0.16879 -0.425701 0.0138576
         vertex -0.163138 -0.423588 0.0120712
      endloop
   endfacet
   facet normal 1.63305e-15 -0.645632 -0.763649
      outer loop
         vertex -0.1707 -0.430479 0.0178975
         vertex -0.163138 -0.423588 0.0120712
         vertex -0.163138 -0.446408 0.0313645
      endloop
   endfacet
   facet normal 1.63305e-15 -0.645632 -0.763649
      outer loop
         vertex -0.163138 -0.423588 0.0120712
         vertex -0.165571 -0.422501 0.0111527
         vertex -0.165127 -0.42219 0.0108897
      endloop
   endfacet
   facet normal 1.63305e-15 -0.645632 -0.763649
      outer loop
         vertex -0.1707 -0.430479 0.0178975
         vertex -0.170052 -0.427912 0.0157273
         vertex -0.163138 -0.423588 0.0120712
      endloop
   endfacet
   facet normal 1.63305e-15 -0.645632 -0.763649
      outer loop
         vertex -0.163138 -0.423588 0.0120712
         vertex -0.167185 -0.423633 0.0121092
         vertex -0.165571 -0.422501 0.0111527
      endloop
   endfacet
   facet normal 1.63305e-15 -0.645632 -0.763649
      outer loop
         vertex -0.162833 -0.422161 0.0108647
         vertex -0.163741 -0.421677 0.0104559
         vertex -0.163188 -0.421473 0.010283
      endloop
   endfacet
   facet normal 1.63305e-15 -0.645632 -0.763649
      outer loop
         vertex -0.163984 -0.421767 0.0105321
         vertex -0.162833 -0.422161 0.0108647
         vertex -0.163138 -0.423588 0.0120712
      endloop
   endfacet
   facet normal 1.63305e-15 -0.645632 -0.763649
      outer loop
         vertex -0.162833 -0.422161 0.0108647
         vertex -0.163984 -0.421767 0.0105321
         vertex -0.163741 -0.421677 0.0104559
      endloop
   endfacet
   facet normal 1.63305e-15 -0.645632 -0.763649
      outer loop
         vertex -0.163188 -0.421473 0.010283
         vertex -0.162328 -0.421338 0.0101693
         vertex -0.162833 -0.422161 0.0108647
      endloop
   endfacet
   facet normal 1.63305e-15 -0.645632 -0.763649
      outer loop
         vertex -0.16879 -0.425701 0.0138576
         vertex -0.167185 -0.423633 0.0121092
         vertex -0.163138 -0.423588 0.0120712
      endloop
   endfacet
   facet normal 1.63305e-15 -0.645632 -0.763649
      outer loop
         vertex -0.1707 -0.446408 0.0313645
         vertex -0.163138 -0.446408 0.0313645
         vertex -0.163138 -0.450043 0.035921
      endloop
   endfacet
   facet normal 2.1971e-15 -0.887979 -0.459884
      outer loop
         vertex -0.1707 -0.450043 0.035921
         vertex -0.163138 -0.450043 0.035921
         vertex -0.163138 -0.451667 0.0415192
      endloop
   endfacet
   facet normal 2.42649e-15 -0.996237 -0.0866732
      outer loop
         vertex -0.1707 -0.451667 0.0415192
         vertex -0.163138 -0.451667 0.0415192
         vertex -0.163138 -0.451034 0.0473137
      endloop
   endfacet
   facet normal 6.89263e-14 -0.954057 0.299625
      outer loop
         vertex -0.163138 -0.451034 0.0473137
         vertex -0.1707 -0.451034 0.0473137
         vertex -0.1707 -0.451667 0.0415192
      endloop
   endfacet
   facet normal 2.42649e-15 -0.996237 -0.0866732
      outer loop
         vertex -0.163138 -0.451667 0.0415192
         vertex -0.1707 -0.451667 0.0415192
         vertex -0.1707 -0.450043 0.035921
      endloop
   endfacet
   facet normal 2.1971e-15 -0.887979 -0.459884
      outer loop
         vertex -0.163138 -0.450043 0.035921
         vertex -0.1707 -0.450043 0.035921
         vertex -0.1707 -0.446408 0.0313645
      endloop
   endfacet
   facet normal 6.89263e-14 -0.954057 0.299625
      outer loop
         vertex -0.1707 -0.451034 0.0473137
         vertex -0.163138 -0.451034 0.0473137
         vertex -0.163138 -0.450272 0.0486977
      endloop
   endfacet
   facet normal 2.51535e-13 -0.763649 0.645632
      outer loop
         vertex -0.163138 -0.450272 0.0486977
         vertex -0.1707 -0.450272 0.0486977
         vertex -0.1707 -0.451034 0.0473137
      endloop
   endfacet
   facet normal 2.51535e-13 -0.763649 0.645632
      outer loop
         vertex -0.163138 -0.450272 0.0486977
         vertex -0.163138 -0.444773 0.0552021
         vertex -0.1707 -0.444773 0.0552021
      endloop
   endfacet
   facet normal 2.51535e-13 -0.763649 0.645632
      outer loop
         vertex -0.1707 -0.444773 0.0552021
         vertex -0.1707 -0.450272 0.0486977
         vertex -0.163138 -0.450272 0.0486977
      endloop
   endfacet
   facet normal 2.51535e-13 -0.763649 0.645632
      outer loop
         vertex -0.1707 -0.444773 0.0552021
         vertex -0.163138 -0.444773 0.0552021
         vertex -0.163138 -0.443535 0.0561833
      endloop
   endfacet
   facet normal 2.50668e-13 -0.454131 0.890935
      outer loop
         vertex -0.163138 -0.443535 0.0561833
         vertex -0.1707 -0.443535 0.0561833
         vertex -0.1707 -0.444773 0.0552021
      endloop
   endfacet
   facet normal 2.50668e-13 -0.454131 0.890935
      outer loop
         vertex -0.1707 -0.443535 0.0561833
         vertex -0.163138 -0.443535 0.0561833
         vertex -0.163138 -0.437927 0.0577709
      endloop
   endfacet
   facet normal 1.05461e-16 -0.080228 0.996777
      outer loop
         vertex -0.1707 -0.437927 0.0577709
         vertex -0.163138 -0.437927 0.0577709
         vertex -0.163138 -0.432136 0.0571008
      endloop
   endfacet
   facet normal -8.27731e-16 0.30579 0.952099
      outer loop
         vertex -0.1707 -0.432136 0.0571008
         vertex -0.163138 -0.432136 0.0571008
         vertex -0.163138 -0.427039 0.054274
      endloop
   endfacet
   facet normal 6.49943e-14 0.645632 0.763649
      outer loop
         vertex -0.163138 -0.427039 0.054274
         vertex -0.1707 -0.427039 0.054274
         vertex -0.1707 -0.432136 0.0571008
      endloop
   endfacet
   facet normal -8.27731e-16 0.30579 0.952099
      outer loop
         vertex -0.163138 -0.432136 0.0571008
         vertex -0.1707 -0.432136 0.0571008
         vertex -0.1707 -0.437927 0.0577709
      endloop
   endfacet
   facet normal 1.05461e-16 -0.080228 0.996777
      outer loop
         vertex -0.163138 -0.437927 0.0577709
         vertex -0.1707 -0.437927 0.0577709
         vertex -0.1707 -0.443535 0.0561833
      endloop
   endfacet
   facet normal -1 -2.42786e-15 -8.96099e-17
      outer loop
         vertex -0.1707 -0.432136 0.0571008
         vertex -0.1707 -0.433539 0.0511739
         vertex -0.1707 -0.436979 0.0517564
      endloop
   endfacet
   facet normal -1 -2.42786e-15 -8.96099e-17
      outer loop
         vertex -0.1707 -0.427039 0.054274
         vertex -0.1707 -0.430584 0.0493194
         vertex -0.1707 -0.433539 0.0511739
      endloop
   endfacet
   facet normal -1 -2.42786e-15 -8.96099e-17
      outer loop
         vertex -0.1707 -0.427039 0.054274
         vertex -0.1707 -0.41111 0.0408069
         vertex -0.1707 -0.428564 0.0464753
      endloop
   endfacet
   facet normal -1 -2.42786e-15 -8.96099e-17
      outer loop
         vertex -0.1707 -0.430223 0.0366804
         vertex -0.1707 -0.412935 0.0227076
         vertex -0.1707 -0.415774 0.0201969
      endloop
   endfacet
   facet normal -1 -2.42786e-15 -8.96099e-17
      outer loop
         vertex -0.1707 -0.433539 0.0511739
         vertex -0.1707 -0.432136 0.0571008
         vertex -0.1707 -0.427039 0.054274
      endloop
   endfacet
   facet normal -1 -2.42786e-15 -8.96099e-17
      outer loop
         vertex -0.1707 -0.41111 0.0408069
         vertex -0.1707 -0.427786 0.0430747
         vertex -0.1707 -0.428564 0.0464753
      endloop
   endfacet
   facet normal -1 -2.42786e-15 -8.96099e-17
      outer loop
         vertex -0.1707 -0.430223 0.0366804
         vertex -0.1707 -0.410045 0.0285551
         vertex -0.1707 -0.410042 0.0284073
      endloop
   endfacet
   facet normal -1 -2.42786e-15 -8.96099e-17
      outer loop
         vertex -0.1707 -0.430223 0.0366804
         vertex -0.1707 -0.418074 0.0189068
         vertex -0.1707 -0.418221 0.0188847
      endloop
   endfacet
   facet normal -1 -2.42786e-15 -8.96099e-17
      outer loop
         vertex -0.1707 -0.415774 0.0201969
         vertex -0.1707 -0.417383 0.0192284
         vertex -0.1707 -0.430223 0.0366804
      endloop
   endfacet
   facet normal -1 -2.42786e-15 -8.96099e-17
      outer loop
         vertex -0.1707 -0.437927 0.0577709
         vertex -0.1707 -0.436979 0.0517564
         vertex -0.1707 -0.440379 0.0509784
      endloop
   endfacet
   facet normal -1 -2.42786e-15 -8.96099e-17
      outer loop
         vertex -0.1707 -0.428564 0.0464753
         vertex -0.1707 -0.430584 0.0493194
         vertex -0.1707 -0.427039 0.054274
      endloop
   endfacet
   facet normal -1 -2.42786e-15 -8.96099e-17
      outer loop
         vertex -0.1707 -0.430223 0.0366804
         vertex -0.1707 -0.410085 0.0287106
         vertex -0.1707 -0.410045 0.0285551
      endloop
   endfacet
   facet normal -1 -2.42786e-15 -8.96099e-17
      outer loop
         vertex -0.1707 -0.430223 0.0366804
         vertex -0.1707 -0.418074 0.0189071
         vertex -0.1707 -0.418074 0.0189068
      endloop
   endfacet
   facet normal -1 -2.42786e-15 -8.96099e-17
      outer loop
         vertex -0.1707 -0.417383 0.0192284
         vertex -0.1707 -0.417804 0.0190226
         vertex -0.1707 -0.430223 0.0366804
      endloop
   endfacet
   facet normal -1 -2.42786e-15 -8.96099e-17
      outer loop
         vertex -0.1707 -0.440379 0.0509784
         vertex -0.1707 -0.443223 0.0489582
         vertex -0.1707 -0.444773 0.0552021
      endloop
   endfacet
   facet normal -1 -2.42786e-15 -8.96099e-17
      outer loop
         vertex -0.1707 -0.436979 0.0517564
         vertex -0.1707 -0.437927 0.0577709
         vertex -0.1707 -0.432136 0.0571008
      endloop
   endfacet
   facet normal -1 -2.42786e-15 -8.96099e-17
      outer loop
         vertex -0.1707 -0.411162 0.0405923
         vertex -0.1707 -0.411465 0.0351121
         vertex -0.1707 -0.428369 0.0396351
      endloop
   endfacet
   facet normal -1 -2.42786e-15 -8.96099e-17
      outer loop
         vertex -0.1707 -0.410042 0.0284073
         vertex -0.1707 -0.411727 0.024409
         vertex -0.1707 -0.430223 0.0366804
      endloop
   endfacet
   facet normal -1 -2.42786e-15 -8.96099e-17
      outer loop
         vertex -0.1707 -0.430223 0.0366804
         vertex -0.1707 -0.428369 0.0396351
         vertex -0.1707 -0.411465 0.0351121
      endloop
   endfacet
   facet normal -1 -2.42786e-15 -8.96099e-17
      outer loop
         vertex -0.1707 -0.418221 0.0188847
         vertex -0.1707 -0.418382 0.0188989
         vertex -0.1707 -0.430223 0.0366804
      endloop
   endfacet
   facet normal -1 -2.42786e-15 -8.96099e-17
      outer loop
         vertex -0.1707 -0.417804 0.0190226
         vertex -0.1707 -0.418019 0.0189291
         vertex -0.1707 -0.430223 0.0366804
      endloop
   endfacet
   facet normal -1 -2.42786e-15 -8.96099e-17
      outer loop
         vertex -0.1707 -0.450272 0.0486977
         vertex -0.1707 -0.444773 0.0552021
         vertex -0.1707 -0.443223 0.0489582
      endloop
   endfacet
   facet normal -1 -2.42786e-15 -8.96099e-17
      outer loop
         vertex -0.1707 -0.440379 0.0509784
         vertex -0.1707 -0.443535 0.0561833
         vertex -0.1707 -0.437927 0.0577709
      endloop
   endfacet
   facet normal -1 -2.42786e-15 -8.96099e-17
      outer loop
         vertex -0.1707 -0.427786 0.0430747
         vertex -0.1707 -0.41111 0.0408069
         vertex -0.1707 -0.411162 0.0405923
      endloop
   endfacet
   facet normal -1 -2.42786e-15 -8.96099e-17
      outer loop
         vertex -0.1707 -0.411465 0.0351121
         vertex -0.1707 -0.410085 0.0287106
         vertex -0.1707 -0.430223 0.0366804
      endloop
   endfacet
   facet normal -1 -2.42786e-15 -8.96099e-17
      outer loop
         vertex -0.1707 -0.430223 0.0366804
         vertex -0.1707 -0.421153 0.0191611
         vertex -0.1707 -0.427549 0.0188315
      endloop
   endfacet
   facet normal -1 -2.42786e-15 -8.96099e-17
      outer loop
         vertex -0.1707 -0.418019 0.0189291
         vertex -0.1707 -0.418074 0.0189071
         vertex -0.1707 -0.430223 0.0366804
      endloop
   endfacet
   facet normal -1 -2.42786e-15 -8.96099e-17
      outer loop
         vertex -0.1707 -0.451034 0.0473137
         vertex -0.1707 -0.445078 0.0460034
         vertex -0.1707 -0.44566 0.0425639
      endloop
   endfacet
   facet normal -1 -2.42786e-15 -8.96099e-17
      outer loop
         vertex -0.1707 -0.444773 0.0552021
         vertex -0.1707 -0.443535 0.0561833
         vertex -0.1707 -0.440379 0.0509784
      endloop
   endfacet
   facet normal -1 -2.42786e-15 -8.96099e-17
      outer loop
         vertex -0.1707 -0.411727 0.024409
         vertex -0.1707 -0.412935 0.0227076
         vertex -0.1707 -0.430223 0.0366804
      endloop
   endfacet
   facet normal -1 -2.42786e-15 -8.96099e-17
      outer loop
         vertex -0.1707 -0.418382 0.0188989
         vertex -0.1707 -0.421153 0.0191611
         vertex -0.1707 -0.430223 0.0366804
      endloop
   endfacet
   facet normal -1 -2.42786e-15 -8.96099e-17
      outer loop
         vertex -0.1707 -0.430479 0.0178975
         vertex -0.1707 -0.436468 0.0338821
         vertex -0.1707 -0.433067 0.0346602
      endloop
   endfacet
   facet normal -1 -2.42786e-15 -8.96099e-17
      outer loop
         vertex -0.1707 -0.44566 0.0425639
         vertex -0.1707 -0.451667 0.0415192
         vertex -0.1707 -0.451034 0.0473137
      endloop
   endfacet
   facet normal -1 -2.42786e-15 -8.96099e-17
      outer loop
         vertex -0.1707 -0.428369 0.0396351
         vertex -0.1707 -0.427786 0.0430747
         vertex -0.1707 -0.411162 0.0405923
      endloop
   endfacet
   facet normal -1 -2.42786e-15 -8.96099e-17
      outer loop
         vertex -0.1707 -0.433067 0.0346602
         vertex -0.1707 -0.427549 0.0188315
         vertex -0.1707 -0.430479 0.0178975
      endloop
   endfacet
   facet normal -1 -2.42786e-15 -8.96099e-17
      outer loop
         vertex -0.1707 -0.430479 0.0178975
         vertex -0.1707 -0.446408 0.0313645
         vertex -0.1707 -0.439907 0.0344647
      endloop
   endfacet
   facet normal -1 -2.42786e-15 -8.96099e-17
      outer loop
         vertex -0.1707 -0.443223 0.0489582
         vertex -0.1707 -0.445078 0.0460034
         vertex -0.1707 -0.450272 0.0486977
      endloop
   endfacet
   facet normal -1 -2.42786e-15 -8.96099e-17
      outer loop
         vertex -0.1707 -0.439907 0.0344647
         vertex -0.1707 -0.436468 0.0338821
         vertex -0.1707 -0.430479 0.0178975
      endloop
   endfacet
   facet normal -1 -2.42786e-15 -8.96099e-17
      outer loop
         vertex -0.1707 -0.450043 0.035921
         vertex -0.1707 -0.444882 0.0391632
         vertex -0.1707 -0.442862 0.0363192
      endloop
   endfacet
   facet normal -1 -2.42786e-15 -8.96099e-17
      outer loop
         vertex -0.1707 -0.427549 0.0188315
         vertex -0.1707 -0.433067 0.0346602
         vertex -0.1707 -0.430223 0.0366804
      endloop
   endfacet
   facet normal -1 -2.42786e-15 -8.96099e-17
      outer loop
         vertex -0.1707 -0.442862 0.0363192
         vertex -0.1707 -0.446408 0.0313645
         vertex -0.1707 -0.450043 0.035921
      endloop
   endfacet
   facet normal -1 -2.42786e-15 -8.96099e-17
      outer loop
         vertex -0.1707 -0.442862 0.0363192
         vertex -0.1707 -0.439907 0.0344647
         vertex -0.1707 -0.446408 0.0313645
      endloop
   endfacet
   facet normal -1 -2.42786e-15 -8.96099e-17
      outer loop
         vertex -0.1707 -0.451667 0.0415192
         vertex -0.1707 -0.44566 0.0425639
         vertex -0.1707 -0.444882 0.0391632
      endloop
   endfacet
   facet normal -1 -2.42786e-15 -8.96099e-17
      outer loop
         vertex -0.1707 -0.444882 0.0391632
         vertex -0.1707 -0.450043 0.035921
         vertex -0.1707 -0.451667 0.0415192
      endloop
   endfacet
   facet normal -1 -2.42786e-15 -8.96099e-17
      outer loop
         vertex -0.1707 -0.451034 0.0473137
         vertex -0.1707 -0.450272 0.0486977
         vertex -0.1707 -0.445078 0.0460034
      endloop
   endfacet
   facet normal 1 2.42786e-15 8.96099e-17
      outer loop
         vertex -0.163138 -0.450272 0.0486977
         vertex -0.163138 -0.444717 0.0479984
         vertex -0.163138 -0.443648 0.0493593
      endloop
   endfacet
   facet normal 1 2.42786e-15 8.96099e-17
      outer loop
         vertex -0.163138 -0.445624 0.0462115
         vertex -0.163138 -0.444717 0.0479984
         vertex -0.163138 -0.450272 0.0486977
      endloop
   endfacet
   facet normal 1 2.42786e-15 8.96099e-17
      outer loop
         vertex -0.163138 -0.423588 0.0120712
         vertex -0.163138 -0.420689 0.0438407
         vertex -0.163138 -0.427823 0.0394271
      endloop
   endfacet
   facet normal 1 2.42786e-15 8.96099e-17
      outer loop
         vertex -0.163138 -0.440618 0.0515115
         vertex -0.163138 -0.443535 0.0561833
         vertex -0.163138 -0.444773 0.0552021
      endloop
   endfacet
   facet normal 1 2.42786e-15 8.96099e-17
      outer loop
         vertex -0.163138 -0.450272 0.0486977
         vertex -0.163138 -0.451034 0.0473137
         vertex -0.163138 -0.445624 0.0462115
      endloop
   endfacet
   facet normal 1 2.42786e-15 8.96099e-17
      outer loop
         vertex -0.163138 -0.450043 0.035921
         vertex -0.163138 -0.446408 0.0313645
         vertex -0.163138 -0.443263 0.0358944
      endloop
   endfacet
   facet normal 1 2.42786e-15 8.96099e-17
      outer loop
         vertex -0.163138 -0.427823 0.0394271
         vertex -0.163138 -0.429798 0.0362792
         vertex -0.163138 -0.423588 0.0120712
      endloop
   endfacet
   facet normal 1 2.42786e-15 8.96099e-17
      outer loop
         vertex -0.163138 -0.443648 0.0493593
         vertex -0.163138 -0.444773 0.0552021
         vertex -0.163138 -0.450272 0.0486977
      endloop
   endfacet
   facet normal 1 2.42786e-15 8.96099e-17
      outer loop
         vertex -0.163138 -0.451034 0.0473137
         vertex -0.163138 -0.451667 0.0415192
         vertex -0.163138 -0.446244 0.0425472
      endloop
   endfacet
   facet normal 1 2.42786e-15 8.96099e-17
      outer loop
         vertex -0.163138 -0.446408 0.0313645
         vertex -0.163138 -0.440115 0.0339188
         vertex -0.163138 -0.443263 0.0358944
      endloop
   endfacet
   facet normal 1 2.42786e-15 8.96099e-17
      outer loop
         vertex -0.163138 -0.423588 0.0120712
         vertex -0.163138 -0.436451 0.0332982
         vertex -0.163138 -0.440115 0.0339188
      endloop
   endfacet
   facet normal 1 2.42786e-15 8.96099e-17
      outer loop
         vertex -0.163138 -0.420689 0.0438407
         vertex -0.163138 -0.427202 0.0430914
         vertex -0.163138 -0.427823 0.0394271
      endloop
   endfacet
   facet normal 1 2.42786e-15 8.96099e-17
      outer loop
         vertex -0.163138 -0.446244 0.0425472
         vertex -0.163138 -0.445624 0.0462115
         vertex -0.163138 -0.451034 0.0473137
      endloop
   endfacet
   facet normal 1 2.42786e-15 8.96099e-17
      outer loop
         vertex -0.163138 -0.451667 0.0415192
         vertex -0.163138 -0.450043 0.035921
         vertex -0.163138 -0.445415 0.0389243
      endloop
   endfacet
   facet normal 1 2.42786e-15 8.96099e-17
      outer loop
         vertex -0.163138 -0.440115 0.0339188
         vertex -0.163138 -0.446408 0.0313645
         vertex -0.163138 -0.423588 0.0120712
      endloop
   endfacet
   facet normal 1 2.42786e-15 8.96099e-17
      outer loop
         vertex -0.163138 -0.429798 0.0362792
         vertex -0.163138 -0.432828 0.034127
         vertex -0.163138 -0.423588 0.0120712
      endloop
   endfacet
   facet normal 1 2.42786e-15 8.96099e-17
      outer loop
         vertex -0.163138 -0.432136 0.0571008
         vertex -0.163138 -0.437927 0.0577709
         vertex -0.163138 -0.436995 0.0523404
      endloop
   endfacet
   facet normal 1 2.42786e-15 8.96099e-17
      outer loop
         vertex -0.163138 -0.437927 0.0577709
         vertex -0.163138 -0.443535 0.0561833
         vertex -0.163138 -0.440618 0.0515115
      endloop
   endfacet
   facet normal 1 2.42786e-15 8.96099e-17
      outer loop
         vertex -0.163138 -0.445415 0.0389243
         vertex -0.163138 -0.446244 0.0425472
         vertex -0.163138 -0.451667 0.0415192
      endloop
   endfacet
   facet normal 1 2.42786e-15 8.96099e-17
      outer loop
         vertex -0.163138 -0.432828 0.034127
         vertex -0.163138 -0.436451 0.0332982
         vertex -0.163138 -0.423588 0.0120712
      endloop
   endfacet
   facet normal 1 2.42786e-15 8.96099e-17
      outer loop
         vertex -0.163138 -0.428031 0.0467142
         vertex -0.163138 -0.420197 0.0455917
         vertex -0.163138 -0.419111 0.0470508
      endloop
   endfacet
   facet normal 1 2.42786e-15 8.96099e-17
      outer loop
         vertex -0.163138 -0.428031 0.0467142
         vertex -0.163138 -0.427202 0.0430914
         vertex -0.163138 -0.420689 0.0438407
      endloop
   endfacet
   facet normal 1 2.42786e-15 8.96099e-17
      outer loop
         vertex -0.163138 -0.440618 0.0515115
         vertex -0.163138 -0.436995 0.0523404
         vertex -0.163138 -0.437927 0.0577709
      endloop
   endfacet
   facet normal 1 2.42786e-15 8.96099e-17
      outer loop
         vertex -0.163138 -0.443263 0.0358944
         vertex -0.163138 -0.445415 0.0389243
         vertex -0.163138 -0.450043 0.035921
      endloop
   endfacet
   facet normal 1 2.42786e-15 8.96099e-17
      outer loop
         vertex -0.163138 -0.420689 0.0438407
         vertex -0.163138 -0.420197 0.0455917
         vertex -0.163138 -0.428031 0.0467142
      endloop
   endfacet
   facet normal 1 2.42786e-15 8.96099e-17
      outer loop
         vertex -0.163138 -0.427039 0.054274
         vertex -0.163138 -0.430183 0.0497441
         vertex -0.163138 -0.428031 0.0467142
      endloop
   endfacet
   facet normal 1 2.42786e-15 8.96099e-17
      outer loop
         vertex -0.163138 -0.427039 0.054274
         vertex -0.163138 -0.432136 0.0571008
         vertex -0.163138 -0.433331 0.0517198
      endloop
   endfacet
   facet normal 1 2.42786e-15 8.96099e-17
      outer loop
         vertex -0.163138 -0.444773 0.0552021
         vertex -0.163138 -0.443648 0.0493593
         vertex -0.163138 -0.440618 0.0515115
      endloop
   endfacet
   facet normal 1 2.42786e-15 8.96099e-17
      outer loop
         vertex -0.163138 -0.428031 0.0467142
         vertex -0.163138 -0.418805 0.047313
         vertex -0.163138 -0.427039 0.054274
      endloop
   endfacet
   facet normal 1 2.42786e-15 8.96099e-17
      outer loop
         vertex -0.163138 -0.436995 0.0523404
         vertex -0.163138 -0.433331 0.0517198
         vertex -0.163138 -0.432136 0.0571008
      endloop
   endfacet
   facet normal 1 2.42786e-15 8.96099e-17
      outer loop
         vertex -0.163138 -0.433331 0.0517198
         vertex -0.163138 -0.430183 0.0497441
         vertex -0.163138 -0.427039 0.054274
      endloop
   endfacet
   facet normal 1 2.42786e-15 8.96099e-17
      outer loop
         vertex -0.163138 -0.419111 0.0470508
         vertex -0.163138 -0.418805 0.047313
         vertex -0.163138 -0.428031 0.0467142
      endloop
   endfacet
   facet normal -1.98626e-13 0.342097 0.939665
      outer loop
         vertex -0.150863 -0.415368 0.044326
         vertex -0.159138 -0.415368 0.044326
         vertex -0.159138 -0.415378 0.0443278
      endloop
   endfacet
   facet normal -1.98626e-13 0.342097 0.939665
      outer loop
         vertex -0.159138 -0.415368 0.044326
         vertex -0.150863 -0.415368 0.044326
         vertex -0.150863 -0.415064 0.04415
      endloop
   endfacet
   facet normal -1.99493e-13 0.645632 0.763649
      outer loop
         vertex -0.150863 -0.415064 0.04415
         vertex -0.159138 -0.415064 0.04415
         vertex -0.159138 -0.415368 0.044326
      endloop
   endfacet
   facet normal -1.97758e-13 -0.025099 0.999685
      outer loop
         vertex -0.150863 -0.415735 0.0443845
         vertex -0.150863 -0.415726 0.0443862
         vertex -0.159138 -0.415726 0.0443862
      endloop
   endfacet
   facet normal -1.97758e-13 -0.0166432 0.999861
      outer loop
         vertex -0.159138 -0.415726 0.0443862
         vertex -0.150863 -0.415726 0.0443862
         vertex -0.150863 -0.415378 0.0443278
      endloop
   endfacet
   facet normal -1.98626e-13 0.332138 0.943231
      outer loop
         vertex -0.150863 -0.415378 0.0443278
         vertex -0.159138 -0.415378 0.0443278
         vertex -0.159138 -0.415726 0.0443862
      endloop
   endfacet
   facet normal -1.96891e-13 -0.379056 0.925374
      outer loop
         vertex -0.150863 -0.416088 0.0443107
         vertex -0.150863 -0.416083 0.0443141
         vertex -0.159138 -0.416083 0.0443141
      endloop
   endfacet
   facet normal 1.97758e-13 -0.025099 0.999685
      outer loop
         vertex -0.159138 -0.415735 0.0443845
         vertex -0.159138 -0.416083 0.0443141
         vertex -0.150863 -0.416083 0.0443141
      endloop
   endfacet
   facet normal -1.96891e-13 -0.373181 0.927758
      outer loop
         vertex -0.150863 -0.416083 0.0443141
         vertex -0.150863 -0.415735 0.0443845
         vertex -0.159138 -0.415735 0.0443845
      endloop
   endfacet
   facet normal 1.98626e-13 -0.379056 0.925374
      outer loop
         vertex -0.159138 -0.416088 0.0443107
         vertex -0.159138 -0.41639 0.0441193
         vertex -0.150863 -0.41639 0.0441193
      endloop
   endfacet
   facet normal -1.96024e-13 -0.683431 0.730015
      outer loop
         vertex -0.150863 -0.416393 0.0441158
         vertex -0.150863 -0.41639 0.0441193
         vertex -0.159138 -0.41639 0.0441193
      endloop
   endfacet
   facet normal 1.99493e-13 -0.680341 0.732896
      outer loop
         vertex -0.159138 -0.41639 0.0441193
         vertex -0.159138 -0.416393 0.0441158
         vertex -0.150863 -0.416393 0.0441158
      endloop
   endfacet
   facet normal -1.96024e-13 -0.683431 0.730015
      outer loop
         vertex -0.159138 -0.416393 0.0441158
         vertex -0.159138 -0.416607 0.0438274
         vertex -0.150863 -0.416607 0.0438274
      endloop
   endfacet
   facet normal -1.95156e-13 -0.898408 0.439162
      outer loop
         vertex -0.150863 -0.416608 0.0438254
         vertex -0.150863 -0.416607 0.0438274
         vertex -0.159138 -0.416607 0.0438274
      endloop
   endfacet
   facet normal 2.00361e-13 -0.897479 0.441057
      outer loop
         vertex -0.159138 -0.416607 0.0438274
         vertex -0.159138 -0.416608 0.0438254
         vertex -0.150863 -0.416608 0.0438254
      endloop
   endfacet
   facet normal -1.95156e-13 -0.898408 0.439162
      outer loop
         vertex -0.150863 -0.416608 0.0438254
         vertex -0.159138 -0.416608 0.0438254
         vertex -0.159138 -0.416706 0.0434772
      endloop
   endfacet
   facet normal 2.00361e-13 -0.995864 0.0908592
      outer loop
         vertex -0.159138 -0.416706 0.0434772
         vertex -0.150863 -0.416706 0.0434772
         vertex -0.150863 -0.416608 0.0438254
      endloop
   endfacet
   facet normal 2.00361e-13 -0.897479 0.441057
      outer loop
         vertex -0.150863 -0.416607 0.0438274
         vertex -0.150863 -0.416393 0.0441158
         vertex -0.159138 -0.416393 0.0441158
      endloop
   endfacet
   facet normal 1.99493e-13 -0.680341 0.732896
      outer loop
         vertex -0.150863 -0.41639 0.0441193
         vertex -0.150863 -0.416088 0.0443107
         vertex -0.159138 -0.416088 0.0443107
      endloop
   endfacet
   facet normal -1.96891e-13 -0.373181 0.927758
      outer loop
         vertex -0.159138 -0.416083 0.0443141
         vertex -0.159138 -0.416088 0.0443107
         vertex -0.150863 -0.416088 0.0443107
      endloop
   endfacet
   facet normal -1.97758e-13 -0.0166432 0.999861
      outer loop
         vertex -0.159138 -0.415726 0.0443862
         vertex -0.159138 -0.415735 0.0443845
         vertex -0.150863 -0.415735 0.0443845
      endloop
   endfacet
   facet normal 1.96891e-13 0.332138 0.943231
      outer loop
         vertex -0.159138 -0.415378 0.0443278
         vertex -0.150863 -0.415378 0.0443278
         vertex -0.150863 -0.415368 0.044326
      endloop
   endfacet
   facet normal -1 -1.10805e-13 9.78492e-15
      outer loop
         vertex -0.146863 -0.420689 0.0438407
         vertex -0.146863 -0.420197 0.0455917
         vertex -0.147167 -0.418823 0.0449165
      endloop
   endfacet
   facet normal -1 -1.10805e-13 9.78492e-15
      outer loop
         vertex -0.146863 -0.420197 0.0455917
         vertex -0.146863 -0.419111 0.0470508
         vertex -0.147167 -0.41807 0.045929
      endloop
   endfacet
   facet normal -0.92388 -0.381101 0.0347703
      outer loop
         vertex -0.147167 -0.419165 0.0437016
         vertex -0.147167 -0.418823 0.0449165
         vertex -0.148034 -0.417659 0.0443442
      endloop
   endfacet
   facet normal -0.92388 -0.34345 0.168785
      outer loop
         vertex -0.147167 -0.418823 0.0449165
         vertex -0.147167 -0.41807 0.045929
         vertex -0.148034 -0.417187 0.0449779
      endloop
   endfacet
   facet normal -0.707107 -0.704182 0.0642472
      outer loop
         vertex -0.148034 -0.417872 0.0435837
         vertex -0.148034 -0.417659 0.0443442
         vertex -0.149332 -0.416881 0.0439617
      endloop
   endfacet
   facet normal -0.707107 -0.634613 0.311875
      outer loop
         vertex -0.148034 -0.417659 0.0443442
         vertex -0.148034 -0.417187 0.0449779
         vertex -0.149332 -0.416597 0.0443424
      endloop
   endfacet
   facet normal -0.707107 -0.481074 0.518236
      outer loop
         vertex -0.148034 -0.417187 0.0449779
         vertex -0.148082 -0.416554 0.04541
         vertex -0.149332 -0.416197 0.0445966
      endloop
   endfacet
   facet normal -0.382683 -0.829162 0.407484
      outer loop
         vertex -0.149332 -0.416881 0.0439617
         vertex -0.150863 -0.416607 0.0438274
         vertex -0.150863 -0.416608 0.0438254
      endloop
   endfacet
   facet normal -4.58949e-14 -0.898408 0.439162
      outer loop
         vertex -0.150863 -0.416608 0.0438254
         vertex -0.149332 -0.417009 0.0435049
         vertex -0.149332 -0.416881 0.0439617
      endloop
   endfacet
   facet normal -0.382683 -0.628553 0.677107
      outer loop
         vertex -0.149332 -0.416597 0.0443424
         vertex -0.150863 -0.41639 0.0441193
         vertex -0.150863 -0.416393 0.0441158
      endloop
   endfacet
   facet normal -4.65799e-14 -0.683431 0.730015
      outer loop
         vertex -0.150863 -0.416393 0.0441158
         vertex -0.149332 -0.416881 0.0439617
         vertex -0.149332 -0.416597 0.0443424
      endloop
   endfacet
   facet normal -0.382683 -0.344775 0.857137
      outer loop
         vertex -0.149332 -0.416197 0.0445966
         vertex -0.150863 -0.416083 0.0443141
         vertex -0.150863 -0.416088 0.0443107
      endloop
   endfacet
   facet normal -4.75255e-14 -0.379056 0.925374
      outer loop
         vertex -0.150863 -0.416088 0.0443107
         vertex -0.149332 -0.416597 0.0443424
         vertex -0.149332 -0.416197 0.0445966
      endloop
   endfacet
   facet normal 1.82223e-15 -0.373181 0.927758
      outer loop
         vertex -0.150863 -0.416083 0.0443141
         vertex -0.149332 -0.416197 0.0445966
         vertex -0.149393 -0.415731 0.0447141
      endloop
   endfacet
   facet normal -0.37144 -0.0151088 0.928334
      outer loop
         vertex -0.149393 -0.415731 0.0447141
         vertex -0.150863 -0.415726 0.0443862
         vertex -0.150863 -0.415735 0.0443845
      endloop
   endfacet
   facet normal -1 -1.10805e-13 9.78492e-15
      outer loop
         vertex -0.146863 -0.419111 0.0470508
         vertex -0.146863 -0.418805 0.047313
         vertex -0.147052 -0.417851 0.0465059
      endloop
   endfacet
   facet normal -0.952634 -0.172086 0.250749
      outer loop
         vertex -0.147052 -0.417851 0.0465059
         vertex -0.147167 -0.41807 0.045929
         vertex -0.146863 -0.419111 0.0470508
      endloop
   endfacet
   facet normal -0.92388 -0.260355 0.280467
      outer loop
         vertex -0.147167 -0.41807 0.045929
         vertex -0.147207 -0.417611 0.0463029
         vertex -0.147682 -0.416875 0.0456813
      endloop
   endfacet
   facet normal -0.795077 -0.274645 0.540761
      outer loop
         vertex -0.147682 -0.416875 0.0456813
         vertex -0.148034 -0.417187 0.0449779
         vertex -0.147167 -0.41807 0.045929
      endloop
   endfacet
   facet normal -0.795077 -0.274645 0.540761
      outer loop
         vertex -0.147682 -0.416875 0.0456813
         vertex -0.14803 -0.416596 0.0454452
         vertex -0.148034 -0.417187 0.0449779
      endloop
   endfacet
   facet normal -0.382683 -0.344775 0.857137
      outer loop
         vertex -0.149332 -0.416197 0.0445966
         vertex -0.148082 -0.416554 0.04541
         vertex -0.148732 -0.416032 0.0449685
      endloop
   endfacet
   facet normal -0.532642 -0.169015 0.829293
      outer loop
         vertex -0.148732 -0.416032 0.0449685
         vertex -0.149183 -0.415827 0.0447951
         vertex -0.149332 -0.416197 0.0445966
      endloop
   endfacet
   facet normal 1.78994e-15 -0.0166432 0.999861
      outer loop
         vertex -0.150863 -0.415726 0.0443862
         vertex -0.149393 -0.415731 0.0447141
         vertex -0.150054 -0.415431 0.0444601
      endloop
   endfacet
   facet normal -0.203426 0.246101 0.947656
      outer loop
         vertex -0.150054 -0.415431 0.0444601
         vertex -0.150863 -0.415368 0.044326
         vertex -0.150863 -0.415378 0.0443278
      endloop
   endfacet
   facet normal 1.79842e-15 0.342097 0.939665
      outer loop
         vertex -0.150863 -0.415368 0.044326
         vertex -0.150054 -0.415431 0.0444601
         vertex -0.150851 -0.415068 0.0441537
      endloop
   endfacet
   facet normal -0.00282842 0.641299 0.767286
      outer loop
         vertex -0.150851 -0.415068 0.0441537
         vertex -0.150863 -0.415064 0.04415
         vertex -0.150863 -0.415368 0.044326
      endloop
   endfacet
   facet normal -0.203426 0.246101 0.947656
      outer loop
         vertex -0.150054 -0.415431 0.0444601
         vertex -0.150863 -0.415378 0.0443278
         vertex -0.150863 -0.415726 0.0443862
      endloop
   endfacet
   facet normal -0.424095 -0.0751608 0.902493
      outer loop
         vertex -0.149183 -0.415827 0.0447951
         vertex -0.149393 -0.415731 0.0447141
         vertex -0.149332 -0.416197 0.0445966
      endloop
   endfacet
   facet normal -0.716411 -0.275864 0.640824
      outer loop
         vertex -0.14803 -0.416596 0.0454452
         vertex -0.148082 -0.416554 0.04541
         vertex -0.148034 -0.417187 0.0449779
      endloop
   endfacet
   facet normal -0.952634 -0.172086 0.250749
      outer loop
         vertex -0.147052 -0.417851 0.0465059
         vertex -0.147207 -0.417611 0.0463029
         vertex -0.147167 -0.41807 0.045929
      endloop
   endfacet
   facet normal -0.37144 -0.0151088 0.928334
      outer loop
         vertex -0.149393 -0.415731 0.0447141
         vertex -0.150863 -0.415735 0.0443845
         vertex -0.150863 -0.416083 0.0443141
      endloop
   endfacet
   facet normal -4.75255e-14 -0.379056 0.925374
      outer loop
         vertex -0.150863 -0.416088 0.0443107
         vertex -0.150863 -0.41639 0.0441193
         vertex -0.149332 -0.416597 0.0443424
      endloop
   endfacet
   facet normal -4.65799e-14 -0.683431 0.730015
      outer loop
         vertex -0.150863 -0.416393 0.0441158
         vertex -0.150863 -0.416607 0.0438274
         vertex -0.149332 -0.416881 0.0439617
      endloop
   endfacet
   facet normal -4.58949e-14 -0.898408 0.439162
      outer loop
         vertex -0.150863 -0.416608 0.0438254
         vertex -0.150863 -0.416706 0.0434772
         vertex -0.149332 -0.417009 0.0435049
      endloop
   endfacet
   facet normal -0.382683 -0.344775 0.857137
      outer loop
         vertex -0.149332 -0.416197 0.0445966
         vertex -0.149332 -0.416597 0.0443424
         vertex -0.148034 -0.417187 0.0449779
      endloop
   endfacet
   facet normal -0.382683 -0.628553 0.677107
      outer loop
         vertex -0.149332 -0.416597 0.0443424
         vertex -0.149332 -0.416881 0.0439617
         vertex -0.148034 -0.417659 0.0443442
      endloop
   endfacet
   facet normal -0.382683 -0.829162 0.407484
      outer loop
         vertex -0.149332 -0.416881 0.0439617
         vertex -0.149332 -0.417009 0.0435049
         vertex -0.148034 -0.417872 0.0435837
      endloop
   endfacet
   facet normal -0.707107 -0.481074 0.518236
      outer loop
         vertex -0.148034 -0.417187 0.0449779
         vertex -0.148034 -0.417659 0.0443442
         vertex -0.147167 -0.418823 0.0449165
      endloop
   endfacet
   facet normal -0.707107 -0.634613 0.311875
      outer loop
         vertex -0.148034 -0.417659 0.0443442
         vertex -0.148034 -0.417872 0.0435837
         vertex -0.147167 -0.419165 0.0437016
      endloop
   endfacet
   facet normal -0.92388 -0.260355 0.280467
      outer loop
         vertex -0.147167 -0.41807 0.045929
         vertex -0.147167 -0.418823 0.0449165
         vertex -0.146863 -0.420197 0.0455917
      endloop
   endfacet
   facet normal -0.92388 -0.34345 0.168785
      outer loop
         vertex -0.147167 -0.418823 0.0449165
         vertex -0.147167 -0.419165 0.0437016
         vertex -0.146863 -0.420689 0.0438407
      endloop
   endfacet
   facet normal 1.73268e-15 -0.686618 -0.727018
      outer loop
         vertex -0.163138 -0.443263 0.0358944
         vertex -0.146863 -0.443263 0.0358944
         vertex -0.146863 -0.445415 0.0389243
      endloop
   endfacet
   facet normal 2.23546e-15 -0.91257 -0.408919
      outer loop
         vertex -0.163138 -0.445415 0.0389243
         vertex -0.146863 -0.445415 0.0389243
         vertex -0.146863 -0.446244 0.0425472
      endloop
   endfacet
   facet normal 2.1953e-15 -0.934434 0.356135
      outer loop
         vertex -0.163138 -0.445624 0.0462115
         vertex -0.163138 -0.446244 0.0425472
         vertex -0.146863 -0.446248 0.0428193
      endloop
   endfacet
   facet normal 2.39791e-15 -0.999592 -0.0285667
      outer loop
         vertex -0.163138 -0.446244 0.0425472
         vertex -0.146863 -0.446244 0.0425472
         vertex -0.146863 -0.446248 0.0428193
      endloop
   endfacet
   facet normal 2.1953e-15 -0.934434 0.356135
      outer loop
         vertex -0.146863 -0.445624 0.0462115
         vertex -0.146863 -0.443648 0.0493593
         vertex -0.163138 -0.444717 0.0479984
      endloop
   endfacet
   facet normal 1.65847e-15 -0.727018 0.686618
      outer loop
         vertex -0.146863 -0.443648 0.0493593
         vertex -0.163138 -0.443648 0.0493593
         vertex -0.163138 -0.444717 0.0479984
      endloop
   endfacet
   facet normal 1.65847e-15 -0.727018 0.686618
      outer loop
         vertex -0.163138 -0.443648 0.0493593
         vertex -0.146863 -0.443648 0.0493593
         vertex -0.146863 -0.440618 0.0515115
      endloop
   endfacet
   facet normal 8.69158e-16 -0.408919 0.91257
      outer loop
         vertex -0.163138 -0.440618 0.0515115
         vertex -0.146863 -0.440618 0.0515115
         vertex -0.146863 -0.436995 0.0523404
      endloop
   endfacet
   facet normal -5.24771e-17 -0.0285667 0.999592
      outer loop
         vertex -0.163138 -0.436995 0.0523404
         vertex -0.146863 -0.436995 0.0523404
         vertex -0.146863 -0.433331 0.0517198
      endloop
   endfacet
   facet normal -9.66123e-16 0.356135 0.934434
      outer loop
         vertex -0.163138 -0.433331 0.0517198
         vertex -0.146863 -0.433331 0.0517198
         vertex -0.146863 -0.430183 0.0497441
      endloop
   endfacet
   facet normal -1.73268e-15 0.686618 0.727018
      outer loop
         vertex -0.163138 -0.430183 0.0497441
         vertex -0.146863 -0.430183 0.0497441
         vertex -0.146863 -0.428031 0.0467142
      endloop
   endfacet
   facet normal -2.23546e-15 0.91257 0.408919
      outer loop
         vertex -0.163138 -0.428031 0.0467142
         vertex -0.146863 -0.428031 0.0467142
         vertex -0.146863 -0.427202 0.0430914
      endloop
   endfacet
   facet normal -2.39791e-15 0.999592 0.0285667
      outer loop
         vertex -0.163138 -0.427202 0.0430914
         vertex -0.146863 -0.427202 0.0430914
         vertex -0.146863 -0.427823 0.0394271
      endloop
   endfacet
   facet normal -2.1953e-15 0.934434 -0.356135
      outer loop
         vertex -0.163138 -0.427823 0.0394271
         vertex -0.146863 -0.427823 0.0394271
         vertex -0.146863 -0.429798 0.0362792
      endloop
   endfacet
   facet normal -1.65847e-15 0.727018 -0.686618
      outer loop
         vertex -0.163138 -0.429798 0.0362792
         vertex -0.146863 -0.429798 0.0362792
         vertex -0.146863 -0.432828 0.034127
      endloop
   endfacet
   facet normal -8.69158e-16 0.408919 -0.91257
      outer loop
         vertex -0.163138 -0.432828 0.034127
         vertex -0.146863 -0.432828 0.034127
         vertex -0.146863 -0.436451 0.0332982
      endloop
   endfacet
   facet normal 5.24771e-17 0.0285667 -0.999592
      outer loop
         vertex -0.163138 -0.436451 0.0332982
         vertex -0.146863 -0.436451 0.0332982
         vertex -0.146863 -0.440115 0.0339188
      endloop
   endfacet
   facet normal 9.66123e-16 -0.356135 -0.934434
      outer loop
         vertex -0.163138 -0.440115 0.0339188
         vertex -0.146863 -0.440115 0.0339188
         vertex -0.146863 -0.443263 0.0358944
      endloop
   endfacet
   facet normal 1.73268e-15 -0.686618 -0.727018
      outer loop
         vertex -0.146863 -0.443263 0.0358944
         vertex -0.163138 -0.443263 0.0358944
         vertex -0.163138 -0.440115 0.0339188
      endloop
   endfacet
   facet normal 9.66123e-16 -0.356135 -0.934434
      outer loop
         vertex -0.146863 -0.440115 0.0339188
         vertex -0.163138 -0.440115 0.0339188
         vertex -0.163138 -0.436451 0.0332982
      endloop
   endfacet
   facet normal 5.24771e-17 0.0285667 -0.999592
      outer loop
         vertex -0.146863 -0.436451 0.0332982
         vertex -0.163138 -0.436451 0.0332982
         vertex -0.163138 -0.432828 0.034127
      endloop
   endfacet
   facet normal -8.69158e-16 0.408919 -0.91257
      outer loop
         vertex -0.146863 -0.432828 0.034127
         vertex -0.163138 -0.432828 0.034127
         vertex -0.163138 -0.429798 0.0362792
      endloop
   endfacet
   facet normal -1.65847e-15 0.727018 -0.686618
      outer loop
         vertex -0.146863 -0.429798 0.0362792
         vertex -0.163138 -0.429798 0.0362792
         vertex -0.163138 -0.427823 0.0394271
      endloop
   endfacet
   facet normal -2.1953e-15 0.934434 -0.356135
      outer loop
         vertex -0.146863 -0.427823 0.0394271
         vertex -0.163138 -0.427823 0.0394271
         vertex -0.163138 -0.427202 0.0430914
      endloop
   endfacet
   facet normal -2.39791e-15 0.999592 0.0285667
      outer loop
         vertex -0.146863 -0.427202 0.0430914
         vertex -0.163138 -0.427202 0.0430914
         vertex -0.163138 -0.428031 0.0467142
      endloop
   endfacet
   facet normal -2.23546e-15 0.91257 0.408919
      outer loop
         vertex -0.146863 -0.428031 0.0467142
         vertex -0.163138 -0.428031 0.0467142
         vertex -0.163138 -0.430183 0.0497441
      endloop
   endfacet
   facet normal -1.73268e-15 0.686618 0.727018
      outer loop
         vertex -0.146863 -0.430183 0.0497441
         vertex -0.163138 -0.430183 0.0497441
         vertex -0.163138 -0.433331 0.0517198
      endloop
   endfacet
   facet normal -9.66123e-16 0.356135 0.934434
      outer loop
         vertex -0.146863 -0.433331 0.0517198
         vertex -0.163138 -0.433331 0.0517198
         vertex -0.163138 -0.436995 0.0523404
      endloop
   endfacet
   facet normal -5.24771e-17 -0.0285667 0.999592
      outer loop
         vertex -0.146863 -0.436995 0.0523404
         vertex -0.163138 -0.436995 0.0523404
         vertex -0.163138 -0.440618 0.0515115
      endloop
   endfacet
   facet normal 8.69158e-16 -0.408919 0.91257
      outer loop
         vertex -0.146863 -0.440618 0.0515115
         vertex -0.163138 -0.440618 0.0515115
         vertex -0.163138 -0.443648 0.0493593
      endloop
   endfacet
   facet normal 2.00336e-15 -0.839254 0.543739
      outer loop
         vertex -0.163138 -0.444717 0.0479984
         vertex -0.163138 -0.445624 0.0462115
         vertex -0.146863 -0.445624 0.0462115
      endloop
   endfacet
   facet normal 2.3676e-15 -1 -8.31829e-16
      outer loop
         vertex -0.146863 -0.446248 0.0428193
         vertex -0.146863 -0.445624 0.0462115
         vertex -0.163138 -0.445624 0.0462115
      endloop
   endfacet
   facet normal 2.39791e-15 -0.999592 -0.0285667
      outer loop
         vertex -0.146863 -0.446244 0.0425472
         vertex -0.163138 -0.446244 0.0425472
         vertex -0.163138 -0.445415 0.0389243
      endloop
   endfacet
   facet normal 2.23546e-15 -0.91257 -0.408919
      outer loop
         vertex -0.146863 -0.445415 0.0389243
         vertex -0.163138 -0.445415 0.0389243
         vertex -0.163138 -0.443263 0.0358944
      endloop
   endfacet
   facet normal 1.55219e-15 -0.686618 -0.727018
      outer loop
         vertex -0.171868 -0.442862 0.0363192
         vertex -0.1707 -0.442862 0.0363192
         vertex -0.1707 -0.444882 0.0391632
      endloop
   endfacet
   facet normal 2.23546e-15 -0.91257 -0.408919
      outer loop
         vertex -0.171868 -0.444882 0.0391632
         vertex -0.1707 -0.444882 0.0391632
         vertex -0.1707 -0.44566 0.0425639
      endloop
   endfacet
   facet normal 2.39791e-15 -0.999592 -0.0285667
      outer loop
         vertex -0.171868 -0.44566 0.0425639
         vertex -0.1707 -0.44566 0.0425639
         vertex -0.1707 -0.445078 0.0460034
      endloop
   endfacet
   facet normal 2.1953e-15 -0.934434 0.356135
      outer loop
         vertex -0.171868 -0.445078 0.0460034
         vertex -0.1707 -0.445078 0.0460034
         vertex -0.1707 -0.443223 0.0489582
      endloop
   endfacet
   facet normal 1.65847e-15 -0.727018 0.686618
      outer loop
         vertex -0.171868 -0.443223 0.0489582
         vertex -0.1707 -0.443223 0.0489582
         vertex -0.1707 -0.440379 0.0509784
      endloop
   endfacet
   facet normal 8.69158e-16 -0.408919 0.91257
      outer loop
         vertex -0.171868 -0.440379 0.0509784
         vertex -0.1707 -0.440379 0.0509784
         vertex -0.1707 -0.436979 0.0517564
      endloop
   endfacet
   facet normal -5.24771e-17 -0.0285667 0.999592
      outer loop
         vertex -0.171868 -0.436979 0.0517564
         vertex -0.1707 -0.436979 0.0517564
         vertex -0.1707 -0.433539 0.0511739
      endloop
   endfacet
   facet normal -9.66123e-16 0.356135 0.934434
      outer loop
         vertex -0.171868 -0.433539 0.0511739
         vertex -0.1707 -0.433539 0.0511739
         vertex -0.1707 -0.430584 0.0493194
      endloop
   endfacet
   facet normal -1.73268e-15 0.686618 0.727018
      outer loop
         vertex -0.171868 -0.430584 0.0493194
         vertex -0.1707 -0.430584 0.0493194
         vertex -0.1707 -0.428564 0.0464753
      endloop
   endfacet
   facet normal -2.23546e-15 0.91257 0.408919
      outer loop
         vertex -0.171868 -0.428564 0.0464753
         vertex -0.1707 -0.428564 0.0464753
         vertex -0.1707 -0.427786 0.0430747
      endloop
   endfacet
   facet normal -2.39791e-15 0.999592 0.0285667
      outer loop
         vertex -0.171868 -0.427786 0.0430747
         vertex -0.1707 -0.427786 0.0430747
         vertex -0.1707 -0.428369 0.0396351
      endloop
   endfacet
   facet normal -2.1953e-15 0.934434 -0.356135
      outer loop
         vertex -0.171868 -0.428369 0.0396351
         vertex -0.1707 -0.428369 0.0396351
         vertex -0.1707 -0.430223 0.0366804
      endloop
   endfacet
   facet normal -1.65847e-15 0.727018 -0.686618
      outer loop
         vertex -0.171868 -0.430223 0.0366804
         vertex -0.1707 -0.430223 0.0366804
         vertex -0.1707 -0.433067 0.0346602
      endloop
   endfacet
   facet normal -8.69158e-16 0.408919 -0.91257
      outer loop
         vertex -0.171868 -0.433067 0.0346602
         vertex -0.1707 -0.433067 0.0346602
         vertex -0.1707 -0.436468 0.0338821
      endloop
   endfacet
   facet normal 5.24771e-17 0.0285667 -0.999592
      outer loop
         vertex -0.171868 -0.436468 0.0338821
         vertex -0.1707 -0.436468 0.0338821
         vertex -0.1707 -0.439907 0.0344647
      endloop
   endfacet
   facet normal 9.66123e-16 -0.356135 -0.934434
      outer loop
         vertex -0.171868 -0.439907 0.0344647
         vertex -0.1707 -0.439907 0.0344647
         vertex -0.1707 -0.442862 0.0363192
      endloop
   endfacet
   facet normal 1.55219e-15 -0.686618 -0.727018
      outer loop
         vertex -0.1707 -0.442862 0.0363192
         vertex -0.171868 -0.442862 0.0363192
         vertex -0.171868 -0.439907 0.0344647
      endloop
   endfacet
   facet normal 9.66123e-16 -0.356135 -0.934434
      outer loop
         vertex -0.1707 -0.439907 0.0344647
         vertex -0.171868 -0.439907 0.0344647
         vertex -0.171868 -0.436468 0.0338821
      endloop
   endfacet
   facet normal 5.24771e-17 0.0285667 -0.999592
      outer loop
         vertex -0.1707 -0.436468 0.0338821
         vertex -0.171868 -0.436468 0.0338821
         vertex -0.171868 -0.433067 0.0346602
      endloop
   endfacet
   facet normal -8.69158e-16 0.408919 -0.91257
      outer loop
         vertex -0.1707 -0.433067 0.0346602
         vertex -0.171868 -0.433067 0.0346602
         vertex -0.171868 -0.430223 0.0366804
      endloop
   endfacet
   facet normal -1.65847e-15 0.727018 -0.686618
      outer loop
         vertex -0.1707 -0.430223 0.0366804
         vertex -0.171868 -0.430223 0.0366804
         vertex -0.171868 -0.428369 0.0396351
      endloop
   endfacet
   facet normal -2.1953e-15 0.934434 -0.356135
      outer loop
         vertex -0.1707 -0.428369 0.0396351
         vertex -0.171868 -0.428369 0.0396351
         vertex -0.171868 -0.427786 0.0430747
      endloop
   endfacet
   facet normal -2.39791e-15 0.999592 0.0285667
      outer loop
         vertex -0.1707 -0.427786 0.0430747
         vertex -0.171868 -0.427786 0.0430747
         vertex -0.171868 -0.428564 0.0464753
      endloop
   endfacet
   facet normal -2.23546e-15 0.91257 0.408919
      outer loop
         vertex -0.1707 -0.428564 0.0464753
         vertex -0.171868 -0.428564 0.0464753
         vertex -0.171868 -0.430584 0.0493194
      endloop
   endfacet
   facet normal -1.73268e-15 0.686618 0.727018
      outer loop
         vertex -0.1707 -0.430584 0.0493194
         vertex -0.171868 -0.430584 0.0493194
         vertex -0.171868 -0.433539 0.0511739
      endloop
   endfacet
   facet normal -9.66123e-16 0.356135 0.934434
      outer loop
         vertex -0.1707 -0.433539 0.0511739
         vertex -0.171868 -0.433539 0.0511739
         vertex -0.171868 -0.436979 0.0517564
      endloop
   endfacet
   facet normal -5.24771e-17 -0.0285667 0.999592
      outer loop
         vertex -0.1707 -0.436979 0.0517564
         vertex -0.171868 -0.436979 0.0517564
         vertex -0.171868 -0.440379 0.0509784
      endloop
   endfacet
   facet normal 8.69158e-16 -0.408919 0.91257
      outer loop
         vertex -0.1707 -0.440379 0.0509784
         vertex -0.171868 -0.440379 0.0509784
         vertex -0.171868 -0.443223 0.0489582
      endloop
   endfacet
   facet normal 1.65847e-15 -0.727018 0.686618
      outer loop
         vertex -0.1707 -0.443223 0.0489582
         vertex -0.171868 -0.443223 0.0489582
         vertex -0.171868 -0.445078 0.0460034
      endloop
   endfacet
   facet normal 2.1953e-15 -0.934434 0.356135
      outer loop
         vertex -0.1707 -0.445078 0.0460034
         vertex -0.171868 -0.445078 0.0460034
         vertex -0.171868 -0.44566 0.0425639
      endloop
   endfacet
   facet normal 2.39791e-15 -0.999592 -0.0285667
      outer loop
         vertex -0.1707 -0.44566 0.0425639
         vertex -0.171868 -0.44566 0.0425639
         vertex -0.171868 -0.444882 0.0391632
      endloop
   endfacet
   facet normal 2.23546e-15 -0.91257 -0.408919
      outer loop
         vertex -0.1707 -0.444882 0.0391632
         vertex -0.171868 -0.444882 0.0391632
         vertex -0.171868 -0.442862 0.0363192
      endloop
   endfacet
   facet normal 1 2.39543e-15 1.20956e-16
      outer loop
         vertex -0.171868 -0.428031 0.0467142
         vertex -0.171868 -0.428564 0.0464753
         vertex -0.171868 -0.427786 0.0430747
      endloop
   endfacet
   facet normal 1 2.39543e-15 1.20956e-16
      outer loop
         vertex -0.171868 -0.430183 0.0497441
         vertex -0.171868 -0.430584 0.0493194
         vertex -0.171868 -0.428564 0.0464753
      endloop
   endfacet
   facet normal 1 2.39543e-15 1.20956e-16
      outer loop
         vertex -0.171868 -0.427823 0.0394271
         vertex -0.171868 -0.428369 0.0396351
         vertex -0.171868 -0.430223 0.0366804
      endloop
   endfacet
   facet normal 1 2.39543e-15 1.20956e-16
      outer loop
         vertex -0.171868 -0.427202 0.0430914
         vertex -0.171868 -0.427786 0.0430747
         vertex -0.171868 -0.428369 0.0396351
      endloop
   endfacet
   facet normal 1 2.39543e-15 1.20956e-16
      outer loop
         vertex -0.171868 -0.428564 0.0464753
         vertex -0.171868 -0.428031 0.0467142
         vertex -0.171868 -0.430183 0.0497441
      endloop
   endfacet
   facet normal 1 2.39543e-15 1.20956e-16
      outer loop
         vertex -0.171868 -0.433331 0.0517198
         vertex -0.171868 -0.433539 0.0511739
         vertex -0.171868 -0.430584 0.0493194
      endloop
   endfacet
   facet normal 1 2.39543e-15 1.20956e-16
      outer loop
         vertex -0.171868 -0.440618 0.0515115
         vertex -0.171868 -0.440379 0.0509784
         vertex -0.171868 -0.436979 0.0517564
      endloop
   endfacet
   facet normal 1 2.39543e-15 1.20956e-16
      outer loop
         vertex -0.171868 -0.440618 0.0515115
         vertex -0.171868 -0.443648 0.0493593
         vertex -0.171868 -0.443223 0.0489582
      endloop
   endfacet
   facet normal 1 2.39543e-15 1.20956e-16
      outer loop
         vertex -0.171868 -0.445624 0.0462115
         vertex -0.171868 -0.445078 0.0460034
         vertex -0.171868 -0.443223 0.0489582
      endloop
   endfacet
   facet normal 1 2.39543e-15 1.20956e-16
      outer loop
         vertex -0.171868 -0.446244 0.0425472
         vertex -0.171868 -0.44566 0.0425639
         vertex -0.171868 -0.445078 0.0460034
      endloop
   endfacet
   facet normal 1 2.39543e-15 1.20956e-16
      outer loop
         vertex -0.171868 -0.445415 0.0389243
         vertex -0.171868 -0.444882 0.0391632
         vertex -0.171868 -0.44566 0.0425639
      endloop
   endfacet
   facet normal 1 2.39543e-15 1.20956e-16
      outer loop
         vertex -0.171868 -0.443263 0.0358944
         vertex -0.171868 -0.442862 0.0363192
         vertex -0.171868 -0.444882 0.0391632
      endloop
   endfacet
   facet normal 1 2.39543e-15 1.20956e-16
      outer loop
         vertex -0.171868 -0.436451 0.0332982
         vertex -0.171868 -0.436468 0.0338821
         vertex -0.171868 -0.439907 0.0344647
      endloop
   endfacet
   facet normal 1 2.39543e-15 1.20956e-16
      outer loop
         vertex -0.171868 -0.432828 0.034127
         vertex -0.171868 -0.433067 0.0346602
         vertex -0.171868 -0.436468 0.0338821
      endloop
   endfacet
   facet normal 1 2.39543e-15 1.20956e-16
      outer loop
         vertex -0.171868 -0.429798 0.0362792
         vertex -0.171868 -0.430223 0.0366804
         vertex -0.171868 -0.433067 0.0346602
      endloop
   endfacet
   facet normal 1 2.39543e-15 1.20956e-16
      outer loop
         vertex -0.171868 -0.428369 0.0396351
         vertex -0.171868 -0.427823 0.0394271
         vertex -0.171868 -0.427202 0.0430914
      endloop
   endfacet
   facet normal 1 2.39543e-15 1.20956e-16
      outer loop
         vertex -0.171868 -0.430584 0.0493194
         vertex -0.171868 -0.430183 0.0497441
         vertex -0.171868 -0.433331 0.0517198
      endloop
   endfacet
   facet normal 1 2.39543e-15 1.20956e-16
      outer loop
         vertex -0.171868 -0.436995 0.0523404
         vertex -0.171868 -0.436979 0.0517564
         vertex -0.171868 -0.433539 0.0511739
      endloop
   endfacet
   facet normal 1 2.39543e-15 1.20956e-16
      outer loop
         vertex -0.171868 -0.443223 0.0489582
         vertex -0.171868 -0.440379 0.0509784
         vertex -0.171868 -0.440618 0.0515115
      endloop
   endfacet
   facet normal 1 2.39543e-15 1.20956e-16
      outer loop
         vertex -0.171868 -0.445078 0.0460034
         vertex -0.171868 -0.445624 0.0462115
         vertex -0.171868 -0.446244 0.0425472
      endloop
   endfacet
   facet normal 1 2.39543e-15 1.20956e-16
      outer loop
         vertex -0.171868 -0.444882 0.0391632
         vertex -0.171868 -0.445415 0.0389243
         vertex -0.171868 -0.443263 0.0358944
      endloop
   endfacet
   facet normal 1 2.39543e-15 1.20956e-16
      outer loop
         vertex -0.171868 -0.440115 0.0339188
         vertex -0.171868 -0.439907 0.0344647
         vertex -0.171868 -0.442862 0.0363192
      endloop
   endfacet
   facet normal 1 2.39543e-15 1.20956e-16
      outer loop
         vertex -0.171868 -0.436468 0.0338821
         vertex -0.171868 -0.436451 0.0332982
         vertex -0.171868 -0.432828 0.034127
      endloop
   endfacet
   facet normal 1 2.39543e-15 1.20956e-16
      outer loop
         vertex -0.171868 -0.430223 0.0366804
         vertex -0.171868 -0.429798 0.0362792
         vertex -0.171868 -0.427823 0.0394271
      endloop
   endfacet
   facet normal 1 2.39543e-15 1.20956e-16
      outer loop
         vertex -0.171868 -0.433539 0.0511739
         vertex -0.171868 -0.433331 0.0517198
         vertex -0.171868 -0.436995 0.0523404
      endloop
   endfacet
   facet normal 1 2.39543e-15 1.20956e-16
      outer loop
         vertex -0.171868 -0.443223 0.0489582
         vertex -0.171868 -0.443648 0.0493593
         vertex -0.171868 -0.445624 0.0462115
      endloop
   endfacet
   facet normal 1 2.39543e-15 1.20956e-16
      outer loop
         vertex -0.171868 -0.442862 0.0363192
         vertex -0.171868 -0.443263 0.0358944
         vertex -0.171868 -0.440115 0.0339188
      endloop
   endfacet
   facet normal 1 2.39543e-15 1.20956e-16
      outer loop
         vertex -0.171868 -0.433067 0.0346602
         vertex -0.171868 -0.432828 0.034127
         vertex -0.171868 -0.429798 0.0362792
      endloop
   endfacet
   facet normal 1 2.39543e-15 1.20956e-16
      outer loop
         vertex -0.171868 -0.436979 0.0517564
         vertex -0.171868 -0.436995 0.0523404
         vertex -0.171868 -0.440618 0.0515115
      endloop
   endfacet
   facet normal 1 2.39543e-15 1.20956e-16
      outer loop
         vertex -0.171868 -0.439907 0.0344647
         vertex -0.171868 -0.440115 0.0339188
         vertex -0.171868 -0.436451 0.0332982
      endloop
   endfacet
   facet normal 1 2.39543e-15 1.20956e-16
      outer loop
         vertex -0.171868 -0.44566 0.0425639
         vertex -0.171868 -0.446244 0.0425472
         vertex -0.171868 -0.445415 0.0389243
      endloop
   endfacet
   facet normal 1 2.39543e-15 1.20956e-16
      outer loop
         vertex -0.171868 -0.427786 0.0430747
         vertex -0.171868 -0.427202 0.0430914
         vertex -0.171868 -0.428031 0.0467142
      endloop
   endfacet
   facet normal 1.82123e-15 -0.686618 -0.727018
      outer loop
         vertex -0.173456 -0.443263 0.0358944
         vertex -0.171868 -0.443263 0.0358944
         vertex -0.171868 -0.445415 0.0389243
      endloop
   endfacet
   facet normal 2.23546e-15 -0.91257 -0.408919
      outer loop
         vertex -0.173456 -0.445415 0.0389243
         vertex -0.171868 -0.445415 0.0389243
         vertex -0.171868 -0.446244 0.0425472
      endloop
   endfacet
   facet normal 2.39791e-15 -0.999592 -0.0285667
      outer loop
         vertex -0.173456 -0.446244 0.0425472
         vertex -0.171868 -0.446244 0.0425472
         vertex -0.171868 -0.445624 0.0462115
      endloop
   endfacet
   facet normal 2.1953e-15 -0.934434 0.356135
      outer loop
         vertex -0.173456 -0.445624 0.0462115
         vertex -0.171868 -0.445624 0.0462115
         vertex -0.171868 -0.443648 0.0493593
      endloop
   endfacet
   facet normal 1.65847e-15 -0.727018 0.686618
      outer loop
         vertex -0.173456 -0.443648 0.0493593
         vertex -0.171868 -0.443648 0.0493593
         vertex -0.171868 -0.440618 0.0515115
      endloop
   endfacet
   facet normal 8.69158e-16 -0.408919 0.91257
      outer loop
         vertex -0.173456 -0.440618 0.0515115
         vertex -0.171868 -0.440618 0.0515115
         vertex -0.171868 -0.436995 0.0523404
      endloop
   endfacet
   facet normal -5.24771e-17 -0.0285667 0.999592
      outer loop
         vertex -0.173456 -0.436995 0.0523404
         vertex -0.171868 -0.436995 0.0523404
         vertex -0.171868 -0.433331 0.0517198
      endloop
   endfacet
   facet normal -9.66123e-16 0.356135 0.934434
      outer loop
         vertex -0.173456 -0.433331 0.0517198
         vertex -0.171868 -0.433331 0.0517198
         vertex -0.171868 -0.430183 0.0497441
      endloop
   endfacet
   facet normal -1.73268e-15 0.686618 0.727018
      outer loop
         vertex -0.173456 -0.430183 0.0497441
         vertex -0.171868 -0.430183 0.0497441
         vertex -0.171868 -0.428031 0.0467142
      endloop
   endfacet
   facet normal -2.23546e-15 0.91257 0.408919
      outer loop
         vertex -0.173456 -0.428031 0.0467142
         vertex -0.171868 -0.428031 0.0467142
         vertex -0.171868 -0.427202 0.0430914
      endloop
   endfacet
   facet normal -2.39791e-15 0.999592 0.0285667
      outer loop
         vertex -0.173456 -0.427202 0.0430914
         vertex -0.171868 -0.427202 0.0430914
         vertex -0.171868 -0.427823 0.0394271
      endloop
   endfacet
   facet normal -2.1953e-15 0.934434 -0.356135
      outer loop
         vertex -0.173456 -0.427823 0.0394271
         vertex -0.171868 -0.427823 0.0394271
         vertex -0.171868 -0.429798 0.0362792
      endloop
   endfacet
   facet normal -1.65847e-15 0.727018 -0.686618
      outer loop
         vertex -0.173456 -0.429798 0.0362792
         vertex -0.171868 -0.429798 0.0362792
         vertex -0.171868 -0.432828 0.034127
      endloop
   endfacet
   facet normal -8.69158e-16 0.408919 -0.91257
      outer loop
         vertex -0.173456 -0.432828 0.034127
         vertex -0.171868 -0.432828 0.034127
         vertex -0.171868 -0.436451 0.0332982
      endloop
   endfacet
   facet normal 5.24771e-17 0.0285667 -0.999592
      outer loop
         vertex -0.173456 -0.436451 0.0332982
         vertex -0.171868 -0.436451 0.0332982
         vertex -0.171868 -0.440115 0.0339188
      endloop
   endfacet
   facet normal 9.66123e-16 -0.356135 -0.934434
      outer loop
         vertex -0.173456 -0.440115 0.0339188
         vertex -0.171868 -0.440115 0.0339188
         vertex -0.171868 -0.443263 0.0358944
      endloop
   endfacet
   facet normal 1.82123e-15 -0.686618 -0.727018
      outer loop
         vertex -0.171868 -0.443263 0.0358944
         vertex -0.173456 -0.443263 0.0358944
         vertex -0.173456 -0.440115 0.0339188
      endloop
   endfacet
   facet normal 9.66123e-16 -0.356135 -0.934434
      outer loop
         vertex -0.171868 -0.440115 0.0339188
         vertex -0.173456 -0.440115 0.0339188
         vertex -0.173456 -0.436451 0.0332982
      endloop
   endfacet
   facet normal 5.24771e-17 0.0285667 -0.999592
      outer loop
         vertex -0.171868 -0.436451 0.0332982
         vertex -0.173456 -0.436451 0.0332982
         vertex -0.173456 -0.432828 0.034127
      endloop
   endfacet
   facet normal -8.69158e-16 0.408919 -0.91257
      outer loop
         vertex -0.171868 -0.432828 0.034127
         vertex -0.173456 -0.432828 0.034127
         vertex -0.173456 -0.429798 0.0362792
      endloop
   endfacet
   facet normal -1.65847e-15 0.727018 -0.686618
      outer loop
         vertex -0.171868 -0.429798 0.0362792
         vertex -0.173456 -0.429798 0.0362792
         vertex -0.173456 -0.427823 0.0394271
      endloop
   endfacet
   facet normal -2.1953e-15 0.934434 -0.356135
      outer loop
         vertex -0.171868 -0.427823 0.0394271
         vertex -0.173456 -0.427823 0.0394271
         vertex -0.173456 -0.427202 0.0430914
      endloop
   endfacet
   facet normal -2.39791e-15 0.999592 0.0285667
      outer loop
         vertex -0.171868 -0.427202 0.0430914
         vertex -0.173456 -0.427202 0.0430914
         vertex -0.173456 -0.428031 0.0467142
      endloop
   endfacet
   facet normal -2.23546e-15 0.91257 0.408919
      outer loop
         vertex -0.171868 -0.428031 0.0467142
         vertex -0.173456 -0.428031 0.0467142
         vertex -0.173456 -0.430183 0.0497441
      endloop
   endfacet
   facet normal -1.73268e-15 0.686618 0.727018
      outer loop
         vertex -0.171868 -0.430183 0.0497441
         vertex -0.173456 -0.430183 0.0497441
         vertex -0.173456 -0.433331 0.0517198
      endloop
   endfacet
   facet normal -9.66123e-16 0.356135 0.934434
      outer loop
         vertex -0.171868 -0.433331 0.0517198
         vertex -0.173456 -0.433331 0.0517198
         vertex -0.173456 -0.436995 0.0523404
      endloop
   endfacet
   facet normal -5.24771e-17 -0.0285667 0.999592
      outer loop
         vertex -0.171868 -0.436995 0.0523404
         vertex -0.173456 -0.436995 0.0523404
         vertex -0.173456 -0.440618 0.0515115
      endloop
   endfacet
   facet normal 8.69158e-16 -0.408919 0.91257
      outer loop
         vertex -0.171868 -0.440618 0.0515115
         vertex -0.173456 -0.440618 0.0515115
         vertex -0.173456 -0.443648 0.0493593
      endloop
   endfacet
   facet normal 1.65847e-15 -0.727018 0.686618
      outer loop
         vertex -0.171868 -0.443648 0.0493593
         vertex -0.173456 -0.443648 0.0493593
         vertex -0.173456 -0.445624 0.0462115
      endloop
   endfacet
   facet normal 2.1953e-15 -0.934434 0.356135
      outer loop
         vertex -0.171868 -0.445624 0.0462115
         vertex -0.173456 -0.445624 0.0462115
         vertex -0.173456 -0.446244 0.0425472
      endloop
   endfacet
   facet normal 2.39791e-15 -0.999592 -0.0285667
      outer loop
         vertex -0.171868 -0.446244 0.0425472
         vertex -0.173456 -0.446244 0.0425472
         vertex -0.173456 -0.445415 0.0389243
      endloop
   endfacet
   facet normal 2.23546e-15 -0.91257 -0.408919
      outer loop
         vertex -0.171868 -0.445415 0.0389243
         vertex -0.173456 -0.445415 0.0389243
         vertex -0.173456 -0.443263 0.0358944
      endloop
   endfacet
   facet normal -1 -2.39543e-15 -1.20956e-16
      outer loop
         vertex -0.173456 -0.436723 0.0428193
         vertex -0.173456 -0.445415 0.0389243
         vertex -0.173456 -0.446244 0.0425472
      endloop
   endfacet
   facet normal -1 -2.39543e-15 -1.20956e-16
      outer loop
         vertex -0.173456 -0.446244 0.0425472
         vertex -0.173456 -0.445624 0.0462115
         vertex -0.173456 -0.436723 0.0428193
      endloop
   endfacet
   facet normal -1 -2.39543e-15 -1.20956e-16
      outer loop
         vertex -0.173456 -0.445624 0.0462115
         vertex -0.173456 -0.443648 0.0493593
         vertex -0.173456 -0.436723 0.0428193
      endloop
   endfacet
   facet normal -1 -2.39543e-15 -1.20956e-16
      outer loop
         vertex -0.173456 -0.443648 0.0493593
         vertex -0.173456 -0.440618 0.0515115
         vertex -0.173456 -0.436723 0.0428193
      endloop
   endfacet
   facet normal -1 -2.39543e-15 -1.20956e-16
      outer loop
         vertex -0.173456 -0.440618 0.0515115
         vertex -0.173456 -0.436995 0.0523404
         vertex -0.173456 -0.436723 0.0428193
      endloop
   endfacet
   facet normal -1 -2.39543e-15 -1.20956e-16
      outer loop
         vertex -0.173456 -0.436995 0.0523404
         vertex -0.173456 -0.433331 0.0517198
         vertex -0.173456 -0.436723 0.0428193
      endloop
   endfacet
   facet normal -1 -2.39543e-15 -1.20956e-16
      outer loop
         vertex -0.173456 -0.433331 0.0517198
         vertex -0.173456 -0.430183 0.0497441
         vertex -0.173456 -0.436723 0.0428193
      endloop
   endfacet
   facet normal -1 -2.39543e-15 -1.20956e-16
      outer loop
         vertex -0.173456 -0.430183 0.0497441
         vertex -0.173456 -0.428031 0.0467142
         vertex -0.173456 -0.436723 0.0428193
      endloop
   endfacet
   facet normal -1 -2.39543e-15 -1.20956e-16
      outer loop
         vertex -0.173456 -0.428031 0.0467142
         vertex -0.173456 -0.427202 0.0430914
         vertex -0.173456 -0.436723 0.0428193
      endloop
   endfacet
   facet normal -1 -2.39543e-15 -1.20956e-16
      outer loop
         vertex -0.173456 -0.427202 0.0430914
         vertex -0.173456 -0.427823 0.0394271
         vertex -0.173456 -0.436723 0.0428193
      endloop
   endfacet
   facet normal -1 -2.39543e-15 -1.20956e-16
      outer loop
         vertex -0.173456 -0.427823 0.0394271
         vertex -0.173456 -0.429798 0.0362792
         vertex -0.173456 -0.436723 0.0428193
      endloop
   endfacet
   facet normal -1 -2.39543e-15 -1.20956e-16
      outer loop
         vertex -0.173456 -0.429798 0.0362792
         vertex -0.173456 -0.432828 0.034127
         vertex -0.173456 -0.436723 0.0428193
      endloop
   endfacet
   facet normal -1 -2.39543e-15 -1.20956e-16
      outer loop
         vertex -0.173456 -0.432828 0.034127
         vertex -0.173456 -0.436451 0.0332982
         vertex -0.173456 -0.436723 0.0428193
      endloop
   endfacet
   facet normal -1 -2.39543e-15 -1.20956e-16
      outer loop
         vertex -0.173456 -0.436451 0.0332982
         vertex -0.173456 -0.440115 0.0339188
         vertex -0.173456 -0.436723 0.0428193
      endloop
   endfacet
   facet normal -1 -2.39543e-15 -1.20956e-16
      outer loop
         vertex -0.173456 -0.440115 0.0339188
         vertex -0.173456 -0.443263 0.0358944
         vertex -0.173456 -0.436723 0.0428193
      endloop
   endfacet
   facet normal -1 -2.39543e-15 -1.20956e-16
      outer loop
         vertex -0.173456 -0.443263 0.0358944
         vertex -0.173456 -0.445415 0.0389243
         vertex -0.173456 -0.436723 0.0428193
      endloop
   endfacet
   facet normal -0.92388 -0.381101 0.0347703
      outer loop
         vertex -0.147167 -0.419165 0.0437016
         vertex -0.147167 -0.422161 0.0108647
         vertex -0.146863 -0.423588 0.0120712
      endloop
   endfacet
   facet normal 7.52161e-14 -0.995864 0.0908592
      outer loop
         vertex -0.150863 -0.416706 0.0434772
         vertex -0.150198 -0.419852 0.00960117
         vertex -0.149344 -0.42012 0.00981953
      endloop
   endfacet
   facet normal 7.52161e-14 -0.995864 0.0908592
      outer loop
         vertex -0.150863 -0.416706 0.0434772
         vertex -0.150383 -0.41984 0.00956348
         vertex -0.150198 -0.419852 0.00960117
      endloop
   endfacet
   facet normal 7.52161e-14 -0.995864 0.0908592
      outer loop
         vertex -0.150863 -0.416706 0.0434772
         vertex -0.150863 -0.419809 0.00946575
         vertex -0.150383 -0.41984 0.00956348
      endloop
   endfacet
   facet normal -0.382683 -0.920058 0.083943
      outer loop
         vertex -0.149332 -0.417009 0.0435049
         vertex -0.149016 -0.420223 0.00990354
         vertex -0.149002 -0.420233 0.00990648
      endloop
   endfacet
   facet normal -0.465518 -0.881378 0.0804139
      outer loop
         vertex -0.149002 -0.420233 0.00990648
         vertex -0.148034 -0.417872 0.0435837
         vertex -0.149332 -0.417009 0.0435049
      endloop
   endfacet
   facet normal -0.382683 -0.920058 0.083943
      outer loop
         vertex -0.149332 -0.417009 0.0435049
         vertex -0.149344 -0.42012 0.00981953
         vertex -0.149195 -0.420166 0.00985759
      endloop
   endfacet
   facet normal -0.419407 -0.904044 0.0824819
      outer loop
         vertex -0.149195 -0.420166 0.00985759
         vertex -0.149016 -0.420223 0.00990354
         vertex -0.149332 -0.417009 0.0435049
      endloop
   endfacet
   facet normal -0.707107 -0.704182 0.0642472
      outer loop
         vertex -0.148034 -0.417872 0.0435837
         vertex -0.147994 -0.420966 0.0101186
         vertex -0.147167 -0.422161 0.0108647
      endloop
   endfacet
   facet normal -0.707107 -0.704182 0.0642472
      outer loop
         vertex -0.148034 -0.417872 0.0435837
         vertex -0.148039 -0.420933 0.0101091
         vertex -0.147994 -0.420966 0.0101186
      endloop
   endfacet
   facet normal -0.92388 -0.381101 0.0347703
      outer loop
         vertex -0.147167 -0.422161 0.0108647
         vertex -0.147167 -0.419165 0.0437016
         vertex -0.148034 -0.417872 0.0435837
      endloop
   endfacet
   facet normal -0.717042 -0.694147 0.0633316
      outer loop
         vertex -0.147994 -0.420966 0.0101186
         vertex -0.147672 -0.421338 0.0101693
         vertex -0.147167 -0.422161 0.0108647
      endloop
   endfacet
   facet normal -0.465518 -0.881378 0.0804139
      outer loop
         vertex -0.149002 -0.420233 0.00990648
         vertex -0.148039 -0.420933 0.0101091
         vertex -0.148034 -0.417872 0.0435837
      endloop
   endfacet
   facet normal -0.383309 -0.9198 0.0839194
      outer loop
         vertex -0.149344 -0.42012 0.00981953
         vertex -0.149332 -0.417009 0.0435049
         vertex -0.150863 -0.416706 0.0434772
      endloop
   endfacet
   facet normal -1 -2.39543e-15 -1.20956e-16
      outer loop
         vertex -0.146863 -0.423588 0.0120712
         vertex -0.146863 -0.420689 0.0438407
         vertex -0.147167 -0.419165 0.0437016
      endloop
   endfacet
   facet normal 0.699854 -0.461165 -0.545464
      outer loop
         vertex -0.144502 -0.41396 0.00954377
         vertex -0.144238 -0.415724 0.0106815
         vertex -0.146197 -0.416704 0.00960443
      endloop
   endfacet
   facet normal 0.478746 -0.334984 -0.811534
      outer loop
         vertex -0.146197 -0.416704 0.00960443
         vertex -0.14666 -0.415494 0.00854371
         vertex -0.144502 -0.41396 0.00954377
      endloop
   endfacet
   facet normal 0.364234 -0.107227 -0.925114
      outer loop
         vertex -0.14551 -0.41807 0.0102859
         vertex -0.149569 -0.419534 0.00956672
         vertex -0.149983 -0.418867 0.00910851
      endloop
   endfacet
   facet normal 0.478746 -0.334984 -0.811534
      outer loop
         vertex -0.146197 -0.416704 0.00960443
         vertex -0.149983 -0.418867 0.00910851
         vertex -0.14931 -0.41748 0.00853893
      endloop
   endfacet
   facet normal 0.245744 -0.514537 -0.8215
      outer loop
         vertex -0.149983 -0.418867 0.00910851
         vertex -0.150363 -0.41827 0.00853703
         vertex -0.14931 -0.41748 0.00853893
      endloop
   endfacet
   facet normal 0.309103 -0.614014 -0.726252
      outer loop
         vertex -0.150363 -0.41827 0.00853703
         vertex -0.149983 -0.418867 0.00910851
         vertex -0.15163 -0.419821 0.00932756
      endloop
   endfacet
   facet normal 0.655138 -0.163112 -0.737691
      outer loop
         vertex -0.144234 -0.415749 0.0106971
         vertex -0.143638 -0.417669 0.0112094
         vertex -0.14551 -0.41807 0.0102859
      endloop
   endfacet
   facet normal 0.655138 -0.163112 -0.737691
      outer loop
         vertex -0.144234 -0.415749 0.0106971
         vertex -0.143502 -0.417588 0.0112737
         vertex -0.143638 -0.417669 0.0112094
      endloop
   endfacet
   facet normal 0.364234 -0.107227 -0.925114
      outer loop
         vertex -0.14551 -0.41807 0.0102859
         vertex -0.143638 -0.417669 0.0112094
         vertex -0.144169 -0.417987 0.0109585
      endloop
   endfacet
   facet normal 0.431694 0.074993 -0.898897
      outer loop
         vertex -0.144169 -0.417987 0.0109585
         vertex -0.14484 -0.418388 0.0106415
         vertex -0.14551 -0.41807 0.0102859
      endloop
   endfacet
   facet normal 0.160514 -0.0775741 -0.98398
      outer loop
         vertex -0.146745 -0.419698 0.0101587
         vertex -0.147994 -0.420966 0.0101186
         vertex -0.148039 -0.420933 0.0101091
      endloop
   endfacet
   facet normal 0.176737 -0.403235 -0.897867
      outer loop
         vertex -0.149569 -0.419534 0.00956672
         vertex -0.146239 -0.419185 0.0101749
         vertex -0.149016 -0.420223 0.00990354
      endloop
   endfacet
   facet normal 0.107268 -0.275347 -0.955342
      outer loop
         vertex -0.149016 -0.420223 0.00990354
         vertex -0.146239 -0.419185 0.0101749
         vertex -0.146745 -0.419698 0.0101587
      endloop
   endfacet
   facet normal 0.160514 -0.0775741 -0.98398
      outer loop
         vertex -0.146745 -0.419698 0.0101587
         vertex -0.149002 -0.420233 0.00990648
         vertex -0.149016 -0.420223 0.00990354
      endloop
   endfacet
   facet normal 0.364234 -0.107227 -0.925114
      outer loop
         vertex -0.14551 -0.41807 0.0102859
         vertex -0.145421 -0.418736 0.0103669
         vertex -0.146239 -0.419185 0.0101749
      endloop
   endfacet
   facet normal 0.364234 -0.107227 -0.925114
      outer loop
         vertex -0.14551 -0.41807 0.0102859
         vertex -0.145213 -0.418612 0.0104649
         vertex -0.145421 -0.418736 0.0103669
      endloop
   endfacet
   facet normal 0.228949 -0.0892724 -0.969336
      outer loop
         vertex -0.146239 -0.419185 0.0101749
         vertex -0.149569 -0.419534 0.00956672
         vertex -0.14551 -0.41807 0.0102859
      endloop
   endfacet
   facet normal 0.176737 -0.403235 -0.897867
      outer loop
         vertex -0.149569 -0.419534 0.00956672
         vertex -0.149195 -0.420166 0.00985759
         vertex -0.149344 -0.42012 0.00981953
      endloop
   endfacet
   facet normal 0.117864 -0.318782 -0.940471
      outer loop
         vertex -0.149344 -0.42012 0.00981953
         vertex -0.150198 -0.419852 0.00960117
         vertex -0.149569 -0.419534 0.00956672
      endloop
   endfacet
   facet normal 0.245744 -0.514537 -0.8215
      outer loop
         vertex -0.149983 -0.418867 0.00910851
         vertex -0.149569 -0.419534 0.00956672
         vertex -0.150383 -0.41984 0.00956348
      endloop
   endfacet
   facet normal 0.147553 -0.446632 -0.882467
      outer loop
         vertex -0.150383 -0.41984 0.00956348
         vertex -0.150863 -0.419809 0.00946575
         vertex -0.149983 -0.418867 0.00910851
      endloop
   endfacet
   facet normal 0.151544 -0.492571 -0.856976
      outer loop
         vertex -0.150863 -0.419809 0.00946575
         vertex -0.15163 -0.419821 0.00932756
         vertex -0.149983 -0.418867 0.00910851
      endloop
   endfacet
   facet normal 0.145267 -0.427735 -0.892155
      outer loop
         vertex -0.150198 -0.419852 0.00960117
         vertex -0.150383 -0.41984 0.00956348
         vertex -0.149569 -0.419534 0.00956672
      endloop
   endfacet
   facet normal 0.107268 -0.275347 -0.955342
      outer loop
         vertex -0.149016 -0.420223 0.00990354
         vertex -0.149195 -0.420166 0.00985759
         vertex -0.149569 -0.419534 0.00956672
      endloop
   endfacet
   facet normal 0.0372284 -0.102638 -0.994022
      outer loop
         vertex -0.148039 -0.420933 0.0101091
         vertex -0.149002 -0.420233 0.00990648
         vertex -0.146745 -0.419698 0.0101587
      endloop
   endfacet
   facet normal 0.350468 0.0134997 -0.936477
      outer loop
         vertex -0.14484 -0.418388 0.0106415
         vertex -0.145213 -0.418612 0.0104649
         vertex -0.14551 -0.41807 0.0102859
      endloop
   endfacet
   facet normal 0.364234 -0.107227 -0.925114
      outer loop
         vertex -0.14551 -0.41807 0.0102859
         vertex -0.146197 -0.416704 0.00960443
         vertex -0.144234 -0.415749 0.0106971
      endloop
   endfacet
   facet normal 0.161777 -0.56563 -0.808635
      outer loop
         vertex -0.15163 -0.419821 0.00932756
         vertex -0.152621 -0.419838 0.0091494
         vertex -0.150363 -0.41827 0.00853703
      endloop
   endfacet
   facet normal 0.374195 -0.587304 -0.717671
      outer loop
         vertex -0.14931 -0.41748 0.00853893
         vertex -0.14666 -0.415494 0.00854371
         vertex -0.146197 -0.416704 0.00960443
      endloop
   endfacet
   facet normal 0.245744 -0.514537 -0.8215
      outer loop
         vertex -0.149983 -0.418867 0.00910851
         vertex -0.146197 -0.416704 0.00960443
         vertex -0.14551 -0.41807 0.0102859
      endloop
   endfacet
   facet normal 0.656303 -0.167287 -0.735718
      outer loop
         vertex -0.144238 -0.415724 0.0106815
         vertex -0.144234 -0.415749 0.0106971
         vertex -0.146197 -0.416704 0.00960443
      endloop
   endfacet
   facet normal 1 0 0
      outer loop
         vertex -0.1393 -0.427549 0.0188315
         vertex -0.139764 -0.42695 0.0160413
         vertex -0.139625 -0.421327 0.016769
      endloop
   endfacet
   facet normal 0.690014 -0.0527174 -0.721873
      outer loop
         vertex -0.14209 -0.421627 0.0126643
         vertex -0.144051 -0.42173 0.0112486
         vertex -0.142596 -0.419373 0.0122162
      endloop
   endfacet
   facet normal 0.857953 -0.0374172 -0.512364
      outer loop
         vertex -0.140578 -0.421489 0.0145499
         vertex -0.14209 -0.421627 0.0126643
         vertex -0.141369 -0.418966 0.0134115
      endloop
   endfacet
   facet normal 0.963834 -0.0194106 -0.265795
      outer loop
         vertex -0.139625 -0.421327 0.016769
         vertex -0.140578 -0.421489 0.0145499
         vertex -0.140183 -0.418964 0.0152894
      endloop
   endfacet
   facet normal 1 0 0
      outer loop
         vertex -0.1393 -0.421153 0.0191611
         vertex -0.139625 -0.421327 0.016769
         vertex -0.139523 -0.418564 0.0169143
      endloop
   endfacet
   facet normal 0.948396 0.066565 -0.310022
      outer loop
         vertex -0.139764 -0.42695 0.0160413
         vertex -0.1393 -0.427549 0.0188315
         vertex -0.139685 -0.428201 0.0159718
      endloop
   endfacet
   facet normal 1 0 0
      outer loop
         vertex -0.1393 -0.427549 0.0188315
         vertex -0.1393 -0.430479 0.0178975
         vertex -0.139685 -0.428201 0.0159718
      endloop
   endfacet
   facet normal 0.963834 -0.0194106 -0.265795
      outer loop
         vertex -0.139625 -0.421327 0.016769
         vertex -0.140532 -0.426784 0.0147733
         vertex -0.141205 -0.425658 0.0138215
      endloop
   endfacet
   facet normal 0.963834 -0.0194106 -0.265795
      outer loop
         vertex -0.139625 -0.421327 0.016769
         vertex -0.139764 -0.42695 0.0160413
         vertex -0.140532 -0.426784 0.0147733
      endloop
   endfacet
   facet normal 0.720447 0.0544307 -0.691371
      outer loop
         vertex -0.141816 -0.424636 0.0129576
         vertex -0.142737 -0.42386 0.0123013
         vertex -0.14209 -0.421627 0.0126643
      endloop
   endfacet
   facet normal 0.857953 -0.0374172 -0.512364
      outer loop
         vertex -0.140578 -0.421489 0.0145499
         vertex -0.141205 -0.425658 0.0138215
         vertex -0.141816 -0.424636 0.0129576
      endloop
   endfacet
   facet normal 0.6233 0.0246494 -0.781594
      outer loop
         vertex -0.142737 -0.42386 0.0123013
         vertex -0.144393 -0.422464 0.0111211
         vertex -0.144051 -0.42173 0.0112486
      endloop
   endfacet
   facet normal 0.472166 -0.0642044 -0.879168
      outer loop
         vertex -0.144051 -0.42173 0.0112486
         vertex -0.144393 -0.422464 0.0111211
         vertex -0.144407 -0.422452 0.0111107
      endloop
   endfacet
   facet normal 0.438831 -0.0824063 -0.894783
      outer loop
         vertex -0.144393 -0.419141 0.0108869
         vertex -0.142596 -0.419373 0.0122162
         vertex -0.144051 -0.42173 0.0112486
      endloop
   endfacet
   facet normal 0.472166 -0.0642044 -0.879168
      outer loop
         vertex -0.144051 -0.42173 0.0112486
         vertex -0.145986 -0.421765 0.0105306
         vertex -0.144393 -0.419141 0.0108869
      endloop
   endfacet
   facet normal 0.173496 -0.0997422 -0.979771
      outer loop
         vertex -0.146745 -0.419698 0.0101587
         vertex -0.14646 -0.42156 0.0103566
         vertex -0.147672 -0.421338 0.0101693
      endloop
   endfacet
   facet normal 0.0697428 -0.0863003 -0.993825
      outer loop
         vertex -0.147672 -0.421338 0.0101693
         vertex -0.147994 -0.420966 0.0101186
         vertex -0.146745 -0.419698 0.0101587
      endloop
   endfacet
   facet normal 0.438831 -0.0824063 -0.894783
      outer loop
         vertex -0.144393 -0.419141 0.0108869
         vertex -0.146238 -0.421656 0.0104382
         vertex -0.14646 -0.42156 0.0103566
      endloop
   endfacet
   facet normal 0.204443 -0.0784314 -0.975731
      outer loop
         vertex -0.14646 -0.42156 0.0103566
         vertex -0.146239 -0.419185 0.0101749
         vertex -0.144393 -0.419141 0.0108869
      endloop
   endfacet
   facet normal 0.438831 -0.0824063 -0.894783
      outer loop
         vertex -0.144393 -0.419141 0.0108869
         vertex -0.146239 -0.419185 0.0101749
         vertex -0.144814 -0.419131 0.0106591
      endloop
   endfacet
   facet normal 0.388236 -0.0842719 -0.917699
      outer loop
         vertex -0.144814 -0.419131 0.0106591
         vertex -0.144567 -0.419122 0.0107434
         vertex -0.144393 -0.419141 0.0108869
      endloop
   endfacet
   facet normal 0.438831 -0.0824063 -0.894783
      outer loop
         vertex -0.144393 -0.419141 0.0108869
         vertex -0.144364 -0.419106 0.0108861
         vertex -0.143559 -0.419043 0.0114544
      endloop
   endfacet
   facet normal 0.535695 -0.07683 -0.840909
      outer loop
         vertex -0.143559 -0.419043 0.0114544
         vertex -0.142596 -0.419373 0.0122162
         vertex -0.144393 -0.419141 0.0108869
      endloop
   endfacet
   facet normal 0.783884 -0.0569423 -0.618291
      outer loop
         vertex -0.141369 -0.418966 0.0134115
         vertex -0.142596 -0.419373 0.0122162
         vertex -0.141803 -0.418906 0.0126927
      endloop
   endfacet
   facet normal 0.786602 -0.0553542 -0.614975
      outer loop
         vertex -0.141323 -0.418825 0.0134262
         vertex -0.139972 -0.418596 0.0154914
         vertex -0.140183 -0.418964 0.0152894
      endloop
   endfacet
   facet normal 0.975172 -0.0203087 -0.220515
      outer loop
         vertex -0.139523 -0.418564 0.0169143
         vertex -0.140183 -0.418964 0.0152894
         vertex -0.139879 -0.418544 0.0159599
      endloop
   endfacet
   facet normal 0.901921 -0.0396089 -0.430081
      outer loop
         vertex -0.140183 -0.418964 0.0152894
         vertex -0.139972 -0.418596 0.0154914
         vertex -0.139879 -0.418544 0.0159599
      endloop
   endfacet
   facet normal 1 0 0
      outer loop
         vertex -0.1393 -0.418382 0.0188989
         vertex -0.139523 -0.418564 0.0169143
         vertex -0.13968 -0.418433 0.0169668
      endloop
   endfacet
   facet normal 0.975965 -0.018804 -0.217113
      outer loop
         vertex -0.13968 -0.418433 0.0169668
         vertex -0.1393 -0.418221 0.0188847
         vertex -0.1393 -0.418382 0.0188989
      endloop
   endfacet
   facet normal 0.944046 -0.0288656 -0.328549
      outer loop
         vertex -0.139879 -0.418544 0.0159599
         vertex -0.13968 -0.418433 0.0169668
         vertex -0.139523 -0.418564 0.0169143
      endloop
   endfacet
   facet normal 0.901921 -0.0396089 -0.430081
      outer loop
         vertex -0.140183 -0.418964 0.0152894
         vertex -0.141369 -0.418966 0.0134115
         vertex -0.141323 -0.418825 0.0134262
      endloop
   endfacet
   facet normal 0.721874 -0.0624203 -0.689204
      outer loop
         vertex -0.141803 -0.418906 0.0126927
         vertex -0.141323 -0.418825 0.0134262
         vertex -0.141369 -0.418966 0.0134115
      endloop
   endfacet
   facet normal 0.535695 -0.07683 -0.840909
      outer loop
         vertex -0.143559 -0.419043 0.0114544
         vertex -0.141803 -0.418906 0.0126927
         vertex -0.142596 -0.419373 0.0122162
      endloop
   endfacet
   facet normal 0.414832 -0.0831631 -0.906089
      outer loop
         vertex -0.144567 -0.419122 0.0107434
         vertex -0.144364 -0.419106 0.0108861
         vertex -0.144393 -0.419141 0.0108869
      endloop
   endfacet
   facet normal 0.173496 -0.0997422 -0.979771
      outer loop
         vertex -0.146745 -0.419698 0.0101587
         vertex -0.146239 -0.419185 0.0101749
         vertex -0.14646 -0.42156 0.0103566
      endloop
   endfacet
   facet normal 0.257804 -0.0703726 -0.963631
      outer loop
         vertex -0.145986 -0.421765 0.0105306
         vertex -0.146238 -0.421656 0.0104382
         vertex -0.144393 -0.419141 0.0108869
      endloop
   endfacet
   facet normal 0.432519 -0.0414962 -0.900669
      outer loop
         vertex -0.144407 -0.422452 0.0111107
         vertex -0.145986 -0.421765 0.0105306
         vertex -0.144051 -0.42173 0.0112486
      endloop
   endfacet
   facet normal 0.472166 -0.0642044 -0.879168
      outer loop
         vertex -0.144051 -0.42173 0.0112486
         vertex -0.14209 -0.421627 0.0126643
         vertex -0.142737 -0.42386 0.0123013
      endloop
   endfacet
   facet normal 0.690014 -0.0527174 -0.721873
      outer loop
         vertex -0.14209 -0.421627 0.0126643
         vertex -0.140578 -0.421489 0.0145499
         vertex -0.141816 -0.424636 0.0129576
      endloop
   endfacet
   facet normal 0.807512 0.0827214 -0.584022
      outer loop
         vertex -0.141205 -0.425658 0.0138215
         vertex -0.140578 -0.421489 0.0145499
         vertex -0.139625 -0.421327 0.016769
      endloop
   endfacet
   facet normal 0.886282 0.0972262 -0.452825
      outer loop
         vertex -0.140532 -0.426784 0.0147733
         vertex -0.139764 -0.42695 0.0160413
         vertex -0.139842 -0.427938 0.0157489
      endloop
   endfacet
   facet normal 0.957261 0.0863991 -0.276019
      outer loop
         vertex -0.139685 -0.428201 0.0159718
         vertex -0.139842 -0.427938 0.0157489
         vertex -0.139764 -0.42695 0.0160413
      endloop
   endfacet
   facet normal 0.975172 -0.0203087 -0.220515
      outer loop
         vertex -0.139523 -0.418564 0.0169143
         vertex -0.1393 -0.418382 0.0188989
         vertex -0.1393 -0.421153 0.0191611
      endloop
   endfacet
   facet normal 0.901921 -0.0396089 -0.430081
      outer loop
         vertex -0.140183 -0.418964 0.0152894
         vertex -0.139523 -0.418564 0.0169143
         vertex -0.139625 -0.421327 0.016769
      endloop
   endfacet
   facet normal 0.783884 -0.0569423 -0.618291
      outer loop
         vertex -0.141369 -0.418966 0.0134115
         vertex -0.140183 -0.418964 0.0152894
         vertex -0.140578 -0.421489 0.0145499
      endloop
   endfacet
   facet normal 0.626923 -0.0714482 -0.775798
      outer loop
         vertex -0.142596 -0.419373 0.0122162
         vertex -0.141369 -0.418966 0.0134115
         vertex -0.14209 -0.421627 0.0126643
      endloop
   endfacet
   facet normal 0.963834 -0.0194106 -0.265795
      outer loop
         vertex -0.139625 -0.421327 0.016769
         vertex -0.1393 -0.421153 0.0191611
         vertex -0.1393 -0.427549 0.0188315
      endloop
   endfacet
   facet normal 1.63305e-15 -0.645632 -0.763649
      outer loop
         vertex -0.146863 -0.446408 0.0313645
         vertex -0.139842 -0.427938 0.0157489
         vertex -0.139685 -0.428201 0.0159718
      endloop
   endfacet
   facet normal 1.63305e-15 -0.645632 -0.763649
      outer loop
         vertex -0.146863 -0.423588 0.0120712
         vertex -0.147167 -0.422161 0.0108647
         vertex -0.145986 -0.421765 0.0105306
      endloop
   endfacet
   facet normal 1.63305e-15 -0.645632 -0.763649
      outer loop
         vertex -0.139685 -0.428201 0.0159718
         vertex -0.1393 -0.430479 0.0178975
         vertex -0.146863 -0.446408 0.0313645
      endloop
   endfacet
   facet normal 1.63305e-15 -0.645632 -0.763649
      outer loop
         vertex -0.146863 -0.423588 0.0120712
         vertex -0.141205 -0.425658 0.0138215
         vertex -0.140532 -0.426784 0.0147733
      endloop
   endfacet
   facet normal 1.63305e-15 -0.645632 -0.763649
      outer loop
         vertex -0.146863 -0.423588 0.0120712
         vertex -0.142737 -0.42386 0.0123013
         vertex -0.141816 -0.424636 0.0129576
      endloop
   endfacet
   facet normal 1.63305e-15 -0.645632 -0.763649
      outer loop
         vertex -0.145986 -0.421765 0.0105306
         vertex -0.144407 -0.422452 0.0111107
         vertex -0.146863 -0.423588 0.0120712
      endloop
   endfacet
   facet normal 1.63305e-15 -0.645632 -0.763649
      outer loop
         vertex -0.146863 -0.446408 0.0313645
         vertex -0.140532 -0.426784 0.0147733
         vertex -0.139842 -0.427938 0.0157489
      endloop
   endfacet
   facet normal 1.63305e-15 -0.645632 -0.763649
      outer loop
         vertex -0.141816 -0.424636 0.0129576
         vertex -0.141205 -0.425658 0.0138215
         vertex -0.146863 -0.423588 0.0120712
      endloop
   endfacet
   facet normal 1.63305e-15 -0.645632 -0.763649
      outer loop
         vertex -0.147167 -0.422161 0.0108647
         vertex -0.147672 -0.421338 0.0101693
         vertex -0.14646 -0.42156 0.0103566
      endloop
   endfacet
   facet normal 1.63305e-15 -0.645632 -0.763649
      outer loop
         vertex -0.144407 -0.422452 0.0111107
         vertex -0.144393 -0.422464 0.0111211
         vertex -0.146863 -0.423588 0.0120712
      endloop
   endfacet
   facet normal 1.63305e-15 -0.645632 -0.763649
      outer loop
         vertex -0.140532 -0.426784 0.0147733
         vertex -0.146863 -0.446408 0.0313645
         vertex -0.146863 -0.423588 0.0120712
      endloop
   endfacet
   facet normal 1.63305e-15 -0.645632 -0.763649
      outer loop
         vertex -0.14646 -0.42156 0.0103566
         vertex -0.146238 -0.421656 0.0104382
         vertex -0.147167 -0.422161 0.0108647
      endloop
   endfacet
   facet normal 1.63305e-15 -0.645632 -0.763649
      outer loop
         vertex -0.1393 -0.430479 0.0178975
         vertex -0.1393 -0.446408 0.0313645
         vertex -0.146863 -0.446408 0.0313645
      endloop
   endfacet
   facet normal 1.63305e-15 -0.645632 -0.763649
      outer loop
         vertex -0.144393 -0.422464 0.0111211
         vertex -0.142737 -0.42386 0.0123013
         vertex -0.146863 -0.423588 0.0120712
      endloop
   endfacet
   facet normal 1.63305e-15 -0.645632 -0.763649
      outer loop
         vertex -0.146238 -0.421656 0.0104382
         vertex -0.145986 -0.421765 0.0105306
         vertex -0.147167 -0.422161 0.0108647
      endloop
   endfacet
   facet normal 1.63305e-15 -0.645632 -0.763649
      outer loop
         vertex -0.146863 -0.446408 0.0313645
         vertex -0.1393 -0.446408 0.0313645
         vertex -0.1393 -0.450043 0.035921
      endloop
   endfacet
   facet normal 2.1971e-15 -0.887979 -0.459884
      outer loop
         vertex -0.146863 -0.450043 0.035921
         vertex -0.1393 -0.450043 0.035921
         vertex -0.1393 -0.451667 0.0415192
      endloop
   endfacet
   facet normal 2.42649e-15 -0.996237 -0.0866732
      outer loop
         vertex -0.146863 -0.451667 0.0415192
         vertex -0.1393 -0.451667 0.0415192
         vertex -0.1393 -0.451034 0.0473137
      endloop
   endfacet
   facet normal -7.31475e-15 -0.954057 0.299625
      outer loop
         vertex -0.1393 -0.451034 0.0473137
         vertex -0.146863 -0.451034 0.0473137
         vertex -0.146863 -0.451667 0.0415192
      endloop
   endfacet
   facet normal 2.42649e-15 -0.996237 -0.0866732
      outer loop
         vertex -0.1393 -0.451667 0.0415192
         vertex -0.146863 -0.451667 0.0415192
         vertex -0.146863 -0.450043 0.035921
      endloop
   endfacet
   facet normal 2.1971e-15 -0.887979 -0.459884
      outer loop
         vertex -0.1393 -0.450043 0.035921
         vertex -0.146863 -0.450043 0.035921
         vertex -0.146863 -0.446408 0.0313645
      endloop
   endfacet
   facet normal -7.31475e-15 -0.954057 0.299625
      outer loop
         vertex -0.146863 -0.451034 0.0473137
         vertex -0.1393 -0.451034 0.0473137
         vertex -0.1393 -0.450272 0.0486977
      endloop
   endfacet
   facet normal -3.42608e-14 -0.763649 0.645632
      outer loop
         vertex -0.1393 -0.450272 0.0486977
         vertex -0.146863 -0.450272 0.0486977
         vertex -0.146863 -0.451034 0.0473137
      endloop
   endfacet
   facet normal -3.42608e-14 -0.763649 0.645632
      outer loop
         vertex -0.146863 -0.450272 0.0486977
         vertex -0.1393 -0.450272 0.0486977
         vertex -0.1393 -0.444773 0.0552021
      endloop
   endfacet
   facet normal -3.42608e-14 -0.763649 0.645632
      outer loop
         vertex -0.1393 -0.444773 0.0552021
         vertex -0.146863 -0.444773 0.0552021
         vertex -0.146863 -0.450272 0.0486977
      endloop
   endfacet
   facet normal -1 -2.42786e-15 -8.96099e-17
      outer loop
         vertex -0.146863 -0.423588 0.0120712
         vertex -0.146863 -0.429798 0.0362792
         vertex -0.146863 -0.427823 0.0394271
      endloop
   endfacet
   facet normal -1 -2.42786e-15 -8.96099e-17
      outer loop
         vertex -0.146863 -0.451034 0.0473137
         vertex -0.146863 -0.445624 0.0462115
         vertex -0.146863 -0.446248 0.0428193
      endloop
   endfacet
   facet normal -1 -2.42786e-15 -8.96099e-17
      outer loop
         vertex -0.146863 -0.423588 0.0120712
         vertex -0.146863 -0.432828 0.034127
         vertex -0.146863 -0.429798 0.0362792
      endloop
   endfacet
   facet normal -1 -2.42786e-15 -8.96099e-17
      outer loop
         vertex -0.146863 -0.450043 0.035921
         vertex -0.146863 -0.445415 0.0389243
         vertex -0.146863 -0.443263 0.0358944
      endloop
   endfacet
   facet normal -1 -2.42786e-15 -8.96099e-17
      outer loop
         vertex -0.146863 -0.446248 0.0428193
         vertex -0.146863 -0.451667 0.0415192
         vertex -0.146863 -0.451034 0.0473137
      endloop
   endfacet
   facet normal -1 -2.42786e-15 -8.96099e-17
      outer loop
         vertex -0.146863 -0.450272 0.0486977
         vertex -0.146863 -0.444773 0.0552021
         vertex -0.146863 -0.443648 0.0493593
      endloop
   endfacet
   facet normal -1 -2.42786e-15 -8.96099e-17
      outer loop
         vertex -0.146863 -0.427823 0.0394271
         vertex -0.146863 -0.420689 0.0438407
         vertex -0.146863 -0.423588 0.0120712
      endloop
   endfacet
   facet normal -1 -2.42786e-15 -8.96099e-17
      outer loop
         vertex -0.146863 -0.423588 0.0120712
         vertex -0.146863 -0.446408 0.0313645
         vertex -0.146863 -0.440115 0.0339188
      endloop
   endfacet
   facet normal -1 -2.42786e-15 -8.96099e-17
      outer loop
         vertex -0.146863 -0.443263 0.0358944
         vertex -0.146863 -0.446408 0.0313645
         vertex -0.146863 -0.450043 0.035921
      endloop
   endfacet
   facet normal -1 -2.42786e-15 -8.96099e-17
      outer loop
         vertex -0.146863 -0.443648 0.0493593
         vertex -0.146863 -0.445624 0.0462115
         vertex -0.146863 -0.450272 0.0486977
      endloop
   endfacet
   facet normal -1 -2.42786e-15 -8.96099e-17
      outer loop
         vertex -0.146863 -0.440618 0.0515115
         vertex -0.146863 -0.443648 0.0493593
         vertex -0.146863 -0.444773 0.0552021
      endloop
   endfacet
   facet normal -1 -2.42786e-15 -8.96099e-17
      outer loop
         vertex -0.146863 -0.437927 0.0577709
         vertex -0.146863 -0.436995 0.0523404
         vertex -0.146863 -0.440618 0.0515115
      endloop
   endfacet
   facet normal -1 -2.42786e-15 -8.96099e-17
      outer loop
         vertex -0.146863 -0.432136 0.0571008
         vertex -0.146863 -0.433331 0.0517198
         vertex -0.146863 -0.436995 0.0523404
      endloop
   endfacet
   facet normal -1 -2.42786e-15 -8.96099e-17
      outer loop
         vertex -0.146863 -0.428031 0.0467142
         vertex -0.146863 -0.420197 0.0455917
         vertex -0.146863 -0.420689 0.0438407
      endloop
   endfacet
   facet normal -1 -2.42786e-15 -8.96099e-17
      outer loop
         vertex -0.146863 -0.428031 0.0467142
         vertex -0.146863 -0.418805 0.047313
         vertex -0.146863 -0.419111 0.0470508
      endloop
   endfacet
   facet normal -1 -2.42786e-15 -8.96099e-17
      outer loop
         vertex -0.146863 -0.423588 0.0120712
         vertex -0.146863 -0.436451 0.0332982
         vertex -0.146863 -0.432828 0.034127
      endloop
   endfacet
   facet normal -1 -2.42786e-15 -8.96099e-17
      outer loop
         vertex -0.146863 -0.443263 0.0358944
         vertex -0.146863 -0.440115 0.0339188
         vertex -0.146863 -0.446408 0.0313645
      endloop
   endfacet
   facet normal -1 -2.42786e-15 -8.96099e-17
      outer loop
         vertex -0.146863 -0.451667 0.0415192
         vertex -0.146863 -0.446244 0.0425472
         vertex -0.146863 -0.445415 0.0389243
      endloop
   endfacet
   facet normal -1 -2.42786e-15 -8.96099e-17
      outer loop
         vertex -0.146863 -0.444773 0.0552021
         vertex -0.146863 -0.443535 0.0561833
         vertex -0.146863 -0.440618 0.0515115
      endloop
   endfacet
   facet normal -1 -2.42786e-15 -8.96099e-17
      outer loop
         vertex -0.146863 -0.436995 0.0523404
         vertex -0.146863 -0.437927 0.0577709
         vertex -0.146863 -0.432136 0.0571008
      endloop
   endfacet
   facet normal -1 -2.42786e-15 -8.96099e-17
      outer loop
         vertex -0.146863 -0.427039 0.054274
         vertex -0.146863 -0.418805 0.047313
         vertex -0.146863 -0.428031 0.0467142
      endloop
   endfacet
   facet normal -1 -2.42786e-15 -8.96099e-17
      outer loop
         vertex -0.146863 -0.419111 0.0470508
         vertex -0.146863 -0.420197 0.0455917
         vertex -0.146863 -0.428031 0.0467142
      endloop
   endfacet
   facet normal -1 -2.42786e-15 -8.96099e-17
      outer loop
         vertex -0.146863 -0.440115 0.0339188
         vertex -0.146863 -0.436451 0.0332982
         vertex -0.146863 -0.423588 0.0120712
      endloop
   endfacet
   facet normal -1 -2.42786e-15 -8.96099e-17
      outer loop
         vertex -0.146863 -0.451667 0.0415192
         vertex -0.146863 -0.446248 0.0428193
         vertex -0.146863 -0.446244 0.0425472
      endloop
   endfacet
   facet normal -1 -2.42786e-15 -8.96099e-17
      outer loop
         vertex -0.146863 -0.440618 0.0515115
         vertex -0.146863 -0.443535 0.0561833
         vertex -0.146863 -0.437927 0.0577709
      endloop
   endfacet
   facet normal -1 -2.42786e-15 -8.96099e-17
      outer loop
         vertex -0.146863 -0.427039 0.054274
         vertex -0.146863 -0.430183 0.0497441
         vertex -0.146863 -0.433331 0.0517198
      endloop
   endfacet
   facet normal -1 -2.42786e-15 -8.96099e-17
      outer loop
         vertex -0.146863 -0.420689 0.0438407
         vertex -0.146863 -0.427202 0.0430914
         vertex -0.146863 -0.428031 0.0467142
      endloop
   endfacet
   facet normal -1 -2.42786e-15 -8.96099e-17
      outer loop
         vertex -0.146863 -0.445415 0.0389243
         vertex -0.146863 -0.450043 0.035921
         vertex -0.146863 -0.451667 0.0415192
      endloop
   endfacet
   facet normal -1 -2.42786e-15 -8.96099e-17
      outer loop
         vertex -0.146863 -0.433331 0.0517198
         vertex -0.146863 -0.432136 0.0571008
         vertex -0.146863 -0.427039 0.054274
      endloop
   endfacet
   facet normal -1 -2.42786e-15 -8.96099e-17
      outer loop
         vertex -0.146863 -0.427823 0.0394271
         vertex -0.146863 -0.427202 0.0430914
         vertex -0.146863 -0.420689 0.0438407
      endloop
   endfacet
   facet normal -1 -2.42786e-15 -8.96099e-17
      outer loop
         vertex -0.146863 -0.428031 0.0467142
         vertex -0.146863 -0.430183 0.0497441
         vertex -0.146863 -0.427039 0.054274
      endloop
   endfacet
   facet normal -1 -2.42786e-15 -8.96099e-17
      outer loop
         vertex -0.146863 -0.451034 0.0473137
         vertex -0.146863 -0.450272 0.0486977
         vertex -0.146863 -0.445624 0.0462115
      endloop
   endfacet
   facet normal 1.56125e-14 -0.454131 0.890935
      outer loop
         vertex -0.146863 -0.443535 0.0561833
         vertex -0.1393 -0.443535 0.0561833
         vertex -0.1393 -0.437927 0.0577709
      endloop
   endfacet
   facet normal 1.05461e-16 -0.080228 0.996777
      outer loop
         vertex -0.146863 -0.437927 0.0577709
         vertex -0.1393 -0.437927 0.0577709
         vertex -0.1393 -0.432136 0.0571008
      endloop
   endfacet
   facet normal -8.27731e-16 0.30579 0.952099
      outer loop
         vertex -0.146863 -0.432136 0.0571008
         vertex -0.1393 -0.432136 0.0571008
         vertex -0.1393 -0.427039 0.054274
      endloop
   endfacet
   facet normal -1.12179e-14 0.645632 0.763649
      outer loop
         vertex -0.1393 -0.427039 0.054274
         vertex -0.146863 -0.427039 0.054274
         vertex -0.146863 -0.432136 0.0571008
      endloop
   endfacet
   facet normal -8.27731e-16 0.30579 0.952099
      outer loop
         vertex -0.1393 -0.432136 0.0571008
         vertex -0.146863 -0.432136 0.0571008
         vertex -0.146863 -0.437927 0.0577709
      endloop
   endfacet
   facet normal 1.05461e-16 -0.080228 0.996777
      outer loop
         vertex -0.1393 -0.437927 0.0577709
         vertex -0.146863 -0.437927 0.0577709
         vertex -0.146863 -0.443535 0.0561833
      endloop
   endfacet
   facet normal 5.65954e-14 -0.763649 0.645632
      outer loop
         vertex -0.146863 -0.444773 0.0552021
         vertex -0.1393 -0.444773 0.0552021
         vertex -0.1393 -0.443535 0.0561833
      endloop
   endfacet
   facet normal -3.50197e-14 -0.454131 0.890935
      outer loop
         vertex -0.1393 -0.443535 0.0561833
         vertex -0.146863 -0.443535 0.0561833
         vertex -0.146863 -0.444773 0.0552021
      endloop
   endfacet
   facet normal 0.787709 0.100186 -0.607846
      outer loop
         vertex -0.141269 -0.417764 0.0133894
         vertex -0.140538 -0.417865 0.0146116
         vertex -0.140798 -0.4184 0.0139002
      endloop
   endfacet
   facet normal 0.744566 -0.0574823 -0.665069
      outer loop
         vertex -0.141603 -0.418426 0.0128555
         vertex -0.142134 -0.418082 0.0122962
         vertex -0.141783 -0.41771 0.0127441
      endloop
   endfacet
   facet normal 0.727284 0.113369 -0.676909
      outer loop
         vertex -0.141783 -0.41771 0.0127441
         vertex -0.141523 -0.417728 0.0129665
         vertex -0.141603 -0.418426 0.0128555
      endloop
   endfacet
   facet normal 0.753035 0.10825 -0.649014
      outer loop
         vertex -0.141523 -0.417728 0.0129665
         vertex -0.141269 -0.417764 0.0133894
         vertex -0.141603 -0.418426 0.0128555
      endloop
   endfacet
   facet normal 0.744566 -0.0574823 -0.665069
      outer loop
         vertex -0.141603 -0.418426 0.0128555
         vertex -0.142554 -0.41843 0.011937
         vertex -0.142134 -0.418082 0.0122962
      endloop
   endfacet
   facet normal 0.95763 -0.023212 -0.287065
      outer loop
         vertex -0.139832 -0.418299 0.016318
         vertex -0.1393 -0.418221 0.0188847
         vertex -0.13968 -0.418433 0.0169668
      endloop
   endfacet
   facet normal 0.430975 0.0752534 -0.899221
      outer loop
         vertex -0.144169 -0.417987 0.0109585
         vertex -0.142134 -0.418082 0.0122962
         vertex -0.142554 -0.41843 0.011937
      endloop
   endfacet
   facet normal 0.639267 -0.0647796 -0.766252
      outer loop
         vertex -0.142554 -0.41843 0.011937
         vertex -0.143627 -0.418407 0.0111638
         vertex -0.144169 -0.417987 0.0109585
      endloop
   endfacet
   facet normal 0.687444 0.00942158 -0.726176
      outer loop
         vertex -0.142134 -0.418082 0.0122962
         vertex -0.143638 -0.417669 0.0112094
         vertex -0.143502 -0.417588 0.0112737
      endloop
   endfacet
   facet normal 0.687444 0.00942158 -0.726176
      outer loop
         vertex -0.142134 -0.418082 0.0122962
         vertex -0.144169 -0.417987 0.0109585
         vertex -0.143638 -0.417669 0.0112094
      endloop
   endfacet
   facet normal 0.833971 -0.0482353 -0.549696
      outer loop
         vertex -0.140798 -0.4184 0.0139002
         vertex -0.140538 -0.417865 0.0146116
         vertex -0.139879 -0.417957 0.0157112
      endloop
   endfacet
   facet normal 0.935679 0.0555906 -0.348447
      outer loop
         vertex -0.139879 -0.417957 0.0157112
         vertex -0.139832 -0.418299 0.016318
         vertex -0.140798 -0.4184 0.0139002
      endloop
   endfacet
   facet normal 0.935679 0.0555906 -0.348447
      outer loop
         vertex -0.139879 -0.417957 0.0157112
         vertex -0.139824 -0.417982 0.016013
         vertex -0.139832 -0.418299 0.016318
      endloop
   endfacet
   facet normal 0.833971 -0.0482353 -0.549696
      outer loop
         vertex -0.140798 -0.4184 0.0139002
         vertex -0.139832 -0.418299 0.016318
         vertex -0.139972 -0.418596 0.0154914
      endloop
   endfacet
   facet normal 0.95763 -0.023212 -0.287065
      outer loop
         vertex -0.139832 -0.418299 0.016318
         vertex -0.139879 -0.418544 0.0159599
         vertex -0.139972 -0.418596 0.0154914
      endloop
   endfacet
   facet normal 0.925303 -0.0333579 -0.377757
      outer loop
         vertex -0.139972 -0.418596 0.0154914
         vertex -0.141323 -0.418825 0.0134262
         vertex -0.140798 -0.4184 0.0139002
      endloop
   endfacet
   facet normal 0.521571 -0.0706949 -0.850274
      outer loop
         vertex -0.143627 -0.418407 0.0111638
         vertex -0.144364 -0.419106 0.0108861
         vertex -0.144567 -0.419122 0.0107434
      endloop
   endfacet
   facet normal 0.521571 -0.0706949 -0.850274
      outer loop
         vertex -0.143627 -0.418407 0.0111638
         vertex -0.142554 -0.41843 0.011937
         vertex -0.143559 -0.419043 0.0114544
      endloop
   endfacet
   facet normal 0.536422 -0.0768487 -0.840444
      outer loop
         vertex -0.143559 -0.419043 0.0114544
         vertex -0.144364 -0.419106 0.0108861
         vertex -0.143627 -0.418407 0.0111638
      endloop
   endfacet
   facet normal 0.721883 -0.0624478 -0.689192
      outer loop
         vertex -0.141803 -0.418906 0.0126927
         vertex -0.143559 -0.419043 0.0114544
         vertex -0.142554 -0.41843 0.011937
      endloop
   endfacet
   facet normal 0.38808 -0.0842885 -0.917763
      outer loop
         vertex -0.144814 -0.419131 0.0106591
         vertex -0.145213 -0.418612 0.0104649
         vertex -0.14484 -0.418388 0.0106415
      endloop
   endfacet
   facet normal 0.38808 -0.0842885 -0.917763
      outer loop
         vertex -0.144814 -0.419131 0.0106591
         vertex -0.146239 -0.419185 0.0101749
         vertex -0.145421 -0.418736 0.0103669
      endloop
   endfacet
   facet normal 0.292814 -0.0335599 -0.95558
      outer loop
         vertex -0.145421 -0.418736 0.0103669
         vertex -0.145213 -0.418612 0.0104649
         vertex -0.144814 -0.419131 0.0106591
      endloop
   endfacet
   facet normal 0.350691 0.0141944 -0.936384
      outer loop
         vertex -0.14484 -0.418388 0.0106415
         vertex -0.143627 -0.418407 0.0111638
         vertex -0.144814 -0.419131 0.0106591
      endloop
   endfacet
   facet normal 0.639267 -0.0647796 -0.766252
      outer loop
         vertex -0.142554 -0.41843 0.011937
         vertex -0.141603 -0.418426 0.0128555
         vertex -0.141803 -0.418906 0.0126927
      endloop
   endfacet
   facet normal 0.414823 -0.0831421 -0.906096
      outer loop
         vertex -0.144567 -0.419122 0.0107434
         vertex -0.144814 -0.419131 0.0106591
         vertex -0.143627 -0.418407 0.0111638
      endloop
   endfacet
   facet normal 0.785839 -0.0559263 -0.615897
      outer loop
         vertex -0.141323 -0.418825 0.0134262
         vertex -0.141803 -0.418906 0.0126927
         vertex -0.140798 -0.4184 0.0139002
      endloop
   endfacet
   facet normal 0.94702 0.0503725 -0.317201
      outer loop
         vertex -0.139824 -0.417982 0.016013
         vertex -0.139705 -0.418036 0.0166671
         vertex -0.139832 -0.418299 0.016318
      endloop
   endfacet
   facet normal 0.533129 0.143424 -0.833788
      outer loop
         vertex -0.143502 -0.417588 0.0112737
         vertex -0.141783 -0.41771 0.0127441
         vertex -0.142134 -0.418082 0.0122962
      endloop
   endfacet
   facet normal 0.521571 -0.0706949 -0.850274
      outer loop
         vertex -0.143627 -0.418407 0.0111638
         vertex -0.14484 -0.418388 0.0106415
         vertex -0.144169 -0.417987 0.0109585
      endloop
   endfacet
   facet normal 0.975886 -0.019194 -0.217433
      outer loop
         vertex -0.13968 -0.418433 0.0169668
         vertex -0.139879 -0.418544 0.0159599
         vertex -0.139832 -0.418299 0.016318
      endloop
   endfacet
   facet normal 0.744566 -0.0574823 -0.665069
      outer loop
         vertex -0.141603 -0.418426 0.0128555
         vertex -0.140798 -0.4184 0.0139002
         vertex -0.141803 -0.418906 0.0126927
      endloop
   endfacet
   facet normal 0.968488 0.0387823 -0.246023
      outer loop
         vertex -0.139705 -0.418036 0.0166671
         vertex -0.1393 -0.418221 0.0188847
         vertex -0.139832 -0.418299 0.016318
      endloop
   endfacet
   facet normal 0.833971 -0.0482353 -0.549696
      outer loop
         vertex -0.140798 -0.4184 0.0139002
         vertex -0.141603 -0.418426 0.0128555
         vertex -0.141269 -0.417764 0.0133894
      endloop
   endfacet
   facet normal 0.707102 -0.456534 -0.539985
      outer loop
         vertex -0.144397 -0.413889 0.00962839
         vertex -0.143786 -0.413474 0.0101183
         vertex -0.143533 -0.415137 0.0112292
      endloop
   endfacet
   facet normal 0.656303 -0.167287 -0.735718
      outer loop
         vertex -0.144238 -0.415724 0.0106815
         vertex -0.144502 -0.41396 0.00954377
         vertex -0.144397 -0.413889 0.00962839
      endloop
   endfacet
   facet normal 0.705454 -0.151767 -0.692316
      outer loop
         vertex -0.143533 -0.415137 0.0112292
         vertex -0.144238 -0.415724 0.0106815
         vertex -0.144397 -0.413889 0.00962839
      endloop
   endfacet
   facet normal 0.655138 -0.163112 -0.737691
      outer loop
         vertex -0.144234 -0.415749 0.0106971
         vertex -0.143497 -0.415225 0.0112629
         vertex -0.1429 -0.416716 0.0118285
      endloop
   endfacet
   facet normal 0.6 0.111466 -0.792197
      outer loop
         vertex -0.1429 -0.416716 0.0118285
         vertex -0.143502 -0.417588 0.0112737
         vertex -0.144234 -0.415749 0.0106971
      endloop
   endfacet
   facet normal 0.655138 -0.163112 -0.737691
      outer loop
         vertex -0.144234 -0.415749 0.0106971
         vertex -0.144238 -0.415724 0.0106815
         vertex -0.143497 -0.415225 0.0112629
      endloop
   endfacet
   facet normal 0.705454 -0.151767 -0.692316
      outer loop
         vertex -0.143533 -0.415137 0.0112292
         vertex -0.143497 -0.415225 0.0112629
         vertex -0.144238 -0.415724 0.0106815
      endloop
   endfacet
   facet normal 0.76822 0.0904786 -0.633759
      outer loop
         vertex -0.141506 -0.417006 0.013341
         vertex -0.141094 -0.417099 0.0138229
         vertex -0.141269 -0.417764 0.0133894
      endloop
   endfacet
   facet normal 0.727626 0.113244 -0.676562
      outer loop
         vertex -0.141783 -0.41771 0.0127441
         vertex -0.143502 -0.417588 0.0112737
         vertex -0.142601 -0.41676 0.012059
      endloop
   endfacet
   facet normal 0.533129 0.143424 -0.833788
      outer loop
         vertex -0.143502 -0.417588 0.0112737
         vertex -0.1429 -0.416716 0.0118285
         vertex -0.142601 -0.41676 0.012059
      endloop
   endfacet
   facet normal 0.76822 0.0904786 -0.633759
      outer loop
         vertex -0.141506 -0.417006 0.013341
         vertex -0.141523 -0.417728 0.0129665
         vertex -0.141783 -0.41771 0.0127441
      endloop
   endfacet
   facet normal 0.63324 0.108079 -0.766372
      outer loop
         vertex -0.142601 -0.41676 0.012059
         vertex -0.141506 -0.417006 0.013341
         vertex -0.141783 -0.41771 0.0127441
      endloop
   endfacet
   facet normal 0.875885 0.0773149 -0.476286
      outer loop
         vertex -0.140538 -0.417865 0.0146116
         vertex -0.141269 -0.417764 0.0133894
         vertex -0.141094 -0.417099 0.0138229
      endloop
   endfacet
   facet normal 0.931264 0.0525425 -0.360535
      outer loop
         vertex -0.139919 -0.417456 0.0156835
         vertex -0.139823 -0.417552 0.0161833
         vertex -0.139824 -0.417982 0.016013
      endloop
   endfacet
   facet normal 0.93566 0.0556542 -0.348488
      outer loop
         vertex -0.139879 -0.417957 0.0157112
         vertex -0.140538 -0.417865 0.0146116
         vertex -0.140266 -0.417317 0.0149617
      endloop
   endfacet
   facet normal 0.894581 0.0640655 -0.442291
      outer loop
         vertex -0.140266 -0.417317 0.0149617
         vertex -0.139919 -0.417456 0.0156835
         vertex -0.139879 -0.417957 0.0157112
      endloop
   endfacet
   facet normal 0.875885 0.0773149 -0.476286
      outer loop
         vertex -0.140538 -0.417865 0.0146116
         vertex -0.140454 -0.417243 0.0145733
         vertex -0.140266 -0.417317 0.0149617
      endloop
   endfacet
   facet normal 0.947303 0.0503253 -0.31636
      outer loop
         vertex -0.139824 -0.417982 0.016013
         vertex -0.139879 -0.417957 0.0157112
         vertex -0.139919 -0.417456 0.0156835
      endloop
   endfacet
   facet normal 0.950887 0.0448098 -0.306278
      outer loop
         vertex -0.139823 -0.417552 0.0161833
         vertex -0.139684 -0.41769 0.0169057
         vertex -0.139705 -0.418036 0.0166671
      endloop
   endfacet
   facet normal 1 0 0
      outer loop
         vertex -0.1393 -0.418221 0.0188847
         vertex -0.139705 -0.418036 0.0166671
         vertex -0.139684 -0.41769 0.0169057
      endloop
   endfacet
   facet normal 0.973203 0.0334841 -0.227497
      outer loop
         vertex -0.139684 -0.41769 0.0169057
         vertex -0.1393 -0.418074 0.0189068
         vertex -0.1393 -0.418221 0.0188847
      endloop
   endfacet
   facet normal 0.968238 0.0389223 -0.246981
      outer loop
         vertex -0.139705 -0.418036 0.0166671
         vertex -0.139824 -0.417982 0.016013
         vertex -0.139823 -0.417552 0.0161833
      endloop
   endfacet
   facet normal 0.811766 0.0828713 -0.578073
      outer loop
         vertex -0.141094 -0.417099 0.0138229
         vertex -0.140454 -0.417243 0.0145733
         vertex -0.140538 -0.417865 0.0146116
      endloop
   endfacet
   facet normal 0.788335 0.100538 -0.606976
      outer loop
         vertex -0.141269 -0.417764 0.0133894
         vertex -0.141523 -0.417728 0.0129665
         vertex -0.141506 -0.417006 0.013341
      endloop
   endfacet
   facet normal 0.87183 0.0699588 -0.484788
      outer loop
         vertex -0.140454 -0.417243 0.0145733
         vertex -0.141094 -0.417099 0.0138229
         vertex -0.140852 -0.416561 0.0140819
      endloop
   endfacet
   facet normal 0.875548 0.19513 -0.441974
      outer loop
         vertex -0.140531 -0.416156 0.0150635
         vertex -0.139834 -0.416721 0.0161955
         vertex -0.140266 -0.417317 0.0149617
      endloop
   endfacet
   facet normal 0.894602 0.0640549 -0.442249
      outer loop
         vertex -0.140266 -0.417317 0.0149617
         vertex -0.140454 -0.417243 0.0145733
         vertex -0.140531 -0.416156 0.0150635
      endloop
   endfacet
   facet normal 0.827177 0.179265 -0.532581
      outer loop
         vertex -0.140852 -0.416561 0.0140819
         vertex -0.140531 -0.416156 0.0150635
         vertex -0.140454 -0.417243 0.0145733
      endloop
   endfacet
   facet normal 0.941753 0.133782 -0.308552
      outer loop
         vertex -0.139834 -0.416721 0.0161955
         vertex -0.139803 -0.416746 0.0162457
         vertex -0.140266 -0.417317 0.0149617
      endloop
   endfacet
   facet normal 0.768192 0.0904022 -0.633805
      outer loop
         vertex -0.141506 -0.417006 0.013341
         vertex -0.142601 -0.41676 0.012059
         vertex -0.142638 -0.416532 0.0121564
      endloop
   endfacet
   facet normal 0.713593 0.202228 -0.670738
      outer loop
         vertex -0.14208 -0.416141 0.0128546
         vertex -0.140852 -0.416561 0.0140819
         vertex -0.141506 -0.417006 0.013341
      endloop
   endfacet
   facet normal 0.633022 0.108543 -0.766487
      outer loop
         vertex -0.142601 -0.41676 0.012059
         vertex -0.1429 -0.416716 0.0118285
         vertex -0.142638 -0.416532 0.0121564
      endloop
   endfacet
   facet normal 0.827177 0.179265 -0.532581
      outer loop
         vertex -0.140852 -0.416561 0.0140819
         vertex -0.141551 -0.415771 0.0135165
         vertex -0.14126 -0.415567 0.0138815
      endloop
   endfacet
   facet normal 0.827177 0.179265 -0.532581
      outer loop
         vertex -0.140852 -0.416561 0.0140819
         vertex -0.14208 -0.416141 0.0128546
         vertex -0.141551 -0.415771 0.0135165
      endloop
   endfacet
   facet normal 0.944084 0.131057 -0.302538
      outer loop
         vertex -0.139803 -0.416746 0.0162457
         vertex -0.139823 -0.417552 0.0161833
         vertex -0.139919 -0.417456 0.0156835
      endloop
   endfacet
   facet normal 0.944084 0.131057 -0.302538
      outer loop
         vertex -0.139803 -0.416746 0.0162457
         vertex -0.139552 -0.41741 0.0175761
         vertex -0.139684 -0.41769 0.0169057
      endloop
   endfacet
   facet normal 0.973375 0.0333711 -0.226777
      outer loop
         vertex -0.139684 -0.41769 0.0169057
         vertex -0.139823 -0.417552 0.0161833
         vertex -0.139803 -0.416746 0.0162457
      endloop
   endfacet
   facet normal 0.931278 0.0524705 -0.360512
      outer loop
         vertex -0.139919 -0.417456 0.0156835
         vertex -0.140266 -0.417317 0.0149617
         vertex -0.139803 -0.416746 0.0162457
      endloop
   endfacet
   facet normal 0.782263 0.254318 -0.568672
      outer loop
         vertex -0.14126 -0.415567 0.0138815
         vertex -0.140531 -0.416156 0.0150635
         vertex -0.140852 -0.416561 0.0140819
      endloop
   endfacet
   facet normal 0.642626 0.146615 -0.752021
      outer loop
         vertex -0.142638 -0.416532 0.0121564
         vertex -0.14208 -0.416141 0.0128546
         vertex -0.141506 -0.417006 0.013341
      endloop
   endfacet
   facet normal 0.985936 0.064744 -0.154074
      outer loop
         vertex -0.139552 -0.41741 0.0175761
         vertex -0.1393 -0.418074 0.0189068
         vertex -0.139684 -0.41769 0.0169057
      endloop
   endfacet
   facet normal 0.812429 0.0838855 -0.576994
      outer loop
         vertex -0.141094 -0.417099 0.0138229
         vertex -0.141506 -0.417006 0.013341
         vertex -0.140852 -0.416561 0.0140819
      endloop
   endfacet
   facet normal 0.953333 0.230561 -0.194929
      outer loop
         vertex -0.13972 -0.41086 0.0209533
         vertex -0.139406 -0.411885 0.02182
         vertex -0.139436 -0.413398 0.0200459
      endloop
   endfacet
   facet normal 0.984839 0.112497 -0.132044
      outer loop
         vertex -0.139436 -0.413398 0.0200459
         vertex -0.139406 -0.411885 0.02182
         vertex -0.1393 -0.412935 0.0227076
      endloop
   endfacet
   facet normal 0.988264 0.116649 -0.0986218
      outer loop
         vertex -0.139406 -0.411885 0.02182
         vertex -0.13972 -0.41086 0.0209533
         vertex -0.140217 -0.407804 0.0239104
      endloop
   endfacet
   facet normal 0.909696 0.372709 -0.183143
      outer loop
         vertex -0.140217 -0.407804 0.0239104
         vertex -0.139586 -0.40848 0.0259305
         vertex -0.139406 -0.411885 0.02182
      endloop
   endfacet
   facet normal 0.968208 0.232471 -0.0923632
      outer loop
         vertex -0.139586 -0.40848 0.0259305
         vertex -0.1393 -0.410572 0.0267617
         vertex -0.1393 -0.412935 0.0227076
      endloop
   endfacet
   facet normal 0.950989 0.296496 -0.0878074
      outer loop
         vertex -0.139741 -0.407506 0.0271073
         vertex -0.139586 -0.40848 0.0259305
         vertex -0.140426 -0.406521 0.0251521
      endloop
   endfacet
   facet normal 1 0 0
      outer loop
         vertex -0.1393 -0.410175 0.0278976
         vertex -0.1393 -0.410572 0.0267617
         vertex -0.139586 -0.40848 0.0259305
      endloop
   endfacet
   facet normal 1 0 0
      outer loop
         vertex -0.1393 -0.410094 0.0281873
         vertex -0.1393 -0.410175 0.0278976
         vertex -0.139741 -0.407506 0.0271073
      endloop
   endfacet
   facet normal 0.985934 0.0647163 -0.154096
      outer loop
         vertex -0.139552 -0.41741 0.0175761
         vertex -0.139436 -0.413398 0.0200459
         vertex -0.1393 -0.414411 0.0212343
      endloop
   endfacet
   facet normal 1 0 0
      outer loop
         vertex -0.1393 -0.414411 0.0212343
         vertex -0.1393 -0.418074 0.0189068
         vertex -0.139552 -0.41741 0.0175761
      endloop
   endfacet
   facet normal 0.985934 0.0647163 -0.154096
      outer loop
         vertex -0.139552 -0.41741 0.0175761
         vertex -0.139803 -0.416746 0.0162457
         vertex -0.139436 -0.413398 0.0200459
      endloop
   endfacet
   facet normal 0.941686 0.133837 -0.308731
      outer loop
         vertex -0.139834 -0.416721 0.0161955
         vertex -0.140531 -0.416156 0.0150635
         vertex -0.140171 -0.413149 0.017728
      endloop
   endfacet
   facet normal 0.917101 0.237002 -0.320557
      outer loop
         vertex -0.140171 -0.413149 0.017728
         vertex -0.139436 -0.413398 0.0200459
         vertex -0.139834 -0.416721 0.0161955
      endloop
   endfacet
   facet normal 0.917101 0.237002 -0.320557
      outer loop
         vertex -0.140171 -0.413149 0.017728
         vertex -0.139842 -0.412417 0.0188935
         vertex -0.139436 -0.413398 0.0200459
      endloop
   endfacet
   facet normal 0.950989 0.296496 -0.0878074
      outer loop
         vertex -0.139741 -0.407506 0.0271073
         vertex -0.141021 -0.405099 0.0263945
         vertex -0.140839 -0.405401 0.0269737
      endloop
   endfacet
   facet normal 0.80876 0.563929 -0.167008
      outer loop
         vertex -0.141021 -0.405099 0.0263945
         vertex -0.141248 -0.404689 0.0267536
         vertex -0.140839 -0.405401 0.0269737
      endloop
   endfacet
   facet normal 0.943656 0.320497 -0.0824325
      outer loop
         vertex -0.139807 -0.40721 0.0274454
         vertex -0.140839 -0.405401 0.0269737
         vertex -0.140524 -0.405948 0.0271427
      endloop
   endfacet
   facet normal 1 0 0
      outer loop
         vertex -0.1393 -0.410094 0.0281873
         vertex -0.13955 -0.408625 0.0279696
         vertex -0.139531 -0.408731 0.0280023
      endloop
   endfacet
   facet normal 0.943656 0.320497 -0.0824325
      outer loop
         vertex -0.139807 -0.40721 0.0274454
         vertex -0.1398 -0.407209 0.0275319
         vertex -0.13955 -0.408625 0.0279696
      endloop
   endfacet
   facet normal 0.986022 0.162175 -0.0381952
      outer loop
         vertex -0.13955 -0.408625 0.0279696
         vertex -0.1393 -0.410094 0.0281873
         vertex -0.139807 -0.40721 0.0274454
      endloop
   endfacet
   facet normal 0.943656 0.320497 -0.0824325
      outer loop
         vertex -0.139807 -0.40721 0.0274454
         vertex -0.139832 -0.407152 0.0275146
         vertex -0.1398 -0.407209 0.0275319
      endloop
   endfacet
   facet normal 1 0 0
      outer loop
         vertex -0.1393 -0.410059 0.0283333
         vertex -0.139531 -0.408731 0.0280023
         vertex -0.139302 -0.410032 0.0284041
      endloop
   endfacet
   facet normal 1 0 0
      outer loop
         vertex -0.1393 -0.410042 0.0284073
         vertex -0.1393 -0.410042 0.0284067
         vertex -0.139302 -0.410032 0.0284041
      endloop
   endfacet
   facet normal 0.999999 0.00120525 -0.00025618
      outer loop
         vertex -0.139302 -0.410032 0.0284041
         vertex -0.1393 -0.410042 0.0284067
         vertex -0.1393 -0.410059 0.0283333
      endloop
   endfacet
   facet normal 0.987994 0.150552 -0.0346773
      outer loop
         vertex -0.139531 -0.408731 0.0280023
         vertex -0.1393 -0.410059 0.0283333
         vertex -0.1393 -0.410094 0.0281873
      endloop
   endfacet
   facet normal 0.876281 0.46684 -0.119129
      outer loop
         vertex -0.140524 -0.405948 0.0271427
         vertex -0.139832 -0.407152 0.0275146
         vertex -0.139807 -0.40721 0.0274454
      endloop
   endfacet
   facet normal 0.839009 0.526967 -0.135537
      outer loop
         vertex -0.140839 -0.405401 0.0269737
         vertex -0.139807 -0.40721 0.0274454
         vertex -0.139741 -0.407506 0.0271073
      endloop
   endfacet
   facet normal 0.875541 0.195017 -0.442036
      outer loop
         vertex -0.140531 -0.416156 0.0150635
         vertex -0.14126 -0.415567 0.0138815
         vertex -0.140171 -0.413149 0.017728
      endloop
   endfacet
   facet normal 0.944084 0.131057 -0.302538
      outer loop
         vertex -0.139803 -0.416746 0.0162457
         vertex -0.139834 -0.416721 0.0161955
         vertex -0.139436 -0.413398 0.0200459
      endloop
   endfacet
   facet normal 0.950989 0.296496 -0.0878074
      outer loop
         vertex -0.139741 -0.407506 0.0271073
         vertex -0.139807 -0.40721 0.0274454
         vertex -0.1393 -0.410094 0.0281873
      endloop
   endfacet
   facet normal 0.968208 0.232471 -0.0923632
      outer loop
         vertex -0.139586 -0.40848 0.0259305
         vertex -0.139741 -0.407506 0.0271073
         vertex -0.1393 -0.410175 0.0278976
      endloop
   endfacet
   facet normal 0.874853 0.45016 -0.178854
      outer loop
         vertex -0.140426 -0.406521 0.0251521
         vertex -0.141021 -0.405099 0.0263945
         vertex -0.139741 -0.407506 0.0271073
      endloop
   endfacet
   facet normal 1 0 0
      outer loop
         vertex -0.1393 -0.412935 0.0227076
         vertex -0.139406 -0.411885 0.02182
         vertex -0.139586 -0.40848 0.0259305
      endloop
   endfacet
   facet normal 0.909696 0.372709 -0.183143
      outer loop
         vertex -0.140217 -0.407804 0.0239104
         vertex -0.140426 -0.406521 0.0251521
         vertex -0.139586 -0.40848 0.0259305
      endloop
   endfacet
   facet normal 1 0 0
      outer loop
         vertex -0.1393 -0.412935 0.0227076
         vertex -0.1393 -0.414411 0.0212343
         vertex -0.139436 -0.413398 0.0200459
      endloop
   endfacet
   facet normal 0.984839 0.112497 -0.132044
      outer loop
         vertex -0.139436 -0.413398 0.0200459
         vertex -0.139842 -0.412417 0.0188935
         vertex -0.13972 -0.41086 0.0209533
      endloop
   endfacet
   facet normal 0.747619 -0.428782 -0.507161
      outer loop
         vertex -0.143786 -0.413474 0.0101183
         vertex -0.142099 -0.412353 0.0121946
         vertex -0.142091 -0.413771 0.01288
      endloop
   endfacet
   facet normal 0.974886 -0.00696838 -0.222596
      outer loop
         vertex -0.140344 -0.411764 0.017156
         vertex -0.142091 -0.413771 0.01288
         vertex -0.141316 -0.411733 0.0142645
      endloop
   endfacet
   facet normal 0.858773 -0.0930472 -0.503837
      outer loop
         vertex -0.142091 -0.413771 0.01288
         vertex -0.142099 -0.412353 0.0121946
         vertex -0.141316 -0.411733 0.0142645
      endloop
   endfacet
   facet normal 0.858773 -0.0930472 -0.503837
      outer loop
         vertex -0.142091 -0.413771 0.01288
         vertex -0.140344 -0.411764 0.017156
         vertex -0.140212 -0.412559 0.0174753
      endloop
   endfacet
   facet normal 0.974886 -0.00696838 -0.222596
      outer loop
         vertex -0.140344 -0.411764 0.017156
         vertex -0.140353 -0.41097 0.0168089
         vertex -0.140012 -0.409456 0.0197674
      endloop
   endfacet
   facet normal 0.99999 -0.00334391 0.00293733
      outer loop
         vertex -0.140012 -0.409456 0.0197674
         vertex -0.139968 -0.409878 0.0202805
         vertex -0.140344 -0.411764 0.017156
      endloop
   endfacet
   facet normal 0.974886 -0.00696838 -0.222596
      outer loop
         vertex -0.140344 -0.411764 0.017156
         vertex -0.139968 -0.409878 0.0202805
         vertex -0.139869 -0.410346 0.0206887
      endloop
   endfacet
   facet normal 0.971831 0.230128 0.0508464
      outer loop
         vertex -0.1404 -0.407053 0.0226196
         vertex -0.139968 -0.409878 0.0202805
         vertex -0.14 -0.409404 0.0198681
      endloop
   endfacet
   facet normal 0.99449 0.0837517 -0.0630463
      outer loop
         vertex -0.139968 -0.409878 0.0202805
         vertex -0.1404 -0.407053 0.0226196
         vertex -0.140263 -0.407507 0.0233807
      endloop
   endfacet
   facet normal 0.971831 0.230128 0.0508464
      outer loop
         vertex -0.1404 -0.407053 0.0226196
         vertex -0.140406 -0.406568 0.0218654
         vertex -0.14135 -0.404455 0.0229367
      endloop
   endfacet
   facet normal 0.926366 0.254774 0.277373
      outer loop
         vertex -0.14135 -0.404455 0.0229367
         vertex -0.142441 -0.402944 0.0255646
         vertex -0.1404 -0.407053 0.0226196
      endloop
   endfacet
   facet normal 0.971831 0.230128 0.0508464
      outer loop
         vertex -0.1404 -0.407053 0.0226196
         vertex -0.142441 -0.402944 0.0255646
         vertex -0.142009 -0.403711 0.0270045
      endloop
   endfacet
   facet normal 0.747619 0.428782 0.507161
      outer loop
         vertex -0.143786 -0.400611 0.0253331
         vertex -0.143533 -0.401983 0.0267873
         vertex -0.142441 -0.402944 0.0255646
      endloop
   endfacet
   facet normal 0.701219 0.66701 0.251773
      outer loop
         vertex -0.143497 -0.402031 0.0268691
         vertex -0.142581 -0.403102 0.0279921
         vertex -0.142009 -0.403711 0.0270045
      endloop
   endfacet
   facet normal 0.701219 0.66701 0.251773
      outer loop
         vertex -0.143497 -0.402031 0.0268691
         vertex -0.1429 -0.402837 0.028245
         vertex -0.142581 -0.403102 0.0279921
      endloop
   endfacet
   facet normal 0.828348 0.524801 0.196021
      outer loop
         vertex -0.142441 -0.402944 0.0255646
         vertex -0.143533 -0.401983 0.0267873
         vertex -0.143497 -0.402031 0.0268691
      endloop
   endfacet
   facet normal 0.756443 0.65258 -0.0439626
      outer loop
         vertex -0.142009 -0.403711 0.0270045
         vertex -0.142423 -0.403233 0.0278671
         vertex -0.142032 -0.403718 0.0274963
      endloop
   endfacet
   facet normal 0.756443 0.65258 -0.0439626
      outer loop
         vertex -0.142009 -0.403711 0.0270045
         vertex -0.142581 -0.403102 0.0279921
         vertex -0.142423 -0.403233 0.0278671
      endloop
   endfacet
   facet normal 0.949044 0.305843 -0.0760001
      outer loop
         vertex -0.140263 -0.407507 0.0233807
         vertex -0.142009 -0.403711 0.0270045
         vertex -0.141021 -0.405099 0.0263945
      endloop
   endfacet
   facet normal 0.80876 0.563929 -0.167008
      outer loop
         vertex -0.141021 -0.405099 0.0263945
         vertex -0.140426 -0.406521 0.0251521
         vertex -0.140263 -0.407507 0.0233807
      endloop
   endfacet
   facet normal 0.756443 0.65258 -0.0439626
      outer loop
         vertex -0.142009 -0.403711 0.0270045
         vertex -0.141891 -0.403892 0.027363
         vertex -0.141248 -0.404689 0.0267536
      endloop
   endfacet
   facet normal 0.78352 0.60126 -0.156789
      outer loop
         vertex -0.141248 -0.404689 0.0267536
         vertex -0.141021 -0.405099 0.0263945
         vertex -0.142009 -0.403711 0.0270045
      endloop
   endfacet
   facet normal 0.916943 0.359653 -0.172817
      outer loop
         vertex -0.140217 -0.407804 0.0239104
         vertex -0.13972 -0.41086 0.0209533
         vertex -0.139869 -0.410346 0.0206887
      endloop
   endfacet
   facet normal 0.978082 0.161784 -0.131077
      outer loop
         vertex -0.139869 -0.410346 0.0206887
         vertex -0.13972 -0.41086 0.0209533
         vertex -0.139842 -0.412417 0.0188935
      endloop
   endfacet
   facet normal 0.939817 0.221584 -0.260085
      outer loop
         vertex -0.139842 -0.412417 0.0188935
         vertex -0.140212 -0.412559 0.0174753
         vertex -0.139869 -0.410346 0.0206887
      endloop
   endfacet
   facet normal 0.952986 0.12549 -0.275809
      outer loop
         vertex -0.140212 -0.412559 0.0174753
         vertex -0.140171 -0.413149 0.017728
         vertex -0.14126 -0.415567 0.0138815
      endloop
   endfacet
   facet normal 0.782263 0.254318 -0.568672
      outer loop
         vertex -0.14126 -0.415567 0.0138815
         vertex -0.141728 -0.415228 0.0133572
         vertex -0.140212 -0.412559 0.0174753
      endloop
   endfacet
   facet normal 0.798295 0.149698 -0.583365
      outer loop
         vertex -0.141728 -0.415228 0.0133572
         vertex -0.141551 -0.415771 0.0135165
         vertex -0.14208 -0.416141 0.0128546
      endloop
   endfacet
   facet normal 0.701219 -0.137329 -0.699595
      outer loop
         vertex -0.143497 -0.415225 0.0112629
         vertex -0.142091 -0.413771 0.01288
         vertex -0.141728 -0.415228 0.0133572
      endloop
   endfacet
   facet normal 0.798295 0.149698 -0.583365
      outer loop
         vertex -0.141728 -0.415228 0.0133572
         vertex -0.142638 -0.416532 0.0121564
         vertex -0.143497 -0.415225 0.0112629
      endloop
   endfacet
   facet normal 0.642732 0.14865 -0.751531
      outer loop
         vertex -0.142638 -0.416532 0.0121564
         vertex -0.1429 -0.416716 0.0118285
         vertex -0.143497 -0.415225 0.0112629
      endloop
   endfacet
   facet normal 0.701219 -0.137329 -0.699595
      outer loop
         vertex -0.143497 -0.415225 0.0112629
         vertex -0.143533 -0.415137 0.0112292
         vertex -0.142091 -0.413771 0.01288
      endloop
   endfacet
   facet normal 0.713764 0.202048 -0.67061
      outer loop
         vertex -0.14208 -0.416141 0.0128546
         vertex -0.142638 -0.416532 0.0121564
         vertex -0.141728 -0.415228 0.0133572
      endloop
   endfacet
   facet normal 0.782263 0.254318 -0.568672
      outer loop
         vertex -0.14126 -0.415567 0.0138815
         vertex -0.141551 -0.415771 0.0135165
         vertex -0.141728 -0.415228 0.0133572
      endloop
   endfacet
   facet normal 0.939817 0.221584 -0.260085
      outer loop
         vertex -0.139842 -0.412417 0.0188935
         vertex -0.140171 -0.413149 0.017728
         vertex -0.140212 -0.412559 0.0174753
      endloop
   endfacet
   facet normal 0.978082 0.161784 -0.131077
      outer loop
         vertex -0.139869 -0.410346 0.0206887
         vertex -0.140263 -0.407507 0.0233807
         vertex -0.140217 -0.407804 0.0239104
      endloop
   endfacet
   facet normal 0.874853 0.45016 -0.178854
      outer loop
         vertex -0.140426 -0.406521 0.0251521
         vertex -0.140217 -0.407804 0.0239104
         vertex -0.140263 -0.407507 0.0233807
      endloop
   endfacet
   facet normal 0.71448 0.694074 -0.0881976
      outer loop
         vertex -0.142032 -0.403718 0.0274963
         vertex -0.141891 -0.403892 0.027363
         vertex -0.142009 -0.403711 0.0270045
      endloop
   endfacet
   facet normal 0.756443 0.65258 -0.0439626
      outer loop
         vertex -0.142009 -0.403711 0.0270045
         vertex -0.142441 -0.402944 0.0255646
         vertex -0.143497 -0.402031 0.0268691
      endloop
   endfacet
   facet normal 0.828348 0.524801 0.196021
      outer loop
         vertex -0.142441 -0.402944 0.0255646
         vertex -0.142479 -0.401928 0.0242177
         vertex -0.143786 -0.400611 0.0253331
      endloop
   endfacet
   facet normal 0.756443 0.65258 -0.0439626
      outer loop
         vertex -0.142009 -0.403711 0.0270045
         vertex -0.140263 -0.407507 0.0233807
         vertex -0.1404 -0.407053 0.0226196
      endloop
   endfacet
   facet normal 0.926366 0.254774 0.277373
      outer loop
         vertex -0.14135 -0.404455 0.0229367
         vertex -0.142479 -0.401928 0.0242177
         vertex -0.142441 -0.402944 0.0255646
      endloop
   endfacet
   facet normal 0.949044 0.305843 -0.0760001
      outer loop
         vertex -0.140263 -0.407507 0.0233807
         vertex -0.139869 -0.410346 0.0206887
         vertex -0.139968 -0.409878 0.0202805
      endloop
   endfacet
   facet normal 0.999972 0.0047994 0.00567671
      outer loop
         vertex -0.14 -0.409404 0.0198681
         vertex -0.140406 -0.406568 0.0218654
         vertex -0.1404 -0.407053 0.0226196
      endloop
   endfacet
   facet normal 0.978082 0.161784 -0.131077
      outer loop
         vertex -0.139869 -0.410346 0.0206887
         vertex -0.140212 -0.412559 0.0174753
         vertex -0.140344 -0.411764 0.017156
      endloop
   endfacet
   facet normal 0.99999 -0.00334391 0.00293733
      outer loop
         vertex -0.140012 -0.409456 0.0197674
         vertex -0.14 -0.409404 0.0198681
         vertex -0.139968 -0.409878 0.0202805
      endloop
   endfacet
   facet normal 0.952986 0.12549 -0.275809
      outer loop
         vertex -0.140212 -0.412559 0.0174753
         vertex -0.141728 -0.415228 0.0133572
         vertex -0.142091 -0.413771 0.01288
      endloop
   endfacet
   facet normal 0.925393 -0.236911 -0.295839
      outer loop
         vertex -0.141316 -0.411733 0.0142645
         vertex -0.140353 -0.41097 0.0168089
         vertex -0.140344 -0.411764 0.017156
      endloop
   endfacet
   facet normal 0.858773 -0.0930472 -0.503837
      outer loop
         vertex -0.142091 -0.413771 0.01288
         vertex -0.143533 -0.415137 0.0112292
         vertex -0.143786 -0.413474 0.0101183
      endloop
   endfacet
   facet normal 0.827596 0.554239 -0.0889085
      outer loop
         vertex -0.140848 -0.40504 0.0277107
         vertex -0.141443 -0.404312 0.0282783
         vertex -0.141106 -0.404853 0.0282905
      endloop
   endfacet
   facet normal 0.894602 0.446743 0.0103921
      outer loop
         vertex -0.140343 -0.406076 0.0283181
         vertex -0.139832 -0.407152 0.0275146
         vertex -0.140524 -0.405948 0.0271427
      endloop
   endfacet
   facet normal 0.876289 0.466794 -0.119253
      outer loop
         vertex -0.140524 -0.405948 0.0271427
         vertex -0.140848 -0.40504 0.0277107
         vertex -0.140343 -0.406076 0.0283181
      endloop
   endfacet
   facet normal 0.894602 0.446743 0.0103921
      outer loop
         vertex -0.140343 -0.406076 0.0283181
         vertex -0.1398 -0.407209 0.0275319
         vertex -0.139832 -0.407152 0.0275146
      endloop
   endfacet
   facet normal 0.973375 0.229169 0.00481125
      outer loop
         vertex -0.139686 -0.408005 0.0283615
         vertex -0.1393 -0.410042 0.0284073
         vertex -0.139302 -0.410032 0.0284041
      endloop
   endfacet
   facet normal 0.999999 0.00116362 -0.000238186
      outer loop
         vertex -0.139302 -0.410032 0.0284041
         vertex -0.139531 -0.408731 0.0280023
         vertex -0.139686 -0.408005 0.0283615
      endloop
   endfacet
   facet normal 0.827596 0.554239 -0.0889085
      outer loop
         vertex -0.140848 -0.40504 0.0277107
         vertex -0.140839 -0.405401 0.0269737
         vertex -0.141248 -0.404689 0.0267536
      endloop
   endfacet
   facet normal 0.78352 0.60126 -0.156789
      outer loop
         vertex -0.141248 -0.404689 0.0267536
         vertex -0.141891 -0.403892 0.027363
         vertex -0.140848 -0.40504 0.0277107
      endloop
   endfacet
   facet normal 0.827596 0.554239 -0.0889085
      outer loop
         vertex -0.140848 -0.40504 0.0277107
         vertex -0.140524 -0.405948 0.0271427
         vertex -0.140839 -0.405401 0.0269737
      endloop
   endfacet
   facet normal 0.714539 0.693988 -0.0884022
      outer loop
         vertex -0.142032 -0.403718 0.0274963
         vertex -0.141664 -0.403957 0.0282703
         vertex -0.141443 -0.404312 0.0282783
      endloop
   endfacet
   facet normal 0.714539 0.693988 -0.0884022
      outer loop
         vertex -0.142032 -0.403718 0.0274963
         vertex -0.142423 -0.403233 0.0278671
         vertex -0.141664 -0.403957 0.0282703
      endloop
   endfacet
   facet normal 0.768192 0.640013 0.0162714
      outer loop
         vertex -0.141443 -0.404312 0.0282783
         vertex -0.140848 -0.40504 0.0277107
         vertex -0.142032 -0.403718 0.0274963
      endloop
   endfacet
   facet normal 0.664976 0.745739 -0.0409809
      outer loop
         vertex -0.142423 -0.403233 0.0278671
         vertex -0.142581 -0.403102 0.0279921
         vertex -0.141664 -0.403957 0.0282703
      endloop
   endfacet
   facet normal 0.944432 0.319057 -0.0790557
      outer loop
         vertex -0.1398 -0.407209 0.0275319
         vertex -0.139825 -0.40727 0.028345
         vertex -0.139686 -0.408005 0.0283615
      endloop
   endfacet
   facet normal 0.944432 0.319057 -0.0790557
      outer loop
         vertex -0.1398 -0.407209 0.0275319
         vertex -0.140343 -0.406076 0.0283181
         vertex -0.139924 -0.406748 0.0283333
      endloop
   endfacet
   facet normal 0.930727 0.365621 0.00825671
      outer loop
         vertex -0.139924 -0.406748 0.0283333
         vertex -0.139825 -0.40727 0.028345
         vertex -0.1398 -0.407209 0.0275319
      endloop
   endfacet
   facet normal 0.973375 0.229169 0.00481125
      outer loop
         vertex -0.139686 -0.408005 0.0283615
         vertex -0.13955 -0.408625 0.0279696
         vertex -0.1398 -0.407209 0.0275319
      endloop
   endfacet
   facet normal 0.645274 0.763632 -0.0220792
      outer loop
         vertex -0.142581 -0.403102 0.0279921
         vertex -0.1429 -0.402837 0.028245
         vertex -0.141664 -0.403957 0.0282703
      endloop
   endfacet
   facet normal 0.729423 0.676329 -0.102566
      outer loop
         vertex -0.141891 -0.403892 0.027363
         vertex -0.142032 -0.403718 0.0274963
         vertex -0.140848 -0.40504 0.0277107
      endloop
   endfacet
   facet normal 0.988041 0.150108 -0.0352441
      outer loop
         vertex -0.139531 -0.408731 0.0280023
         vertex -0.13955 -0.408625 0.0279696
         vertex -0.139686 -0.408005 0.0283615
      endloop
   endfacet
   facet normal 0.811238 0.584565 0.0132795
      outer loop
         vertex -0.141106 -0.404853 0.0282905
         vertex -0.140343 -0.406076 0.0283181
         vertex -0.140848 -0.40504 0.0277107
      endloop
   endfacet
   facet normal 0.707102 0.456534 0.539985
      outer loop
         vertex -0.144397 -0.400197 0.0258231
         vertex -0.144213 -0.401519 0.0274723
         vertex -0.143533 -0.401983 0.0267873
      endloop
   endfacet
   facet normal 0.705454 0.657431 0.264799
      outer loop
         vertex -0.143533 -0.401983 0.0267873
         vertex -0.143786 -0.400611 0.0253331
         vertex -0.144397 -0.400197 0.0258231
      endloop
   endfacet
   facet normal 0.65608 0.698157 0.286593
      outer loop
         vertex -0.144213 -0.401519 0.0274723
         vertex -0.143497 -0.402031 0.0268691
         vertex -0.143533 -0.401983 0.0267873
      endloop
   endfacet
   facet normal 0.646581 0.718297 0.25687
      outer loop
         vertex -0.144183 -0.401668 0.0276392
         vertex -0.143502 -0.402434 0.029197
         vertex -0.1429 -0.402837 0.028245
      endloop
   endfacet
   facet normal 0.701219 0.66701 0.251773
      outer loop
         vertex -0.143497 -0.402031 0.0268691
         vertex -0.144213 -0.401519 0.0274723
         vertex -0.144183 -0.401668 0.0276392
      endloop
   endfacet
   facet normal 0.6 0.799702 0.0218447
      outer loop
         vertex -0.1429 -0.402837 0.028245
         vertex -0.143497 -0.402031 0.0268691
         vertex -0.144183 -0.401668 0.0276392
      endloop
   endfacet
   facet normal 0.707102 0.456534 0.539985
      outer loop
         vertex -0.144397 -0.400197 0.0258231
         vertex -0.144502 -0.400125 0.0259077
         vertex -0.144213 -0.401519 0.0274723
      endloop
   endfacet
   facet normal -1.63305e-15 0.645632 0.763649
      outer loop
         vertex -0.149183 -0.415827 0.0447951
         vertex -0.148732 -0.416032 0.0449685
         vertex -0.140168 -0.407674 0.0379016
      endloop
   endfacet
   facet normal -1.63305e-15 0.645632 0.763649
      outer loop
         vertex -0.150054 -0.415431 0.0444601
         vertex -0.149393 -0.415731 0.0447141
         vertex -0.141208 -0.406335 0.0367696
      endloop
   endfacet
   facet normal -1.63305e-15 0.645632 0.763649
      outer loop
         vertex -0.141208 -0.406335 0.0367696
         vertex -0.149393 -0.415731 0.0447141
         vertex -0.149183 -0.415827 0.0447951
      endloop
   endfacet
   facet normal -1.63305e-15 0.645632 0.763649
      outer loop
         vertex -0.14214 -0.405133 0.0357541
         vertex -0.150851 -0.415068 0.0441537
         vertex -0.150054 -0.415431 0.0444601
      endloop
   endfacet
   facet normal -1.63305e-15 0.645632 0.763649
      outer loop
         vertex -0.150863 -0.415064 0.04415
         vertex -0.150851 -0.415068 0.0441537
         vertex -0.142815 -0.404264 0.0350187
      endloop
   endfacet
   facet normal -1.63305e-15 0.645632 0.763649
      outer loop
         vertex -0.159946 -0.415431 0.0444601
         vertex -0.167996 -0.405109 0.0357331
         vertex -0.168184 -0.405267 0.0358671
      endloop
   endfacet
   facet normal -1.63305e-15 0.645632 0.763649
      outer loop
         vertex -0.160607 -0.415731 0.0447141
         vertex -0.168184 -0.405267 0.0358671
         vertex -0.168796 -0.406291 0.0367331
      endloop
   endfacet
   facet normal -1.63305e-15 0.645632 0.763649
      outer loop
         vertex -0.14803 -0.416596 0.0454452
         vertex -0.147682 -0.416875 0.0456813
         vertex -0.1393 -0.41111 0.0408069
      endloop
   endfacet
   facet normal -1.63305e-15 0.645632 0.763649
      outer loop
         vertex -0.139374 -0.410816 0.0405583
         vertex -0.148732 -0.416032 0.0449685
         vertex -0.148082 -0.416554 0.04541
      endloop
   endfacet
   facet normal -1.63305e-15 0.645632 0.763649
      outer loop
         vertex -0.150851 -0.415068 0.0441537
         vertex -0.14214 -0.405133 0.0357541
         vertex -0.142691 -0.404424 0.0351545
      endloop
   endfacet
   facet normal -1.63305e-15 0.645632 0.763649
      outer loop
         vertex -0.141208 -0.406335 0.0367696
         vertex -0.14214 -0.405133 0.0357541
         vertex -0.150054 -0.415431 0.0444601
      endloop
   endfacet
   facet normal -1.63305e-15 0.645632 0.763649
      outer loop
         vertex -0.142815 -0.404264 0.0350187
         vertex -0.144873 -0.402821 0.0337991
         vertex -0.150863 -0.415064 0.04415
      endloop
   endfacet
   facet normal -1.63305e-15 0.645632 0.763649
      outer loop
         vertex -0.159138 -0.415064 0.04415
         vertex -0.165593 -0.403083 0.0340202
         vertex -0.167263 -0.40449 0.0352104
      endloop
   endfacet
   facet normal -1.63305e-15 0.645632 0.763649
      outer loop
         vertex -0.159149 -0.415068 0.0441537
         vertex -0.167263 -0.40449 0.0352104
         vertex -0.167996 -0.405109 0.0357331
      endloop
   endfacet
   facet normal -1.63305e-15 0.645632 0.763649
      outer loop
         vertex -0.168796 -0.406291 0.0367331
         vertex -0.160817 -0.415827 0.0447951
         vertex -0.160607 -0.415731 0.0447141
      endloop
   endfacet
   facet normal -1.63305e-15 0.645632 0.763649
      outer loop
         vertex -0.161268 -0.416032 0.0449685
         vertex -0.170315 -0.408832 0.0388813
         vertex -0.170646 -0.410789 0.0405356
      endloop
   endfacet
   facet normal -1.63305e-15 0.645632 0.763649
      outer loop
         vertex -0.148732 -0.416032 0.0449685
         vertex -0.139374 -0.410816 0.0405583
         vertex -0.139949 -0.408542 0.0386357
      endloop
   endfacet
   facet normal -1.63305e-15 0.645632 0.763649
      outer loop
         vertex -0.148082 -0.416554 0.04541
         vertex -0.14803 -0.416596 0.0454452
         vertex -0.139374 -0.410816 0.0405583
      endloop
   endfacet
   facet normal -1.63305e-15 0.645632 0.763649
      outer loop
         vertex -0.140168 -0.407674 0.0379016
         vertex -0.141208 -0.406335 0.0367696
         vertex -0.149183 -0.415827 0.0447951
      endloop
   endfacet
   facet normal -1.63305e-15 0.645632 0.763649
      outer loop
         vertex -0.144873 -0.402821 0.0337991
         vertex -0.146259 -0.402308 0.0333654
         vertex -0.150863 -0.415064 0.04415
      endloop
   endfacet
   facet normal -1.63305e-15 0.645632 0.763649
      outer loop
         vertex -0.159138 -0.415064 0.04415
         vertex -0.163762 -0.402287 0.0333477
         vertex -0.165593 -0.403083 0.0340202
      endloop
   endfacet
   facet normal -1.63305e-15 0.645632 0.763649
      outer loop
         vertex -0.168184 -0.405267 0.0358671
         vertex -0.160607 -0.415731 0.0447141
         vertex -0.159946 -0.415431 0.0444601
      endloop
   endfacet
   facet normal -1.63305e-15 0.645632 0.763649
      outer loop
         vertex -0.160817 -0.415827 0.0447951
         vertex -0.168796 -0.406291 0.0367331
         vertex -0.170158 -0.408569 0.0386585
      endloop
   endfacet
   facet normal -1.63305e-15 0.645632 0.763649
      outer loop
         vertex -0.161268 -0.416032 0.0449685
         vertex -0.170158 -0.408569 0.0386585
         vertex -0.170315 -0.408832 0.0388813
      endloop
   endfacet
   facet normal -1.63305e-15 0.645632 0.763649
      outer loop
         vertex -0.1393 -0.41111 0.0408069
         vertex -0.139374 -0.410816 0.0405583
         vertex -0.14803 -0.416596 0.0454452
      endloop
   endfacet
   facet normal -1.63305e-15 0.645632 0.763649
      outer loop
         vertex -0.146259 -0.402308 0.0333654
         vertex -0.146812 -0.402104 0.0331924
         vertex -0.150863 -0.415064 0.04415
      endloop
   endfacet
   facet normal -1.63305e-15 0.645632 0.763649
      outer loop
         vertex -0.16354 -0.402191 0.0332661
         vertex -0.155 -0.40194 0.0330543
         vertex -0.155026 -0.40194 0.0330543
      endloop
   endfacet
   facet normal -1.63305e-15 0.645632 0.763649
      outer loop
         vertex -0.155 -0.40194 0.0330543
         vertex -0.16354 -0.402191 0.0332661
         vertex -0.159138 -0.415064 0.04415
      endloop
   endfacet
   facet normal -1.63305e-15 0.645632 0.763649
      outer loop
         vertex -0.159138 -0.415064 0.04415
         vertex -0.16354 -0.402191 0.0332661
         vertex -0.163762 -0.402287 0.0333477
      endloop
   endfacet
   facet normal -1.63305e-15 0.645632 0.763649
      outer loop
         vertex -0.170158 -0.408569 0.0386585
         vertex -0.161268 -0.416032 0.0449685
         vertex -0.160817 -0.415827 0.0447951
      endloop
   endfacet
   facet normal -1.63305e-15 0.645632 0.763649
      outer loop
         vertex -0.170646 -0.410789 0.0405356
         vertex -0.16197 -0.416596 0.0454452
         vertex -0.161918 -0.416554 0.04541
      endloop
   endfacet
   facet normal -1.63305e-15 0.645632 0.763649
      outer loop
         vertex -0.16197 -0.416596 0.0454452
         vertex -0.170646 -0.410789 0.0405356
         vertex -0.1707 -0.41111 0.0408069
      endloop
   endfacet
   facet normal -1.63305e-15 0.645632 0.763649
      outer loop
         vertex -0.1393 -0.427039 0.054274
         vertex -0.1393 -0.41111 0.0408069
         vertex -0.146863 -0.418805 0.047313
      endloop
   endfacet
   facet normal -1.63305e-15 0.645632 0.763649
      outer loop
         vertex -0.1393 -0.41111 0.0408069
         vertex -0.147682 -0.416875 0.0456813
         vertex -0.147207 -0.417611 0.0463029
      endloop
   endfacet
   facet normal -1.63305e-15 0.645632 0.763649
      outer loop
         vertex -0.142691 -0.404424 0.0351545
         vertex -0.142815 -0.404264 0.0350187
         vertex -0.150851 -0.415068 0.0441537
      endloop
   endfacet
   facet normal -1.63305e-15 0.645632 0.763649
      outer loop
         vertex -0.155026 -0.40194 0.0330543
         vertex -0.161491 -0.40194 0.0330543
         vertex -0.16354 -0.402191 0.0332661
      endloop
   endfacet
   facet normal -1.63305e-15 0.645632 0.763649
      outer loop
         vertex -0.150863 -0.415064 0.04415
         vertex -0.154974 -0.40194 0.0330543
         vertex -0.155 -0.40194 0.0330543
      endloop
   endfacet
   facet normal -1.63305e-15 0.645632 0.763649
      outer loop
         vertex -0.150863 -0.415064 0.04415
         vertex -0.146812 -0.402104 0.0331924
         vertex -0.1483 -0.40194 0.0330543
      endloop
   endfacet
   facet normal -1.63305e-15 0.645632 0.763649
      outer loop
         vertex -0.167996 -0.405109 0.0357331
         vertex -0.159946 -0.415431 0.0444601
         vertex -0.159149 -0.415068 0.0441537
      endloop
   endfacet
   facet normal -1.63305e-15 0.645632 0.763649
      outer loop
         vertex -0.1707 -0.41111 0.0408069
         vertex -0.162318 -0.416875 0.0456813
         vertex -0.16197 -0.416596 0.0454452
      endloop
   endfacet
   facet normal -1.63305e-15 0.645632 0.763649
      outer loop
         vertex -0.1393 -0.41111 0.0408069
         vertex -0.147052 -0.417851 0.0465059
         vertex -0.146863 -0.418805 0.047313
      endloop
   endfacet
   facet normal -1.63305e-15 0.645632 0.763649
      outer loop
         vertex -0.139949 -0.408542 0.0386357
         vertex -0.140168 -0.407674 0.0379016
         vertex -0.148732 -0.416032 0.0449685
      endloop
   endfacet
   facet normal -1.63305e-15 0.645632 0.763649
      outer loop
         vertex -0.159138 -0.415064 0.04415
         vertex -0.150863 -0.415064 0.04415
         vertex -0.155 -0.40194 0.0330543
      endloop
   endfacet
   facet normal -1.63305e-15 0.645632 0.763649
      outer loop
         vertex -0.1483 -0.40194 0.0330543
         vertex -0.148509 -0.40194 0.0330543
         vertex -0.150863 -0.415064 0.04415
      endloop
   endfacet
   facet normal -1.63305e-15 0.645632 0.763649
      outer loop
         vertex -0.170646 -0.410789 0.0405356
         vertex -0.161918 -0.416554 0.04541
         vertex -0.161268 -0.416032 0.0449685
      endloop
   endfacet
   facet normal -1.63305e-15 0.645632 0.763649
      outer loop
         vertex -0.1707 -0.41111 0.0408069
         vertex -0.162948 -0.417851 0.0465059
         vertex -0.162793 -0.417611 0.0463029
      endloop
   endfacet
   facet normal -1.63305e-15 0.645632 0.763649
      outer loop
         vertex -0.1707 -0.427039 0.054274
         vertex -0.163138 -0.427039 0.054274
         vertex -0.163138 -0.418805 0.047313
      endloop
   endfacet
   facet normal -1.63305e-15 0.645632 0.763649
      outer loop
         vertex -0.147207 -0.417611 0.0463029
         vertex -0.147052 -0.417851 0.0465059
         vertex -0.1393 -0.41111 0.0408069
      endloop
   endfacet
   facet normal -1.63305e-15 0.645632 0.763649
      outer loop
         vertex -0.148509 -0.40194 0.0330543
         vertex -0.154974 -0.40194 0.0330543
         vertex -0.150863 -0.415064 0.04415
      endloop
   endfacet
   facet normal -1.63305e-15 0.645632 0.763649
      outer loop
         vertex -0.162793 -0.417611 0.0463029
         vertex -0.162318 -0.416875 0.0456813
         vertex -0.1707 -0.41111 0.0408069
      endloop
   endfacet
   facet normal -1.63305e-15 0.645632 0.763649
      outer loop
         vertex -0.163138 -0.418805 0.047313
         vertex -0.1707 -0.41111 0.0408069
         vertex -0.1707 -0.427039 0.054274
      endloop
   endfacet
   facet normal -1.63305e-15 0.645632 0.763649
      outer loop
         vertex -0.161491 -0.40194 0.0330543
         vertex -0.1617 -0.40194 0.0330543
         vertex -0.16354 -0.402191 0.0332661
      endloop
   endfacet
   facet normal -1.63305e-15 0.645632 0.763649
      outer loop
         vertex -0.163138 -0.418805 0.047313
         vertex -0.162948 -0.417851 0.0465059
         vertex -0.1707 -0.41111 0.0408069
      endloop
   endfacet
   facet normal -1.63305e-15 0.645632 0.763649
      outer loop
         vertex -0.167263 -0.40449 0.0352104
         vertex -0.159149 -0.415068 0.0441537
         vertex -0.159138 -0.415064 0.04415
      endloop
   endfacet
   facet normal -1.63305e-15 0.645632 0.763649
      outer loop
         vertex -0.146863 -0.418805 0.047313
         vertex -0.146863 -0.427039 0.054274
         vertex -0.1393 -0.427039 0.054274
      endloop
   endfacet
   facet normal 1 2.42786e-15 8.96099e-17
      outer loop
         vertex -0.1393 -0.430223 0.0366804
         vertex -0.1393 -0.414411 0.0212343
         vertex -0.1393 -0.412935 0.0227076
      endloop
   endfacet
   facet normal 1 2.42786e-15 8.96099e-17
      outer loop
         vertex -0.1393 -0.412935 0.0227076
         vertex -0.1393 -0.410572 0.0267617
         vertex -0.1393 -0.430223 0.0366804
      endloop
   endfacet
   facet normal 1 2.42786e-15 8.96099e-17
      outer loop
         vertex -0.1393 -0.427039 0.054274
         vertex -0.1393 -0.430584 0.0493194
         vertex -0.1393 -0.428564 0.0464753
      endloop
   endfacet
   facet normal 1 2.42786e-15 8.96099e-17
      outer loop
         vertex -0.1393 -0.410572 0.0267617
         vertex -0.1393 -0.410175 0.0278976
         vertex -0.1393 -0.430223 0.0366804
      endloop
   endfacet
   facet normal 1 2.42786e-15 8.96099e-17
      outer loop
         vertex -0.1393 -0.428564 0.0464753
         vertex -0.1393 -0.41111 0.0408069
         vertex -0.1393 -0.427039 0.054274
      endloop
   endfacet
   facet normal 1 2.42786e-15 8.96099e-17
      outer loop
         vertex -0.1393 -0.427039 0.054274
         vertex -0.1393 -0.432136 0.0571008
         vertex -0.1393 -0.433539 0.0511739
      endloop
   endfacet
   facet normal 1 2.42786e-15 8.96099e-17
      outer loop
         vertex -0.1393 -0.430223 0.0366804
         vertex -0.1393 -0.418221 0.0188847
         vertex -0.1393 -0.418074 0.0189068
      endloop
   endfacet
   facet normal 1 2.42786e-15 8.96099e-17
      outer loop
         vertex -0.1393 -0.430223 0.0366804
         vertex -0.1393 -0.410042 0.0284073
         vertex -0.1393 -0.410045 0.0285551
      endloop
   endfacet
   facet normal 1 2.42786e-15 8.96099e-17
      outer loop
         vertex -0.1393 -0.410175 0.0278976
         vertex -0.1393 -0.410094 0.0281873
         vertex -0.1393 -0.430223 0.0366804
      endloop
   endfacet
   facet normal 1 2.42786e-15 8.96099e-17
      outer loop
         vertex -0.1393 -0.433539 0.0511739
         vertex -0.1393 -0.430584 0.0493194
         vertex -0.1393 -0.427039 0.054274
      endloop
   endfacet
   facet normal 1 2.42786e-15 8.96099e-17
      outer loop
         vertex -0.1393 -0.432136 0.0571008
         vertex -0.1393 -0.437927 0.0577709
         vertex -0.1393 -0.436979 0.0517564
      endloop
   endfacet
   facet normal 1 2.42786e-15 8.96099e-17
      outer loop
         vertex -0.1393 -0.430223 0.0366804
         vertex -0.1393 -0.418382 0.0188989
         vertex -0.1393 -0.418221 0.0188847
      endloop
   endfacet
   facet normal 1 2.42786e-15 8.96099e-17
      outer loop
         vertex -0.1393 -0.430223 0.0366804
         vertex -0.1393 -0.410042 0.0284067
         vertex -0.1393 -0.410042 0.0284073
      endloop
   endfacet
   facet normal 1 2.42786e-15 8.96099e-17
      outer loop
         vertex -0.1393 -0.410094 0.0281873
         vertex -0.1393 -0.410059 0.0283333
         vertex -0.1393 -0.430223 0.0366804
      endloop
   endfacet
   facet normal 1 2.42786e-15 8.96099e-17
      outer loop
         vertex -0.1393 -0.436979 0.0517564
         vertex -0.1393 -0.433539 0.0511739
         vertex -0.1393 -0.432136 0.0571008
      endloop
   endfacet
   facet normal 1 2.42786e-15 8.96099e-17
      outer loop
         vertex -0.1393 -0.437927 0.0577709
         vertex -0.1393 -0.443535 0.0561833
         vertex -0.1393 -0.440379 0.0509784
      endloop
   endfacet
   facet normal 1 2.42786e-15 8.96099e-17
      outer loop
         vertex -0.1393 -0.440379 0.0509784
         vertex -0.1393 -0.443535 0.0561833
         vertex -0.1393 -0.444773 0.0552021
      endloop
   endfacet
   facet normal 1 2.42786e-15 8.96099e-17
      outer loop
         vertex -0.1393 -0.450272 0.0486977
         vertex -0.1393 -0.445078 0.0460034
         vertex -0.1393 -0.443223 0.0489582
      endloop
   endfacet
   facet normal 1 2.42786e-15 8.96099e-17
      outer loop
         vertex -0.1393 -0.430479 0.0178975
         vertex -0.1393 -0.436468 0.0338821
         vertex -0.1393 -0.439907 0.0344647
      endloop
   endfacet
   facet normal 1 2.42786e-15 8.96099e-17
      outer loop
         vertex -0.1393 -0.430479 0.0178975
         vertex -0.1393 -0.427549 0.0188315
         vertex -0.1393 -0.433067 0.0346602
      endloop
   endfacet
   facet normal 1 2.42786e-15 8.96099e-17
      outer loop
         vertex -0.1393 -0.430223 0.0366804
         vertex -0.1393 -0.421153 0.0191611
         vertex -0.1393 -0.418382 0.0188989
      endloop
   endfacet
   facet normal 1 2.42786e-15 8.96099e-17
      outer loop
         vertex -0.1393 -0.430223 0.0366804
         vertex -0.1393 -0.433067 0.0346602
         vertex -0.1393 -0.427549 0.0188315
      endloop
   endfacet
   facet normal 1 2.42786e-15 8.96099e-17
      outer loop
         vertex -0.1393 -0.430223 0.0366804
         vertex -0.1393 -0.410085 0.0287106
         vertex -0.1393 -0.411465 0.0351121
      endloop
   endfacet
   facet normal 1 2.42786e-15 8.96099e-17
      outer loop
         vertex -0.1393 -0.410059 0.0283333
         vertex -0.1393 -0.410042 0.0284067
         vertex -0.1393 -0.430223 0.0366804
      endloop
   endfacet
   facet normal 1 2.42786e-15 8.96099e-17
      outer loop
         vertex -0.1393 -0.411162 0.0405923
         vertex -0.1393 -0.427786 0.0430747
         vertex -0.1393 -0.428369 0.0396351
      endloop
   endfacet
   facet normal 1 2.42786e-15 8.96099e-17
      outer loop
         vertex -0.1393 -0.440379 0.0509784
         vertex -0.1393 -0.436979 0.0517564
         vertex -0.1393 -0.437927 0.0577709
      endloop
   endfacet
   facet normal 1 2.42786e-15 8.96099e-17
      outer loop
         vertex -0.1393 -0.443223 0.0489582
         vertex -0.1393 -0.444773 0.0552021
         vertex -0.1393 -0.450272 0.0486977
      endloop
   endfacet
   facet normal 1 2.42786e-15 8.96099e-17
      outer loop
         vertex -0.1393 -0.451034 0.0473137
         vertex -0.1393 -0.451667 0.0415192
         vertex -0.1393 -0.44566 0.0425639
      endloop
   endfacet
   facet normal 1 2.42786e-15 8.96099e-17
      outer loop
         vertex -0.1393 -0.433067 0.0346602
         vertex -0.1393 -0.436468 0.0338821
         vertex -0.1393 -0.430479 0.0178975
      endloop
   endfacet
   facet normal 1 2.42786e-15 8.96099e-17
      outer loop
         vertex -0.1393 -0.427549 0.0188315
         vertex -0.1393 -0.421153 0.0191611
         vertex -0.1393 -0.430223 0.0366804
      endloop
   endfacet
   facet normal 1 2.42786e-15 8.96099e-17
      outer loop
         vertex -0.1393 -0.410045 0.0285551
         vertex -0.1393 -0.410085 0.0287106
         vertex -0.1393 -0.430223 0.0366804
      endloop
   endfacet
   facet normal 1 2.42786e-15 8.96099e-17
      outer loop
         vertex -0.1393 -0.428369 0.0396351
         vertex -0.1393 -0.411465 0.0351121
         vertex -0.1393 -0.411162 0.0405923
      endloop
   endfacet
   facet normal 1 2.42786e-15 8.96099e-17
      outer loop
         vertex -0.1393 -0.444773 0.0552021
         vertex -0.1393 -0.443223 0.0489582
         vertex -0.1393 -0.440379 0.0509784
      endloop
   endfacet
   facet normal 1 2.42786e-15 8.96099e-17
      outer loop
         vertex -0.1393 -0.445078 0.0460034
         vertex -0.1393 -0.450272 0.0486977
         vertex -0.1393 -0.451034 0.0473137
      endloop
   endfacet
   facet normal 1 2.42786e-15 8.96099e-17
      outer loop
         vertex -0.1393 -0.450043 0.035921
         vertex -0.1393 -0.446408 0.0313645
         vertex -0.1393 -0.442862 0.0363192
      endloop
   endfacet
   facet normal 1 2.42786e-15 8.96099e-17
      outer loop
         vertex -0.1393 -0.418074 0.0189068
         vertex -0.1393 -0.414411 0.0212343
         vertex -0.1393 -0.430223 0.0366804
      endloop
   endfacet
   facet normal 1 2.42786e-15 8.96099e-17
      outer loop
         vertex -0.1393 -0.411162 0.0405923
         vertex -0.1393 -0.41111 0.0408069
         vertex -0.1393 -0.427786 0.0430747
      endloop
   endfacet
   facet normal 1 2.42786e-15 8.96099e-17
      outer loop
         vertex -0.1393 -0.44566 0.0425639
         vertex -0.1393 -0.445078 0.0460034
         vertex -0.1393 -0.451034 0.0473137
      endloop
   endfacet
   facet normal 1 2.42786e-15 8.96099e-17
      outer loop
         vertex -0.1393 -0.451667 0.0415192
         vertex -0.1393 -0.450043 0.035921
         vertex -0.1393 -0.444882 0.0391632
      endloop
   endfacet
   facet normal 1 2.42786e-15 8.96099e-17
      outer loop
         vertex -0.1393 -0.446408 0.0313645
         vertex -0.1393 -0.439907 0.0344647
         vertex -0.1393 -0.442862 0.0363192
      endloop
   endfacet
   facet normal 1 2.42786e-15 8.96099e-17
      outer loop
         vertex -0.1393 -0.411465 0.0351121
         vertex -0.1393 -0.428369 0.0396351
         vertex -0.1393 -0.430223 0.0366804
      endloop
   endfacet
   facet normal 1 2.42786e-15 8.96099e-17
      outer loop
         vertex -0.1393 -0.444882 0.0391632
         vertex -0.1393 -0.44566 0.0425639
         vertex -0.1393 -0.451667 0.0415192
      endloop
   endfacet
   facet normal 1 2.42786e-15 8.96099e-17
      outer loop
         vertex -0.1393 -0.439907 0.0344647
         vertex -0.1393 -0.446408 0.0313645
         vertex -0.1393 -0.430479 0.0178975
      endloop
   endfacet
   facet normal 1 2.42786e-15 8.96099e-17
      outer loop
         vertex -0.1393 -0.442862 0.0363192
         vertex -0.1393 -0.444882 0.0391632
         vertex -0.1393 -0.450043 0.035921
      endloop
   endfacet
   facet normal 1 2.42786e-15 8.96099e-17
      outer loop
         vertex -0.1393 -0.428564 0.0464753
         vertex -0.1393 -0.427786 0.0430747
         vertex -0.1393 -0.41111 0.0408069
      endloop
   endfacet
   facet normal 2.64369e-15 -0.645632 -0.763649
      outer loop
         vertex -0.155 -0.416626 0.00618509
         vertex -0.150363 -0.41827 0.00853703
         vertex -0.152621 -0.419838 0.0091494
      endloop
   endfacet
   facet normal 0.382683 -0.596486 -0.70552
      outer loop
         vertex -0.14926 -0.415888 0.00705703
         vertex -0.14931 -0.41748 0.00853893
         vertex -0.150363 -0.41827 0.00853703
      endloop
   endfacet
   facet normal 0.309103 -0.614014 -0.726252
      outer loop
         vertex -0.150363 -0.41827 0.00853703
         vertex -0.155 -0.416626 0.00618509
         vertex -0.14926 -0.415888 0.00705703
      endloop
   endfacet
   facet normal -0.382683 -0.596486 -0.70552
      outer loop
         vertex -0.16074 -0.415888 0.00705703
         vertex -0.155 -0.416626 0.00618509
         vertex -0.159637 -0.41827 0.00853703
      endloop
   endfacet
   facet normal 2.64369e-15 -0.645632 -0.763649
      outer loop
         vertex -0.155 -0.416626 0.00618509
         vertex -0.155 -0.419838 0.0091494
         vertex -0.157379 -0.419838 0.0091494
      endloop
   endfacet
   facet normal -0.158628 -0.637457 -0.75398
      outer loop
         vertex -0.157379 -0.419838 0.0091494
         vertex -0.159637 -0.41827 0.00853703
         vertex -0.155 -0.416626 0.00618509
      endloop
   endfacet
   facet normal -0.707107 -0.45653 -0.539981
      outer loop
         vertex -0.165607 -0.413789 0.0095401
         vertex -0.16074 -0.415888 0.00705703
         vertex -0.16334 -0.415494 0.00854371
      endloop
   endfacet
   facet normal -0.55597 -0.53665 -0.634747
      outer loop
         vertex -0.16334 -0.415494 0.00854371
         vertex -0.165498 -0.41396 0.00954377
         vertex -0.165607 -0.413789 0.0095401
      endloop
   endfacet
   facet normal -0.382683 -0.596486 -0.70552
      outer loop
         vertex -0.16074 -0.415888 0.00705703
         vertex -0.16069 -0.41748 0.00853893
         vertex -0.16334 -0.415494 0.00854371
      endloop
   endfacet
   facet normal -0.707107 -0.45653 -0.539981
      outer loop
         vertex -0.165607 -0.413789 0.0095401
         vertex -0.165603 -0.413889 0.00962839
         vertex -0.166214 -0.413474 0.0101183
      endloop
   endfacet
   facet normal -0.747619 -0.428782 -0.507161
      outer loop
         vertex -0.166214 -0.413474 0.0101183
         vertex -0.168858 -0.410647 0.0132563
         vertex -0.165607 -0.413789 0.0095401
      endloop
   endfacet
   facet normal -0.747619 -0.428782 -0.507161
      outer loop
         vertex -0.166214 -0.413474 0.0101183
         vertex -0.167521 -0.412594 0.0116027
         vertex -0.168858 -0.410647 0.0132563
      endloop
   endfacet
   facet normal -1 -2.56669e-15 -2.09005e-16
      outer loop
         vertex -0.17 -0.406941 0.0176398
         vertex -0.169594 -0.411046 0.0165687
         vertex -0.17 -0.409548 0.0196978
      endloop
   endfacet
   facet normal -0.92388 -0.247072 -0.292236
      outer loop
         vertex -0.168858 -0.410647 0.0132563
         vertex -0.16865 -0.411751 0.0143071
         vertex -0.169594 -0.411046 0.0165687
      endloop
   endfacet
   facet normal -0.972906 -0.149271 -0.176557
      outer loop
         vertex -0.169594 -0.411046 0.0165687
         vertex -0.17 -0.406941 0.0176398
         vertex -0.168858 -0.410647 0.0132563
      endloop
   endfacet
   facet normal -0.92388 0.247072 0.292236
      outer loop
         vertex -0.168858 -0.403235 0.0220234
         vertex -0.17 -0.406941 0.0176398
         vertex -0.169647 -0.406792 0.0217511
      endloop
   endfacet
   facet normal -1 -2.56669e-15 -2.09005e-16
      outer loop
         vertex -0.17 -0.406941 0.0176398
         vertex -0.169988 -0.409457 0.0197655
         vertex -0.169647 -0.406792 0.0217511
      endloop
   endfacet
   facet normal -0.707107 0.45653 0.539981
      outer loop
         vertex -0.165607 -0.400093 0.0257395
         vertex -0.168858 -0.403235 0.0220234
         vertex -0.166214 -0.400611 0.0253331
      endloop
   endfacet
   facet normal -0.92388 0.247072 0.292236
      outer loop
         vertex -0.168858 -0.403235 0.0220234
         vertex -0.167901 -0.402472 0.0238822
         vertex -0.166214 -0.400611 0.0253331
      endloop
   endfacet
   facet normal -0.92388 0.247072 0.292236
      outer loop
         vertex -0.168858 -0.403235 0.0220234
         vertex -0.168684 -0.40441 0.0229263
         vertex -0.167901 -0.402472 0.0238822
      endloop
   endfacet
   facet normal -0.707107 0.45653 0.539981
      outer loop
         vertex -0.165607 -0.400093 0.0257395
         vertex -0.165498 -0.400125 0.0259077
         vertex -0.16334 -0.399394 0.0275861
      endloop
   endfacet
   facet normal -0.707107 0.45653 0.539981
      outer loop
         vertex -0.165607 -0.400093 0.0257395
         vertex -0.165603 -0.400197 0.0258231
         vertex -0.165498 -0.400125 0.0259077
      endloop
   endfacet
   facet normal -0.55597 0.53665 0.634747
      outer loop
         vertex -0.16334 -0.399394 0.0275861
         vertex -0.16074 -0.397994 0.0282226
         vertex -0.165607 -0.400093 0.0257395
      endloop
   endfacet
   facet normal -1.50716e-14 0.645632 0.763649
      outer loop
         vertex -0.155 -0.397257 0.0290946
         vertex -0.159637 -0.399849 0.0303246
         vertex -0.155018 -0.40193 0.0330454
      endloop
   endfacet
   facet normal -0.382683 0.596486 0.70552
      outer loop
         vertex -0.16074 -0.397994 0.0282226
         vertex -0.16069 -0.39972 0.0295454
         vertex -0.159637 -0.399849 0.0303246
      endloop
   endfacet
   facet normal -0.309103 0.614014 0.726252
      outer loop
         vertex -0.159637 -0.399849 0.0303246
         vertex -0.155 -0.397257 0.0290946
         vertex -0.16074 -0.397994 0.0282226
      endloop
   endfacet
   facet normal 0.382683 0.596486 0.70552
      outer loop
         vertex -0.14926 -0.397994 0.0282226
         vertex -0.155 -0.397257 0.0290946
         vertex -0.150363 -0.399849 0.0303246
      endloop
   endfacet
   facet normal -1.50716e-14 0.645632 0.763649
      outer loop
         vertex -0.155 -0.397257 0.0290946
         vertex -0.155 -0.40194 0.0330543
         vertex -0.154982 -0.40193 0.0330454
      endloop
   endfacet
   facet normal 0.00121716 0.645631 0.763649
      outer loop
         vertex -0.154982 -0.40193 0.0330454
         vertex -0.150363 -0.399849 0.0303246
         vertex -0.155 -0.397257 0.0290946
      endloop
   endfacet
   facet normal 0.707107 0.45653 0.539981
      outer loop
         vertex -0.144393 -0.400093 0.0257395
         vertex -0.14926 -0.397994 0.0282226
         vertex -0.14666 -0.399394 0.0275861
      endloop
   endfacet
   facet normal 0.55597 0.53665 0.634747
      outer loop
         vertex -0.14666 -0.399394 0.0275861
         vertex -0.144502 -0.400125 0.0259077
         vertex -0.144393 -0.400093 0.0257395
      endloop
   endfacet
   facet normal 0.382683 0.596486 0.70552
      outer loop
         vertex -0.14926 -0.397994 0.0282226
         vertex -0.14931 -0.39972 0.0295454
         vertex -0.14666 -0.399394 0.0275861
      endloop
   endfacet
   facet normal 0.707107 0.45653 0.539981
      outer loop
         vertex -0.144393 -0.400093 0.0257395
         vertex -0.144397 -0.400197 0.0258231
         vertex -0.143786 -0.400611 0.0253331
      endloop
   endfacet
   facet normal 0.747619 0.428782 0.507161
      outer loop
         vertex -0.143786 -0.400611 0.0253331
         vertex -0.141142 -0.403235 0.0220234
         vertex -0.144393 -0.400093 0.0257395
      endloop
   endfacet
   facet normal 0.747619 0.428782 0.507161
      outer loop
         vertex -0.143786 -0.400611 0.0253331
         vertex -0.142479 -0.401928 0.0242177
         vertex -0.141142 -0.403235 0.0220234
      endloop
   endfacet
   facet normal 1 3.06106e-15 7.93742e-16
      outer loop
         vertex -0.14 -0.406941 0.0176398
         vertex -0.140406 -0.406568 0.0218654
         vertex -0.14 -0.409404 0.0198681
      endloop
   endfacet
   facet normal 0.92388 0.247072 0.292236
      outer loop
         vertex -0.141142 -0.403235 0.0220234
         vertex -0.14135 -0.404455 0.0229367
         vertex -0.140406 -0.406568 0.0218654
      endloop
   endfacet
   facet normal 0.972906 0.149271 0.176557
      outer loop
         vertex -0.140406 -0.406568 0.0218654
         vertex -0.14 -0.406941 0.0176398
         vertex -0.141142 -0.403235 0.0220234
      endloop
   endfacet
   facet normal 0.92388 -0.247072 -0.292236
      outer loop
         vertex -0.141142 -0.410647 0.0132563
         vertex -0.14 -0.406941 0.0176398
         vertex -0.140353 -0.41097 0.0168089
      endloop
   endfacet
   facet normal 1 3.06106e-15 7.93742e-16
      outer loop
         vertex -0.14 -0.406941 0.0176398
         vertex -0.140012 -0.409456 0.0197674
         vertex -0.140353 -0.41097 0.0168089
      endloop
   endfacet
   facet normal 0.707107 -0.45653 -0.539981
      outer loop
         vertex -0.144393 -0.413789 0.0095401
         vertex -0.141142 -0.410647 0.0132563
         vertex -0.143786 -0.413474 0.0101183
      endloop
   endfacet
   facet normal 0.92388 -0.247072 -0.292236
      outer loop
         vertex -0.141142 -0.410647 0.0132563
         vertex -0.142099 -0.412353 0.0121946
         vertex -0.143786 -0.413474 0.0101183
      endloop
   endfacet
   facet normal 0.92388 -0.247072 -0.292236
      outer loop
         vertex -0.141142 -0.410647 0.0132563
         vertex -0.141316 -0.411733 0.0142645
         vertex -0.142099 -0.412353 0.0121946
      endloop
   endfacet
   facet normal 0.707107 -0.45653 -0.539981
      outer loop
         vertex -0.144393 -0.413789 0.0095401
         vertex -0.144502 -0.41396 0.00954377
         vertex -0.14666 -0.415494 0.00854371
      endloop
   endfacet
   facet normal 0.707107 -0.45653 -0.539981
      outer loop
         vertex -0.144393 -0.413789 0.0095401
         vertex -0.144397 -0.413889 0.00962839
         vertex -0.144502 -0.41396 0.00954377
      endloop
   endfacet
   facet normal 0.55597 -0.53665 -0.634747
      outer loop
         vertex -0.14666 -0.415494 0.00854371
         vertex -0.14926 -0.415888 0.00705703
         vertex -0.144393 -0.413789 0.0095401
      endloop
   endfacet
   facet normal 0.55597 -0.53665 -0.634747
      outer loop
         vertex -0.14666 -0.415494 0.00854371
         vertex -0.14931 -0.41748 0.00853893
         vertex -0.14926 -0.415888 0.00705703
      endloop
   endfacet
   facet normal 0.747619 -0.428782 -0.507161
      outer loop
         vertex -0.143786 -0.413474 0.0101183
         vertex -0.144397 -0.413889 0.00962839
         vertex -0.144393 -0.413789 0.0095401
      endloop
   endfacet
   facet normal 0.976453 -0.139281 -0.164741
      outer loop
         vertex -0.140353 -0.41097 0.0168089
         vertex -0.141316 -0.411733 0.0142645
         vertex -0.141142 -0.410647 0.0132563
      endloop
   endfacet
   facet normal 0.999972 0.0047994 0.00567671
      outer loop
         vertex -0.14 -0.409404 0.0198681
         vertex -0.140012 -0.409456 0.0197674
         vertex -0.14 -0.406941 0.0176398
      endloop
   endfacet
   facet normal 0.834738 0.355515 0.420501
      outer loop
         vertex -0.142479 -0.401928 0.0242177
         vertex -0.14135 -0.404455 0.0229367
         vertex -0.141142 -0.403235 0.0220234
      endloop
   endfacet
   facet normal 0.699854 0.461165 0.545464
      outer loop
         vertex -0.144502 -0.400125 0.0259077
         vertex -0.144397 -0.400197 0.0258231
         vertex -0.144393 -0.400093 0.0257395
      endloop
   endfacet
   facet normal 0.309103 0.614014 0.726252
      outer loop
         vertex -0.150363 -0.399849 0.0303246
         vertex -0.14931 -0.39972 0.0295454
         vertex -0.14926 -0.397994 0.0282226
      endloop
   endfacet
   facet normal -0.00121716 0.645631 0.763649
      outer loop
         vertex -0.155018 -0.40193 0.0330454
         vertex -0.155 -0.40194 0.0330543
         vertex -0.155 -0.397257 0.0290946
      endloop
   endfacet
   facet normal -0.55597 0.53665 0.634747
      outer loop
         vertex -0.16334 -0.399394 0.0275861
         vertex -0.16069 -0.39972 0.0295454
         vertex -0.16074 -0.397994 0.0282226
      endloop
   endfacet
   facet normal -0.747619 0.428782 0.507161
      outer loop
         vertex -0.166214 -0.400611 0.0253331
         vertex -0.165603 -0.400197 0.0258231
         vertex -0.165607 -0.400093 0.0257395
      endloop
   endfacet
   facet normal -0.976453 0.139281 0.164741
      outer loop
         vertex -0.169647 -0.406792 0.0217511
         vertex -0.168684 -0.40441 0.0229263
         vertex -0.168858 -0.403235 0.0220234
      endloop
   endfacet
   facet normal -0.999972 -0.0047994 -0.00567671
      outer loop
         vertex -0.17 -0.409548 0.0196978
         vertex -0.169988 -0.409457 0.0197655
         vertex -0.17 -0.406941 0.0176398
      endloop
   endfacet
   facet normal -0.834738 -0.355515 -0.420501
      outer loop
         vertex -0.167521 -0.412594 0.0116027
         vertex -0.16865 -0.411751 0.0143071
         vertex -0.168858 -0.410647 0.0132563
      endloop
   endfacet
   facet normal -0.699854 -0.461165 -0.545464
      outer loop
         vertex -0.165498 -0.41396 0.00954377
         vertex -0.165603 -0.413889 0.00962839
         vertex -0.165607 -0.413789 0.0095401
      endloop
   endfacet
   facet normal -0.309103 -0.614014 -0.726252
      outer loop
         vertex -0.159637 -0.41827 0.00853703
         vertex -0.16069 -0.41748 0.00853893
         vertex -0.16074 -0.415888 0.00705703
      endloop
   endfacet
   facet normal 0.158628 -0.637457 -0.75398
      outer loop
         vertex -0.152621 -0.419838 0.0091494
         vertex -0.155 -0.419838 0.0091494
         vertex -0.155 -0.416626 0.00618509
      endloop
   endfacet
   facet normal 0.699854 0.461165 0.545464
      outer loop
         vertex -0.144502 -0.400125 0.0259077
         vertex -0.14666 -0.399394 0.0275861
         vertex -0.146142 -0.400741 0.0287094
      endloop
   endfacet
   facet normal 0.469588 0.761053 0.447532
      outer loop
         vertex -0.146142 -0.400741 0.0287094
         vertex -0.144183 -0.401668 0.0276392
         vertex -0.144213 -0.401519 0.0274723
      endloop
   endfacet
   facet normal 0.469588 0.761053 0.447532
      outer loop
         vertex -0.146142 -0.400741 0.0287094
         vertex -0.14666 -0.399394 0.0275861
         vertex -0.14931 -0.39972 0.0295454
      endloop
   endfacet
   facet normal 0.374195 0.609995 0.698487
      outer loop
         vertex -0.14931 -0.39972 0.0295454
         vertex -0.149946 -0.400569 0.0308685
         vertex -0.146142 -0.400741 0.0287094
      endloop
   endfacet
   facet normal 0.469588 0.761053 0.447532
      outer loop
         vertex -0.146142 -0.400741 0.0287094
         vertex -0.149946 -0.400569 0.0308685
         vertex -0.14949 -0.401167 0.031517
      endloop
   endfacet
   facet normal 0.239565 0.733907 0.635602
      outer loop
         vertex -0.149946 -0.400569 0.0308685
         vertex -0.150363 -0.399849 0.0303246
         vertex -0.154982 -0.40193 0.0330454
      endloop
   endfacet
   facet normal 0.239565 0.733907 0.635602
      outer loop
         vertex -0.149946 -0.400569 0.0308685
         vertex -0.15498 -0.401932 0.0330476
         vertex -0.154978 -0.401935 0.0330498
      endloop
   endfacet
   facet normal 0.163456 0.83367 0.527519
      outer loop
         vertex -0.14949 -0.401167 0.031517
         vertex -0.154978 -0.401935 0.0330498
         vertex -0.154976 -0.401938 0.033052
      endloop
   endfacet
   facet normal 0.0828645 0.910568 0.404967
      outer loop
         vertex -0.149006 -0.401629 0.0322523
         vertex -0.154976 -0.401938 0.033052
         vertex -0.154974 -0.40194 0.0330543
      endloop
   endfacet
   facet normal 0.0828645 0.910568 0.404967
      outer loop
         vertex -0.149006 -0.401629 0.0322523
         vertex -0.148509 -0.40194 0.0330543
         vertex -0.1483 -0.40194 0.0330543
      endloop
   endfacet
   facet normal 0.339596 0.914779 0.218756
      outer loop
         vertex -0.145362 -0.401663 0.0300821
         vertex -0.14949 -0.401167 0.031517
         vertex -0.146238 -0.401617 0.0309534
      endloop
   endfacet
   facet normal 0.163456 0.83367 0.527519
      outer loop
         vertex -0.14949 -0.401167 0.031517
         vertex -0.149006 -0.401629 0.0322523
         vertex -0.14703 -0.401741 0.0317607
      endloop
   endfacet
   facet normal 0.120446 0.966062 0.228509
      outer loop
         vertex -0.14703 -0.401741 0.0317607
         vertex -0.146238 -0.401617 0.0309534
         vertex -0.14949 -0.401167 0.031517
      endloop
   endfacet
   facet normal 0.339596 0.914779 0.218756
      outer loop
         vertex -0.145362 -0.401663 0.0300821
         vertex -0.145242 -0.401889 0.0303238
         vertex -0.144854 -0.401996 0.0300785
      endloop
   endfacet
   facet normal 0.646581 0.718297 0.25687
      outer loop
         vertex -0.144183 -0.401668 0.0276392
         vertex -0.146142 -0.400741 0.0287094
         vertex -0.145362 -0.401663 0.0300821
      endloop
   endfacet
   facet normal 0.339596 0.914779 0.218756
      outer loop
         vertex -0.145362 -0.401663 0.0300821
         vertex -0.144322 -0.402142 0.0297419
         vertex -0.144183 -0.401668 0.0276392
      endloop
   endfacet
   facet normal 0.409339 0.907976 0.0895613
      outer loop
         vertex -0.144322 -0.402142 0.0297419
         vertex -0.144161 -0.402186 0.0296402
         vertex -0.144183 -0.401668 0.0276392
      endloop
   endfacet
   facet normal 0.432356 0.898578 0.0750129
      outer loop
         vertex -0.144161 -0.402186 0.0296402
         vertex -0.143719 -0.402307 0.0293611
         vertex -0.144183 -0.401668 0.0276392
      endloop
   endfacet
   facet normal 0.493579 0.869293 0.0266375
      outer loop
         vertex -0.143719 -0.402307 0.0293611
         vertex -0.143502 -0.402434 0.029197
         vertex -0.144183 -0.401668 0.0276392
      endloop
   endfacet
   facet normal 0.351234 0.925428 0.142187
      outer loop
         vertex -0.144854 -0.401996 0.0300785
         vertex -0.144322 -0.402142 0.0297419
         vertex -0.145362 -0.401663 0.0300821
      endloop
   endfacet
   facet normal 0.229111 0.94096 0.249204
      outer loop
         vertex -0.146238 -0.401617 0.0309534
         vertex -0.145242 -0.401889 0.0303238
         vertex -0.145362 -0.401663 0.0300821
      endloop
   endfacet
   facet normal 4.62593e-14 0.967793 0.251749
      outer loop
         vertex -0.1483 -0.40194 0.0330543
         vertex -0.14703 -0.401741 0.0317607
         vertex -0.149006 -0.401629 0.0322523
      endloop
   endfacet
   facet normal 1.0177e-13 0.647369 0.762177
      outer loop
         vertex -0.154974 -0.40194 0.0330543
         vertex -0.154976 -0.401938 0.033052
         vertex -0.155 -0.40194 0.0330543
      endloop
   endfacet
   facet normal 0.000304291 0.646935 0.762545
      outer loop
         vertex -0.154976 -0.401938 0.033052
         vertex -0.154978 -0.401935 0.0330498
         vertex -0.155 -0.40194 0.0330543
      endloop
   endfacet
   facet normal 0.000608581 0.6465 0.762913
      outer loop
         vertex -0.154978 -0.401935 0.0330498
         vertex -0.15498 -0.401932 0.0330476
         vertex -0.155 -0.40194 0.0330543
      endloop
   endfacet
   facet normal 0.000912871 0.646066 0.763281
      outer loop
         vertex -0.15498 -0.401932 0.0330476
         vertex -0.154982 -0.40193 0.0330454
         vertex -0.155 -0.40194 0.0330543
      endloop
   endfacet
   facet normal 1.0177e-13 0.647369 0.762177
      outer loop
         vertex -0.154974 -0.40194 0.0330543
         vertex -0.148509 -0.40194 0.0330543
         vertex -0.149006 -0.401629 0.0322523
      endloop
   endfacet
   facet normal 0.000304291 0.646935 0.762545
      outer loop
         vertex -0.154976 -0.401938 0.033052
         vertex -0.149006 -0.401629 0.0322523
         vertex -0.14949 -0.401167 0.031517
      endloop
   endfacet
   facet normal 0.000608581 0.6465 0.762913
      outer loop
         vertex -0.154978 -0.401935 0.0330498
         vertex -0.14949 -0.401167 0.031517
         vertex -0.149946 -0.400569 0.0308685
      endloop
   endfacet
   facet normal 0.00121716 0.645631 0.763649
      outer loop
         vertex -0.154982 -0.40193 0.0330454
         vertex -0.15498 -0.401932 0.0330476
         vertex -0.149946 -0.400569 0.0308685
      endloop
   endfacet
   facet normal 0.163456 0.83367 0.527519
      outer loop
         vertex -0.14949 -0.401167 0.031517
         vertex -0.145362 -0.401663 0.0300821
         vertex -0.146142 -0.400741 0.0287094
      endloop
   endfacet
   facet normal 0.374195 0.609995 0.698487
      outer loop
         vertex -0.14931 -0.39972 0.0295454
         vertex -0.150363 -0.399849 0.0303246
         vertex -0.149946 -0.400569 0.0308685
      endloop
   endfacet
   facet normal 0.469588 0.761053 0.447532
      outer loop
         vertex -0.146142 -0.400741 0.0287094
         vertex -0.144213 -0.401519 0.0274723
         vertex -0.144502 -0.400125 0.0259077
      endloop
   endfacet
   facet normal 0.737291 0.67535 0.017447
      outer loop
         vertex -0.141664 -0.403957 0.0282703
         vertex -0.141791 -0.403914 0.0290722
         vertex -0.141458 -0.404202 0.0290479
      endloop
   endfacet
   facet normal 0.727702 0.685893 0.000875044
      outer loop
         vertex -0.141791 -0.403914 0.0290722
         vertex -0.141664 -0.403957 0.0282703
         vertex -0.1429 -0.402837 0.028245
      endloop
   endfacet
   facet normal 0.6 0.799702 0.0218447
      outer loop
         vertex -0.1429 -0.402837 0.028245
         vertex -0.143502 -0.402434 0.029197
         vertex -0.141791 -0.403914 0.0290722
      endloop
   endfacet
   facet normal 0.767528 0.640809 0.016262
      outer loop
         vertex -0.141443 -0.404312 0.0282783
         vertex -0.141458 -0.404202 0.0290479
         vertex -0.141207 -0.404513 0.0290217
      endloop
   endfacet
   facet normal 0.788329 0.615251 0.00181102
      outer loop
         vertex -0.141207 -0.404513 0.0290217
         vertex -0.141106 -0.404853 0.0282905
         vertex -0.141443 -0.404312 0.0282783
      endloop
   endfacet
   facet normal 0.811789 0.583772 0.0144383
      outer loop
         vertex -0.141106 -0.404853 0.0282905
         vertex -0.141142 -0.404593 0.0290149
         vertex -0.140494 -0.405743 0.0289179
      endloop
   endfacet
   facet normal 0.811789 0.583772 0.0144383
      outer loop
         vertex -0.141106 -0.404853 0.0282905
         vertex -0.141207 -0.404513 0.0290217
         vertex -0.141142 -0.404593 0.0290149
      endloop
   endfacet
   facet normal 0.930701 0.365768 0.0030989
      outer loop
         vertex -0.139924 -0.406756 0.0288325
         vertex -0.139924 -0.406748 0.0283333
         vertex -0.140343 -0.406076 0.0283181
      endloop
   endfacet
   facet normal 0.930714 0.365657 0.00818808
      outer loop
         vertex -0.139924 -0.406748 0.0283333
         vertex -0.139924 -0.406756 0.0288325
         vertex -0.139844 -0.407177 0.028797
      endloop
   endfacet
   facet normal 0.9473 0.320335 0.00298815
      outer loop
         vertex -0.139844 -0.407177 0.028797
         vertex -0.139825 -0.40727 0.028345
         vertex -0.139924 -0.406748 0.0283333
      endloop
   endfacet
   facet normal 0.895124 0.445698 0.0103351
      outer loop
         vertex -0.140343 -0.406076 0.0283181
         vertex -0.140494 -0.405743 0.0289179
         vertex -0.139924 -0.406756 0.0288325
      endloop
   endfacet
   facet normal 0.950885 0.309469 0.00675296
      outer loop
         vertex -0.139825 -0.40727 0.028345
         vertex -0.139844 -0.407177 0.028797
         vertex -0.13972 -0.407831 0.0287418
      endloop
   endfacet
   facet normal 1 0 0
      outer loop
         vertex -0.1393 -0.410045 0.0285551
         vertex -0.1393 -0.410042 0.0284073
         vertex -0.139686 -0.408005 0.0283615
      endloop
   endfacet
   facet normal 0.973204 0.229894 0.00481889
      outer loop
         vertex -0.139686 -0.408005 0.0283615
         vertex -0.13972 -0.407831 0.0287418
         vertex -0.1393 -0.410045 0.0285551
      endloop
   endfacet
   facet normal 0.968233 0.250036 0.00270026
      outer loop
         vertex -0.13972 -0.407831 0.0287418
         vertex -0.139686 -0.408005 0.0283615
         vertex -0.139825 -0.40727 0.028345
      endloop
   endfacet
   facet normal 0.875669 0.482903 0.00294687
      outer loop
         vertex -0.140494 -0.405743 0.0289179
         vertex -0.140343 -0.406076 0.0283181
         vertex -0.141106 -0.404853 0.0282905
      endloop
   endfacet
   facet normal 0.760193 0.649696 0.00135805
      outer loop
         vertex -0.141458 -0.404202 0.0290479
         vertex -0.141443 -0.404312 0.0282783
         vertex -0.141664 -0.403957 0.0282703
      endloop
   endfacet
   facet normal 0.975178 0.214042 0.0566869
      outer loop
         vertex -0.139523 -0.408159 0.0292208
         vertex -0.140166 -0.406806 0.0300228
         vertex -0.14093 -0.406324 0.0356195
      endloop
   endfacet
   facet normal 1 0 0
      outer loop
         vertex -0.1393 -0.411465 0.0351121
         vertex -0.1393 -0.410085 0.0287106
         vertex -0.139523 -0.408159 0.0292208
      endloop
   endfacet
   facet normal 0.229111 0.94096 0.249204
      outer loop
         vertex -0.146238 -0.401617 0.0309534
         vertex -0.146812 -0.402104 0.0331924
         vertex -0.146259 -0.402308 0.0333654
      endloop
   endfacet
   facet normal 0.165285 0.955602 0.243938
      outer loop
         vertex -0.146812 -0.402104 0.0331924
         vertex -0.146238 -0.401617 0.0309534
         vertex -0.14703 -0.401741 0.0317607
      endloop
   endfacet
   facet normal 0.141953 0.953925 0.264341
      outer loop
         vertex -0.14703 -0.401741 0.0317607
         vertex -0.1483 -0.40194 0.0330543
         vertex -0.146812 -0.402104 0.0331924
      endloop
   endfacet
   facet normal 0.380828 0.901455 0.205788
      outer loop
         vertex -0.144873 -0.402821 0.0337991
         vertex -0.143336 -0.403105 0.0309134
         vertex -0.144447 -0.402379 0.0308204
      endloop
   endfacet
   facet normal 0.609395 0.783822 0.119422
      outer loop
         vertex -0.142815 -0.404264 0.0350187
         vertex -0.141261 -0.404712 0.0301468
         vertex -0.143336 -0.403105 0.0309134
      endloop
   endfacet
   facet normal 0.62701 0.75305 0.199438
      outer loop
         vertex -0.143336 -0.403105 0.0309134
         vertex -0.144873 -0.402821 0.0337991
         vertex -0.142815 -0.404264 0.0350187
      endloop
   endfacet
   facet normal 0.901945 0.417459 0.11056
      outer loop
         vertex -0.140166 -0.406806 0.0300228
         vertex -0.141261 -0.404712 0.0301468
         vertex -0.142691 -0.404424 0.0351545
      endloop
   endfacet
   facet normal 0.626076 0.771945 0.110134
      outer loop
         vertex -0.142691 -0.404424 0.0351545
         vertex -0.14214 -0.405133 0.0357541
         vertex -0.140166 -0.406806 0.0300228
      endloop
   endfacet
   facet normal 0.953636 0.299508 0.0295619
      outer loop
         vertex -0.139717 -0.40877 0.0353781
         vertex -0.14093 -0.406324 0.0356195
         vertex -0.141208 -0.406335 0.0367696
      endloop
   endfacet
   facet normal 0.806802 0.590689 0.0125051
      outer loop
         vertex -0.141208 -0.406335 0.0367696
         vertex -0.140168 -0.407674 0.0379016
         vertex -0.139717 -0.40877 0.0353781
      endloop
   endfacet
   facet normal 1 0 0
      outer loop
         vertex -0.1393 -0.411465 0.0351121
         vertex -0.139717 -0.40877 0.0353781
         vertex -0.139949 -0.408542 0.0386357
      endloop
   endfacet
   facet normal 0.946658 0.320189 -0.0363097
      outer loop
         vertex -0.139949 -0.408542 0.0386357
         vertex -0.139374 -0.410816 0.0405583
         vertex -0.1393 -0.411465 0.0351121
      endloop
   endfacet
   facet normal 1 0 0
      outer loop
         vertex -0.1393 -0.410085 0.0287106
         vertex -0.1393 -0.410045 0.0285551
         vertex -0.139612 -0.408172 0.0290881
      endloop
   endfacet
   facet normal 0.975178 0.214042 0.0566869
      outer loop
         vertex -0.139523 -0.408159 0.0292208
         vertex -0.139612 -0.408172 0.0290881
         vertex -0.139752 -0.407335 0.0293265
      endloop
   endfacet
   facet normal 0.786538 0.597274 0.156917
      outer loop
         vertex -0.141227 -0.4047 0.0300759
         vertex -0.141261 -0.404712 0.0301468
         vertex -0.140166 -0.406806 0.0300228
      endloop
   endfacet
   facet normal 0.901945 0.417459 0.11056
      outer loop
         vertex -0.140166 -0.406806 0.0300228
         vertex -0.139752 -0.407335 0.0293265
         vertex -0.139821 -0.407211 0.0293617
      endloop
   endfacet
   facet normal 0.783936 0.600151 0.158944
      outer loop
         vertex -0.141261 -0.404712 0.0301468
         vertex -0.141243 -0.40467 0.0300844
         vertex -0.142357 -0.403702 0.03036
      endloop
   endfacet
   facet normal 0.669576 0.718231 0.189242
      outer loop
         vertex -0.142357 -0.403702 0.03036
         vertex -0.143336 -0.403105 0.0309134
         vertex -0.141261 -0.404712 0.0301468
      endloop
   endfacet
   facet normal 0.783936 0.600151 0.158944
      outer loop
         vertex -0.141261 -0.404712 0.0301468
         vertex -0.141227 -0.4047 0.0300759
         vertex -0.141243 -0.40467 0.0300844
      endloop
   endfacet
   facet normal 0.62701 0.75305 0.199438
      outer loop
         vertex -0.143336 -0.403105 0.0309134
         vertex -0.143447 -0.402752 0.0306302
         vertex -0.144381 -0.402372 0.0307383
      endloop
   endfacet
   facet normal 0.438956 0.868564 0.23003
      outer loop
         vertex -0.144447 -0.402379 0.0308204
         vertex -0.144381 -0.402372 0.0307383
         vertex -0.144856 -0.402179 0.0307933
      endloop
   endfacet
   facet normal 0.388192 0.89094 0.235654
      outer loop
         vertex -0.144856 -0.402179 0.0307933
         vertex -0.146238 -0.401617 0.0309534
         vertex -0.144447 -0.402379 0.0308204
      endloop
   endfacet
   facet normal 0.440381 0.867989 0.229475
      outer loop
         vertex -0.144381 -0.402372 0.0307383
         vertex -0.144447 -0.402379 0.0308204
         vertex -0.143336 -0.403105 0.0309134
      endloop
   endfacet
   facet normal 0.669576 0.718231 0.189242
      outer loop
         vertex -0.142357 -0.403702 0.03036
         vertex -0.143447 -0.402752 0.0306302
         vertex -0.143336 -0.403105 0.0309134
      endloop
   endfacet
   facet normal 0.901945 0.417459 0.11056
      outer loop
         vertex -0.140166 -0.406806 0.0300228
         vertex -0.139821 -0.407211 0.0293617
         vertex -0.141227 -0.4047 0.0300759
      endloop
   endfacet
   facet normal 0.949758 0.302897 0.0788256
      outer loop
         vertex -0.139752 -0.407335 0.0293265
         vertex -0.140166 -0.406806 0.0300228
         vertex -0.139523 -0.408159 0.0292208
      endloop
   endfacet
   facet normal 0.975957 0.210995 0.0546756
      outer loop
         vertex -0.139612 -0.408172 0.0290881
         vertex -0.139523 -0.408159 0.0292208
         vertex -0.1393 -0.410085 0.0287106
      endloop
   endfacet
   facet normal 1 0 0
      outer loop
         vertex -0.1393 -0.41111 0.0408069
         vertex -0.1393 -0.411162 0.0405923
         vertex -0.139374 -0.410816 0.0405583
      endloop
   endfacet
   facet normal 0.999303 0.036368 -0.00845242
      outer loop
         vertex -0.139374 -0.410816 0.0405583
         vertex -0.1393 -0.411162 0.0405923
         vertex -0.1393 -0.411465 0.0351121
      endloop
   endfacet
   facet normal 0.903552 0.427465 -0.0294485
      outer loop
         vertex -0.140168 -0.407674 0.0379016
         vertex -0.139949 -0.408542 0.0386357
         vertex -0.139717 -0.40877 0.0353781
      endloop
   endfacet
   facet normal 0.806802 0.590689 0.0125051
      outer loop
         vertex -0.141208 -0.406335 0.0367696
         vertex -0.14093 -0.406324 0.0356195
         vertex -0.14214 -0.405133 0.0357541
      endloop
   endfacet
   facet normal 0.697644 0.71298 0.0703723
      outer loop
         vertex -0.14214 -0.405133 0.0357541
         vertex -0.14093 -0.406324 0.0356195
         vertex -0.140166 -0.406806 0.0300228
      endloop
   endfacet
   facet normal 0.609395 0.783822 0.119422
      outer loop
         vertex -0.142815 -0.404264 0.0350187
         vertex -0.142691 -0.404424 0.0351545
         vertex -0.141261 -0.404712 0.0301468
      endloop
   endfacet
   facet normal 0.438956 0.868564 0.23003
      outer loop
         vertex -0.144447 -0.402379 0.0308204
         vertex -0.146259 -0.402308 0.0333654
         vertex -0.144873 -0.402821 0.0337991
      endloop
   endfacet
   facet normal 0.227526 0.945134 0.234421
      outer loop
         vertex -0.146259 -0.402308 0.0333654
         vertex -0.144447 -0.402379 0.0308204
         vertex -0.146238 -0.401617 0.0309534
      endloop
   endfacet
   facet normal 0.975178 0.214042 0.0566869
      outer loop
         vertex -0.139523 -0.408159 0.0292208
         vertex -0.139717 -0.40877 0.0353781
         vertex -0.1393 -0.411465 0.0351121
      endloop
   endfacet
   facet normal 0.818843 0.571242 0.0563826
      outer loop
         vertex -0.14093 -0.406324 0.0356195
         vertex -0.139717 -0.40877 0.0353781
         vertex -0.139523 -0.408159 0.0292208
      endloop
   endfacet
   facet normal 0.744608 0.646224 0.167194
      outer loop
         vertex -0.141603 -0.404134 0.0297593
         vertex -0.142357 -0.403702 0.03036
         vertex -0.141243 -0.40467 0.0300844
      endloop
   endfacet
   facet normal 0.957637 0.279187 0.0706103
      outer loop
         vertex -0.139682 -0.407495 0.0290736
         vertex -0.139821 -0.407211 0.0293617
         vertex -0.139752 -0.407335 0.0293265
      endloop
   endfacet
   facet normal 0.949729 0.303026 0.0786725
      outer loop
         vertex -0.139752 -0.407335 0.0293265
         vertex -0.139612 -0.408172 0.0290881
         vertex -0.139682 -0.407495 0.0290736
      endloop
   endfacet
   facet normal 0.744608 0.646224 0.167194
      outer loop
         vertex -0.141603 -0.404134 0.0297593
         vertex -0.141458 -0.404202 0.0290479
         vertex -0.141791 -0.403914 0.0290722
      endloop
   endfacet
   facet normal 0.744608 0.646224 0.167194
      outer loop
         vertex -0.141603 -0.404134 0.0297593
         vertex -0.141207 -0.404513 0.0290217
         vertex -0.141458 -0.404202 0.0290479
      endloop
   endfacet
   facet normal 0.795271 0.606251 0.00186659
      outer loop
         vertex -0.141142 -0.404593 0.0290149
         vertex -0.141603 -0.404134 0.0297593
         vertex -0.140798 -0.40516 0.0295605
      endloop
   endfacet
   facet normal 0.833998 0.533995 0.138913
      outer loop
         vertex -0.140798 -0.40516 0.0295605
         vertex -0.140494 -0.405743 0.0289179
         vertex -0.141142 -0.404593 0.0290149
      endloop
   endfacet
   facet normal 0.795271 0.606251 0.00186659
      outer loop
         vertex -0.141142 -0.404593 0.0290149
         vertex -0.141207 -0.404513 0.0290217
         vertex -0.141603 -0.404134 0.0297593
      endloop
   endfacet
   facet normal 0.727284 0.686336 0.000793215
      outer loop
         vertex -0.141791 -0.403914 0.0290722
         vertex -0.142134 -0.403525 0.0295134
         vertex -0.141603 -0.404134 0.0297593
      endloop
   endfacet
   facet normal 0.521671 0.826628 0.21106
      outer loop
         vertex -0.143627 -0.402463 0.0300219
         vertex -0.144381 -0.402372 0.0307383
         vertex -0.143447 -0.402752 0.0306302
      endloop
   endfacet
   facet normal 0.521671 0.826628 0.21106
      outer loop
         vertex -0.143627 -0.402463 0.0300219
         vertex -0.144856 -0.402179 0.0307933
         vertex -0.144381 -0.402372 0.0307383
      endloop
   endfacet
   facet normal 0.639326 0.744785 0.1912
      outer loop
         vertex -0.142554 -0.403229 0.0299164
         vertex -0.143447 -0.402752 0.0306302
         vertex -0.142357 -0.403702 0.03036
      endloop
   endfacet
   facet normal 0.388215 0.890915 0.23571
      outer loop
         vertex -0.144856 -0.402179 0.0307933
         vertex -0.143627 -0.402463 0.0300219
         vertex -0.144854 -0.401996 0.0300785
      endloop
   endfacet
   facet normal 0.350794 0.925669 0.141702
      outer loop
         vertex -0.144854 -0.401996 0.0300785
         vertex -0.145242 -0.401889 0.0303238
         vertex -0.144856 -0.402179 0.0307933
      endloop
   endfacet
   facet normal 0.833998 0.533995 0.138913
      outer loop
         vertex -0.140798 -0.40516 0.0295605
         vertex -0.141227 -0.4047 0.0300759
         vertex -0.139821 -0.407211 0.0293617
      endloop
   endfacet
   facet normal 0.833998 0.533995 0.138913
      outer loop
         vertex -0.140798 -0.40516 0.0295605
         vertex -0.141243 -0.40467 0.0300844
         vertex -0.141227 -0.4047 0.0300759
      endloop
   endfacet
   facet normal 0.833998 0.533995 0.138913
      outer loop
         vertex -0.140798 -0.40516 0.0295605
         vertex -0.139682 -0.407495 0.0290736
         vertex -0.139924 -0.406756 0.0288325
      endloop
   endfacet
   facet normal 0.957637 0.279187 0.0706103
      outer loop
         vertex -0.139682 -0.407495 0.0290736
         vertex -0.139844 -0.407177 0.028797
         vertex -0.139924 -0.406756 0.0288325
      endloop
   endfacet
   facet normal 0.957637 0.279187 0.0706103
      outer loop
         vertex -0.139682 -0.407495 0.0290736
         vertex -0.13972 -0.407831 0.0287418
         vertex -0.139844 -0.407177 0.028797
      endloop
   endfacet
   facet normal 0.687477 0.717596 0.111501
      outer loop
         vertex -0.142134 -0.403525 0.0295134
         vertex -0.141791 -0.403914 0.0290722
         vertex -0.143502 -0.402434 0.029197
      endloop
   endfacet
   facet normal 0.533129 0.846029 -0.00275055
      outer loop
         vertex -0.143502 -0.402434 0.029197
         vertex -0.143719 -0.402307 0.0293611
         vertex -0.142134 -0.403525 0.0295134
      endloop
   endfacet
   facet normal 0.431033 0.899187 0.0753294
      outer loop
         vertex -0.144161 -0.402186 0.0296402
         vertex -0.143627 -0.402463 0.0300219
         vertex -0.142554 -0.403229 0.0299164
      endloop
   endfacet
   facet normal 0.431033 0.899187 0.0753294
      outer loop
         vertex -0.144161 -0.402186 0.0296402
         vertex -0.144322 -0.402142 0.0297419
         vertex -0.143627 -0.402463 0.0300219
      endloop
   endfacet
   facet normal 0.639326 0.744785 0.1912
      outer loop
         vertex -0.142554 -0.403229 0.0299164
         vertex -0.142134 -0.403525 0.0295134
         vertex -0.144161 -0.402186 0.0296402
      endloop
   endfacet
   facet normal 0.412598 0.906206 0.0924873
      outer loop
         vertex -0.144322 -0.402142 0.0297419
         vertex -0.144854 -0.401996 0.0300785
         vertex -0.143627 -0.402463 0.0300219
      endloop
   endfacet
   facet normal 0.493637 0.869263 0.0265575
      outer loop
         vertex -0.143719 -0.402307 0.0293611
         vertex -0.144161 -0.402186 0.0296402
         vertex -0.142134 -0.403525 0.0295134
      endloop
   endfacet
   facet normal 0.930712 0.36574 0.00312908
      outer loop
         vertex -0.139924 -0.406756 0.0288325
         vertex -0.140494 -0.405743 0.0289179
         vertex -0.140798 -0.40516 0.0295605
      endloop
   endfacet
   facet normal 0.944479 0.317969 0.0827933
      outer loop
         vertex -0.139821 -0.407211 0.0293617
         vertex -0.139682 -0.407495 0.0290736
         vertex -0.140798 -0.40516 0.0295605
      endloop
   endfacet
   facet normal 0.312859 0.933408 0.175694
      outer loop
         vertex -0.145242 -0.401889 0.0303238
         vertex -0.146238 -0.401617 0.0309534
         vertex -0.144856 -0.402179 0.0307933
      endloop
   endfacet
   facet normal 0.669595 0.718203 0.18928
      outer loop
         vertex -0.142357 -0.403702 0.03036
         vertex -0.141603 -0.404134 0.0297593
         vertex -0.142554 -0.403229 0.0299164
      endloop
   endfacet
   facet normal 0.539167 0.814276 0.215066
      outer loop
         vertex -0.143447 -0.402752 0.0306302
         vertex -0.142554 -0.403229 0.0299164
         vertex -0.143627 -0.402463 0.0300219
      endloop
   endfacet
   facet normal 0.957637 0.279187 0.0706103
      outer loop
         vertex -0.139682 -0.407495 0.0290736
         vertex -0.1393 -0.410045 0.0285551
         vertex -0.13972 -0.407831 0.0287418
      endloop
   endfacet
   facet normal 0.687477 0.717596 0.111501
      outer loop
         vertex -0.142134 -0.403525 0.0295134
         vertex -0.142554 -0.403229 0.0299164
         vertex -0.141603 -0.404134 0.0297593
      endloop
   endfacet
   facet normal 0.975836 0.211448 0.0550777
      outer loop
         vertex -0.139612 -0.408172 0.0290881
         vertex -0.1393 -0.410045 0.0285551
         vertex -0.139682 -0.407495 0.0290736
      endloop
   endfacet
   facet normal 0.784059 0.60031 0.157731
      outer loop
         vertex -0.141243 -0.40467 0.0300844
         vertex -0.140798 -0.40516 0.0295605
         vertex -0.141603 -0.404134 0.0297593
      endloop
   endfacet
   facet normal -2.08014e-15 0.83422 0.551432
      outer loop
         vertex -0.155 -0.394994 0.026548
         vertex -0.155 -0.397257 0.0290946
         vertex -0.14926 -0.397994 0.0282226
      endloop
   endfacet
   facet normal 0.367261 0.787054 0.495646
      outer loop
         vertex -0.149445 -0.395707 0.0257041
         vertex -0.14926 -0.397994 0.0282226
         vertex -0.144393 -0.400093 0.0257395
      endloop
   endfacet
   facet normal 0.67861 0.652739 0.336779
      outer loop
         vertex -0.144735 -0.397739 0.0233011
         vertex -0.144393 -0.400093 0.0257395
         vertex -0.141142 -0.403235 0.0220234
      endloop
   endfacet
   facet normal 0.886647 0.451723 0.0990174
      outer loop
         vertex -0.141589 -0.400779 0.0197047
         vertex -0.141142 -0.403235 0.0220234
         vertex -0.14 -0.406941 0.0176398
      endloop
   endfacet
   facet normal 0.959699 0.214608 -0.181441
      outer loop
         vertex -0.140484 -0.404366 0.0154625
         vertex -0.14 -0.406941 0.0176398
         vertex -0.141142 -0.410647 0.0132563
      endloop
   endfacet
   facet normal 0.886647 -0.0225078 -0.4619
      outer loop
         vertex -0.141589 -0.407952 0.0112203
         vertex -0.141142 -0.410647 0.0132563
         vertex -0.144393 -0.413789 0.0095401
      endloop
   endfacet
   facet normal 0.67861 -0.223524 -0.699661
      outer loop
         vertex -0.144735 -0.410993 0.00762395
         vertex -0.144393 -0.413789 0.0095401
         vertex -0.14926 -0.415888 0.00705703
      endloop
   endfacet
   facet normal 0.367261 -0.357839 -0.858528
      outer loop
         vertex -0.149445 -0.413025 0.00522093
         vertex -0.14926 -0.415888 0.00705703
         vertex -0.155 -0.416626 0.00618509
      endloop
   endfacet
   facet normal 1.16223e-15 -0.405005 -0.914315
      outer loop
         vertex -0.155 -0.413738 0.0043771
         vertex -0.155 -0.416626 0.00618509
         vertex -0.16074 -0.415888 0.00705703
      endloop
   endfacet
   facet normal -0.367261 -0.357839 -0.858528
      outer loop
         vertex -0.160555 -0.413025 0.00522093
         vertex -0.16074 -0.415888 0.00705703
         vertex -0.165607 -0.413789 0.0095401
      endloop
   endfacet
   facet normal -0.67861 -0.223524 -0.699661
      outer loop
         vertex -0.165265 -0.410993 0.00762395
         vertex -0.165607 -0.413789 0.0095401
         vertex -0.168858 -0.410647 0.0132563
      endloop
   endfacet
   facet normal -0.886647 -0.0225078 -0.4619
      outer loop
         vertex -0.168411 -0.407952 0.0112203
         vertex -0.168858 -0.410647 0.0132563
         vertex -0.17 -0.406941 0.0176398
      endloop
   endfacet
   facet normal -0.959699 0.214608 -0.181441
      outer loop
         vertex -0.169516 -0.404366 0.0154625
         vertex -0.17 -0.406941 0.0176398
         vertex -0.168858 -0.403235 0.0220234
      endloop
   endfacet
   facet normal -0.886647 0.451723 0.0990174
      outer loop
         vertex -0.168411 -0.400779 0.0197047
         vertex -0.168858 -0.403235 0.0220234
         vertex -0.165607 -0.400093 0.0257395
      endloop
   endfacet
   facet normal -0.67861 0.652739 0.336779
      outer loop
         vertex -0.165265 -0.397739 0.0233011
         vertex -0.165607 -0.400093 0.0257395
         vertex -0.16074 -0.397994 0.0282226
      endloop
   endfacet
   facet normal -0.367261 0.787054 0.495646
      outer loop
         vertex -0.160555 -0.395707 0.0257041
         vertex -0.16074 -0.397994 0.0282226
         vertex -0.155 -0.397257 0.0290946
      endloop
   endfacet
   facet normal -2.00884e-15 0.955568 0.294769
      outer loop
         vertex -0.155 -0.393537 0.023468
         vertex -0.155 -0.394994 0.026548
         vertex -0.149445 -0.395707 0.0257041
      endloop
   endfacet
   facet normal 0.322237 0.914185 0.245822
      outer loop
         vertex -0.149985 -0.394181 0.0227062
         vertex -0.149445 -0.395707 0.0257041
         vertex -0.144735 -0.397739 0.0233011
      endloop
   endfacet
   facet normal 0.595416 0.796337 0.106431
      outer loop
         vertex -0.145734 -0.396015 0.0205369
         vertex -0.144735 -0.397739 0.0233011
         vertex -0.141589 -0.400779 0.0197047
      endloop
   endfacet
   facet normal 0.777949 0.619964 -0.102182
      outer loop
         vertex -0.142893 -0.39876 0.0172903
         vertex -0.141589 -0.400779 0.0197047
         vertex -0.140484 -0.404366 0.0154625
      endloop
   endfacet
   facet normal 0.842045 0.411917 -0.348258
      outer loop
         vertex -0.141895 -0.401998 0.0134607
         vertex -0.140484 -0.404366 0.0154625
         vertex -0.141589 -0.407952 0.0112203
      endloop
   endfacet
   facet normal 0.777949 0.203871 -0.594334
      outer loop
         vertex -0.142893 -0.405236 0.00963111
         vertex -0.141589 -0.407952 0.0112203
         vertex -0.144735 -0.410993 0.00762395
      endloop
   endfacet
   facet normal 0.595416 0.027498 -0.802947
      outer loop
         vertex -0.145734 -0.407981 0.00638452
         vertex -0.144735 -0.410993 0.00762395
         vertex -0.149445 -0.413025 0.00522093
      endloop
   endfacet
   facet normal 0.322237 -0.0903507 -0.942338
      outer loop
         vertex -0.149985 -0.409815 0.00421521
         vertex -0.149445 -0.413025 0.00522093
         vertex -0.155 -0.413738 0.0043771
      endloop
   endfacet
   facet normal 6.58756e-16 -0.131734 -0.991285
      outer loop
         vertex -0.155 -0.410459 0.00345345
         vertex -0.155 -0.413738 0.0043771
         vertex -0.160555 -0.413025 0.00522093
      endloop
   endfacet
   facet normal -0.322237 -0.0903507 -0.942338
      outer loop
         vertex -0.160015 -0.409815 0.00421521
         vertex -0.160555 -0.413025 0.00522093
         vertex -0.165265 -0.410993 0.00762395
      endloop
   endfacet
   facet normal -0.595416 0.027498 -0.802947
      outer loop
         vertex -0.164266 -0.407981 0.00638452
         vertex -0.165265 -0.410993 0.00762395
         vertex -0.168411 -0.407952 0.0112203
      endloop
   endfacet
   facet normal -0.777949 0.203871 -0.594334
      outer loop
         vertex -0.167107 -0.405236 0.00963111
         vertex -0.168411 -0.407952 0.0112203
         vertex -0.169516 -0.404366 0.0154625
      endloop
   endfacet
   facet normal -0.842045 0.411917 -0.348258
      outer loop
         vertex -0.168105 -0.401998 0.0134607
         vertex -0.169516 -0.404366 0.0154625
         vertex -0.168411 -0.400779 0.0197047
      endloop
   endfacet
   facet normal -0.777949 0.619964 -0.102182
      outer loop
         vertex -0.167107 -0.39876 0.0172903
         vertex -0.168411 -0.400779 0.0197047
         vertex -0.165265 -0.397739 0.0233011
      endloop
   endfacet
   facet normal -0.595416 0.796337 0.106431
      outer loop
         vertex -0.164266 -0.396015 0.0205369
         vertex -0.165265 -0.397739 0.0233011
         vertex -0.160555 -0.395707 0.0257041
      endloop
   endfacet
   facet normal -0.322237 0.914185 0.245822
      outer loop
         vertex -0.160015 -0.394181 0.0227062
         vertex -0.160555 -0.395707 0.0257041
         vertex -0.155 -0.394994 0.026548
      endloop
   endfacet
   facet normal -2.08014e-15 0.83422 0.551432
      outer loop
         vertex -0.155 -0.394994 0.026548
         vertex -0.155 -0.393537 0.023468
         vertex -0.160015 -0.394181 0.0227062
      endloop
   endfacet
   facet normal -0.367261 0.787054 0.495646
      outer loop
         vertex -0.160555 -0.395707 0.0257041
         vertex -0.160015 -0.394181 0.0227062
         vertex -0.164266 -0.396015 0.0205369
      endloop
   endfacet
   facet normal -0.67861 0.652739 0.336779
      outer loop
         vertex -0.165265 -0.397739 0.0233011
         vertex -0.164266 -0.396015 0.0205369
         vertex -0.167107 -0.39876 0.0172903
      endloop
   endfacet
   facet normal -0.886647 0.451723 0.0990174
      outer loop
         vertex -0.168411 -0.400779 0.0197047
         vertex -0.167107 -0.39876 0.0172903
         vertex -0.168105 -0.401998 0.0134607
      endloop
   endfacet
   facet normal -0.959699 0.214608 -0.181441
      outer loop
         vertex -0.169516 -0.404366 0.0154625
         vertex -0.168105 -0.401998 0.0134607
         vertex -0.167107 -0.405236 0.00963111
      endloop
   endfacet
   facet normal -0.886647 -0.0225078 -0.4619
      outer loop
         vertex -0.168411 -0.407952 0.0112203
         vertex -0.167107 -0.405236 0.00963111
         vertex -0.164266 -0.407981 0.00638452
      endloop
   endfacet
   facet normal -0.67861 -0.223524 -0.699661
      outer loop
         vertex -0.165265 -0.410993 0.00762395
         vertex -0.164266 -0.407981 0.00638452
         vertex -0.160015 -0.409815 0.00421521
      endloop
   endfacet
   facet normal -0.367261 -0.357839 -0.858528
      outer loop
         vertex -0.160555 -0.413025 0.00522093
         vertex -0.160015 -0.409815 0.00421521
         vertex -0.155 -0.410459 0.00345345
      endloop
   endfacet
   facet normal 1.16223e-15 -0.405005 -0.914315
      outer loop
         vertex -0.155 -0.413738 0.0043771
         vertex -0.155 -0.410459 0.00345345
         vertex -0.149985 -0.409815 0.00421521
      endloop
   endfacet
   facet normal 0.367261 -0.357839 -0.858528
      outer loop
         vertex -0.149445 -0.413025 0.00522093
         vertex -0.149985 -0.409815 0.00421521
         vertex -0.145734 -0.407981 0.00638452
      endloop
   endfacet
   facet normal 0.67861 -0.223524 -0.699661
      outer loop
         vertex -0.144735 -0.410993 0.00762395
         vertex -0.145734 -0.407981 0.00638452
         vertex -0.142893 -0.405236 0.00963111
      endloop
   endfacet
   facet normal 0.886647 -0.0225078 -0.4619
      outer loop
         vertex -0.141589 -0.407952 0.0112203
         vertex -0.142893 -0.405236 0.00963111
         vertex -0.141895 -0.401998 0.0134607
      endloop
   endfacet
   facet normal 0.959699 0.214608 -0.181441
      outer loop
         vertex -0.140484 -0.404366 0.0154625
         vertex -0.141895 -0.401998 0.0134607
         vertex -0.142893 -0.39876 0.0172903
      endloop
   endfacet
   facet normal 0.886647 0.451723 0.0990174
      outer loop
         vertex -0.141589 -0.400779 0.0197047
         vertex -0.142893 -0.39876 0.0172903
         vertex -0.145734 -0.396015 0.0205369
      endloop
   endfacet
   facet normal 0.67861 0.652739 0.336779
      outer loop
         vertex -0.144735 -0.397739 0.0233011
         vertex -0.145734 -0.396015 0.0205369
         vertex -0.149985 -0.394181 0.0227062
      endloop
   endfacet
   facet normal 0.367261 0.787054 0.495646
      outer loop
         vertex -0.149445 -0.395707 0.0257041
         vertex -0.149985 -0.394181 0.0227062
         vertex -0.155 -0.393537 0.023468
      endloop
   endfacet
   facet normal -1.85037e-15 0.645632 0.763649
      outer loop
         vertex -0.155 -0.397257 0.0290946
         vertex -0.155 -0.394994 0.026548
         vertex -0.160555 -0.395707 0.0257041
      endloop
   endfacet
   facet normal -0.382683 0.596486 0.70552
      outer loop
         vertex -0.16074 -0.397994 0.0282226
         vertex -0.160555 -0.395707 0.0257041
         vertex -0.165265 -0.397739 0.0233011
      endloop
   endfacet
   facet normal -0.707107 0.45653 0.539981
      outer loop
         vertex -0.165607 -0.400093 0.0257395
         vertex -0.165265 -0.397739 0.0233011
         vertex -0.168411 -0.400779 0.0197047
      endloop
   endfacet
   facet normal -0.92388 0.247072 0.292236
      outer loop
         vertex -0.168858 -0.403235 0.0220234
         vertex -0.168411 -0.400779 0.0197047
         vertex -0.169516 -0.404366 0.0154625
      endloop
   endfacet
   facet normal -1 -6.6907e-15 3.59708e-15
      outer loop
         vertex -0.17 -0.406941 0.0176398
         vertex -0.169516 -0.404366 0.0154625
         vertex -0.168411 -0.407952 0.0112203
      endloop
   endfacet
   facet normal -0.92388 -0.247072 -0.292236
      outer loop
         vertex -0.168858 -0.410647 0.0132563
         vertex -0.168411 -0.407952 0.0112203
         vertex -0.165265 -0.410993 0.00762395
      endloop
   endfacet
   facet normal -0.707107 -0.45653 -0.539981
      outer loop
         vertex -0.165607 -0.413789 0.0095401
         vertex -0.165265 -0.410993 0.00762395
         vertex -0.160555 -0.413025 0.00522093
      endloop
   endfacet
   facet normal -0.382683 -0.596486 -0.70552
      outer loop
         vertex -0.16074 -0.415888 0.00705703
         vertex -0.160555 -0.413025 0.00522093
         vertex -0.155 -0.413738 0.0043771
      endloop
   endfacet
   facet normal 1.68384e-15 -0.645632 -0.763649
      outer loop
         vertex -0.155 -0.416626 0.00618509
         vertex -0.155 -0.413738 0.0043771
         vertex -0.149445 -0.413025 0.00522093
      endloop
   endfacet
   facet normal 0.382683 -0.596486 -0.70552
      outer loop
         vertex -0.14926 -0.415888 0.00705703
         vertex -0.149445 -0.413025 0.00522093
         vertex -0.144735 -0.410993 0.00762395
      endloop
   endfacet
   facet normal 0.707107 -0.45653 -0.539981
      outer loop
         vertex -0.144393 -0.413789 0.0095401
         vertex -0.144735 -0.410993 0.00762395
         vertex -0.141589 -0.407952 0.0112203
      endloop
   endfacet
   facet normal 0.92388 -0.247072 -0.292236
      outer loop
         vertex -0.141142 -0.410647 0.0132563
         vertex -0.141589 -0.407952 0.0112203
         vertex -0.140484 -0.404366 0.0154625
      endloop
   endfacet
   facet normal 1 -1.76477e-15 3.76972e-15
      outer loop
         vertex -0.14 -0.406941 0.0176398
         vertex -0.140484 -0.404366 0.0154625
         vertex -0.141589 -0.400779 0.0197047
      endloop
   endfacet
   facet normal 0.92388 0.247072 0.292236
      outer loop
         vertex -0.141142 -0.403235 0.0220234
         vertex -0.141589 -0.400779 0.0197047
         vertex -0.144735 -0.397739 0.0233011
      endloop
   endfacet
   facet normal 0.707107 0.45653 0.539981
      outer loop
         vertex -0.144393 -0.400093 0.0257395
         vertex -0.144735 -0.397739 0.0233011
         vertex -0.149445 -0.395707 0.0257041
      endloop
   endfacet
   facet normal 0.382683 0.596486 0.70552
      outer loop
         vertex -0.14926 -0.397994 0.0282226
         vertex -0.149445 -0.395707 0.0257041
         vertex -0.155 -0.394994 0.026548
      endloop
   endfacet
   facet normal 2.40829e-15 -0.645632 -0.763649
      outer loop
         vertex -0.155 -0.40532 0.00117709
         vertex -0.15059 -0.404753 0.00184703
         vertex -0.150435 -0.40714 0.00337712
      endloop
   endfacet
   facet normal 0.382683 -0.596486 -0.70552
      outer loop
         vertex -0.15059 -0.404753 0.00184703
         vertex -0.146851 -0.40314 0.00375486
         vertex -0.146566 -0.40547 0.00535166
      endloop
   endfacet
   facet normal 0.707107 -0.45653 -0.539981
      outer loop
         vertex -0.146851 -0.40314 0.00375486
         vertex -0.144352 -0.400726 0.00661013
         vertex -0.14398 -0.402972 0.00830677
      endloop
   endfacet
   facet normal 0.92388 -0.247072 -0.292236
      outer loop
         vertex -0.144352 -0.400726 0.00661013
         vertex -0.143475 -0.397879 0.00997815
         vertex -0.143072 -0.400025 0.0117926
      endloop
   endfacet
   facet normal 1 1.74856e-15 1.82072e-15
      outer loop
         vertex -0.143475 -0.397879 0.00997815
         vertex -0.144352 -0.395031 0.0133462
         vertex -0.14398 -0.397078 0.0152784
      endloop
   endfacet
   facet normal 0.92388 0.247072 0.292236
      outer loop
         vertex -0.144352 -0.395031 0.0133462
         vertex -0.146851 -0.392617 0.0162014
         vertex -0.146566 -0.39458 0.0182335
      endloop
   endfacet
   facet normal 0.707107 0.45653 0.539981
      outer loop
         vertex -0.146851 -0.392617 0.0162014
         vertex -0.15059 -0.391004 0.0181093
         vertex -0.150435 -0.39291 0.020208
      endloop
   endfacet
   facet normal 0.382683 0.596486 0.70552
      outer loop
         vertex -0.15059 -0.391004 0.0181093
         vertex -0.155 -0.390438 0.0187792
         vertex -0.155 -0.392324 0.0209014
      endloop
   endfacet
   facet normal -2.57483e-15 0.645632 0.763649
      outer loop
         vertex -0.155 -0.390438 0.0187792
         vertex -0.15941 -0.391004 0.0181093
         vertex -0.159565 -0.39291 0.020208
      endloop
   endfacet
   facet normal -0.382683 0.596486 0.70552
      outer loop
         vertex -0.15941 -0.391004 0.0181093
         vertex -0.163149 -0.392617 0.0162014
         vertex -0.163434 -0.39458 0.0182335
      endloop
   endfacet
   facet normal -0.707107 0.45653 0.539981
      outer loop
         vertex -0.163149 -0.392617 0.0162014
         vertex -0.165648 -0.395031 0.0133462
         vertex -0.16602 -0.397078 0.0152784
      endloop
   endfacet
   facet normal -0.92388 0.247072 0.292236
      outer loop
         vertex -0.165648 -0.395031 0.0133462
         vertex -0.166525 -0.397879 0.00997815
         vertex -0.166928 -0.400025 0.0117926
      endloop
   endfacet
   facet normal -1 -4.39954e-15 2.02496e-16
      outer loop
         vertex -0.166525 -0.397879 0.00997815
         vertex -0.165648 -0.400726 0.00661013
         vertex -0.16602 -0.402972 0.00830677
      endloop
   endfacet
   facet normal -0.92388 -0.247072 -0.292236
      outer loop
         vertex -0.165648 -0.400726 0.00661013
         vertex -0.163149 -0.40314 0.00375486
         vertex -0.163434 -0.40547 0.00535166
      endloop
   endfacet
   facet normal -0.707107 -0.45653 -0.539981
      outer loop
         vertex -0.163149 -0.40314 0.00375486
         vertex -0.15941 -0.404753 0.00184703
         vertex -0.159565 -0.40714 0.00337712
      endloop
   endfacet
   facet normal -0.382683 -0.596486 -0.70552
      outer loop
         vertex -0.15941 -0.404753 0.00184703
         vertex -0.155 -0.40532 0.00117709
         vertex -0.155 -0.407726 0.00268375
      endloop
   endfacet
   facet normal 1.05432e-15 -0.405005 -0.914315
      outer loop
         vertex -0.155 -0.407726 0.00268375
         vertex -0.150435 -0.40714 0.00337712
         vertex -0.149985 -0.409815 0.00421521
      endloop
   endfacet
   facet normal 0.367261 -0.357839 -0.858528
      outer loop
         vertex -0.150435 -0.40714 0.00337712
         vertex -0.146566 -0.40547 0.00535166
         vertex -0.145734 -0.407981 0.00638452
      endloop
   endfacet
   facet normal 0.67861 -0.223524 -0.699661
      outer loop
         vertex -0.146566 -0.40547 0.00535166
         vertex -0.14398 -0.402972 0.00830677
         vertex -0.142893 -0.405236 0.00963111
      endloop
   endfacet
   facet normal 0.886647 -0.0225078 -0.4619
      outer loop
         vertex -0.14398 -0.402972 0.00830677
         vertex -0.143072 -0.400025 0.0117926
         vertex -0.141895 -0.401998 0.0134607
      endloop
   endfacet
   facet normal 0.959699 0.214608 -0.181441
      outer loop
         vertex -0.143072 -0.400025 0.0117926
         vertex -0.14398 -0.397078 0.0152784
         vertex -0.142893 -0.39876 0.0172903
      endloop
   endfacet
   facet normal 0.886647 0.451723 0.0990174
      outer loop
         vertex -0.14398 -0.397078 0.0152784
         vertex -0.146566 -0.39458 0.0182335
         vertex -0.145734 -0.396015 0.0205369
      endloop
   endfacet
   facet normal 0.67861 0.652739 0.336779
      outer loop
         vertex -0.146566 -0.39458 0.0182335
         vertex -0.150435 -0.39291 0.020208
         vertex -0.149985 -0.394181 0.0227062
      endloop
   endfacet
   facet normal 0.367261 0.787054 0.495646
      outer loop
         vertex -0.150435 -0.39291 0.020208
         vertex -0.155 -0.392324 0.0209014
         vertex -0.155 -0.393537 0.023468
      endloop
   endfacet
   facet normal -2.90588e-15 0.83422 0.551432
      outer loop
         vertex -0.155 -0.392324 0.0209014
         vertex -0.159565 -0.39291 0.020208
         vertex -0.160015 -0.394181 0.0227062
      endloop
   endfacet
   facet normal -0.367261 0.787054 0.495646
      outer loop
         vertex -0.159565 -0.39291 0.020208
         vertex -0.163434 -0.39458 0.0182335
         vertex -0.164266 -0.396015 0.0205369
      endloop
   endfacet
   facet normal -0.67861 0.652739 0.336779
      outer loop
         vertex -0.163434 -0.39458 0.0182335
         vertex -0.16602 -0.397078 0.0152784
         vertex -0.167107 -0.39876 0.0172903
      endloop
   endfacet
   facet normal -0.886647 0.451723 0.0990174
      outer loop
         vertex -0.16602 -0.397078 0.0152784
         vertex -0.166928 -0.400025 0.0117926
         vertex -0.168105 -0.401998 0.0134607
      endloop
   endfacet
   facet normal -0.959699 0.214608 -0.181441
      outer loop
         vertex -0.166928 -0.400025 0.0117926
         vertex -0.16602 -0.402972 0.00830677
         vertex -0.167107 -0.405236 0.00963111
      endloop
   endfacet
   facet normal -0.886647 -0.0225078 -0.4619
      outer loop
         vertex -0.16602 -0.402972 0.00830677
         vertex -0.163434 -0.40547 0.00535166
         vertex -0.164266 -0.407981 0.00638452
      endloop
   endfacet
   facet normal -0.67861 -0.223524 -0.699661
      outer loop
         vertex -0.163434 -0.40547 0.00535166
         vertex -0.159565 -0.40714 0.00337712
         vertex -0.160015 -0.409815 0.00421521
      endloop
   endfacet
   facet normal -0.367261 -0.357839 -0.858528
      outer loop
         vertex -0.159565 -0.40714 0.00337712
         vertex -0.155 -0.407726 0.00268375
         vertex -0.155 -0.410459 0.00345345
      endloop
   endfacet
   facet normal 3.90622e-16 -0.131734 -0.991285
      outer loop
         vertex -0.155 -0.410459 0.00345345
         vertex -0.160015 -0.409815 0.00421521
         vertex -0.159565 -0.40714 0.00337712
      endloop
   endfacet
   facet normal -0.322237 -0.0903507 -0.942338
      outer loop
         vertex -0.160015 -0.409815 0.00421521
         vertex -0.164266 -0.407981 0.00638452
         vertex -0.163434 -0.40547 0.00535166
      endloop
   endfacet
   facet normal -0.595416 0.027498 -0.802947
      outer loop
         vertex -0.164266 -0.407981 0.00638452
         vertex -0.167107 -0.405236 0.00963111
         vertex -0.16602 -0.402972 0.00830677
      endloop
   endfacet
   facet normal -0.777949 0.203871 -0.594334
      outer loop
         vertex -0.167107 -0.405236 0.00963111
         vertex -0.168105 -0.401998 0.0134607
         vertex -0.166928 -0.400025 0.0117926
      endloop
   endfacet
   facet normal -0.842045 0.411917 -0.348258
      outer loop
         vertex -0.168105 -0.401998 0.0134607
         vertex -0.167107 -0.39876 0.0172903
         vertex -0.16602 -0.397078 0.0152784
      endloop
   endfacet
   facet normal -0.777949 0.619964 -0.102182
      outer loop
         vertex -0.167107 -0.39876 0.0172903
         vertex -0.164266 -0.396015 0.0205369
         vertex -0.163434 -0.39458 0.0182335
      endloop
   endfacet
   facet normal -0.595416 0.796337 0.106431
      outer loop
         vertex -0.164266 -0.396015 0.0205369
         vertex -0.160015 -0.394181 0.0227062
         vertex -0.159565 -0.39291 0.020208
      endloop
   endfacet
   facet normal -0.322237 0.914185 0.245822
      outer loop
         vertex -0.160015 -0.394181 0.0227062
         vertex -0.155 -0.393537 0.023468
         vertex -0.155 -0.392324 0.0209014
      endloop
   endfacet
   facet normal -3.40052e-15 0.955568 0.294769
      outer loop
         vertex -0.155 -0.393537 0.023468
         vertex -0.149985 -0.394181 0.0227062
         vertex -0.150435 -0.39291 0.020208
      endloop
   endfacet
   facet normal 0.322237 0.914185 0.245822
      outer loop
         vertex -0.149985 -0.394181 0.0227062
         vertex -0.145734 -0.396015 0.0205369
         vertex -0.146566 -0.39458 0.0182335
      endloop
   endfacet
   facet normal 0.595416 0.796337 0.106431
      outer loop
         vertex -0.145734 -0.396015 0.0205369
         vertex -0.142893 -0.39876 0.0172903
         vertex -0.14398 -0.397078 0.0152784
      endloop
   endfacet
   facet normal 0.777949 0.619964 -0.102182
      outer loop
         vertex -0.142893 -0.39876 0.0172903
         vertex -0.141895 -0.401998 0.0134607
         vertex -0.143072 -0.400025 0.0117926
      endloop
   endfacet
   facet normal 0.842045 0.411917 -0.348258
      outer loop
         vertex -0.141895 -0.401998 0.0134607
         vertex -0.142893 -0.405236 0.00963111
         vertex -0.14398 -0.402972 0.00830677
      endloop
   endfacet
   facet normal 0.777949 0.203871 -0.594334
      outer loop
         vertex -0.142893 -0.405236 0.00963111
         vertex -0.145734 -0.407981 0.00638452
         vertex -0.146566 -0.40547 0.00535166
      endloop
   endfacet
   facet normal 0.595416 0.027498 -0.802947
      outer loop
         vertex -0.145734 -0.407981 0.00638452
         vertex -0.149985 -0.409815 0.00421521
         vertex -0.150435 -0.40714 0.00337712
      endloop
   endfacet
   facet normal 0.322237 -0.0903507 -0.942338
      outer loop
         vertex -0.149985 -0.409815 0.00421521
         vertex -0.155 -0.410459 0.00345345
         vertex -0.155 -0.407726 0.00268375
      endloop
   endfacet
   facet normal 1.05432e-15 -0.405005 -0.914315
      outer loop
         vertex -0.155 -0.407726 0.00268375
         vertex -0.159565 -0.40714 0.00337712
         vertex -0.15941 -0.404753 0.00184703
      endloop
   endfacet
   facet normal -0.367261 -0.357839 -0.858528
      outer loop
         vertex -0.159565 -0.40714 0.00337712
         vertex -0.163434 -0.40547 0.00535166
         vertex -0.163149 -0.40314 0.00375486
      endloop
   endfacet
   facet normal -0.67861 -0.223524 -0.699661
      outer loop
         vertex -0.163434 -0.40547 0.00535166
         vertex -0.16602 -0.402972 0.00830677
         vertex -0.165648 -0.400726 0.00661013
      endloop
   endfacet
   facet normal -0.886647 -0.0225078 -0.4619
      outer loop
         vertex -0.16602 -0.402972 0.00830677
         vertex -0.166928 -0.400025 0.0117926
         vertex -0.166525 -0.397879 0.00997815
      endloop
   endfacet
   facet normal -0.959699 0.214608 -0.181441
      outer loop
         vertex -0.166928 -0.400025 0.0117926
         vertex -0.16602 -0.397078 0.0152784
         vertex -0.165648 -0.395031 0.0133462
      endloop
   endfacet
   facet normal -0.886647 0.451723 0.0990174
      outer loop
         vertex -0.16602 -0.397078 0.0152784
         vertex -0.163434 -0.39458 0.0182335
         vertex -0.163149 -0.392617 0.0162014
      endloop
   endfacet
   facet normal -0.67861 0.652739 0.336779
      outer loop
         vertex -0.163434 -0.39458 0.0182335
         vertex -0.159565 -0.39291 0.020208
         vertex -0.15941 -0.391004 0.0181093
      endloop
   endfacet
   facet normal -0.367261 0.787054 0.495646
      outer loop
         vertex -0.159565 -0.39291 0.020208
         vertex -0.155 -0.392324 0.0209014
         vertex -0.155 -0.390438 0.0187792
      endloop
   endfacet
   facet normal -2.90588e-15 0.83422 0.551432
      outer loop
         vertex -0.155 -0.392324 0.0209014
         vertex -0.150435 -0.39291 0.020208
         vertex -0.15059 -0.391004 0.0181093
      endloop
   endfacet
   facet normal 0.367261 0.787054 0.495646
      outer loop
         vertex -0.150435 -0.39291 0.020208
         vertex -0.146566 -0.39458 0.0182335
         vertex -0.146851 -0.392617 0.0162014
      endloop
   endfacet
   facet normal 0.67861 0.652739 0.336779
      outer loop
         vertex -0.146566 -0.39458 0.0182335
         vertex -0.14398 -0.397078 0.0152784
         vertex -0.144352 -0.395031 0.0133462
      endloop
   endfacet
   facet normal 0.886647 0.451723 0.0990174
      outer loop
         vertex -0.14398 -0.397078 0.0152784
         vertex -0.143072 -0.400025 0.0117926
         vertex -0.143475 -0.397879 0.00997815
      endloop
   endfacet
   facet normal 0.959699 0.214608 -0.181441
      outer loop
         vertex -0.143072 -0.400025 0.0117926
         vertex -0.14398 -0.402972 0.00830677
         vertex -0.144352 -0.400726 0.00661013
      endloop
   endfacet
   facet normal 0.886647 -0.0225078 -0.4619
      outer loop
         vertex -0.14398 -0.402972 0.00830677
         vertex -0.146566 -0.40547 0.00535166
         vertex -0.146851 -0.40314 0.00375486
      endloop
   endfacet
   facet normal 0.67861 -0.223524 -0.699661
      outer loop
         vertex -0.146566 -0.40547 0.00535166
         vertex -0.150435 -0.40714 0.00337712
         vertex -0.15059 -0.404753 0.00184703
      endloop
   endfacet
   facet normal 0.367261 -0.357839 -0.858528
      outer loop
         vertex -0.150435 -0.40714 0.00337712
         vertex -0.155 -0.407726 0.00268375
         vertex -0.155 -0.40532 0.00117709
      endloop
   endfacet
   facet normal -1.45537e-14 0.645632 0.763649
      outer loop
         vertex -0.155 -0.375089 0.00580201
         vertex -0.155 -0.390438 0.0187792
         vertex -0.15059 -0.391004 0.0181093
      endloop
   endfacet
   facet normal 0.382683 0.596486 0.70552
      outer loop
         vertex -0.15059 -0.375655 0.00513207
         vertex -0.15059 -0.391004 0.0181093
         vertex -0.146851 -0.392617 0.0162014
      endloop
   endfacet
   facet normal 0.707107 0.45653 0.539981
      outer loop
         vertex -0.146851 -0.377268 0.00322424
         vertex -0.146851 -0.392617 0.0162014
         vertex -0.144352 -0.395031 0.0133462
      endloop
   endfacet
   facet normal 0.92388 0.247072 0.292236
      outer loop
         vertex -0.144352 -0.379682 0.000368975
         vertex -0.144352 -0.395031 0.0133462
         vertex -0.143475 -0.397879 0.00997815
      endloop
   endfacet
   facet normal 1 4.35129e-15 2.31982e-15
      outer loop
         vertex -0.143475 -0.38253 -0.00299904
         vertex -0.143475 -0.397879 0.00997815
         vertex -0.144352 -0.400726 0.00661013
      endloop
   endfacet
   facet normal 0.92388 -0.247072 -0.292236
      outer loop
         vertex -0.144352 -0.385377 -0.00636706
         vertex -0.144352 -0.400726 0.00661013
         vertex -0.146851 -0.40314 0.00375486
      endloop
   endfacet
   facet normal 0.707107 -0.45653 -0.539981
      outer loop
         vertex -0.146851 -0.387791 -0.00922233
         vertex -0.146851 -0.40314 0.00375486
         vertex -0.15059 -0.404753 0.00184703
      endloop
   endfacet
   facet normal 0.382683 -0.596486 -0.70552
      outer loop
         vertex -0.15059 -0.389404 -0.0111302
         vertex -0.15059 -0.404753 0.00184703
         vertex -0.155 -0.40532 0.00117709
      endloop
   endfacet
   facet normal -1.29202e-14 -0.645632 -0.763649
      outer loop
         vertex -0.155 -0.38997 -0.0118001
         vertex -0.155 -0.40532 0.00117709
         vertex -0.15941 -0.404753 0.00184703
      endloop
   endfacet
   facet normal -0.382683 -0.596486 -0.70552
      outer loop
         vertex -0.15941 -0.389404 -0.0111302
         vertex -0.15941 -0.404753 0.00184703
         vertex -0.163149 -0.40314 0.00375486
      endloop
   endfacet
   facet normal -0.707107 -0.45653 -0.539981
      outer loop
         vertex -0.163149 -0.387791 -0.00922233
         vertex -0.163149 -0.40314 0.00375486
         vertex -0.165648 -0.400726 0.00661013
      endloop
   endfacet
   facet normal -0.92388 -0.247072 -0.292236
      outer loop
         vertex -0.165648 -0.385377 -0.00636706
         vertex -0.165648 -0.400726 0.00661013
         vertex -0.166525 -0.397879 0.00997815
      endloop
   endfacet
   facet normal -1 -3.71356e-15 -1.56552e-15
      outer loop
         vertex -0.166525 -0.38253 -0.00299904
         vertex -0.166525 -0.397879 0.00997815
         vertex -0.165648 -0.395031 0.0133462
      endloop
   endfacet
   facet normal -0.92388 0.247072 0.292236
      outer loop
         vertex -0.165648 -0.379682 0.000368975
         vertex -0.165648 -0.395031 0.0133462
         vertex -0.163149 -0.392617 0.0162014
      endloop
   endfacet
   facet normal -0.707107 0.45653 0.539981
      outer loop
         vertex -0.163149 -0.377268 0.00322424
         vertex -0.163149 -0.392617 0.0162014
         vertex -0.15941 -0.391004 0.0181093
      endloop
   endfacet
   facet normal -0.382683 0.596486 0.70552
      outer loop
         vertex -0.15941 -0.375655 0.00513207
         vertex -0.15941 -0.391004 0.0181093
         vertex -0.155 -0.390438 0.0187792
      endloop
   endfacet
   facet normal -1.45537e-14 0.645632 0.763649
      outer loop
         vertex -0.155 -0.390438 0.0187792
         vertex -0.155 -0.375089 0.00580201
         vertex -0.15941 -0.375655 0.00513207
      endloop
   endfacet
   facet normal -0.382683 0.596486 0.70552
      outer loop
         vertex -0.15941 -0.391004 0.0181093
         vertex -0.15941 -0.375655 0.00513207
         vertex -0.163149 -0.377268 0.00322424
      endloop
   endfacet
   facet normal -0.707107 0.45653 0.539981
      outer loop
         vertex -0.163149 -0.392617 0.0162014
         vertex -0.163149 -0.377268 0.00322424
         vertex -0.165648 -0.379682 0.000368975
      endloop
   endfacet
   facet normal -0.92388 0.247072 0.292236
      outer loop
         vertex -0.165648 -0.395031 0.0133462
         vertex -0.165648 -0.379682 0.000368975
         vertex -0.166525 -0.38253 -0.00299904
      endloop
   endfacet
   facet normal -1 -3.71356e-15 -1.56552e-15
      outer loop
         vertex -0.166525 -0.397879 0.00997815
         vertex -0.166525 -0.38253 -0.00299904
         vertex -0.165648 -0.385377 -0.00636706
      endloop
   endfacet
   facet normal -0.92388 -0.247072 -0.292236
      outer loop
         vertex -0.165648 -0.400726 0.00661013
         vertex -0.165648 -0.385377 -0.00636706
         vertex -0.163149 -0.387791 -0.00922233
      endloop
   endfacet
   facet normal -0.707107 -0.45653 -0.539981
      outer loop
         vertex -0.163149 -0.40314 0.00375486
         vertex -0.163149 -0.387791 -0.00922233
         vertex -0.15941 -0.389404 -0.0111302
      endloop
   endfacet
   facet normal -0.382683 -0.596486 -0.70552
      outer loop
         vertex -0.15941 -0.404753 0.00184703
         vertex -0.15941 -0.389404 -0.0111302
         vertex -0.155 -0.38997 -0.0118001
      endloop
   endfacet
   facet normal -1.29202e-14 -0.645632 -0.763649
      outer loop
         vertex -0.155 -0.40532 0.00117709
         vertex -0.155 -0.38997 -0.0118001
         vertex -0.15059 -0.389404 -0.0111302
      endloop
   endfacet
   facet normal 0.382683 -0.596486 -0.70552
      outer loop
         vertex -0.15059 -0.404753 0.00184703
         vertex -0.15059 -0.389404 -0.0111302
         vertex -0.146851 -0.387791 -0.00922233
      endloop
   endfacet
   facet normal 0.707107 -0.45653 -0.539981
      outer loop
         vertex -0.146851 -0.40314 0.00375486
         vertex -0.146851 -0.387791 -0.00922233
         vertex -0.144352 -0.385377 -0.00636706
      endloop
   endfacet
   facet normal 0.92388 -0.247072 -0.292236
      outer loop
         vertex -0.144352 -0.400726 0.00661013
         vertex -0.144352 -0.385377 -0.00636706
         vertex -0.143475 -0.38253 -0.00299904
      endloop
   endfacet
   facet normal 1 4.35129e-15 2.31982e-15
      outer loop
         vertex -0.143475 -0.397879 0.00997815
         vertex -0.143475 -0.38253 -0.00299904
         vertex -0.144352 -0.379682 0.000368975
      endloop
   endfacet
   facet normal 0.92388 0.247072 0.292236
      outer loop
         vertex -0.144352 -0.395031 0.0133462
         vertex -0.144352 -0.379682 0.000368975
         vertex -0.146851 -0.377268 0.00322424
      endloop
   endfacet
   facet normal 0.707107 0.45653 0.539981
      outer loop
         vertex -0.146851 -0.392617 0.0162014
         vertex -0.146851 -0.377268 0.00322424
         vertex -0.15059 -0.375655 0.00513207
      endloop
   endfacet
   facet normal 0.382683 0.596486 0.70552
      outer loop
         vertex -0.15059 -0.391004 0.0181093
         vertex -0.15059 -0.375655 0.00513207
         vertex -0.155 -0.375089 0.00580201
      endloop
   endfacet
   facet normal -1.82511e-15 0.763649 -0.645632
      outer loop
         vertex -0.166525 -0.38253 -0.00299904
         vertex -0.164575 -0.38253 -0.00299904
         vertex -0.163846 -0.384895 -0.0057972
      endloop
   endfacet
   facet normal -1.82511e-15 0.763649 -0.645632
      outer loop
         vertex -0.166525 -0.38253 -0.00299904
         vertex -0.165648 -0.379682 0.000368975
         vertex -0.163846 -0.380164 -0.000200885
      endloop
   endfacet
   facet normal -1.82511e-15 0.763649 -0.645632
      outer loop
         vertex -0.143475 -0.38253 -0.00299904
         vertex -0.144352 -0.385377 -0.00636706
         vertex -0.146154 -0.384895 -0.0057972
      endloop
   endfacet
   facet normal -1.82511e-15 0.763649 -0.645632
      outer loop
         vertex -0.144352 -0.385377 -0.00636706
         vertex -0.146851 -0.387791 -0.00922233
         vertex -0.148229 -0.386901 -0.00816937
      endloop
   endfacet
   facet normal -1.82511e-15 0.763649 -0.645632
      outer loop
         vertex -0.146851 -0.387791 -0.00922233
         vertex -0.15059 -0.389404 -0.0111302
         vertex -0.151336 -0.388241 -0.0097544
      endloop
   endfacet
   facet normal -1.82511e-15 0.763649 -0.645632
      outer loop
         vertex -0.15059 -0.389404 -0.0111302
         vertex -0.155 -0.38997 -0.0118001
         vertex -0.155 -0.388712 -0.010311
      endloop
   endfacet
   facet normal -1.82511e-15 0.763649 -0.645632
      outer loop
         vertex -0.15941 -0.389404 -0.0111302
         vertex -0.158664 -0.388241 -0.0097544
         vertex -0.155 -0.388712 -0.010311
      endloop
   endfacet
   facet normal -1.82511e-15 0.763649 -0.645632
      outer loop
         vertex -0.163149 -0.387791 -0.00922233
         vertex -0.161771 -0.386901 -0.00816937
         vertex -0.158664 -0.388241 -0.0097544
      endloop
   endfacet
   facet normal -1.82511e-15 0.763649 -0.645632
      outer loop
         vertex -0.163846 -0.380164 -0.000200885
         vertex -0.164575 -0.38253 -0.00299904
         vertex -0.166525 -0.38253 -0.00299904
      endloop
   endfacet
   facet normal -1.82511e-15 0.763649 -0.645632
      outer loop
         vertex -0.165648 -0.379682 0.000368975
         vertex -0.163149 -0.377268 0.00322424
         vertex -0.161771 -0.378158 0.00217128
      endloop
   endfacet
   facet normal -1.82511e-15 0.763649 -0.645632
      outer loop
         vertex -0.144352 -0.379682 0.000368975
         vertex -0.146154 -0.380164 -0.000200885
         vertex -0.148229 -0.378158 0.00217128
      endloop
   endfacet
   facet normal -1.82511e-15 0.763649 -0.645632
      outer loop
         vertex -0.143475 -0.38253 -0.00299904
         vertex -0.145425 -0.38253 -0.00299904
         vertex -0.146154 -0.380164 -0.000200885
      endloop
   endfacet
   facet normal -1.82511e-15 0.763649 -0.645632
      outer loop
         vertex -0.148229 -0.386901 -0.00816937
         vertex -0.146154 -0.384895 -0.0057972
         vertex -0.144352 -0.385377 -0.00636706
      endloop
   endfacet
   facet normal -1.82511e-15 0.763649 -0.645632
      outer loop
         vertex -0.155 -0.388712 -0.010311
         vertex -0.151336 -0.388241 -0.0097544
         vertex -0.15059 -0.389404 -0.0111302
      endloop
   endfacet
   facet normal -1.82511e-15 0.763649 -0.645632
      outer loop
         vertex -0.158664 -0.388241 -0.0097544
         vertex -0.15941 -0.389404 -0.0111302
         vertex -0.163149 -0.387791 -0.00922233
      endloop
   endfacet
   facet normal -1.82511e-15 0.763649 -0.645632
      outer loop
         vertex -0.165648 -0.385377 -0.00636706
         vertex -0.163846 -0.384895 -0.0057972
         vertex -0.161771 -0.386901 -0.00816937
      endloop
   endfacet
   facet normal -1.82511e-15 0.763649 -0.645632
      outer loop
         vertex -0.161771 -0.378158 0.00217128
         vertex -0.163846 -0.380164 -0.000200885
         vertex -0.165648 -0.379682 0.000368975
      endloop
   endfacet
   facet normal -1.82511e-15 0.763649 -0.645632
      outer loop
         vertex -0.163149 -0.377268 0.00322424
         vertex -0.15941 -0.375655 0.00513207
         vertex -0.158664 -0.376818 0.00375631
      endloop
   endfacet
   facet normal -1.82511e-15 0.763649 -0.645632
      outer loop
         vertex -0.15059 -0.375655 0.00513207
         vertex -0.151336 -0.376818 0.00375631
         vertex -0.155 -0.376348 0.0043129
      endloop
   endfacet
   facet normal -1.82511e-15 0.763649 -0.645632
      outer loop
         vertex -0.146851 -0.377268 0.00322424
         vertex -0.148229 -0.378158 0.00217128
         vertex -0.151336 -0.376818 0.00375631
      endloop
   endfacet
   facet normal -1.82511e-15 0.763649 -0.645632
      outer loop
         vertex -0.146154 -0.380164 -0.000200885
         vertex -0.144352 -0.379682 0.000368975
         vertex -0.143475 -0.38253 -0.00299904
      endloop
   endfacet
   facet normal -1.82511e-15 0.763649 -0.645632
      outer loop
         vertex -0.151336 -0.388241 -0.0097544
         vertex -0.148229 -0.386901 -0.00816937
         vertex -0.146851 -0.387791 -0.00922233
      endloop
   endfacet
   facet normal -1.82511e-15 0.763649 -0.645632
      outer loop
         vertex -0.161771 -0.386901 -0.00816937
         vertex -0.163149 -0.387791 -0.00922233
         vertex -0.165648 -0.385377 -0.00636706
      endloop
   endfacet
   facet normal -1.82511e-15 0.763649 -0.645632
      outer loop
         vertex -0.158664 -0.376818 0.00375631
         vertex -0.161771 -0.378158 0.00217128
         vertex -0.163149 -0.377268 0.00322424
      endloop
   endfacet
   facet normal -1.82511e-15 0.763649 -0.645632
      outer loop
         vertex -0.151336 -0.376818 0.00375631
         vertex -0.15059 -0.375655 0.00513207
         vertex -0.146851 -0.377268 0.00322424
      endloop
   endfacet
   facet normal -1.82511e-15 0.763649 -0.645632
      outer loop
         vertex -0.146154 -0.384895 -0.0057972
         vertex -0.145425 -0.38253 -0.00299904
         vertex -0.143475 -0.38253 -0.00299904
      endloop
   endfacet
   facet normal -1.82511e-15 0.763649 -0.645632
      outer loop
         vertex -0.163846 -0.384895 -0.0057972
         vertex -0.165648 -0.385377 -0.00636706
         vertex -0.166525 -0.38253 -0.00299904
      endloop
   endfacet
   facet normal -1.82511e-15 0.763649 -0.645632
      outer loop
         vertex -0.155 -0.375089 0.00580201
         vertex -0.155 -0.376348 0.0043129
         vertex -0.158664 -0.376818 0.00375631
      endloop
   endfacet
   facet normal -1.82511e-15 0.763649 -0.645632
      outer loop
         vertex -0.148229 -0.378158 0.00217128
         vertex -0.146851 -0.377268 0.00322424
         vertex -0.144352 -0.379682 0.000368975
      endloop
   endfacet
   facet normal -1.82511e-15 0.763649 -0.645632
      outer loop
         vertex -0.158664 -0.376818 0.00375631
         vertex -0.15941 -0.375655 0.00513207
         vertex -0.155 -0.375089 0.00580201
      endloop
   endfacet
   facet normal -1.82511e-15 0.763649 -0.645632
      outer loop
         vertex -0.155 -0.388712 -0.010311
         vertex -0.155 -0.38997 -0.0118001
         vertex -0.15941 -0.389404 -0.0111302
      endloop
   endfacet
   facet normal -1.82511e-15 0.763649 -0.645632
      outer loop
         vertex -0.155 -0.376348 0.0043129
         vertex -0.155 -0.375089 0.00580201
         vertex -0.15059 -0.375655 0.00513207
      endloop
   endfacet
   facet normal 0.382683 -0.596486 -0.70552
      outer loop
         vertex -0.158664 -0.376818 0.00375631
         vertex -0.155 -0.376348 0.0043129
         vertex -0.155 -0.405443 0.0289115
      endloop
   endfacet
   facet normal 0.707107 -0.45653 -0.539981
      outer loop
         vertex -0.161771 -0.378158 0.00217128
         vertex -0.158664 -0.376818 0.00375631
         vertex -0.158664 -0.405913 0.0283549
      endloop
   endfacet
   facet normal 0.92388 -0.247072 -0.292236
      outer loop
         vertex -0.163846 -0.380164 -0.000200885
         vertex -0.161771 -0.378158 0.00217128
         vertex -0.161771 -0.407253 0.0267698
      endloop
   endfacet
   facet normal 1 5.43387e-15 3.60029e-15
      outer loop
         vertex -0.164575 -0.38253 -0.00299904
         vertex -0.163846 -0.380164 -0.000200885
         vertex -0.163846 -0.409259 0.0243977
      endloop
   endfacet
   facet normal 0.92388 0.247072 0.292236
      outer loop
         vertex -0.163846 -0.384895 -0.0057972
         vertex -0.164575 -0.38253 -0.00299904
         vertex -0.164575 -0.411625 0.0215995
      endloop
   endfacet
   facet normal 0.707107 0.45653 0.539981
      outer loop
         vertex -0.161771 -0.386901 -0.00816937
         vertex -0.163846 -0.384895 -0.0057972
         vertex -0.163846 -0.41399 0.0188014
      endloop
   endfacet
   facet normal 0.382683 0.596486 0.70552
      outer loop
         vertex -0.158664 -0.388241 -0.0097544
         vertex -0.161771 -0.386901 -0.00816937
         vertex -0.161771 -0.415996 0.0164292
      endloop
   endfacet
   facet normal 1.17201e-14 0.645632 0.763649
      outer loop
         vertex -0.155 -0.388712 -0.010311
         vertex -0.158664 -0.388241 -0.0097544
         vertex -0.158664 -0.417336 0.0148442
      endloop
   endfacet
   facet normal -0.382683 0.596486 0.70552
      outer loop
         vertex -0.151336 -0.388241 -0.0097544
         vertex -0.155 -0.388712 -0.010311
         vertex -0.155 -0.417807 0.0142876
      endloop
   endfacet
   facet normal -0.707107 0.45653 0.539981
      outer loop
         vertex -0.148229 -0.386901 -0.00816937
         vertex -0.151336 -0.388241 -0.0097544
         vertex -0.151336 -0.417336 0.0148442
      endloop
   endfacet
   facet normal -0.92388 0.247072 0.292236
      outer loop
         vertex -0.146154 -0.384895 -0.0057972
         vertex -0.148229 -0.386901 -0.00816937
         vertex -0.148229 -0.415996 0.0164292
      endloop
   endfacet
   facet normal -1 -4.35129e-15 -2.31982e-15
      outer loop
         vertex -0.145425 -0.38253 -0.00299904
         vertex -0.146154 -0.384895 -0.0057972
         vertex -0.146154 -0.41399 0.0188014
      endloop
   endfacet
   facet normal -0.92388 -0.247072 -0.292236
      outer loop
         vertex -0.146154 -0.380164 -0.000200885
         vertex -0.145425 -0.38253 -0.00299904
         vertex -0.145425 -0.411625 0.0215995
      endloop
   endfacet
   facet normal -0.707107 -0.45653 -0.539981
      outer loop
         vertex -0.148229 -0.378158 0.00217128
         vertex -0.146154 -0.380164 -0.000200885
         vertex -0.146154 -0.409259 0.0243977
      endloop
   endfacet
   facet normal -0.382683 -0.596486 -0.70552
      outer loop
         vertex -0.151336 -0.376818 0.00375631
         vertex -0.148229 -0.378158 0.00217128
         vertex -0.148229 -0.407253 0.0267698
      endloop
   endfacet
   facet normal 1.87798e-15 -0.645632 -0.763649
      outer loop
         vertex -0.155 -0.376348 0.0043129
         vertex -0.151336 -0.376818 0.00375631
         vertex -0.151336 -0.405913 0.0283549
      endloop
   endfacet
   facet normal -0.382683 -0.596486 -0.70552
      outer loop
         vertex -0.151336 -0.405913 0.0283549
         vertex -0.155 -0.405443 0.0289115
         vertex -0.155 -0.376348 0.0043129
      endloop
   endfacet
   facet normal -0.707107 -0.45653 -0.539981
      outer loop
         vertex -0.148229 -0.407253 0.0267698
         vertex -0.151336 -0.405913 0.0283549
         vertex -0.151336 -0.376818 0.00375631
      endloop
   endfacet
   facet normal -0.92388 -0.247072 -0.292236
      outer loop
         vertex -0.146154 -0.409259 0.0243977
         vertex -0.148229 -0.407253 0.0267698
         vertex -0.148229 -0.378158 0.00217128
      endloop
   endfacet
   facet normal -1 -4.35129e-15 -2.31982e-15
      outer loop
         vertex -0.145425 -0.411625 0.0215995
         vertex -0.146154 -0.409259 0.0243977
         vertex -0.146154 -0.380164 -0.000200885
      endloop
   endfacet
   facet normal -0.92388 0.247072 0.292236
      outer loop
         vertex -0.146154 -0.41399 0.0188014
         vertex -0.145425 -0.411625 0.0215995
         vertex -0.145425 -0.38253 -0.00299904
      endloop
   endfacet
   facet normal -0.707107 0.45653 0.539981
      outer loop
         vertex -0.148229 -0.415996 0.0164292
         vertex -0.146154 -0.41399 0.0188014
         vertex -0.146154 -0.384895 -0.0057972
      endloop
   endfacet
   facet normal -0.382683 0.596486 0.70552
      outer loop
         vertex -0.151336 -0.417336 0.0148442
         vertex -0.148229 -0.415996 0.0164292
         vertex -0.148229 -0.386901 -0.00816937
      endloop
   endfacet
   facet normal -4.42005e-15 0.645632 0.763649
      outer loop
         vertex -0.155 -0.417807 0.0142876
         vertex -0.151336 -0.417336 0.0148442
         vertex -0.151336 -0.388241 -0.0097544
      endloop
   endfacet
   facet normal 0.382683 0.596486 0.70552
      outer loop
         vertex -0.158664 -0.417336 0.0148442
         vertex -0.155 -0.417807 0.0142876
         vertex -0.155 -0.388712 -0.010311
      endloop
   endfacet
   facet normal 0.707107 0.45653 0.539981
      outer loop
         vertex -0.161771 -0.415996 0.0164292
         vertex -0.158664 -0.417336 0.0148442
         vertex -0.158664 -0.388241 -0.0097544
      endloop
   endfacet
   facet normal 0.92388 0.247072 0.292236
      outer loop
         vertex -0.163846 -0.41399 0.0188014
         vertex -0.161771 -0.415996 0.0164292
         vertex -0.161771 -0.386901 -0.00816937
      endloop
   endfacet
   facet normal 1 5.43387e-15 3.60029e-15
      outer loop
         vertex -0.164575 -0.411625 0.0215995
         vertex -0.163846 -0.41399 0.0188014
         vertex -0.163846 -0.384895 -0.0057972
      endloop
   endfacet
   facet normal 0.92388 -0.247072 -0.292236
      outer loop
         vertex -0.163846 -0.409259 0.0243977
         vertex -0.164575 -0.411625 0.0215995
         vertex -0.164575 -0.38253 -0.00299904
      endloop
   endfacet
   facet normal 0.707107 -0.45653 -0.539981
      outer loop
         vertex -0.161771 -0.407253 0.0267698
         vertex -0.163846 -0.409259 0.0243977
         vertex -0.163846 -0.380164 -0.000200885
      endloop
   endfacet
   facet normal 0.382683 -0.596486 -0.70552
      outer loop
         vertex -0.158664 -0.405913 0.0283549
         vertex -0.161771 -0.407253 0.0267698
         vertex -0.161771 -0.378158 0.00217128
      endloop
   endfacet
   facet normal 1.87798e-15 -0.645632 -0.763649
      outer loop
         vertex -0.155 -0.405443 0.0289115
         vertex -0.158664 -0.405913 0.0283549
         vertex -0.158664 -0.376818 0.00375631
      endloop
   endfacet
   facet normal -1.82511e-15 0.763649 -0.645632
      outer loop
         vertex -0.148229 -0.407253 0.0267698
         vertex -0.148265 -0.407276 0.0267428
         vertex -0.151355 -0.405943 0.0283196
      endloop
   endfacet
   facet normal -1.82511e-15 0.763649 -0.645632
      outer loop
         vertex -0.146154 -0.409259 0.0243977
         vertex -0.1462 -0.409271 0.0243831
         vertex -0.148265 -0.407276 0.0267428
      endloop
   endfacet
   facet normal -1.82511e-15 0.763649 -0.645632
      outer loop
         vertex -0.146154 -0.41399 0.0188014
         vertex -0.1462 -0.413978 0.018816
         vertex -0.145475 -0.411625 0.0215995
      endloop
   endfacet
   facet normal -1.82511e-15 0.763649 -0.645632
      outer loop
         vertex -0.148229 -0.415996 0.0164292
         vertex -0.148265 -0.415973 0.0164562
         vertex -0.1462 -0.413978 0.018816
      endloop
   endfacet
   facet normal -1.82511e-15 0.763649 -0.645632
      outer loop
         vertex -0.161771 -0.415996 0.0164292
         vertex -0.163846 -0.41399 0.0188014
         vertex -0.1638 -0.413978 0.018816
      endloop
   endfacet
   facet normal -1.82511e-15 0.763649 -0.645632
      outer loop
         vertex -0.163846 -0.41399 0.0188014
         vertex -0.164575 -0.411625 0.0215995
         vertex -0.164525 -0.411625 0.0215995
      endloop
   endfacet
   facet normal -1.82511e-15 0.763649 -0.645632
      outer loop
         vertex -0.164575 -0.411625 0.0215995
         vertex -0.163846 -0.409259 0.0243977
         vertex -0.1638 -0.409271 0.0243831
      endloop
   endfacet
   facet normal -1.82511e-15 0.763649 -0.645632
      outer loop
         vertex -0.163846 -0.409259 0.0243977
         vertex -0.161771 -0.407253 0.0267698
         vertex -0.161735 -0.407276 0.0267428
      endloop
   endfacet
   facet normal -1.82511e-15 0.763649 -0.645632
      outer loop
         vertex -0.148265 -0.407276 0.0267428
         vertex -0.148229 -0.407253 0.0267698
         vertex -0.146154 -0.409259 0.0243977
      endloop
   endfacet
   facet normal -1.82511e-15 0.763649 -0.645632
      outer loop
         vertex -0.145425 -0.411625 0.0215995
         vertex -0.145475 -0.411625 0.0215995
         vertex -0.1462 -0.409271 0.0243831
      endloop
   endfacet
   facet normal -1.82511e-15 0.763649 -0.645632
      outer loop
         vertex -0.1462 -0.413978 0.018816
         vertex -0.146154 -0.41399 0.0188014
         vertex -0.148229 -0.415996 0.0164292
      endloop
   endfacet
   facet normal -1.82511e-15 0.763649 -0.645632
      outer loop
         vertex -0.148229 -0.415996 0.0164292
         vertex -0.151336 -0.417336 0.0148442
         vertex -0.151355 -0.417306 0.0148794
      endloop
   endfacet
   facet normal -1.82511e-15 0.763649 -0.645632
      outer loop
         vertex -0.164525 -0.411625 0.0215995
         vertex -0.1638 -0.413978 0.018816
         vertex -0.163846 -0.41399 0.0188014
      endloop
   endfacet
   facet normal -1.82511e-15 0.763649 -0.645632
      outer loop
         vertex -0.161735 -0.407276 0.0267428
         vertex -0.1638 -0.409271 0.0243831
         vertex -0.163846 -0.409259 0.0243977
      endloop
   endfacet
   facet normal -1.82511e-15 0.763649 -0.645632
      outer loop
         vertex -0.161771 -0.407253 0.0267698
         vertex -0.158664 -0.405913 0.0283549
         vertex -0.158645 -0.405943 0.0283196
      endloop
   endfacet
   facet normal -1.82511e-15 0.763649 -0.645632
      outer loop
         vertex -0.158664 -0.405913 0.0283549
         vertex -0.155 -0.405443 0.0289115
         vertex -0.155 -0.405475 0.0288733
      endloop
   endfacet
   facet normal -1.82511e-15 0.763649 -0.645632
      outer loop
         vertex -0.1462 -0.409271 0.0243831
         vertex -0.146154 -0.409259 0.0243977
         vertex -0.145425 -0.411625 0.0215995
      endloop
   endfacet
   facet normal -1.82511e-15 0.763649 -0.645632
      outer loop
         vertex -0.151355 -0.417306 0.0148794
         vertex -0.148265 -0.415973 0.0164562
         vertex -0.148229 -0.415996 0.0164292
      endloop
   endfacet
   facet normal -1.82511e-15 0.763649 -0.645632
      outer loop
         vertex -0.155 -0.417807 0.0142876
         vertex -0.158664 -0.417336 0.0148442
         vertex -0.158645 -0.417306 0.0148794
      endloop
   endfacet
   facet normal -1.82511e-15 0.763649 -0.645632
      outer loop
         vertex -0.158664 -0.417336 0.0148442
         vertex -0.161771 -0.415996 0.0164292
         vertex -0.161735 -0.415973 0.0164562
      endloop
   endfacet
   facet normal -1.82511e-15 0.763649 -0.645632
      outer loop
         vertex -0.1638 -0.409271 0.0243831
         vertex -0.164525 -0.411625 0.0215995
         vertex -0.164575 -0.411625 0.0215995
      endloop
   endfacet
   facet normal -1.82511e-15 0.763649 -0.645632
      outer loop
         vertex -0.155 -0.405475 0.0288733
         vertex -0.158645 -0.405943 0.0283196
         vertex -0.158664 -0.405913 0.0283549
      endloop
   endfacet
   facet normal -1.82511e-15 0.763649 -0.645632
      outer loop
         vertex -0.145475 -0.411625 0.0215995
         vertex -0.145425 -0.411625 0.0215995
         vertex -0.146154 -0.41399 0.0188014
      endloop
   endfacet
   facet normal -1.82511e-15 0.763649 -0.645632
      outer loop
         vertex -0.151336 -0.417336 0.0148442
         vertex -0.155 -0.417807 0.0142876
         vertex -0.155 -0.417774 0.0143258
      endloop
   endfacet
   facet normal -1.82511e-15 0.763649 -0.645632
      outer loop
         vertex -0.161735 -0.415973 0.0164562
         vertex -0.158645 -0.417306 0.0148794
         vertex -0.158664 -0.417336 0.0148442
      endloop
   endfacet
   facet normal -1.82511e-15 0.763649 -0.645632
      outer loop
         vertex -0.158645 -0.405943 0.0283196
         vertex -0.161735 -0.407276 0.0267428
         vertex -0.161771 -0.407253 0.0267698
      endloop
   endfacet
   facet normal -1.82511e-15 0.763649 -0.645632
      outer loop
         vertex -0.155 -0.417774 0.0143258
         vertex -0.151355 -0.417306 0.0148794
         vertex -0.151336 -0.417336 0.0148442
      endloop
   endfacet
   facet normal -1.82511e-15 0.763649 -0.645632
      outer loop
         vertex -0.1638 -0.413978 0.018816
         vertex -0.161735 -0.415973 0.0164562
         vertex -0.161771 -0.415996 0.0164292
      endloop
   endfacet
   facet normal -1.82511e-15 0.763649 -0.645632
      outer loop
         vertex -0.155 -0.405443 0.0289115
         vertex -0.151336 -0.405913 0.0283549
         vertex -0.151355 -0.405943 0.0283196
      endloop
   endfacet
   facet normal -1.82511e-15 0.763649 -0.645632
      outer loop
         vertex -0.158645 -0.417306 0.0148794
         vertex -0.155 -0.417774 0.0143258
         vertex -0.155 -0.417807 0.0142876
      endloop
   endfacet
   facet normal -1.82511e-15 0.763649 -0.645632
      outer loop
         vertex -0.151355 -0.405943 0.0283196
         vertex -0.151336 -0.405913 0.0283549
         vertex -0.148229 -0.407253 0.0267698
      endloop
   endfacet
   facet normal -1.82511e-15 0.763649 -0.645632
      outer loop
         vertex -0.151355 -0.405943 0.0283196
         vertex -0.155 -0.405475 0.0288733
         vertex -0.155 -0.405443 0.0289115
      endloop
   endfacet
   facet normal -2.70319e-14 0.645632 0.763649
      outer loop
         vertex -0.155 -0.216506 -0.130892
         vertex -0.155 -0.405475 0.0288733
         vertex -0.151355 -0.405943 0.0283196
      endloop
   endfacet
   facet normal 0.382683 0.596486 0.70552
      outer loop
         vertex -0.151355 -0.216974 -0.131445
         vertex -0.151355 -0.405943 0.0283196
         vertex -0.148265 -0.407276 0.0267428
      endloop
   endfacet
   facet normal 0.707107 0.45653 0.539981
      outer loop
         vertex -0.148265 -0.218307 -0.133022
         vertex -0.148265 -0.407276 0.0267428
         vertex -0.1462 -0.409271 0.0243831
      endloop
   endfacet
   facet normal 0.92388 0.247072 0.292236
      outer loop
         vertex -0.1462 -0.220302 -0.135382
         vertex -0.1462 -0.409271 0.0243831
         vertex -0.145475 -0.411625 0.0215995
      endloop
   endfacet
   facet normal 1 9.94229e-15 8.93282e-15
      outer loop
         vertex -0.145475 -0.222656 -0.138165
         vertex -0.145475 -0.411625 0.0215995
         vertex -0.1462 -0.413978 0.018816
      endloop
   endfacet
   facet normal 0.92388 -0.247072 -0.292236
      outer loop
         vertex -0.1462 -0.225009 -0.140949
         vertex -0.1462 -0.413978 0.018816
         vertex -0.148265 -0.415973 0.0164562
      endloop
   endfacet
   facet normal 0.707107 -0.45653 -0.539981
      outer loop
         vertex -0.148265 -0.227004 -0.143309
         vertex -0.148265 -0.415973 0.0164562
         vertex -0.151355 -0.417306 0.0148794
      endloop
   endfacet
   facet normal 0.382683 -0.596486 -0.70552
      outer loop
         vertex -0.151355 -0.228337 -0.144886
         vertex -0.151355 -0.417306 0.0148794
         vertex -0.155 -0.417774 0.0143258
      endloop
   endfacet
   facet normal 4.42005e-15 -0.645632 -0.763649
      outer loop
         vertex -0.155 -0.228805 -0.145439
         vertex -0.155 -0.417774 0.0143258
         vertex -0.158645 -0.417306 0.0148794
      endloop
   endfacet
   facet normal -0.382683 -0.596486 -0.70552
      outer loop
         vertex -0.158645 -0.228337 -0.144886
         vertex -0.158645 -0.417306 0.0148794
         vertex -0.161735 -0.415973 0.0164562
      endloop
   endfacet
   facet normal -0.707107 -0.45653 -0.539981
      outer loop
         vertex -0.161735 -0.227004 -0.143309
         vertex -0.161735 -0.415973 0.0164562
         vertex -0.1638 -0.413978 0.018816
      endloop
   endfacet
   facet normal -0.92388 -0.247072 -0.292236
      outer loop
         vertex -0.1638 -0.225009 -0.140949
         vertex -0.1638 -0.413978 0.018816
         vertex -0.164525 -0.411625 0.0215995
      endloop
   endfacet
   facet normal -1 8.73924e-16 3.86053e-15
      outer loop
         vertex -0.164525 -0.222656 -0.138165
         vertex -0.164525 -0.411625 0.0215995
         vertex -0.1638 -0.409271 0.0243831
      endloop
   endfacet
   facet normal -0.92388 0.247072 0.292236
      outer loop
         vertex -0.1638 -0.220302 -0.135382
         vertex -0.1638 -0.409271 0.0243831
         vertex -0.161735 -0.407276 0.0267428
      endloop
   endfacet
   facet normal -0.707107 0.45653 0.539981
      outer loop
         vertex -0.161735 -0.218307 -0.133022
         vertex -0.161735 -0.407276 0.0267428
         vertex -0.158645 -0.405943 0.0283196
      endloop
   endfacet
   facet normal -0.382683 0.596486 0.70552
      outer loop
         vertex -0.158645 -0.216974 -0.131445
         vertex -0.158645 -0.405943 0.0283196
         vertex -0.155 -0.405475 0.0288733
      endloop
   endfacet
   facet normal -2.70319e-14 0.645632 0.763649
      outer loop
         vertex -0.155 -0.405475 0.0288733
         vertex -0.155 -0.216506 -0.130892
         vertex -0.158645 -0.216974 -0.131445
      endloop
   endfacet
   facet normal -0.382683 0.596486 0.70552
      outer loop
         vertex -0.158645 -0.405943 0.0283196
         vertex -0.158645 -0.216974 -0.131445
         vertex -0.161735 -0.218307 -0.133022
      endloop
   endfacet
   facet normal -0.707107 0.45653 0.539981
      outer loop
         vertex -0.161735 -0.407276 0.0267428
         vertex -0.161735 -0.218307 -0.133022
         vertex -0.1638 -0.220302 -0.135382
      endloop
   endfacet
   facet normal -0.92388 0.247072 0.292236
      outer loop
         vertex -0.1638 -0.409271 0.0243831
         vertex -0.1638 -0.220302 -0.135382
         vertex -0.164525 -0.222656 -0.138165
      endloop
   endfacet
   facet normal -1 8.73924e-16 3.86053e-15
      outer loop
         vertex -0.164525 -0.411625 0.0215995
         vertex -0.164525 -0.222656 -0.138165
         vertex -0.1638 -0.225009 -0.140949
      endloop
   endfacet
   facet normal -0.92388 -0.247072 -0.292236
      outer loop
         vertex -0.1638 -0.413978 0.018816
         vertex -0.1638 -0.225009 -0.140949
         vertex -0.161735 -0.227004 -0.143309
      endloop
   endfacet
   facet normal -0.707107 -0.45653 -0.539981
      outer loop
         vertex -0.161735 -0.415973 0.0164562
         vertex -0.161735 -0.227004 -0.143309
         vertex -0.158645 -0.228337 -0.144886
      endloop
   endfacet
   facet normal -0.382683 -0.596486 -0.70552
      outer loop
         vertex -0.158645 -0.417306 0.0148794
         vertex -0.158645 -0.228337 -0.144886
         vertex -0.155 -0.228805 -0.145439
      endloop
   endfacet
   facet normal 4.42005e-15 -0.645632 -0.763649
      outer loop
         vertex -0.155 -0.417774 0.0143258
         vertex -0.155 -0.228805 -0.145439
         vertex -0.151355 -0.228337 -0.144886
      endloop
   endfacet
   facet normal 0.382683 -0.596486 -0.70552
      outer loop
         vertex -0.151355 -0.417306 0.0148794
         vertex -0.151355 -0.228337 -0.144886
         vertex -0.148265 -0.227004 -0.143309
      endloop
   endfacet
   facet normal 0.707107 -0.45653 -0.539981
      outer loop
         vertex -0.148265 -0.415973 0.0164562
         vertex -0.148265 -0.227004 -0.143309
         vertex -0.1462 -0.225009 -0.140949
      endloop
   endfacet
   facet normal 0.92388 -0.247072 -0.292236
      outer loop
         vertex -0.1462 -0.413978 0.018816
         vertex -0.1462 -0.225009 -0.140949
         vertex -0.145475 -0.222656 -0.138165
      endloop
   endfacet
   facet normal 1 9.94229e-15 8.93282e-15
      outer loop
         vertex -0.145475 -0.411625 0.0215995
         vertex -0.145475 -0.222656 -0.138165
         vertex -0.1462 -0.220302 -0.135382
      endloop
   endfacet
   facet normal 0.92388 0.247072 0.292236
      outer loop
         vertex -0.1462 -0.409271 0.0243831
         vertex -0.1462 -0.220302 -0.135382
         vertex -0.148265 -0.218307 -0.133022
      endloop
   endfacet
   facet normal 0.707107 0.45653 0.539981
      outer loop
         vertex -0.148265 -0.407276 0.0267428
         vertex -0.148265 -0.218307 -0.133022
         vertex -0.151355 -0.216974 -0.131445
      endloop
   endfacet
   facet normal 0.382683 0.596486 0.70552
      outer loop
         vertex -0.151355 -0.405943 0.0283196
         vertex -0.151355 -0.216974 -0.131445
         vertex -0.155 -0.216506 -0.130892
      endloop
   endfacet
   facet normal 1.82511e-15 -0.763649 0.645632
      outer loop
         vertex -0.163846 -0.22029 -0.135367
         vertex -0.164575 -0.222656 -0.138165
         vertex -0.164525 -0.222656 -0.138165
      endloop
   endfacet
   facet normal 1.82511e-15 -0.763649 0.645632
      outer loop
         vertex -0.164575 -0.222656 -0.138165
         vertex -0.163846 -0.225021 -0.140964
         vertex -0.1638 -0.225009 -0.140949
      endloop
   endfacet
   facet normal 1.82511e-15 -0.763649 0.645632
      outer loop
         vertex -0.146154 -0.225021 -0.140964
         vertex -0.1462 -0.225009 -0.140949
         vertex -0.148265 -0.227004 -0.143309
      endloop
   endfacet
   facet normal 1.82511e-15 -0.763649 0.645632
      outer loop
         vertex -0.145425 -0.222656 -0.138165
         vertex -0.145475 -0.222656 -0.138165
         vertex -0.1462 -0.225009 -0.140949
      endloop
   endfacet
   facet normal 1.82511e-15 -0.763649 0.645632
      outer loop
         vertex -0.151336 -0.216944 -0.13141
         vertex -0.151355 -0.216974 -0.131445
         vertex -0.148265 -0.218307 -0.133022
      endloop
   endfacet
   facet normal 1.82511e-15 -0.763649 0.645632
      outer loop
         vertex -0.151336 -0.216944 -0.13141
         vertex -0.155 -0.216474 -0.130854
         vertex -0.155 -0.216506 -0.130892
      endloop
   endfacet
   facet normal 1.82511e-15 -0.763649 0.645632
      outer loop
         vertex -0.161771 -0.218284 -0.132995
         vertex -0.163846 -0.22029 -0.135367
         vertex -0.1638 -0.220302 -0.135382
      endloop
   endfacet
   facet normal 1.82511e-15 -0.763649 0.645632
      outer loop
         vertex -0.1638 -0.225009 -0.140949
         vertex -0.164525 -0.222656 -0.138165
         vertex -0.164575 -0.222656 -0.138165
      endloop
   endfacet
   facet normal 1.82511e-15 -0.763649 0.645632
      outer loop
         vertex -0.1462 -0.225009 -0.140949
         vertex -0.146154 -0.225021 -0.140964
         vertex -0.145425 -0.222656 -0.138165
      endloop
   endfacet
   facet normal 1.82511e-15 -0.763649 0.645632
      outer loop
         vertex -0.146154 -0.22029 -0.135367
         vertex -0.1462 -0.220302 -0.135382
         vertex -0.145475 -0.222656 -0.138165
      endloop
   endfacet
   facet normal 1.82511e-15 -0.763649 0.645632
      outer loop
         vertex -0.148229 -0.218284 -0.132995
         vertex -0.148265 -0.218307 -0.133022
         vertex -0.1462 -0.220302 -0.135382
      endloop
   endfacet
   facet normal 1.82511e-15 -0.763649 0.645632
      outer loop
         vertex -0.155 -0.216506 -0.130892
         vertex -0.151355 -0.216974 -0.131445
         vertex -0.151336 -0.216944 -0.13141
      endloop
   endfacet
   facet normal 1.82511e-15 -0.763649 0.645632
      outer loop
         vertex -0.164525 -0.222656 -0.138165
         vertex -0.1638 -0.220302 -0.135382
         vertex -0.163846 -0.22029 -0.135367
      endloop
   endfacet
   facet normal 1.82511e-15 -0.763649 0.645632
      outer loop
         vertex -0.163846 -0.225021 -0.140964
         vertex -0.161771 -0.227027 -0.143336
         vertex -0.161735 -0.227004 -0.143309
      endloop
   endfacet
   facet normal 1.82511e-15 -0.763649 0.645632
      outer loop
         vertex -0.161771 -0.227027 -0.143336
         vertex -0.158664 -0.228367 -0.144921
         vertex -0.158645 -0.228337 -0.144886
      endloop
   endfacet
   facet normal 1.82511e-15 -0.763649 0.645632
      outer loop
         vertex -0.155 -0.228837 -0.145477
         vertex -0.155 -0.228805 -0.145439
         vertex -0.158645 -0.228337 -0.144886
      endloop
   endfacet
   facet normal 1.82511e-15 -0.763649 0.645632
      outer loop
         vertex -0.151336 -0.228367 -0.144921
         vertex -0.151355 -0.228337 -0.144886
         vertex -0.155 -0.228805 -0.145439
      endloop
   endfacet
   facet normal 1.82511e-15 -0.763649 0.645632
      outer loop
         vertex -0.148229 -0.227027 -0.143336
         vertex -0.148265 -0.227004 -0.143309
         vertex -0.151355 -0.228337 -0.144886
      endloop
   endfacet
   facet normal 1.82511e-15 -0.763649 0.645632
      outer loop
         vertex -0.145475 -0.222656 -0.138165
         vertex -0.145425 -0.222656 -0.138165
         vertex -0.146154 -0.22029 -0.135367
      endloop
   endfacet
   facet normal 1.82511e-15 -0.763649 0.645632
      outer loop
         vertex -0.148265 -0.218307 -0.133022
         vertex -0.148229 -0.218284 -0.132995
         vertex -0.151336 -0.216944 -0.13141
      endloop
   endfacet
   facet normal 1.82511e-15 -0.763649 0.645632
      outer loop
         vertex -0.155 -0.216474 -0.130854
         vertex -0.158664 -0.216944 -0.13141
         vertex -0.158645 -0.216974 -0.131445
      endloop
   endfacet
   facet normal 1.82511e-15 -0.763649 0.645632
      outer loop
         vertex -0.158664 -0.216944 -0.13141
         vertex -0.161771 -0.218284 -0.132995
         vertex -0.161735 -0.218307 -0.133022
      endloop
   endfacet
   facet normal 1.82511e-15 -0.763649 0.645632
      outer loop
         vertex -0.161735 -0.227004 -0.143309
         vertex -0.1638 -0.225009 -0.140949
         vertex -0.163846 -0.225021 -0.140964
      endloop
   endfacet
   facet normal 1.82511e-15 -0.763649 0.645632
      outer loop
         vertex -0.158645 -0.228337 -0.144886
         vertex -0.158664 -0.228367 -0.144921
         vertex -0.155 -0.228837 -0.145477
      endloop
   endfacet
   facet normal 1.82511e-15 -0.763649 0.645632
      outer loop
         vertex -0.151355 -0.228337 -0.144886
         vertex -0.151336 -0.228367 -0.144921
         vertex -0.148229 -0.227027 -0.143336
      endloop
   endfacet
   facet normal 1.82511e-15 -0.763649 0.645632
      outer loop
         vertex -0.1462 -0.220302 -0.135382
         vertex -0.146154 -0.22029 -0.135367
         vertex -0.148229 -0.218284 -0.132995
      endloop
   endfacet
   facet normal 1.82511e-15 -0.763649 0.645632
      outer loop
         vertex -0.161735 -0.218307 -0.133022
         vertex -0.158645 -0.216974 -0.131445
         vertex -0.158664 -0.216944 -0.13141
      endloop
   endfacet
   facet normal 1.82511e-15 -0.763649 0.645632
      outer loop
         vertex -0.158645 -0.228337 -0.144886
         vertex -0.161735 -0.227004 -0.143309
         vertex -0.161771 -0.227027 -0.143336
      endloop
   endfacet
   facet normal 1.82511e-15 -0.763649 0.645632
      outer loop
         vertex -0.148265 -0.227004 -0.143309
         vertex -0.148229 -0.227027 -0.143336
         vertex -0.146154 -0.225021 -0.140964
      endloop
   endfacet
   facet normal 1.82511e-15 -0.763649 0.645632
      outer loop
         vertex -0.1638 -0.220302 -0.135382
         vertex -0.161735 -0.218307 -0.133022
         vertex -0.161771 -0.218284 -0.132995
      endloop
   endfacet
   facet normal 1.82511e-15 -0.763649 0.645632
      outer loop
         vertex -0.158645 -0.216974 -0.131445
         vertex -0.155 -0.216506 -0.130892
         vertex -0.155 -0.216474 -0.130854
      endloop
   endfacet
   facet normal 1.82511e-15 -0.763649 0.645632
      outer loop
         vertex -0.155 -0.228805 -0.145439
         vertex -0.155 -0.228837 -0.145477
         vertex -0.151336 -0.228367 -0.144921
      endloop
   endfacet
   facet normal 0.382683 -0.596486 -0.70552
      outer loop
         vertex -0.158664 -0.216944 -0.13141
         vertex -0.155 -0.216474 -0.130854
         vertex -0.155 -0.245569 -0.106255
      endloop
   endfacet
   facet normal 0.707107 -0.45653 -0.539981
      outer loop
         vertex -0.161771 -0.218284 -0.132995
         vertex -0.158664 -0.216944 -0.13141
         vertex -0.158664 -0.246039 -0.106812
      endloop
   endfacet
   facet normal 0.92388 -0.247072 -0.292236
      outer loop
         vertex -0.163846 -0.22029 -0.135367
         vertex -0.161771 -0.218284 -0.132995
         vertex -0.161771 -0.247379 -0.108397
      endloop
   endfacet
   facet normal 1 4.86044e-15 2.92203e-15
      outer loop
         vertex -0.164575 -0.222656 -0.138165
         vertex -0.163846 -0.22029 -0.135367
         vertex -0.163846 -0.249385 -0.110769
      endloop
   endfacet
   facet normal 0.92388 0.247072 0.292236
      outer loop
         vertex -0.163846 -0.225021 -0.140964
         vertex -0.164575 -0.222656 -0.138165
         vertex -0.164575 -0.251751 -0.113567
      endloop
   endfacet
   facet normal 0.707107 0.45653 0.539981
      outer loop
         vertex -0.161771 -0.227027 -0.143336
         vertex -0.163846 -0.225021 -0.140964
         vertex -0.163846 -0.254116 -0.116365
      endloop
   endfacet
   facet normal 0.382683 0.596486 0.70552
      outer loop
         vertex -0.158664 -0.228367 -0.144921
         vertex -0.161771 -0.227027 -0.143336
         vertex -0.161771 -0.256122 -0.118737
      endloop
   endfacet
   facet normal -3.53187e-15 0.645632 0.763649
      outer loop
         vertex -0.155 -0.228837 -0.145477
         vertex -0.158664 -0.228367 -0.144921
         vertex -0.158664 -0.257462 -0.120322
      endloop
   endfacet
   facet normal -0.382683 0.596486 0.70552
      outer loop
         vertex -0.151336 -0.228367 -0.144921
         vertex -0.155 -0.228837 -0.145477
         vertex -0.155 -0.257933 -0.120879
      endloop
   endfacet
   facet normal -0.707107 0.45653 0.539981
      outer loop
         vertex -0.148229 -0.227027 -0.143336
         vertex -0.151336 -0.228367 -0.144921
         vertex -0.151336 -0.257462 -0.120322
      endloop
   endfacet
   facet normal -0.92388 0.247072 0.292236
      outer loop
         vertex -0.146154 -0.225021 -0.140964
         vertex -0.148229 -0.227027 -0.143336
         vertex -0.148229 -0.256122 -0.118737
      endloop
   endfacet
   facet normal -1 -4.78137e-15 -2.82851e-15
      outer loop
         vertex -0.145425 -0.222656 -0.138165
         vertex -0.146154 -0.225021 -0.140964
         vertex -0.146154 -0.254116 -0.116365
      endloop
   endfacet
   facet normal -0.92388 -0.247072 -0.292236
      outer loop
         vertex -0.146154 -0.22029 -0.135367
         vertex -0.145425 -0.222656 -0.138165
         vertex -0.145425 -0.251751 -0.113567
      endloop
   endfacet
   facet normal -0.707107 -0.45653 -0.539981
      outer loop
         vertex -0.148229 -0.218284 -0.132995
         vertex -0.146154 -0.22029 -0.135367
         vertex -0.146154 -0.249385 -0.110769
      endloop
   endfacet
   facet normal -0.382683 -0.596486 -0.70552
      outer loop
         vertex -0.151336 -0.216944 -0.13141
         vertex -0.148229 -0.218284 -0.132995
         vertex -0.148229 -0.247379 -0.108397
      endloop
   endfacet
   facet normal 3.26883e-14 -0.645632 -0.763649
      outer loop
         vertex -0.155 -0.216474 -0.130854
         vertex -0.151336 -0.216944 -0.13141
         vertex -0.151336 -0.246039 -0.106812
      endloop
   endfacet
   facet normal -0.382683 -0.596486 -0.70552
      outer loop
         vertex -0.151336 -0.246039 -0.106812
         vertex -0.155 -0.245569 -0.106255
         vertex -0.155 -0.216474 -0.130854
      endloop
   endfacet
   facet normal -0.707107 -0.45653 -0.539981
      outer loop
         vertex -0.148229 -0.247379 -0.108397
         vertex -0.151336 -0.246039 -0.106812
         vertex -0.151336 -0.216944 -0.13141
      endloop
   endfacet
   facet normal -0.92388 -0.247072 -0.292236
      outer loop
         vertex -0.146154 -0.249385 -0.110769
         vertex -0.148229 -0.247379 -0.108397
         vertex -0.148229 -0.218284 -0.132995
      endloop
   endfacet
   facet normal -1 -4.78137e-15 -2.82851e-15
      outer loop
         vertex -0.145425 -0.251751 -0.113567
         vertex -0.146154 -0.249385 -0.110769
         vertex -0.146154 -0.22029 -0.135367
      endloop
   endfacet
   facet normal -0.92388 0.247072 0.292236
      outer loop
         vertex -0.146154 -0.254116 -0.116365
         vertex -0.145425 -0.251751 -0.113567
         vertex -0.145425 -0.222656 -0.138165
      endloop
   endfacet
   facet normal -0.707107 0.45653 0.539981
      outer loop
         vertex -0.148229 -0.256122 -0.118737
         vertex -0.146154 -0.254116 -0.116365
         vertex -0.146154 -0.225021 -0.140964
      endloop
   endfacet
   facet normal -0.382683 0.596486 0.70552
      outer loop
         vertex -0.151336 -0.257462 -0.120322
         vertex -0.148229 -0.256122 -0.118737
         vertex -0.148229 -0.227027 -0.143336
      endloop
   endfacet
   facet normal 3.12543e-14 0.645632 0.763649
      outer loop
         vertex -0.155 -0.257933 -0.120879
         vertex -0.151336 -0.257462 -0.120322
         vertex -0.151336 -0.228367 -0.144921
      endloop
   endfacet
   facet normal 0.382683 0.596486 0.70552
      outer loop
         vertex -0.158664 -0.257462 -0.120322
         vertex -0.155 -0.257933 -0.120879
         vertex -0.155 -0.228837 -0.145477
      endloop
   endfacet
   facet normal 0.707107 0.45653 0.539981
      outer loop
         vertex -0.161771 -0.256122 -0.118737
         vertex -0.158664 -0.257462 -0.120322
         vertex -0.158664 -0.228367 -0.144921
      endloop
   endfacet
   facet normal 0.92388 0.247072 0.292236
      outer loop
         vertex -0.163846 -0.254116 -0.116365
         vertex -0.161771 -0.256122 -0.118737
         vertex -0.161771 -0.227027 -0.143336
      endloop
   endfacet
   facet normal 1 4.86044e-15 2.92203e-15
      outer loop
         vertex -0.164575 -0.251751 -0.113567
         vertex -0.163846 -0.254116 -0.116365
         vertex -0.163846 -0.225021 -0.140964
      endloop
   endfacet
   facet normal 0.92388 -0.247072 -0.292236
      outer loop
         vertex -0.163846 -0.249385 -0.110769
         vertex -0.164575 -0.251751 -0.113567
         vertex -0.164575 -0.222656 -0.138165
      endloop
   endfacet
   facet normal 0.707107 -0.45653 -0.539981
      outer loop
         vertex -0.161771 -0.247379 -0.108397
         vertex -0.163846 -0.249385 -0.110769
         vertex -0.163846 -0.22029 -0.135367
      endloop
   endfacet
   facet normal 0.382683 -0.596486 -0.70552
      outer loop
         vertex -0.158664 -0.246039 -0.106812
         vertex -0.161771 -0.247379 -0.108397
         vertex -0.161771 -0.218284 -0.132995
      endloop
   endfacet
   facet normal 3.26883e-14 -0.645632 -0.763649
      outer loop
         vertex -0.155 -0.245569 -0.106255
         vertex -0.158664 -0.246039 -0.106812
         vertex -0.158664 -0.216944 -0.13141
      endloop
   endfacet
   facet normal 1.82511e-15 -0.763649 0.645632
      outer loop
         vertex -0.143475 -0.251751 -0.113567
         vertex -0.144352 -0.248903 -0.110199
         vertex -0.146154 -0.249385 -0.110769
      endloop
   endfacet
   facet normal 1.82511e-15 -0.763649 0.645632
      outer loop
         vertex -0.144352 -0.248903 -0.110199
         vertex -0.146851 -0.246489 -0.107344
         vertex -0.148229 -0.247379 -0.108397
      endloop
   endfacet
   facet normal 1.82511e-15 -0.763649 0.645632
      outer loop
         vertex -0.143475 -0.251751 -0.113567
         vertex -0.145425 -0.251751 -0.113567
         vertex -0.146154 -0.254116 -0.116365
      endloop
   endfacet
   facet normal 1.82511e-15 -0.763649 0.645632
      outer loop
         vertex -0.148229 -0.247379 -0.108397
         vertex -0.146154 -0.249385 -0.110769
         vertex -0.144352 -0.248903 -0.110199
      endloop
   endfacet
   facet normal 1.82511e-15 -0.763649 0.645632
      outer loop
         vertex -0.146851 -0.246489 -0.107344
         vertex -0.15059 -0.244876 -0.105436
         vertex -0.151336 -0.246039 -0.106812
      endloop
   endfacet
   facet normal 1.82511e-15 -0.763649 0.645632
      outer loop
         vertex -0.15059 -0.244876 -0.105436
         vertex -0.155 -0.24431 -0.104766
         vertex -0.155 -0.245569 -0.106255
      endloop
   endfacet
   facet normal 1.82511e-15 -0.763649 0.645632
      outer loop
         vertex -0.163149 -0.246489 -0.107344
         vertex -0.161771 -0.247379 -0.108397
         vertex -0.158664 -0.246039 -0.106812
      endloop
   endfacet
   facet normal 1.82511e-15 -0.763649 0.645632
      outer loop
         vertex -0.165648 -0.248903 -0.110199
         vertex -0.163846 -0.249385 -0.110769
         vertex -0.161771 -0.247379 -0.108397
      endloop
   endfacet
   facet normal 1.82511e-15 -0.763649 0.645632
      outer loop
         vertex -0.144352 -0.254598 -0.116935
         vertex -0.146154 -0.254116 -0.116365
         vertex -0.148229 -0.256122 -0.118737
      endloop
   endfacet
   facet normal 1.82511e-15 -0.763649 0.645632
      outer loop
         vertex -0.146154 -0.249385 -0.110769
         vertex -0.145425 -0.251751 -0.113567
         vertex -0.143475 -0.251751 -0.113567
      endloop
   endfacet
   facet normal 1.82511e-15 -0.763649 0.645632
      outer loop
         vertex -0.155 -0.245569 -0.106255
         vertex -0.151336 -0.246039 -0.106812
         vertex -0.15059 -0.244876 -0.105436
      endloop
   endfacet
   facet normal 1.82511e-15 -0.763649 0.645632
      outer loop
         vertex -0.155 -0.24431 -0.104766
         vertex -0.15941 -0.244876 -0.105436
         vertex -0.158664 -0.246039 -0.106812
      endloop
   endfacet
   facet normal 1.82511e-15 -0.763649 0.645632
      outer loop
         vertex -0.161771 -0.247379 -0.108397
         vertex -0.163149 -0.246489 -0.107344
         vertex -0.165648 -0.248903 -0.110199
      endloop
   endfacet
   facet normal 1.82511e-15 -0.763649 0.645632
      outer loop
         vertex -0.166525 -0.251751 -0.113567
         vertex -0.164575 -0.251751 -0.113567
         vertex -0.163846 -0.249385 -0.110769
      endloop
   endfacet
   facet normal 1.82511e-15 -0.763649 0.645632
      outer loop
         vertex -0.166525 -0.251751 -0.113567
         vertex -0.165648 -0.254598 -0.116935
         vertex -0.163846 -0.254116 -0.116365
      endloop
   endfacet
   facet normal 1.82511e-15 -0.763649 0.645632
      outer loop
         vertex -0.165648 -0.254598 -0.116935
         vertex -0.163149 -0.257012 -0.11979
         vertex -0.161771 -0.256122 -0.118737
      endloop
   endfacet
   facet normal 1.82511e-15 -0.763649 0.645632
      outer loop
         vertex -0.15059 -0.258625 -0.121698
         vertex -0.151336 -0.257462 -0.120322
         vertex -0.155 -0.257933 -0.120879
      endloop
   endfacet
   facet normal 1.82511e-15 -0.763649 0.645632
      outer loop
         vertex -0.146851 -0.257012 -0.11979
         vertex -0.148229 -0.256122 -0.118737
         vertex -0.151336 -0.257462 -0.120322
      endloop
   endfacet
   facet normal 1.82511e-15 -0.763649 0.645632
      outer loop
         vertex -0.146154 -0.254116 -0.116365
         vertex -0.144352 -0.254598 -0.116935
         vertex -0.143475 -0.251751 -0.113567
      endloop
   endfacet
   facet normal 1.82511e-15 -0.763649 0.645632
      outer loop
         vertex -0.158664 -0.246039 -0.106812
         vertex -0.155 -0.245569 -0.106255
         vertex -0.155 -0.24431 -0.104766
      endloop
   endfacet
   facet normal 1.82511e-15 -0.763649 0.645632
      outer loop
         vertex -0.163846 -0.249385 -0.110769
         vertex -0.165648 -0.248903 -0.110199
         vertex -0.166525 -0.251751 -0.113567
      endloop
   endfacet
   facet normal 1.82511e-15 -0.763649 0.645632
      outer loop
         vertex -0.161771 -0.256122 -0.118737
         vertex -0.163846 -0.254116 -0.116365
         vertex -0.165648 -0.254598 -0.116935
      endloop
   endfacet
   facet normal 1.82511e-15 -0.763649 0.645632
      outer loop
         vertex -0.163149 -0.257012 -0.11979
         vertex -0.15941 -0.258625 -0.121698
         vertex -0.158664 -0.257462 -0.120322
      endloop
   endfacet
   facet normal 1.82511e-15 -0.763649 0.645632
      outer loop
         vertex -0.15941 -0.258625 -0.121698
         vertex -0.155 -0.259191 -0.122368
         vertex -0.155 -0.257933 -0.120879
      endloop
   endfacet
   facet normal 1.82511e-15 -0.763649 0.645632
      outer loop
         vertex -0.151336 -0.257462 -0.120322
         vertex -0.15059 -0.258625 -0.121698
         vertex -0.146851 -0.257012 -0.11979
      endloop
   endfacet
   facet normal 1.82511e-15 -0.763649 0.645632
      outer loop
         vertex -0.151336 -0.246039 -0.106812
         vertex -0.148229 -0.247379 -0.108397
         vertex -0.146851 -0.246489 -0.107344
      endloop
   endfacet
   facet normal 1.82511e-15 -0.763649 0.645632
      outer loop
         vertex -0.163846 -0.254116 -0.116365
         vertex -0.164575 -0.251751 -0.113567
         vertex -0.166525 -0.251751 -0.113567
      endloop
   endfacet
   facet normal 1.82511e-15 -0.763649 0.645632
      outer loop
         vertex -0.155 -0.257933 -0.120879
         vertex -0.158664 -0.257462 -0.120322
         vertex -0.15941 -0.258625 -0.121698
      endloop
   endfacet
   facet normal 1.82511e-15 -0.763649 0.645632
      outer loop
         vertex -0.148229 -0.256122 -0.118737
         vertex -0.146851 -0.257012 -0.11979
         vertex -0.144352 -0.254598 -0.116935
      endloop
   endfacet
   facet normal 1.82511e-15 -0.763649 0.645632
      outer loop
         vertex -0.158664 -0.257462 -0.120322
         vertex -0.161771 -0.256122 -0.118737
         vertex -0.163149 -0.257012 -0.11979
      endloop
   endfacet
   facet normal 1.82511e-15 -0.763649 0.645632
      outer loop
         vertex -0.158664 -0.246039 -0.106812
         vertex -0.15941 -0.244876 -0.105436
         vertex -0.163149 -0.246489 -0.107344
      endloop
   endfacet
   facet normal 1.82511e-15 -0.763649 0.645632
      outer loop
         vertex -0.155 -0.257933 -0.120879
         vertex -0.155 -0.259191 -0.122368
         vertex -0.15059 -0.258625 -0.121698
      endloop
   endfacet
   facet normal -2.63328e-14 0.645632 0.763649
      outer loop
         vertex -0.155 -0.222851 -0.122908
         vertex -0.155 -0.24431 -0.104766
         vertex -0.15059 -0.244876 -0.105436
      endloop
   endfacet
   facet normal 0.382683 0.596486 0.70552
      outer loop
         vertex -0.15059 -0.223418 -0.123578
         vertex -0.15059 -0.244876 -0.105436
         vertex -0.146851 -0.246489 -0.107344
      endloop
   endfacet
   facet normal 0.707107 0.45653 0.539981
      outer loop
         vertex -0.146851 -0.225031 -0.125486
         vertex -0.146851 -0.246489 -0.107344
         vertex -0.144352 -0.248903 -0.110199
      endloop
   endfacet
   facet normal 0.92388 0.247072 0.292236
      outer loop
         vertex -0.144352 -0.227445 -0.128341
         vertex -0.144352 -0.248903 -0.110199
         vertex -0.143475 -0.251751 -0.113567
      endloop
   endfacet
   facet normal 1 4.06457e-15 1.98069e-15
      outer loop
         vertex -0.143475 -0.230292 -0.131709
         vertex -0.143475 -0.251751 -0.113567
         vertex -0.144352 -0.254598 -0.116935
      endloop
   endfacet
   facet normal 0.92388 -0.247072 -0.292236
      outer loop
         vertex -0.144352 -0.23314 -0.135077
         vertex -0.144352 -0.254598 -0.116935
         vertex -0.146851 -0.257012 -0.11979
      endloop
   endfacet
   facet normal 0.707107 -0.45653 -0.539981
      outer loop
         vertex -0.146851 -0.235554 -0.137932
         vertex -0.146851 -0.257012 -0.11979
         vertex -0.15059 -0.258625 -0.121698
      endloop
   endfacet
   facet normal 0.382683 -0.596486 -0.70552
      outer loop
         vertex -0.15059 -0.237167 -0.13984
         vertex -0.15059 -0.258625 -0.121698
         vertex -0.155 -0.259191 -0.122368
      endloop
   endfacet
   facet normal 3.08778e-15 -0.645632 -0.763649
      outer loop
         vertex -0.155 -0.237733 -0.14051
         vertex -0.155 -0.259191 -0.122368
         vertex -0.15941 -0.258625 -0.121698
      endloop
   endfacet
   facet normal -0.382683 -0.596486 -0.70552
      outer loop
         vertex -0.15941 -0.237167 -0.13984
         vertex -0.15941 -0.258625 -0.121698
         vertex -0.163149 -0.257012 -0.11979
      endloop
   endfacet
   facet normal -0.707107 -0.45653 -0.539981
      outer loop
         vertex -0.163149 -0.235554 -0.137932
         vertex -0.163149 -0.257012 -0.11979
         vertex -0.165648 -0.254598 -0.116935
      endloop
   endfacet
   facet normal -0.92388 -0.247072 -0.292236
      outer loop
         vertex -0.165648 -0.23314 -0.135077
         vertex -0.165648 -0.254598 -0.116935
         vertex -0.166525 -0.251751 -0.113567
      endloop
   endfacet
   facet normal -1 -4.287e-15 -2.24378e-15
      outer loop
         vertex -0.166525 -0.230292 -0.131709
         vertex -0.166525 -0.251751 -0.113567
         vertex -0.165648 -0.248903 -0.110199
      endloop
   endfacet
   facet normal -0.92388 0.247072 0.292236
      outer loop
         vertex -0.165648 -0.227445 -0.128341
         vertex -0.165648 -0.248903 -0.110199
         vertex -0.163149 -0.246489 -0.107344
      endloop
   endfacet
   facet normal -0.707107 0.45653 0.539981
      outer loop
         vertex -0.163149 -0.225031 -0.125486
         vertex -0.163149 -0.246489 -0.107344
         vertex -0.15941 -0.244876 -0.105436
      endloop
   endfacet
   facet normal -0.382683 0.596486 0.70552
      outer loop
         vertex -0.15941 -0.223418 -0.123578
         vertex -0.15941 -0.244876 -0.105436
         vertex -0.155 -0.24431 -0.104766
      endloop
   endfacet
   facet normal -2.63328e-14 0.645632 0.763649
      outer loop
         vertex -0.155 -0.24431 -0.104766
         vertex -0.155 -0.222851 -0.122908
         vertex -0.15941 -0.223418 -0.123578
      endloop
   endfacet
   facet normal -0.382683 0.596486 0.70552
      outer loop
         vertex -0.15941 -0.244876 -0.105436
         vertex -0.15941 -0.223418 -0.123578
         vertex -0.163149 -0.225031 -0.125486
      endloop
   endfacet
   facet normal -0.707107 0.45653 0.539981
      outer loop
         vertex -0.163149 -0.246489 -0.107344
         vertex -0.163149 -0.225031 -0.125486
         vertex -0.165648 -0.227445 -0.128341
      endloop
   endfacet
   facet normal -0.92388 0.247072 0.292236
      outer loop
         vertex -0.165648 -0.248903 -0.110199
         vertex -0.165648 -0.227445 -0.128341
         vertex -0.166525 -0.230292 -0.131709
      endloop
   endfacet
   facet normal -1 -4.287e-15 -2.24378e-15
      outer loop
         vertex -0.166525 -0.251751 -0.113567
         vertex -0.166525 -0.230292 -0.131709
         vertex -0.165648 -0.23314 -0.135077
      endloop
   endfacet
   facet normal -0.92388 -0.247072 -0.292236
      outer loop
         vertex -0.165648 -0.254598 -0.116935
         vertex -0.165648 -0.23314 -0.135077
         vertex -0.163149 -0.235554 -0.137932
      endloop
   endfacet
   facet normal -0.707107 -0.45653 -0.539981
      outer loop
         vertex -0.163149 -0.257012 -0.11979
         vertex -0.163149 -0.235554 -0.137932
         vertex -0.15941 -0.237167 -0.13984
      endloop
   endfacet
   facet normal -0.382683 -0.596486 -0.70552
      outer loop
         vertex -0.15941 -0.258625 -0.121698
         vertex -0.15941 -0.237167 -0.13984
         vertex -0.155 -0.237733 -0.14051
      endloop
   endfacet
   facet normal 3.08778e-15 -0.645632 -0.763649
      outer loop
         vertex -0.155 -0.259191 -0.122368
         vertex -0.155 -0.237733 -0.14051
         vertex -0.15059 -0.237167 -0.13984
      endloop
   endfacet
   facet normal 0.382683 -0.596486 -0.70552
      outer loop
         vertex -0.15059 -0.258625 -0.121698
         vertex -0.15059 -0.237167 -0.13984
         vertex -0.146851 -0.235554 -0.137932
      endloop
   endfacet
   facet normal 0.707107 -0.45653 -0.539981
      outer loop
         vertex -0.146851 -0.257012 -0.11979
         vertex -0.146851 -0.235554 -0.137932
         vertex -0.144352 -0.23314 -0.135077
      endloop
   endfacet
   facet normal 0.92388 -0.247072 -0.292236
      outer loop
         vertex -0.144352 -0.254598 -0.116935
         vertex -0.144352 -0.23314 -0.135077
         vertex -0.143475 -0.230292 -0.131709
      endloop
   endfacet
   facet normal 1 4.06457e-15 1.98069e-15
      outer loop
         vertex -0.143475 -0.251751 -0.113567
         vertex -0.143475 -0.230292 -0.131709
         vertex -0.144352 -0.227445 -0.128341
      endloop
   endfacet
   facet normal 0.92388 0.247072 0.292236
      outer loop
         vertex -0.144352 -0.248903 -0.110199
         vertex -0.144352 -0.227445 -0.128341
         vertex -0.146851 -0.225031 -0.125486
      endloop
   endfacet
   facet normal 0.707107 0.45653 0.539981
      outer loop
         vertex -0.146851 -0.246489 -0.107344
         vertex -0.146851 -0.225031 -0.125486
         vertex -0.15059 -0.223418 -0.123578
      endloop
   endfacet
   facet normal 0.382683 0.596486 0.70552
      outer loop
         vertex -0.15059 -0.244876 -0.105436
         vertex -0.15059 -0.223418 -0.123578
         vertex -0.155 -0.222851 -0.122908
      endloop
   endfacet
   facet normal 1.55219e-15 -0.686618 -0.727018
      outer loop
         vertex -0.1393 -0.442862 0.0363192
         vertex -0.138132 -0.442862 0.0363192
         vertex -0.138132 -0.444882 0.0391632
      endloop
   endfacet
   facet normal 2.23546e-15 -0.91257 -0.408919
      outer loop
         vertex -0.1393 -0.444882 0.0391632
         vertex -0.138132 -0.444882 0.0391632
         vertex -0.138132 -0.44566 0.0425639
      endloop
   endfacet
   facet normal 2.39791e-15 -0.999592 -0.0285667
      outer loop
         vertex -0.1393 -0.44566 0.0425639
         vertex -0.138132 -0.44566 0.0425639
         vertex -0.138132 -0.445078 0.0460034
      endloop
   endfacet
   facet normal 2.1953e-15 -0.934434 0.356135
      outer loop
         vertex -0.1393 -0.445078 0.0460034
         vertex -0.138132 -0.445078 0.0460034
         vertex -0.138132 -0.443223 0.0489582
      endloop
   endfacet
   facet normal 1.65847e-15 -0.727018 0.686618
      outer loop
         vertex -0.1393 -0.443223 0.0489582
         vertex -0.138132 -0.443223 0.0489582
         vertex -0.138132 -0.440379 0.0509784
      endloop
   endfacet
   facet normal 8.69158e-16 -0.408919 0.91257
      outer loop
         vertex -0.1393 -0.440379 0.0509784
         vertex -0.138132 -0.440379 0.0509784
         vertex -0.138132 -0.436979 0.0517564
      endloop
   endfacet
   facet normal -5.24771e-17 -0.0285667 0.999592
      outer loop
         vertex -0.1393 -0.436979 0.0517564
         vertex -0.138132 -0.436979 0.0517564
         vertex -0.138132 -0.433539 0.0511739
      endloop
   endfacet
   facet normal -9.66123e-16 0.356135 0.934434
      outer loop
         vertex -0.1393 -0.433539 0.0511739
         vertex -0.138132 -0.433539 0.0511739
         vertex -0.138132 -0.430584 0.0493194
      endloop
   endfacet
   facet normal -1.73268e-15 0.686618 0.727018
      outer loop
         vertex -0.1393 -0.430584 0.0493194
         vertex -0.138132 -0.430584 0.0493194
         vertex -0.138132 -0.428564 0.0464753
      endloop
   endfacet
   facet normal -2.23546e-15 0.91257 0.408919
      outer loop
         vertex -0.1393 -0.428564 0.0464753
         vertex -0.138132 -0.428564 0.0464753
         vertex -0.138132 -0.427786 0.0430747
      endloop
   endfacet
   facet normal -2.39791e-15 0.999592 0.0285667
      outer loop
         vertex -0.1393 -0.427786 0.0430747
         vertex -0.138132 -0.427786 0.0430747
         vertex -0.138132 -0.428369 0.0396351
      endloop
   endfacet
   facet normal -2.1953e-15 0.934434 -0.356135
      outer loop
         vertex -0.1393 -0.428369 0.0396351
         vertex -0.138132 -0.428369 0.0396351
         vertex -0.138132 -0.430223 0.0366804
      endloop
   endfacet
   facet normal -1.65847e-15 0.727018 -0.686618
      outer loop
         vertex -0.1393 -0.430223 0.0366804
         vertex -0.138132 -0.430223 0.0366804
         vertex -0.138132 -0.433067 0.0346602
      endloop
   endfacet
   facet normal -8.69158e-16 0.408919 -0.91257
      outer loop
         vertex -0.1393 -0.433067 0.0346602
         vertex -0.138132 -0.433067 0.0346602
         vertex -0.138132 -0.436468 0.0338821
      endloop
   endfacet
   facet normal 5.24771e-17 0.0285667 -0.999592
      outer loop
         vertex -0.1393 -0.436468 0.0338821
         vertex -0.138132 -0.436468 0.0338821
         vertex -0.138132 -0.439907 0.0344647
      endloop
   endfacet
   facet normal 9.66123e-16 -0.356135 -0.934434
      outer loop
         vertex -0.1393 -0.439907 0.0344647
         vertex -0.138132 -0.439907 0.0344647
         vertex -0.138132 -0.442862 0.0363192
      endloop
   endfacet
   facet normal 1.55219e-15 -0.686618 -0.727018
      outer loop
         vertex -0.138132 -0.442862 0.0363192
         vertex -0.1393 -0.442862 0.0363192
         vertex -0.1393 -0.439907 0.0344647
      endloop
   endfacet
   facet normal 9.66123e-16 -0.356135 -0.934434
      outer loop
         vertex -0.138132 -0.439907 0.0344647
         vertex -0.1393 -0.439907 0.0344647
         vertex -0.1393 -0.436468 0.0338821
      endloop
   endfacet
   facet normal 5.24771e-17 0.0285667 -0.999592
      outer loop
         vertex -0.138132 -0.436468 0.0338821
         vertex -0.1393 -0.436468 0.0338821
         vertex -0.1393 -0.433067 0.0346602
      endloop
   endfacet
   facet normal -8.69158e-16 0.408919 -0.91257
      outer loop
         vertex -0.138132 -0.433067 0.0346602
         vertex -0.1393 -0.433067 0.0346602
         vertex -0.1393 -0.430223 0.0366804
      endloop
   endfacet
   facet normal -1.65847e-15 0.727018 -0.686618
      outer loop
         vertex -0.138132 -0.430223 0.0366804
         vertex -0.1393 -0.430223 0.0366804
         vertex -0.1393 -0.428369 0.0396351
      endloop
   endfacet
   facet normal -2.1953e-15 0.934434 -0.356135
      outer loop
         vertex -0.138132 -0.428369 0.0396351
         vertex -0.1393 -0.428369 0.0396351
         vertex -0.1393 -0.427786 0.0430747
      endloop
   endfacet
   facet normal -2.39791e-15 0.999592 0.0285667
      outer loop
         vertex -0.138132 -0.427786 0.0430747
         vertex -0.1393 -0.427786 0.0430747
         vertex -0.1393 -0.428564 0.0464753
      endloop
   endfacet
   facet normal -2.23546e-15 0.91257 0.408919
      outer loop
         vertex -0.138132 -0.428564 0.0464753
         vertex -0.1393 -0.428564 0.0464753
         vertex -0.1393 -0.430584 0.0493194
      endloop
   endfacet
   facet normal -1.73268e-15 0.686618 0.727018
      outer loop
         vertex -0.138132 -0.430584 0.0493194
         vertex -0.1393 -0.430584 0.0493194
         vertex -0.1393 -0.433539 0.0511739
      endloop
   endfacet
   facet normal -9.66123e-16 0.356135 0.934434
      outer loop
         vertex -0.138132 -0.433539 0.0511739
         vertex -0.1393 -0.433539 0.0511739
         vertex -0.1393 -0.436979 0.0517564
      endloop
   endfacet
   facet normal -5.24771e-17 -0.0285667 0.999592
      outer loop
         vertex -0.138132 -0.436979 0.0517564
         vertex -0.1393 -0.436979 0.0517564
         vertex -0.1393 -0.440379 0.0509784
      endloop
   endfacet
   facet normal 8.69158e-16 -0.408919 0.91257
      outer loop
         vertex -0.138132 -0.440379 0.0509784
         vertex -0.1393 -0.440379 0.0509784
         vertex -0.1393 -0.443223 0.0489582
      endloop
   endfacet
   facet normal 1.65847e-15 -0.727018 0.686618
      outer loop
         vertex -0.138132 -0.443223 0.0489582
         vertex -0.1393 -0.443223 0.0489582
         vertex -0.1393 -0.445078 0.0460034
      endloop
   endfacet
   facet normal 2.1953e-15 -0.934434 0.356135
      outer loop
         vertex -0.138132 -0.445078 0.0460034
         vertex -0.1393 -0.445078 0.0460034
         vertex -0.1393 -0.44566 0.0425639
      endloop
   endfacet
   facet normal 2.39791e-15 -0.999592 -0.0285667
      outer loop
         vertex -0.138132 -0.44566 0.0425639
         vertex -0.1393 -0.44566 0.0425639
         vertex -0.1393 -0.444882 0.0391632
      endloop
   endfacet
   facet normal 2.23546e-15 -0.91257 -0.408919
      outer loop
         vertex -0.138132 -0.444882 0.0391632
         vertex -0.1393 -0.444882 0.0391632
         vertex -0.1393 -0.442862 0.0363192
      endloop
   endfacet
   facet normal -1 -2.39543e-15 -1.20956e-16
      outer loop
         vertex -0.138132 -0.436995 0.0523404
         vertex -0.138132 -0.433331 0.0517198
         vertex -0.138132 -0.433539 0.0511739
      endloop
   endfacet
   facet normal -1 -2.39543e-15 -1.20956e-16
      outer loop
         vertex -0.138132 -0.433331 0.0517198
         vertex -0.138132 -0.430183 0.0497441
         vertex -0.138132 -0.430584 0.0493194
      endloop
   endfacet
   facet normal -1 -2.39543e-15 -1.20956e-16
      outer loop
         vertex -0.138132 -0.432828 0.034127
         vertex -0.138132 -0.436451 0.0332982
         vertex -0.138132 -0.436468 0.0338821
      endloop
   endfacet
   facet normal -1 -2.39543e-15 -1.20956e-16
      outer loop
         vertex -0.138132 -0.436451 0.0332982
         vertex -0.138132 -0.440115 0.0339188
         vertex -0.138132 -0.439907 0.0344647
      endloop
   endfacet
   facet normal -1 -2.39543e-15 -1.20956e-16
      outer loop
         vertex -0.138132 -0.440618 0.0515115
         vertex -0.138132 -0.436995 0.0523404
         vertex -0.138132 -0.436979 0.0517564
      endloop
   endfacet
   facet normal -1 -2.39543e-15 -1.20956e-16
      outer loop
         vertex -0.138132 -0.430584 0.0493194
         vertex -0.138132 -0.433539 0.0511739
         vertex -0.138132 -0.433331 0.0517198
      endloop
   endfacet
   facet normal -1 -2.39543e-15 -1.20956e-16
      outer loop
         vertex -0.138132 -0.427202 0.0430914
         vertex -0.138132 -0.427823 0.0394271
         vertex -0.138132 -0.428369 0.0396351
      endloop
   endfacet
   facet normal -1 -2.39543e-15 -1.20956e-16
      outer loop
         vertex -0.138132 -0.427823 0.0394271
         vertex -0.138132 -0.429798 0.0362792
         vertex -0.138132 -0.430223 0.0366804
      endloop
   endfacet
   facet normal -1 -2.39543e-15 -1.20956e-16
      outer loop
         vertex -0.138132 -0.429798 0.0362792
         vertex -0.138132 -0.432828 0.034127
         vertex -0.138132 -0.433067 0.0346602
      endloop
   endfacet
   facet normal -1 -2.39543e-15 -1.20956e-16
      outer loop
         vertex -0.138132 -0.439907 0.0344647
         vertex -0.138132 -0.436468 0.0338821
         vertex -0.138132 -0.436451 0.0332982
      endloop
   endfacet
   facet normal -1 -2.39543e-15 -1.20956e-16
      outer loop
         vertex -0.138132 -0.443263 0.0358944
         vertex -0.138132 -0.445415 0.0389243
         vertex -0.138132 -0.444882 0.0391632
      endloop
   endfacet
   facet normal -1 -2.39543e-15 -1.20956e-16
      outer loop
         vertex -0.138132 -0.445415 0.0389243
         vertex -0.138132 -0.446244 0.0425472
         vertex -0.138132 -0.44566 0.0425639
      endloop
   endfacet
   facet normal -1 -2.39543e-15 -1.20956e-16
      outer loop
         vertex -0.138132 -0.443648 0.0493593
         vertex -0.138132 -0.440618 0.0515115
         vertex -0.138132 -0.440379 0.0509784
      endloop
   endfacet
   facet normal -1 -2.39543e-15 -1.20956e-16
      outer loop
         vertex -0.138132 -0.433539 0.0511739
         vertex -0.138132 -0.436979 0.0517564
         vertex -0.138132 -0.436995 0.0523404
      endloop
   endfacet
   facet normal -1 -2.39543e-15 -1.20956e-16
      outer loop
         vertex -0.138132 -0.430183 0.0497441
         vertex -0.138132 -0.428031 0.0467142
         vertex -0.138132 -0.428564 0.0464753
      endloop
   endfacet
   facet normal -1 -2.39543e-15 -1.20956e-16
      outer loop
         vertex -0.138132 -0.428031 0.0467142
         vertex -0.138132 -0.427202 0.0430914
         vertex -0.138132 -0.427786 0.0430747
      endloop
   endfacet
   facet normal -1 -2.39543e-15 -1.20956e-16
      outer loop
         vertex -0.138132 -0.430223 0.0366804
         vertex -0.138132 -0.428369 0.0396351
         vertex -0.138132 -0.427823 0.0394271
      endloop
   endfacet
   facet normal -1 -2.39543e-15 -1.20956e-16
      outer loop
         vertex -0.138132 -0.436468 0.0338821
         vertex -0.138132 -0.433067 0.0346602
         vertex -0.138132 -0.432828 0.034127
      endloop
   endfacet
   facet normal -1 -2.39543e-15 -1.20956e-16
      outer loop
         vertex -0.138132 -0.440115 0.0339188
         vertex -0.138132 -0.443263 0.0358944
         vertex -0.138132 -0.442862 0.0363192
      endloop
   endfacet
   facet normal -1 -2.39543e-15 -1.20956e-16
      outer loop
         vertex -0.138132 -0.44566 0.0425639
         vertex -0.138132 -0.444882 0.0391632
         vertex -0.138132 -0.445415 0.0389243
      endloop
   endfacet
   facet normal -1 -2.39543e-15 -1.20956e-16
      outer loop
         vertex -0.138132 -0.436979 0.0517564
         vertex -0.138132 -0.440379 0.0509784
         vertex -0.138132 -0.440618 0.0515115
      endloop
   endfacet
   facet normal -1 -2.39543e-15 -1.20956e-16
      outer loop
         vertex -0.138132 -0.427786 0.0430747
         vertex -0.138132 -0.428564 0.0464753
         vertex -0.138132 -0.428031 0.0467142
      endloop
   endfacet
   facet normal -1 -2.39543e-15 -1.20956e-16
      outer loop
         vertex -0.138132 -0.433067 0.0346602
         vertex -0.138132 -0.430223 0.0366804
         vertex -0.138132 -0.429798 0.0362792
      endloop
   endfacet
   facet normal -1 -2.39543e-15 -1.20956e-16
      outer loop
         vertex -0.138132 -0.444882 0.0391632
         vertex -0.138132 -0.442862 0.0363192
         vertex -0.138132 -0.443263 0.0358944
      endloop
   endfacet
   facet normal -1 -2.39543e-15 -1.20956e-16
      outer loop
         vertex -0.138132 -0.446244 0.0425472
         vertex -0.138132 -0.445624 0.0462115
         vertex -0.138132 -0.445078 0.0460034
      endloop
   endfacet
   facet normal -1 -2.39543e-15 -1.20956e-16
      outer loop
         vertex -0.138132 -0.445624 0.0462115
         vertex -0.138132 -0.443648 0.0493593
         vertex -0.138132 -0.443223 0.0489582
      endloop
   endfacet
   facet normal -1 -2.39543e-15 -1.20956e-16
      outer loop
         vertex -0.138132 -0.428564 0.0464753
         vertex -0.138132 -0.430584 0.0493194
         vertex -0.138132 -0.430183 0.0497441
      endloop
   endfacet
   facet normal -1 -2.39543e-15 -1.20956e-16
      outer loop
         vertex -0.138132 -0.442862 0.0363192
         vertex -0.138132 -0.439907 0.0344647
         vertex -0.138132 -0.440115 0.0339188
      endloop
   endfacet
   facet normal -1 -2.39543e-15 -1.20956e-16
      outer loop
         vertex -0.138132 -0.443223 0.0489582
         vertex -0.138132 -0.445078 0.0460034
         vertex -0.138132 -0.445624 0.0462115
      endloop
   endfacet
   facet normal -1 -2.39543e-15 -1.20956e-16
      outer loop
         vertex -0.138132 -0.428369 0.0396351
         vertex -0.138132 -0.427786 0.0430747
         vertex -0.138132 -0.427202 0.0430914
      endloop
   endfacet
   facet normal -1 -2.39543e-15 -1.20956e-16
      outer loop
         vertex -0.138132 -0.440379 0.0509784
         vertex -0.138132 -0.443223 0.0489582
         vertex -0.138132 -0.443648 0.0493593
      endloop
   endfacet
   facet normal -1 -2.39543e-15 -1.20956e-16
      outer loop
         vertex -0.138132 -0.445078 0.0460034
         vertex -0.138132 -0.44566 0.0425639
         vertex -0.138132 -0.446244 0.0425472
      endloop
   endfacet
   facet normal 1.82123e-15 -0.686618 -0.727018
      outer loop
         vertex -0.138132 -0.443263 0.0358944
         vertex -0.136544 -0.443263 0.0358944
         vertex -0.136544 -0.445415 0.0389243
      endloop
   endfacet
   facet normal 2.23546e-15 -0.91257 -0.408919
      outer loop
         vertex -0.138132 -0.445415 0.0389243
         vertex -0.136544 -0.445415 0.0389243
         vertex -0.136544 -0.446244 0.0425472
      endloop
   endfacet
   facet normal 2.39791e-15 -0.999592 -0.0285667
      outer loop
         vertex -0.138132 -0.446244 0.0425472
         vertex -0.136544 -0.446244 0.0425472
         vertex -0.136544 -0.445624 0.0462115
      endloop
   endfacet
   facet normal 2.1953e-15 -0.934434 0.356135
      outer loop
         vertex -0.138132 -0.445624 0.0462115
         vertex -0.136544 -0.445624 0.0462115
         vertex -0.136544 -0.443648 0.0493593
      endloop
   endfacet
   facet normal 1.65847e-15 -0.727018 0.686618
      outer loop
         vertex -0.138132 -0.443648 0.0493593
         vertex -0.136544 -0.443648 0.0493593
         vertex -0.136544 -0.440618 0.0515115
      endloop
   endfacet
   facet normal 8.69158e-16 -0.408919 0.91257
      outer loop
         vertex -0.138132 -0.440618 0.0515115
         vertex -0.136544 -0.440618 0.0515115
         vertex -0.136544 -0.436995 0.0523404
      endloop
   endfacet
   facet normal -5.24771e-17 -0.0285667 0.999592
      outer loop
         vertex -0.138132 -0.436995 0.0523404
         vertex -0.136544 -0.436995 0.0523404
         vertex -0.136544 -0.433331 0.0517198
      endloop
   endfacet
   facet normal -9.66123e-16 0.356135 0.934434
      outer loop
         vertex -0.138132 -0.433331 0.0517198
         vertex -0.136544 -0.433331 0.0517198
         vertex -0.136544 -0.430183 0.0497441
      endloop
   endfacet
   facet normal -1.73268e-15 0.686618 0.727018
      outer loop
         vertex -0.138132 -0.430183 0.0497441
         vertex -0.136544 -0.430183 0.0497441
         vertex -0.136544 -0.428031 0.0467142
      endloop
   endfacet
   facet normal -2.23546e-15 0.91257 0.408919
      outer loop
         vertex -0.138132 -0.428031 0.0467142
         vertex -0.136544 -0.428031 0.0467142
         vertex -0.136544 -0.427202 0.0430914
      endloop
   endfacet
   facet normal -2.39791e-15 0.999592 0.0285667
      outer loop
         vertex -0.138132 -0.427202 0.0430914
         vertex -0.136544 -0.427202 0.0430914
         vertex -0.136544 -0.427823 0.0394271
      endloop
   endfacet
   facet normal -2.1953e-15 0.934434 -0.356135
      outer loop
         vertex -0.138132 -0.427823 0.0394271
         vertex -0.136544 -0.427823 0.0394271
         vertex -0.136544 -0.429798 0.0362792
      endloop
   endfacet
   facet normal -1.65847e-15 0.727018 -0.686618
      outer loop
         vertex -0.138132 -0.429798 0.0362792
         vertex -0.136544 -0.429798 0.0362792
         vertex -0.136544 -0.432828 0.034127
      endloop
   endfacet
   facet normal -8.69158e-16 0.408919 -0.91257
      outer loop
         vertex -0.138132 -0.432828 0.034127
         vertex -0.136544 -0.432828 0.034127
         vertex -0.136544 -0.436451 0.0332982
      endloop
   endfacet
   facet normal 5.24771e-17 0.0285667 -0.999592
      outer loop
         vertex -0.138132 -0.436451 0.0332982
         vertex -0.136544 -0.436451 0.0332982
         vertex -0.136544 -0.440115 0.0339188
      endloop
   endfacet
   facet normal 9.66123e-16 -0.356135 -0.934434
      outer loop
         vertex -0.138132 -0.440115 0.0339188
         vertex -0.136544 -0.440115 0.0339188
         vertex -0.136544 -0.443263 0.0358944
      endloop
   endfacet
   facet normal 1.82123e-15 -0.686618 -0.727018
      outer loop
         vertex -0.136544 -0.443263 0.0358944
         vertex -0.138132 -0.443263 0.0358944
         vertex -0.138132 -0.440115 0.0339188
      endloop
   endfacet
   facet normal 9.66123e-16 -0.356135 -0.934434
      outer loop
         vertex -0.136544 -0.440115 0.0339188
         vertex -0.138132 -0.440115 0.0339188
         vertex -0.138132 -0.436451 0.0332982
      endloop
   endfacet
   facet normal 5.24771e-17 0.0285667 -0.999592
      outer loop
         vertex -0.136544 -0.436451 0.0332982
         vertex -0.138132 -0.436451 0.0332982
         vertex -0.138132 -0.432828 0.034127
      endloop
   endfacet
   facet normal -8.69158e-16 0.408919 -0.91257
      outer loop
         vertex -0.136544 -0.432828 0.034127
         vertex -0.138132 -0.432828 0.034127
         vertex -0.138132 -0.429798 0.0362792
      endloop
   endfacet
   facet normal -1.65847e-15 0.727018 -0.686618
      outer loop
         vertex -0.136544 -0.429798 0.0362792
         vertex -0.138132 -0.429798 0.0362792
         vertex -0.138132 -0.427823 0.0394271
      endloop
   endfacet
   facet normal -2.1953e-15 0.934434 -0.356135
      outer loop
         vertex -0.136544 -0.427823 0.0394271
         vertex -0.138132 -0.427823 0.0394271
         vertex -0.138132 -0.427202 0.0430914
      endloop
   endfacet
   facet normal -2.39791e-15 0.999592 0.0285667
      outer loop
         vertex -0.136544 -0.427202 0.0430914
         vertex -0.138132 -0.427202 0.0430914
         vertex -0.138132 -0.428031 0.0467142
      endloop
   endfacet
   facet normal -2.23546e-15 0.91257 0.408919
      outer loop
         vertex -0.136544 -0.428031 0.0467142
         vertex -0.138132 -0.428031 0.0467142
         vertex -0.138132 -0.430183 0.0497441
      endloop
   endfacet
   facet normal -1.73268e-15 0.686618 0.727018
      outer loop
         vertex -0.136544 -0.430183 0.0497441
         vertex -0.138132 -0.430183 0.0497441
         vertex -0.138132 -0.433331 0.0517198
      endloop
   endfacet
   facet normal -9.66123e-16 0.356135 0.934434
      outer loop
         vertex -0.136544 -0.433331 0.0517198
         vertex -0.138132 -0.433331 0.0517198
         vertex -0.138132 -0.436995 0.0523404
      endloop
   endfacet
   facet normal -5.24771e-17 -0.0285667 0.999592
      outer loop
         vertex -0.136544 -0.436995 0.0523404
         vertex -0.138132 -0.436995 0.0523404
         vertex -0.138132 -0.440618 0.0515115
      endloop
   endfacet
   facet normal 8.69158e-16 -0.408919 0.91257
      outer loop
         vertex -0.136544 -0.440618 0.0515115
         vertex -0.138132 -0.440618 0.0515115
         vertex -0.138132 -0.443648 0.0493593
      endloop
   endfacet
   facet normal 1.65847e-15 -0.727018 0.686618
      outer loop
         vertex -0.136544 -0.443648 0.0493593
         vertex -0.138132 -0.443648 0.0493593
         vertex -0.138132 -0.445624 0.0462115
      endloop
   endfacet
   facet normal 2.1953e-15 -0.934434 0.356135
      outer loop
         vertex -0.136544 -0.445624 0.0462115
         vertex -0.138132 -0.445624 0.0462115
         vertex -0.138132 -0.446244 0.0425472
      endloop
   endfacet
   facet normal 2.39791e-15 -0.999592 -0.0285667
      outer loop
         vertex -0.136544 -0.446244 0.0425472
         vertex -0.138132 -0.446244 0.0425472
         vertex -0.138132 -0.445415 0.0389243
      endloop
   endfacet
   facet normal 2.23546e-15 -0.91257 -0.408919
      outer loop
         vertex -0.136544 -0.445415 0.0389243
         vertex -0.138132 -0.445415 0.0389243
         vertex -0.138132 -0.443263 0.0358944
      endloop
   endfacet
   facet normal 1 2.39543e-15 1.20956e-16
      outer loop
         vertex -0.136544 -0.436723 0.0428193
         vertex -0.136544 -0.440115 0.0339188
         vertex -0.136544 -0.436451 0.0332982
      endloop
   endfacet
   facet normal 1 2.39543e-15 1.20956e-16
      outer loop
         vertex -0.136544 -0.436451 0.0332982
         vertex -0.136544 -0.432828 0.034127
         vertex -0.136544 -0.436723 0.0428193
      endloop
   endfacet
   facet normal 1 2.39543e-15 1.20956e-16
      outer loop
         vertex -0.136544 -0.432828 0.034127
         vertex -0.136544 -0.429798 0.0362792
         vertex -0.136544 -0.436723 0.0428193
      endloop
   endfacet
   facet normal 1 2.39543e-15 1.20956e-16
      outer loop
         vertex -0.136544 -0.429798 0.0362792
         vertex -0.136544 -0.427823 0.0394271
         vertex -0.136544 -0.436723 0.0428193
      endloop
   endfacet
   facet normal 1 2.39543e-15 1.20956e-16
      outer loop
         vertex -0.136544 -0.427823 0.0394271
         vertex -0.136544 -0.427202 0.0430914
         vertex -0.136544 -0.436723 0.0428193
      endloop
   endfacet
   facet normal 1 2.39543e-15 1.20956e-16
      outer loop
         vertex -0.136544 -0.427202 0.0430914
         vertex -0.136544 -0.428031 0.0467142
         vertex -0.136544 -0.436723 0.0428193
      endloop
   endfacet
   facet normal 1 2.39543e-15 1.20956e-16
      outer loop
         vertex -0.136544 -0.428031 0.0467142
         vertex -0.136544 -0.430183 0.0497441
         vertex -0.136544 -0.436723 0.0428193
      endloop
   endfacet
   facet normal 1 2.39543e-15 1.20956e-16
      outer loop
         vertex -0.136544 -0.430183 0.0497441
         vertex -0.136544 -0.433331 0.0517198
         vertex -0.136544 -0.436723 0.0428193
      endloop
   endfacet
   facet normal 1 2.39543e-15 1.20956e-16
      outer loop
         vertex -0.136544 -0.433331 0.0517198
         vertex -0.136544 -0.436995 0.0523404
         vertex -0.136544 -0.436723 0.0428193
      endloop
   endfacet
   facet normal 1 2.39543e-15 1.20956e-16
      outer loop
         vertex -0.136544 -0.436995 0.0523404
         vertex -0.136544 -0.440618 0.0515115
         vertex -0.136544 -0.436723 0.0428193
      endloop
   endfacet
   facet normal 1 2.39543e-15 1.20956e-16
      outer loop
         vertex -0.136544 -0.440618 0.0515115
         vertex -0.136544 -0.443648 0.0493593
         vertex -0.136544 -0.436723 0.0428193
      endloop
   endfacet
   facet normal 1 2.39543e-15 1.20956e-16
      outer loop
         vertex -0.136544 -0.443648 0.0493593
         vertex -0.136544 -0.445624 0.0462115
         vertex -0.136544 -0.436723 0.0428193
      endloop
   endfacet
   facet normal 1 2.39543e-15 1.20956e-16
      outer loop
         vertex -0.136544 -0.445624 0.0462115
         vertex -0.136544 -0.446244 0.0425472
         vertex -0.136544 -0.436723 0.0428193
      endloop
   endfacet
   facet normal 1 2.39543e-15 1.20956e-16
      outer loop
         vertex -0.136544 -0.446244 0.0425472
         vertex -0.136544 -0.445415 0.0389243
         vertex -0.136544 -0.436723 0.0428193
      endloop
   endfacet
   facet normal 1 2.39543e-15 1.20956e-16
      outer loop
         vertex -0.136544 -0.445415 0.0389243
         vertex -0.136544 -0.443263 0.0358944
         vertex -0.136544 -0.436723 0.0428193
      endloop
   endfacet
   facet normal 1 2.39543e-15 1.20956e-16
      outer loop
         vertex -0.136544 -0.443263 0.0358944
         vertex -0.136544 -0.440115 0.0339188
         vertex -0.136544 -0.436723 0.0428193
      endloop
   endfacet
   facet normal -2.40829e-15 0.645632 0.763649
      outer loop
         vertex -0.155 -0.222851 -0.122908
         vertex -0.15059 -0.223418 -0.123578
         vertex -0.150389 -0.220663 -0.125272
      endloop
   endfacet
   facet normal 0.382683 0.596486 0.70552
      outer loop
         vertex -0.15059 -0.223418 -0.123578
         vertex -0.146851 -0.225031 -0.125486
         vertex -0.14648 -0.22235 -0.127266
      endloop
   endfacet
   facet normal 0.707107 0.45653 0.539981
      outer loop
         vertex -0.146851 -0.225031 -0.125486
         vertex -0.144352 -0.227445 -0.128341
         vertex -0.143867 -0.224874 -0.130252
      endloop
   endfacet
   facet normal 0.92388 0.247072 0.292236
      outer loop
         vertex -0.144352 -0.227445 -0.128341
         vertex -0.143475 -0.230292 -0.131709
         vertex -0.14295 -0.227851 -0.133773
      endloop
   endfacet
   facet normal 1 2.41063e-15 9.70196e-16
      outer loop
         vertex -0.143475 -0.230292 -0.131709
         vertex -0.144352 -0.23314 -0.135077
         vertex -0.143867 -0.230828 -0.137295
      endloop
   endfacet
   facet normal 0.92388 -0.247072 -0.292236
      outer loop
         vertex -0.144352 -0.23314 -0.135077
         vertex -0.146851 -0.235554 -0.137932
         vertex -0.14648 -0.233352 -0.14028
      endloop
   endfacet
   facet normal 0.707107 -0.45653 -0.539981
      outer loop
         vertex -0.146851 -0.235554 -0.137932
         vertex -0.15059 -0.237167 -0.13984
         vertex -0.150389 -0.235038 -0.142275
      endloop
   endfacet
   facet normal 0.382683 -0.596486 -0.70552
      outer loop
         vertex -0.15059 -0.237167 -0.13984
         vertex -0.155 -0.237733 -0.14051
         vertex -0.155 -0.23563 -0.142975
      endloop
   endfacet
   facet normal 2.24176e-15 -0.645632 -0.763649
      outer loop
         vertex -0.155 -0.237733 -0.14051
         vertex -0.15941 -0.237167 -0.13984
         vertex -0.159611 -0.235038 -0.142275
      endloop
   endfacet
   facet normal -0.382683 -0.596486 -0.70552
      outer loop
         vertex -0.15941 -0.237167 -0.13984
         vertex -0.163149 -0.235554 -0.137932
         vertex -0.16352 -0.233352 -0.14028
      endloop
   endfacet
   facet normal -0.707107 -0.45653 -0.539981
      outer loop
         vertex -0.163149 -0.235554 -0.137932
         vertex -0.165648 -0.23314 -0.135077
         vertex -0.166133 -0.230828 -0.137295
      endloop
   endfacet
   facet normal -0.92388 -0.247072 -0.292236
      outer loop
         vertex -0.165648 -0.23314 -0.135077
         vertex -0.166525 -0.230292 -0.131709
         vertex -0.16705 -0.227851 -0.133773
      endloop
   endfacet
   facet normal -1 -3.23572e-15 -5.45486e-17
      outer loop
         vertex -0.166525 -0.230292 -0.131709
         vertex -0.165648 -0.227445 -0.128341
         vertex -0.166133 -0.224874 -0.130252
      endloop
   endfacet
   facet normal -0.92388 0.247072 0.292236
      outer loop
         vertex -0.165648 -0.227445 -0.128341
         vertex -0.163149 -0.225031 -0.125486
         vertex -0.16352 -0.22235 -0.127266
      endloop
   endfacet
   facet normal -0.707107 0.45653 0.539981
      outer loop
         vertex -0.163149 -0.225031 -0.125486
         vertex -0.15941 -0.223418 -0.123578
         vertex -0.159611 -0.220663 -0.125272
      endloop
   endfacet
   facet normal -0.382683 0.596486 0.70552
      outer loop
         vertex -0.15941 -0.223418 -0.123578
         vertex -0.155 -0.222851 -0.122908
         vertex -0.155 -0.220071 -0.124571
      endloop
   endfacet
   facet normal 0.362601 0.321053 0.874898
      outer loop
         vertex -0.150389 -0.220663 -0.125272
         vertex -0.14648 -0.22235 -0.127266
         vertex -0.145405 -0.219471 -0.128294
      endloop
   endfacet
   facet normal 0.669999 0.188442 0.718046
      outer loop
         vertex -0.14648 -0.22235 -0.127266
         vertex -0.143867 -0.224874 -0.130252
         vertex -0.142804 -0.222331 -0.131497
      endloop
   endfacet
   facet normal 0.875396 -0.478238 -0.0704981
      outer loop
         vertex -0.143867 -0.230828 -0.137295
         vertex -0.14648 -0.233352 -0.14028
         vertex -0.145405 -0.23186 -0.142948
      endloop
   endfacet
   facet normal 0.669999 -0.676704 -0.305243
      outer loop
         vertex -0.14648 -0.233352 -0.14028
         vertex -0.150389 -0.235038 -0.142275
         vertex -0.149807 -0.233759 -0.145194
      endloop
   endfacet
   facet normal -0.362601 -0.809314 -0.462094
      outer loop
         vertex -0.159611 -0.235038 -0.142275
         vertex -0.16352 -0.233352 -0.14028
         vertex -0.164595 -0.23186 -0.142948
      endloop
   endfacet
   facet normal -0.669999 -0.676704 -0.305243
      outer loop
         vertex -0.16352 -0.233352 -0.14028
         vertex -0.166133 -0.230828 -0.137295
         vertex -0.167196 -0.229177 -0.139594
      endloop
   endfacet
   facet normal -0.875396 -0.0100242 0.483302
      outer loop
         vertex -0.166133 -0.224874 -0.130252
         vertex -0.16352 -0.22235 -0.127266
         vertex -0.164595 -0.219471 -0.128294
      endloop
   endfacet
   facet normal -0.669999 0.188442 0.718046
      outer loop
         vertex -0.16352 -0.22235 -0.127266
         vertex -0.159611 -0.220663 -0.125272
         vertex -0.160193 -0.217572 -0.126047
      endloop
   endfacet
   facet normal -0.947522 -0.244131 0.206402
      outer loop
         vertex -0.16705 -0.227851 -0.133773
         vertex -0.166133 -0.224874 -0.130252
         vertex -0.1675 -0.22571 -0.13333
      endloop
   endfacet
   facet normal -0.875396 -0.0100242 0.483302
      outer loop
         vertex -0.166133 -0.224874 -0.130252
         vertex -0.16729 -0.222344 -0.131487
         vertex -0.1675 -0.222977 -0.132049
      endloop
   endfacet
   facet normal -0.770267 -0.261841 0.581488
      outer loop
         vertex -0.1675 -0.222977 -0.132049
         vertex -0.1675 -0.22571 -0.13333
         vertex -0.166133 -0.224874 -0.130252
      endloop
   endfacet
   facet normal -0.875396 -0.478238 -0.0704981
      outer loop
         vertex -0.166133 -0.230828 -0.137295
         vertex -0.16705 -0.227851 -0.133773
         vertex -0.1675 -0.227359 -0.134955
      endloop
   endfacet
   facet normal -0.900149 -0.358259 0.247755
      outer loop
         vertex -0.1675 -0.227359 -0.134955
         vertex -0.1675 -0.228439 -0.138453
         vertex -0.166133 -0.230828 -0.137295
      endloop
   endfacet
   facet normal -0.947522 -0.244131 0.206402
      outer loop
         vertex -0.16705 -0.227851 -0.133773
         vertex -0.1675 -0.226941 -0.134543
         vertex -0.1675 -0.227359 -0.134955
      endloop
   endfacet
   facet normal -0.562572 -0.825853 -0.0384668
      outer loop
         vertex -0.164595 -0.23186 -0.142948
         vertex -0.167196 -0.229177 -0.139594
         vertex -0.1675 -0.228949 -0.140103
      endloop
   endfacet
   facet normal -0.304462 -0.937201 -0.170169
      outer loop
         vertex -0.160193 -0.233759 -0.145194
         vertex -0.164595 -0.23186 -0.142948
         vertex -0.16354 -0.232419 -0.145089
      endloop
   endfacet
   facet normal -0.562572 -0.825853 -0.0384668
      outer loop
         vertex -0.164595 -0.23186 -0.142948
         vertex -0.1675 -0.230309 -0.14451
         vertex -0.16354 -0.232419 -0.145089
      endloop
   endfacet
   facet normal -0.304462 -0.937201 -0.170169
      outer loop
         vertex -0.160193 -0.233759 -0.145194
         vertex -0.16025 -0.233568 -0.145478
         vertex -0.158908 -0.234037 -0.145637
      endloop
   endfacet
   facet normal 2.60821e-15 -0.855881 -0.517173
      outer loop
         vertex -0.155 -0.23563 -0.142975
         vertex -0.159611 -0.235038 -0.142275
         vertex -0.157536 -0.23418 -0.14569
      endloop
   endfacet
   facet normal -0.362601 -0.809314 -0.462094
      outer loop
         vertex -0.159611 -0.235038 -0.142275
         vertex -0.160193 -0.233759 -0.145194
         vertex -0.157536 -0.23418 -0.14569
      endloop
   endfacet
   facet normal 2.60821e-15 -0.855881 -0.517173
      outer loop
         vertex -0.155 -0.23563 -0.142975
         vertex -0.15478 -0.234468 -0.145797
         vertex -0.152559 -0.234182 -0.145691
      endloop
   endfacet
   facet normal 0.145841 -0.96557 -0.215418
      outer loop
         vertex -0.152559 -0.234182 -0.145691
         vertex -0.150389 -0.235038 -0.142275
         vertex -0.155 -0.23563 -0.142975
      endloop
   endfacet
   facet normal 2.60821e-15 -0.855881 -0.517173
      outer loop
         vertex -0.155 -0.23563 -0.142975
         vertex -0.154997 -0.234445 -0.145789
         vertex -0.15478 -0.234468 -0.145797
      endloop
   endfacet
   facet normal 0.304462 -0.937201 -0.170169
      outer loop
         vertex -0.149807 -0.233759 -0.145194
         vertex -0.152559 -0.234182 -0.145691
         vertex -0.150673 -0.233939 -0.145601
      endloop
   endfacet
   facet normal 0.562572 -0.825853 -0.0384668
      outer loop
         vertex -0.145405 -0.23186 -0.142948
         vertex -0.149807 -0.233759 -0.145194
         vertex -0.149749 -0.233582 -0.145484
      endloop
   endfacet
   facet normal 0.444863 -0.854952 0.266745
      outer loop
         vertex -0.1425 -0.230309 -0.14451
         vertex -0.1425 -0.229038 -0.139935
         vertex -0.145405 -0.23186 -0.142948
      endloop
   endfacet
   facet normal 0.562572 -0.825853 -0.0384668
      outer loop
         vertex -0.145405 -0.23186 -0.142948
         vertex -0.145421 -0.231909 -0.144935
         vertex -0.1425 -0.230309 -0.14451
      endloop
   endfacet
   facet normal 0.947522 -0.244131 0.206402
      outer loop
         vertex -0.14295 -0.227851 -0.133773
         vertex -0.143867 -0.230828 -0.137295
         vertex -0.1425 -0.227931 -0.135957
      endloop
   endfacet
   facet normal 0.875396 -0.478238 -0.0704981
      outer loop
         vertex -0.143867 -0.230828 -0.137295
         vertex -0.14271 -0.229189 -0.139584
         vertex -0.1425 -0.22874 -0.138865
      endloop
   endfacet
   facet normal 0.770267 -0.616938 0.161481
      outer loop
         vertex -0.1425 -0.22874 -0.138865
         vertex -0.1425 -0.227931 -0.135957
         vertex -0.143867 -0.230828 -0.137295
      endloop
   endfacet
   facet normal 0.875396 -0.0100242 0.483302
      outer loop
         vertex -0.143867 -0.224874 -0.130252
         vertex -0.14295 -0.227851 -0.133773
         vertex -0.1425 -0.226604 -0.134062
      endloop
   endfacet
   facet normal 0.900149 -0.303889 0.312063
      outer loop
         vertex -0.1425 -0.226604 -0.134062
         vertex -0.1425 -0.223334 -0.132415
         vertex -0.143867 -0.224874 -0.130252
      endloop
   endfacet
   facet normal 0.947522 -0.244131 0.206402
      outer loop
         vertex -0.14295 -0.227851 -0.133773
         vertex -0.1425 -0.226941 -0.134543
         vertex -0.1425 -0.226604 -0.134062
      endloop
   endfacet
   facet normal 0.444863 -0.405226 0.798679
      outer loop
         vertex -0.1425 -0.217673 -0.129563
         vertex -0.144918 -0.217551 -0.128186
         vertex -0.145405 -0.219471 -0.128294
      endloop
   endfacet
   facet normal 0.562572 -0.0994248 0.820748
      outer loop
         vertex -0.145405 -0.219471 -0.128294
         vertex -0.142804 -0.222331 -0.131497
         vertex -0.1425 -0.221791 -0.131638
      endloop
   endfacet
   facet normal 0.304462 0.0119232 0.95245
      outer loop
         vertex -0.149807 -0.217572 -0.126047
         vertex -0.145405 -0.219471 -0.128294
         vertex -0.147492 -0.217385 -0.126909
      endloop
   endfacet
   facet normal 0.562572 -0.0994248 0.820748
      outer loop
         vertex -0.145405 -0.219471 -0.128294
         vertex -0.144918 -0.217551 -0.128186
         vertex -0.147492 -0.217385 -0.126909
      endloop
   endfacet
   facet normal 0.304462 0.0119232 0.95245
      outer loop
         vertex -0.149807 -0.217572 -0.126047
         vertex -0.149746 -0.217262 -0.126187
         vertex -0.151622 -0.21716 -0.125586
      endloop
   endfacet
   facet normal -9.63878e-16 0.367619 0.929976
      outer loop
         vertex -0.155 -0.220071 -0.124571
         vertex -0.150389 -0.220663 -0.125272
         vertex -0.151958 -0.217153 -0.125552
      endloop
   endfacet
   facet normal 0.362601 0.321053 0.874898
      outer loop
         vertex -0.150389 -0.220663 -0.125272
         vertex -0.149807 -0.217572 -0.126047
         vertex -0.151958 -0.217153 -0.125552
      endloop
   endfacet
   facet normal -9.63878e-16 0.367619 0.929976
      outer loop
         vertex -0.155 -0.220071 -0.124571
         vertex -0.155146 -0.217095 -0.125248
         vertex -0.157844 -0.217153 -0.125551
      endloop
   endfacet
   facet normal -0.16836 0.0442792 0.984731
      outer loop
         vertex -0.157844 -0.217153 -0.125551
         vertex -0.159611 -0.220663 -0.125272
         vertex -0.155 -0.220071 -0.124571
      endloop
   endfacet
   facet normal -9.63878e-16 0.367619 0.929976
      outer loop
         vertex -0.155 -0.220071 -0.124571
         vertex -0.155 -0.217094 -0.125247
         vertex -0.155146 -0.217095 -0.125248
      endloop
   endfacet
   facet normal -0.304462 0.0119232 0.95245
      outer loop
         vertex -0.160193 -0.217572 -0.126047
         vertex -0.157844 -0.217153 -0.125551
         vertex -0.158644 -0.21717 -0.125641
      endloop
   endfacet
   facet normal -0.562572 -0.0994248 0.820748
      outer loop
         vertex -0.164595 -0.219471 -0.128294
         vertex -0.160193 -0.217572 -0.126047
         vertex -0.160226 -0.217263 -0.126296
      endloop
   endfacet
   facet normal -0.45753 -0.30508 0.83522
      outer loop
         vertex -0.165925 -0.217599 -0.128656
         vertex -0.1675 -0.217673 -0.129563
         vertex -0.1675 -0.221972 -0.131578
      endloop
   endfacet
   facet normal -0.562572 -0.0994248 0.820748
      outer loop
         vertex -0.164595 -0.219471 -0.128294
         vertex -0.165664 -0.217583 -0.128548
         vertex -0.165925 -0.217599 -0.128656
      endloop
   endfacet
   facet normal -0.45753 -0.30508 0.83522
      outer loop
         vertex -0.165925 -0.217599 -0.128656
         vertex -0.16729 -0.222344 -0.131487
         vertex -0.164595 -0.219471 -0.128294
      endloop
   endfacet
   facet normal -0.716861 -0.272834 0.641616
      outer loop
         vertex -0.1675 -0.221972 -0.131578
         vertex -0.16729 -0.222344 -0.131487
         vertex -0.165925 -0.217599 -0.128656
      endloop
   endfacet
   facet normal -0.298322 -0.0195846 0.954264
      outer loop
         vertex -0.160226 -0.217263 -0.126296
         vertex -0.165664 -0.217583 -0.128548
         vertex -0.164595 -0.219471 -0.128294
      endloop
   endfacet
   facet normal -0.212214 0.0267376 0.976857
      outer loop
         vertex -0.158644 -0.21717 -0.125641
         vertex -0.160226 -0.217263 -0.126296
         vertex -0.160193 -0.217572 -0.126047
      endloop
   endfacet
   facet normal -0.16836 0.0442792 0.984731
      outer loop
         vertex -0.157844 -0.217153 -0.125551
         vertex -0.160193 -0.217572 -0.126047
         vertex -0.159611 -0.220663 -0.125272
      endloop
   endfacet
   facet normal 0.17917 0.0401461 0.982999
      outer loop
         vertex -0.151958 -0.217153 -0.125552
         vertex -0.155 -0.217094 -0.125247
         vertex -0.155 -0.220071 -0.124571
      endloop
   endfacet
   facet normal 0.197585 0.0328096 0.979736
      outer loop
         vertex -0.151622 -0.21716 -0.125586
         vertex -0.151958 -0.217153 -0.125552
         vertex -0.149807 -0.217572 -0.126047
      endloop
   endfacet
   facet normal 0.390976 -0.112645 0.913481
      outer loop
         vertex -0.147492 -0.217385 -0.126909
         vertex -0.149746 -0.217262 -0.126187
         vertex -0.149807 -0.217572 -0.126047
      endloop
   endfacet
   facet normal 0.562572 -0.0994248 0.820748
      outer loop
         vertex -0.145405 -0.219471 -0.128294
         vertex -0.1425 -0.221791 -0.131638
         vertex -0.1425 -0.217673 -0.129563
      endloop
   endfacet
   facet normal 0.706566 -0.28226 0.648918
      outer loop
         vertex -0.1425 -0.221791 -0.131638
         vertex -0.142804 -0.222331 -0.131497
         vertex -0.1425 -0.223334 -0.132415
      endloop
   endfacet
   facet normal 0.786392 -0.271229 0.554997
      outer loop
         vertex -0.1425 -0.223334 -0.132415
         vertex -0.142804 -0.222331 -0.131497
         vertex -0.143867 -0.224874 -0.130252
      endloop
   endfacet
   facet normal 0.882406 -0.425513 0.200747
      outer loop
         vertex -0.1425 -0.227931 -0.135957
         vertex -0.1425 -0.226941 -0.134543
         vertex -0.14295 -0.227851 -0.133773
      endloop
   endfacet
   facet normal 0.770267 -0.616938 0.161481
      outer loop
         vertex -0.1425 -0.22874 -0.138865
         vertex -0.14271 -0.229189 -0.139584
         vertex -0.1425 -0.229038 -0.139935
      endloop
   endfacet
   facet normal 0.716861 -0.678058 0.16232
      outer loop
         vertex -0.1425 -0.229038 -0.139935
         vertex -0.14271 -0.229189 -0.139584
         vertex -0.145405 -0.23186 -0.142948
      endloop
   endfacet
   facet normal 0.297378 -0.944571 -0.139107
      outer loop
         vertex -0.149749 -0.233582 -0.145484
         vertex -0.145421 -0.231909 -0.144935
         vertex -0.145405 -0.23186 -0.142948
      endloop
   endfacet
   facet normal 0.248796 -0.953523 -0.169984
      outer loop
         vertex -0.150673 -0.233939 -0.145601
         vertex -0.149749 -0.233582 -0.145484
         vertex -0.149807 -0.233759 -0.145194
      endloop
   endfacet
   facet normal 0.145841 -0.96557 -0.215418
      outer loop
         vertex -0.152559 -0.234182 -0.145691
         vertex -0.149807 -0.233759 -0.145194
         vertex -0.150389 -0.235038 -0.142275
      endloop
   endfacet
   facet normal -0.151229 -0.965127 -0.213681
      outer loop
         vertex -0.157536 -0.23418 -0.14569
         vertex -0.154997 -0.234445 -0.145789
         vertex -0.155 -0.23563 -0.142975
      endloop
   endfacet
   facet normal -0.226549 -0.956859 -0.181923
      outer loop
         vertex -0.158908 -0.234037 -0.145637
         vertex -0.157536 -0.23418 -0.14569
         vertex -0.160193 -0.233759 -0.145194
      endloop
   endfacet
   facet normal -0.422801 -0.906105 0.0146057
      outer loop
         vertex -0.16354 -0.232419 -0.145089
         vertex -0.16025 -0.233568 -0.145478
         vertex -0.160193 -0.233759 -0.145194
      endloop
   endfacet
   facet normal -0.706566 -0.686825 0.170401
      outer loop
         vertex -0.1675 -0.228949 -0.140103
         vertex -0.1675 -0.230309 -0.14451
         vertex -0.164595 -0.23186 -0.142948
      endloop
   endfacet
   facet normal -0.706566 -0.686825 0.170401
      outer loop
         vertex -0.1675 -0.228949 -0.140103
         vertex -0.167196 -0.229177 -0.139594
         vertex -0.1675 -0.228439 -0.138453
      endloop
   endfacet
   facet normal -0.786392 -0.592378 0.175144
      outer loop
         vertex -0.1675 -0.228439 -0.138453
         vertex -0.167196 -0.229177 -0.139594
         vertex -0.166133 -0.230828 -0.137295
      endloop
   endfacet
   facet normal -0.882406 -0.268722 0.386198
      outer loop
         vertex -0.1675 -0.22571 -0.13333
         vertex -0.1675 -0.226941 -0.134543
         vertex -0.16705 -0.227851 -0.133773
      endloop
   endfacet
   facet normal -0.770267 -0.261841 0.581488
      outer loop
         vertex -0.1675 -0.222977 -0.132049
         vertex -0.16729 -0.222344 -0.131487
         vertex -0.1675 -0.221972 -0.131578
      endloop
   endfacet
   facet normal -0.304462 0.0119232 0.95245
      outer loop
         vertex -0.160193 -0.217572 -0.126047
         vertex -0.164595 -0.219471 -0.128294
         vertex -0.16352 -0.22235 -0.127266
      endloop
   endfacet
   facet normal -0.562572 -0.0994248 0.820748
      outer loop
         vertex -0.164595 -0.219471 -0.128294
         vertex -0.16729 -0.222344 -0.131487
         vertex -0.166133 -0.224874 -0.130252
      endloop
   endfacet
   facet normal -0.743437 -0.655799 0.131261
      outer loop
         vertex -0.167196 -0.229177 -0.139594
         vertex -0.164595 -0.23186 -0.142948
         vertex -0.16352 -0.233352 -0.14028
      endloop
   endfacet
   facet normal -0.562572 -0.825853 -0.0384668
      outer loop
         vertex -0.164595 -0.23186 -0.142948
         vertex -0.160193 -0.233759 -0.145194
         vertex -0.159611 -0.235038 -0.142275
      endloop
   endfacet
   facet normal 0.304462 -0.937201 -0.170169
      outer loop
         vertex -0.149807 -0.233759 -0.145194
         vertex -0.145405 -0.23186 -0.142948
         vertex -0.14648 -0.233352 -0.14028
      endloop
   endfacet
   facet normal 0.562572 -0.825853 -0.0384668
      outer loop
         vertex -0.145405 -0.23186 -0.142948
         vertex -0.14271 -0.229189 -0.139584
         vertex -0.143867 -0.230828 -0.137295
      endloop
   endfacet
   facet normal 0.743437 -0.238505 0.624834
      outer loop
         vertex -0.142804 -0.222331 -0.131497
         vertex -0.145405 -0.219471 -0.128294
         vertex -0.14648 -0.22235 -0.127266
      endloop
   endfacet
   facet normal 0.562572 -0.0994248 0.820748
      outer loop
         vertex -0.145405 -0.219471 -0.128294
         vertex -0.149807 -0.217572 -0.126047
         vertex -0.150389 -0.220663 -0.125272
      endloop
   endfacet
   facet normal -9.63878e-16 0.367619 0.929976
      outer loop
         vertex -0.155 -0.220071 -0.124571
         vertex -0.159611 -0.220663 -0.125272
         vertex -0.15941 -0.223418 -0.123578
      endloop
   endfacet
   facet normal -0.362601 0.321053 0.874898
      outer loop
         vertex -0.159611 -0.220663 -0.125272
         vertex -0.16352 -0.22235 -0.127266
         vertex -0.163149 -0.225031 -0.125486
      endloop
   endfacet
   facet normal -0.669999 0.188442 0.718046
      outer loop
         vertex -0.16352 -0.22235 -0.127266
         vertex -0.166133 -0.224874 -0.130252
         vertex -0.165648 -0.227445 -0.128341
      endloop
   endfacet
   facet normal -0.875396 -0.0100242 0.483302
      outer loop
         vertex -0.166133 -0.224874 -0.130252
         vertex -0.16705 -0.227851 -0.133773
         vertex -0.166525 -0.230292 -0.131709
      endloop
   endfacet
   facet normal -0.947522 -0.244131 0.206402
      outer loop
         vertex -0.16705 -0.227851 -0.133773
         vertex -0.166133 -0.230828 -0.137295
         vertex -0.165648 -0.23314 -0.135077
      endloop
   endfacet
   facet normal -0.875396 -0.478238 -0.0704981
      outer loop
         vertex -0.166133 -0.230828 -0.137295
         vertex -0.16352 -0.233352 -0.14028
         vertex -0.163149 -0.235554 -0.137932
      endloop
   endfacet
   facet normal -0.669999 -0.676704 -0.305243
      outer loop
         vertex -0.16352 -0.233352 -0.14028
         vertex -0.159611 -0.235038 -0.142275
         vertex -0.15941 -0.237167 -0.13984
      endloop
   endfacet
   facet normal -0.362601 -0.809314 -0.462094
      outer loop
         vertex -0.159611 -0.235038 -0.142275
         vertex -0.155 -0.23563 -0.142975
         vertex -0.155 -0.237733 -0.14051
      endloop
   endfacet
   facet normal 2.60821e-15 -0.855881 -0.517173
      outer loop
         vertex -0.155 -0.23563 -0.142975
         vertex -0.150389 -0.235038 -0.142275
         vertex -0.15059 -0.237167 -0.13984
      endloop
   endfacet
   facet normal 0.362601 -0.809314 -0.462094
      outer loop
         vertex -0.150389 -0.235038 -0.142275
         vertex -0.14648 -0.233352 -0.14028
         vertex -0.146851 -0.235554 -0.137932
      endloop
   endfacet
   facet normal 0.669999 -0.676704 -0.305243
      outer loop
         vertex -0.14648 -0.233352 -0.14028
         vertex -0.143867 -0.230828 -0.137295
         vertex -0.144352 -0.23314 -0.135077
      endloop
   endfacet
   facet normal 0.875396 -0.478238 -0.0704981
      outer loop
         vertex -0.143867 -0.230828 -0.137295
         vertex -0.14295 -0.227851 -0.133773
         vertex -0.143475 -0.230292 -0.131709
      endloop
   endfacet
   facet normal 0.947522 -0.244131 0.206402
      outer loop
         vertex -0.14295 -0.227851 -0.133773
         vertex -0.143867 -0.224874 -0.130252
         vertex -0.144352 -0.227445 -0.128341
      endloop
   endfacet
   facet normal 0.875396 -0.0100242 0.483302
      outer loop
         vertex -0.143867 -0.224874 -0.130252
         vertex -0.14648 -0.22235 -0.127266
         vertex -0.146851 -0.225031 -0.125486
      endloop
   endfacet
   facet normal 0.669999 0.188442 0.718046
      outer loop
         vertex -0.14648 -0.22235 -0.127266
         vertex -0.150389 -0.220663 -0.125272
         vertex -0.15059 -0.223418 -0.123578
      endloop
   endfacet
   facet normal 0.362601 0.321053 0.874898
      outer loop
         vertex -0.150389 -0.220663 -0.125272
         vertex -0.155 -0.220071 -0.124571
         vertex -0.155 -0.222851 -0.122908
      endloop
   endfacet
   facet normal 0 0.645632 0.763649
      outer loop
         vertex -0.148535 -0.21036 -0.128919
         vertex -0.15062 -0.211318 -0.128108
         vertex -0.14973 -0.212622 -0.127268
      endloop
   endfacet
   facet normal 0.261974 0.227343 0.937915
      outer loop
         vertex -0.146439 -0.213706 -0.127524
         vertex -0.147449 -0.211907 -0.127976
         vertex -0.14973 -0.212622 -0.127268
      endloop
   endfacet
   facet normal 0.36997 -0.0134098 0.928947
      outer loop
         vertex -0.145575 -0.215632 -0.127596
         vertex -0.146439 -0.213706 -0.127524
         vertex -0.148885 -0.214118 -0.126774
      endloop
   endfacet
   facet normal 0.36997 -0.0134098 0.928947
      outer loop
         vertex -0.145575 -0.215632 -0.127596
         vertex -0.148126 -0.215733 -0.126653
         vertex -0.147492 -0.217385 -0.126909
      endloop
   endfacet
   facet normal 0.11122 0.482702 0.868694
      outer loop
         vertex -0.14973 -0.212622 -0.127268
         vertex -0.15062 -0.211318 -0.128108
         vertex -0.153202 -0.212257 -0.127314
      endloop
   endfacet
   facet normal 0.216885 0.295661 0.930347
      outer loop
         vertex -0.148885 -0.214118 -0.126774
         vertex -0.14973 -0.212622 -0.127268
         vertex -0.152776 -0.213336 -0.126559
      endloop
   endfacet
   facet normal 0.311716 0.0938517 0.945529
      outer loop
         vertex -0.148126 -0.215733 -0.126653
         vertex -0.148885 -0.214118 -0.126774
         vertex -0.152362 -0.214537 -0.126009
      endloop
   endfacet
   facet normal 0.153609 0.199721 0.967737
      outer loop
         vertex -0.151973 -0.215824 -0.125682
         vertex -0.151622 -0.21716 -0.125586
         vertex -0.149746 -0.217262 -0.126187
      endloop
   endfacet
   facet normal 0.297726 -0.0228368 0.954378
      outer loop
         vertex -0.149746 -0.217262 -0.126187
         vertex -0.148126 -0.215733 -0.126653
         vertex -0.151973 -0.215824 -0.125682
      endloop
   endfacet
   facet normal 0.0533153 0.510788 0.858052
      outer loop
         vertex -0.152776 -0.213336 -0.126559
         vertex -0.153202 -0.212257 -0.127314
         vertex -0.155 -0.212489 -0.127118
      endloop
   endfacet
   facet normal -1.63305e-15 0.645632 0.763649
      outer loop
         vertex -0.155 -0.212489 -0.127118
         vertex -0.155095 -0.213514 -0.126382
         vertex -0.152776 -0.213336 -0.126559
      endloop
   endfacet
   facet normal 0.105034 0.360653 0.926767
      outer loop
         vertex -0.152362 -0.214537 -0.126009
         vertex -0.152776 -0.213336 -0.126559
         vertex -0.155095 -0.213514 -0.126382
      endloop
   endfacet
   facet normal 0.153609 0.199721 0.967737
      outer loop
         vertex -0.151973 -0.215824 -0.125682
         vertex -0.152362 -0.214537 -0.126009
         vertex -0.155113 -0.214642 -0.125816
      endloop
   endfacet
   facet normal 0.153609 0.199721 0.967737
      outer loop
         vertex -0.151973 -0.215824 -0.125682
         vertex -0.15513 -0.215846 -0.125435
         vertex -0.155 -0.217094 -0.125247
      endloop
   endfacet
   facet normal 3.31473e-15 0.0699567 0.99755
      outer loop
         vertex -0.155 -0.217094 -0.125247
         vertex -0.151958 -0.217153 -0.125552
         vertex -0.151973 -0.215824 -0.125682
      endloop
   endfacet
   facet normal -0.00675706 0.225955 0.974114
      outer loop
         vertex -0.15513 -0.215846 -0.125435
         vertex -0.155146 -0.217095 -0.125248
         vertex -0.155 -0.217094 -0.125247
      endloop
   endfacet
   facet normal -0.0573858 0.509678 0.858449
      outer loop
         vertex -0.157405 -0.213307 -0.126588
         vertex -0.155095 -0.213514 -0.126382
         vertex -0.155076 -0.212489 -0.127119
      endloop
   endfacet
   facet normal -0.00460044 0.376394 0.926448
      outer loop
         vertex -0.155113 -0.214642 -0.125816
         vertex -0.155095 -0.213514 -0.126382
         vertex -0.157405 -0.213307 -0.126588
      endloop
   endfacet
   facet normal -0.00675706 0.225955 0.974114
      outer loop
         vertex -0.15513 -0.215846 -0.125435
         vertex -0.155113 -0.214642 -0.125816
         vertex -0.15785 -0.21452 -0.126041
      endloop
   endfacet
   facet normal -0.00675706 0.225955 0.974114
      outer loop
         vertex -0.15513 -0.215846 -0.125435
         vertex -0.158268 -0.215821 -0.125722
         vertex -0.157844 -0.217153 -0.125551
      endloop
   endfacet
   facet normal -0.16515 0.195397 0.966719
      outer loop
         vertex -0.158268 -0.215821 -0.125722
         vertex -0.158644 -0.21717 -0.125641
         vertex -0.157844 -0.217153 -0.125551
      endloop
   endfacet
   facet normal -0.140165 0.440087 0.886948
      outer loop
         vertex -0.163386 -0.211637 -0.128242
         vertex -0.157405 -0.213307 -0.126588
         vertex -0.156946 -0.212219 -0.127347
      endloop
   endfacet
   facet normal -0.113006 0.358045 0.926841
      outer loop
         vertex -0.15785 -0.21452 -0.126041
         vertex -0.157405 -0.213307 -0.126588
         vertex -0.163386 -0.211637 -0.128242
      endloop
   endfacet
   facet normal -0.16515 0.195397 0.966719
      outer loop
         vertex -0.158268 -0.215821 -0.125722
         vertex -0.15785 -0.21452 -0.126041
         vertex -0.164421 -0.213553 -0.127803
      endloop
   endfacet
   facet normal -0.378102 -0.0543274 0.924168
      outer loop
         vertex -0.16529 -0.215593 -0.127944
         vertex -0.165664 -0.217583 -0.128548
         vertex -0.160226 -0.217263 -0.126296
      endloop
   endfacet
   facet normal -0.378102 -0.0543274 0.924168
      outer loop
         vertex -0.16529 -0.215593 -0.127944
         vertex -0.165925 -0.217599 -0.128656
         vertex -0.165664 -0.217583 -0.128548
      endloop
   endfacet
   facet normal -0.298127 -0.0234935 0.954237
      outer loop
         vertex -0.160226 -0.217263 -0.126296
         vertex -0.158268 -0.215821 -0.125722
         vertex -0.16529 -0.215593 -0.127944
      endloop
   endfacet
   facet normal 0.36774 -0.165263 0.915126
      outer loop
         vertex -0.1425 -0.215471 -0.128946
         vertex -0.145575 -0.215632 -0.127596
         vertex -0.144918 -0.217551 -0.128186
      endloop
   endfacet
   facet normal 0.452177 -0.253228 0.855226
      outer loop
         vertex -0.144918 -0.217551 -0.128186
         vertex -0.1425 -0.217673 -0.129563
         vertex -0.1425 -0.21701 -0.129266
      endloop
   endfacet
   facet normal 0.319704 -0.0399763 0.946674
      outer loop
         vertex -0.1425 -0.214354 -0.128715
         vertex -0.146439 -0.213706 -0.127524
         vertex -0.145575 -0.215632 -0.127596
      endloop
   endfacet
   facet normal 0.169998 0.294406 0.940439
      outer loop
         vertex -0.1425 -0.211247 -0.129129
         vertex -0.147449 -0.211907 -0.127976
         vertex -0.146439 -0.213706 -0.127524
      endloop
   endfacet
   facet normal 0.261974 0.227343 0.937915
      outer loop
         vertex -0.146439 -0.213706 -0.127524
         vertex -0.1425 -0.214354 -0.128715
         vertex -0.1425 -0.211247 -0.129129
      endloop
   endfacet
   facet normal 0 0.645632 0.763649
      outer loop
         vertex -0.148535 -0.21036 -0.128919
         vertex -0.147449 -0.211907 -0.127976
         vertex -0.1425 -0.210516 -0.12953
      endloop
   endfacet
   facet normal 0 0.645632 0.763649
      outer loop
         vertex -0.162265 -0.209993 -0.129229
         vertex -0.1675 -0.20949 -0.129884
         vertex -0.1675 -0.210489 -0.129521
      endloop
   endfacet
   facet normal 0 0.645632 0.763649
      outer loop
         vertex -0.162265 -0.209993 -0.129229
         vertex -0.1675 -0.208009 -0.130906
         vertex -0.1675 -0.20949 -0.129884
      endloop
   endfacet
   facet normal -0.140165 0.440087 0.886948
      outer loop
         vertex -0.163386 -0.211637 -0.128242
         vertex -0.1675 -0.210489 -0.129521
         vertex -0.1675 -0.212296 -0.128867
      endloop
   endfacet
   facet normal -0.269523 0.200613 0.941866
      outer loop
         vertex -0.164421 -0.213553 -0.127803
         vertex -0.1675 -0.212296 -0.128867
         vertex -0.1675 -0.215037 -0.128771
      endloop
   endfacet
   facet normal -0.349443 -0.113925 0.930006
      outer loop
         vertex -0.1675 -0.215037 -0.128771
         vertex -0.16529 -0.215593 -0.127944
         vertex -0.164421 -0.213553 -0.127803
      endloop
   endfacet
   facet normal -0.367952 -0.164564 0.915167
      outer loop
         vertex -0.1675 -0.215474 -0.128902
         vertex -0.1675 -0.217673 -0.129563
         vertex -0.165925 -0.217599 -0.128656
      endloop
   endfacet
   facet normal -0.45753 -0.30508 0.83522
      outer loop
         vertex -0.165925 -0.217599 -0.128656
         vertex -0.16529 -0.215593 -0.127944
         vertex -0.1675 -0.215474 -0.128902
      endloop
   endfacet
   facet normal -0.349443 -0.113925 0.930006
      outer loop
         vertex -0.1675 -0.215037 -0.128771
         vertex -0.1675 -0.215474 -0.128902
         vertex -0.16529 -0.215593 -0.127944
      endloop
   endfacet
   facet normal -0.22252 0.181579 0.957869
      outer loop
         vertex -0.1675 -0.212296 -0.128867
         vertex -0.164421 -0.213553 -0.127803
         vertex -0.163386 -0.211637 -0.128242
      endloop
   endfacet
   facet normal -0.12922 0.380283 0.915799
      outer loop
         vertex -0.1675 -0.210489 -0.129521
         vertex -0.163386 -0.211637 -0.128242
         vertex -0.162265 -0.209993 -0.129229
      endloop
   endfacet
   facet normal 0.129294 0.380401 0.915739
      outer loop
         vertex -0.1425 -0.210516 -0.12953
         vertex -0.1425 -0.208009 -0.130906
         vertex -0.148535 -0.21036 -0.128919
      endloop
   endfacet
   facet normal 0.169998 0.294406 0.940439
      outer loop
         vertex -0.1425 -0.211247 -0.129129
         vertex -0.1425 -0.210516 -0.12953
         vertex -0.147449 -0.211907 -0.127976
      endloop
   endfacet
   facet normal 0.36997 -0.0134098 0.928947
      outer loop
         vertex -0.145575 -0.215632 -0.127596
         vertex -0.1425 -0.215471 -0.128946
         vertex -0.1425 -0.214354 -0.128715
      endloop
   endfacet
   facet normal 0.452177 -0.253228 0.855226
      outer loop
         vertex -0.144918 -0.217551 -0.128186
         vertex -0.1425 -0.21701 -0.129266
         vertex -0.1425 -0.215471 -0.128946
      endloop
   endfacet
   facet normal -0.298127 -0.0234935 0.954237
      outer loop
         vertex -0.160226 -0.217263 -0.126296
         vertex -0.158644 -0.21717 -0.125641
         vertex -0.158268 -0.215821 -0.125722
      endloop
   endfacet
   facet normal -0.269523 0.200613 0.941866
      outer loop
         vertex -0.164421 -0.213553 -0.127803
         vertex -0.16529 -0.215593 -0.127944
         vertex -0.158268 -0.215821 -0.125722
      endloop
   endfacet
   facet normal -0.140165 0.440087 0.886948
      outer loop
         vertex -0.163386 -0.211637 -0.128242
         vertex -0.164421 -0.213553 -0.127803
         vertex -0.15785 -0.21452 -0.126041
      endloop
   endfacet
   facet normal 0 0.645632 0.763649
      outer loop
         vertex -0.156946 -0.212219 -0.127347
         vertex -0.162265 -0.209993 -0.129229
         vertex -0.163386 -0.211637 -0.128242
      endloop
   endfacet
   facet normal -0.168316 0.0423658 0.984822
      outer loop
         vertex -0.157844 -0.217153 -0.125551
         vertex -0.155146 -0.217095 -0.125248
         vertex -0.15513 -0.215846 -0.125435
      endloop
   endfacet
   facet normal -0.113006 0.358045 0.926841
      outer loop
         vertex -0.15785 -0.21452 -0.126041
         vertex -0.158268 -0.215821 -0.125722
         vertex -0.15513 -0.215846 -0.125435
      endloop
   endfacet
   facet normal -0.0573858 0.509678 0.858449
      outer loop
         vertex -0.157405 -0.213307 -0.126588
         vertex -0.15785 -0.21452 -0.126041
         vertex -0.155113 -0.214642 -0.125816
      endloop
   endfacet
   facet normal 0 0.645632 0.763649
      outer loop
         vertex -0.155076 -0.212489 -0.127119
         vertex -0.156946 -0.212219 -0.127347
         vertex -0.157405 -0.213307 -0.126588
      endloop
   endfacet
   facet normal 0.179146 0.0392178 0.983041
      outer loop
         vertex -0.151958 -0.217153 -0.125552
         vertex -0.151622 -0.21716 -0.125586
         vertex -0.151973 -0.215824 -0.125682
      endloop
   endfacet
   facet normal -0.00460044 0.376394 0.926448
      outer loop
         vertex -0.155113 -0.214642 -0.125816
         vertex -0.15513 -0.215846 -0.125435
         vertex -0.151973 -0.215824 -0.125682
      endloop
   endfacet
   facet normal -0.00232923 0.517457 0.855706
      outer loop
         vertex -0.155095 -0.213514 -0.126382
         vertex -0.155113 -0.214642 -0.125816
         vertex -0.152362 -0.214537 -0.126009
      endloop
   endfacet
   facet normal -1.63305e-15 0.645632 0.763649
      outer loop
         vertex -0.155 -0.212489 -0.127118
         vertex -0.155076 -0.212489 -0.127119
         vertex -0.155095 -0.213514 -0.126382
      endloop
   endfacet
   facet normal 0.297726 -0.0228368 0.954378
      outer loop
         vertex -0.149746 -0.217262 -0.126187
         vertex -0.147492 -0.217385 -0.126909
         vertex -0.148126 -0.215733 -0.126653
      endloop
   endfacet
   facet normal 0.105034 0.360653 0.926767
      outer loop
         vertex -0.152362 -0.214537 -0.126009
         vertex -0.151973 -0.215824 -0.125682
         vertex -0.148126 -0.215733 -0.126653
      endloop
   endfacet
   facet normal 0.0533153 0.510788 0.858052
      outer loop
         vertex -0.152776 -0.213336 -0.126559
         vertex -0.152362 -0.214537 -0.126009
         vertex -0.148885 -0.214118 -0.126774
      endloop
   endfacet
   facet normal 0 0.645632 0.763649
      outer loop
         vertex -0.153202 -0.212257 -0.127314
         vertex -0.152776 -0.213336 -0.126559
         vertex -0.14973 -0.212622 -0.127268
      endloop
   endfacet
   facet normal 0.390976 -0.112645 0.913481
      outer loop
         vertex -0.147492 -0.217385 -0.126909
         vertex -0.144918 -0.217551 -0.128186
         vertex -0.145575 -0.215632 -0.127596
      endloop
   endfacet
   facet normal 0.216885 0.295661 0.930347
      outer loop
         vertex -0.148885 -0.214118 -0.126774
         vertex -0.148126 -0.215733 -0.126653
         vertex -0.145575 -0.215632 -0.127596
      endloop
   endfacet
   facet normal 0.11122 0.482702 0.868694
      outer loop
         vertex -0.14973 -0.212622 -0.127268
         vertex -0.148885 -0.214118 -0.126774
         vertex -0.146439 -0.213706 -0.127524
      endloop
   endfacet
   facet normal 0.11122 0.482702 0.868694
      outer loop
         vertex -0.14973 -0.212622 -0.127268
         vertex -0.147449 -0.211907 -0.127976
         vertex -0.148535 -0.21036 -0.128919
      endloop
   endfacet
   facet normal 0.362242 -0.91742 -0.164687
      outer loop
         vertex -0.146085 -0.232111 -0.146861
         vertex -0.145421 -0.231909 -0.144935
         vertex -0.149749 -0.233582 -0.145484
      endloop
   endfacet
   facet normal 0.297271 -0.944898 -0.137104
      outer loop
         vertex -0.149749 -0.233582 -0.145484
         vertex -0.15111 -0.233671 -0.146965
         vertex -0.146085 -0.232111 -0.146861
      endloop
   endfacet
   facet normal 0.255532 -0.882591 -0.394635
      outer loop
         vertex -0.146938 -0.231832 -0.1487
         vertex -0.146085 -0.232111 -0.146861
         vertex -0.15111 -0.233671 -0.146965
      endloop
   endfacet
   facet normal 0.13209 -0.789973 -0.598744
      outer loop
         vertex -0.147926 -0.231091 -0.150333
         vertex -0.146938 -0.231832 -0.1487
         vertex -0.151598 -0.233158 -0.148239
      endloop
   endfacet
   facet normal 0.13209 -0.789973 -0.598744
      outer loop
         vertex -0.147926 -0.231091 -0.150333
         vertex -0.152122 -0.232418 -0.14938
         vertex -0.152664 -0.231476 -0.150351
      endloop
   endfacet
   facet normal 0.0101939 -0.922961 -0.384758
      outer loop
         vertex -0.154804 -0.234076 -0.146997
         vertex -0.15111 -0.233671 -0.146965
         vertex -0.152559 -0.234182 -0.145691
      endloop
   endfacet
   facet normal 0.194201 -0.919974 -0.340491
      outer loop
         vertex -0.15111 -0.233671 -0.146965
         vertex -0.150673 -0.233939 -0.145601
         vertex -0.152559 -0.234182 -0.145691
      endloop
   endfacet
   facet normal 0.133161 -0.855902 -0.4997
      outer loop
         vertex -0.151598 -0.233158 -0.148239
         vertex -0.15111 -0.233671 -0.146965
         vertex -0.154804 -0.234076 -0.146997
      endloop
   endfacet
   facet normal 0.0677038 -0.763431 -0.642331
      outer loop
         vertex -0.152122 -0.232418 -0.14938
         vertex -0.151598 -0.233158 -0.148239
         vertex -0.15483 -0.2335 -0.148121
      endloop
   endfacet
   facet normal 0.0677038 -0.763431 -0.642331
      outer loop
         vertex -0.152122 -0.232418 -0.14938
         vertex -0.154857 -0.232754 -0.14914
         vertex -0.154886 -0.231857 -0.150029
      endloop
   endfacet
   facet normal 0.0101939 -0.922961 -0.384758
      outer loop
         vertex -0.154804 -0.234076 -0.146997
         vertex -0.154997 -0.234445 -0.145789
         vertex -0.157536 -0.23418 -0.14569
      endloop
   endfacet
   facet normal -0.151164 -0.965843 -0.210468
      outer loop
         vertex -0.157536 -0.23418 -0.14569
         vertex -0.158508 -0.233746 -0.146971
         vertex -0.154804 -0.234076 -0.146997
      endloop
   endfacet
   facet normal 0.0101939 -0.922961 -0.384758
      outer loop
         vertex -0.154804 -0.234076 -0.146997
         vertex -0.15478 -0.234468 -0.145797
         vertex -0.154997 -0.234445 -0.145789
      endloop
   endfacet
   facet normal 0.00694046 -0.85095 -0.525201
      outer loop
         vertex -0.15483 -0.2335 -0.148121
         vertex -0.154804 -0.234076 -0.146997
         vertex -0.158508 -0.233746 -0.146971
      endloop
   endfacet
   facet normal 0.00351402 -0.757732 -0.652556
      outer loop
         vertex -0.154857 -0.232754 -0.14914
         vertex -0.15483 -0.2335 -0.148121
         vertex -0.158063 -0.233221 -0.148217
      endloop
   endfacet
   facet normal -0.0614039 -0.762345 -0.644251
      outer loop
         vertex -0.157587 -0.232481 -0.149335
         vertex -0.157096 -0.231547 -0.150291
         vertex -0.154886 -0.231857 -0.150029
      endloop
   endfacet
   facet normal -0.3403 -0.916613 -0.209801
      outer loop
         vertex -0.16288 -0.232503 -0.146884
         vertex -0.158508 -0.233746 -0.146971
         vertex -0.16025 -0.233568 -0.145478
      endloop
   endfacet
   facet normal -0.1765 -0.920461 -0.348712
      outer loop
         vertex -0.158508 -0.233746 -0.146971
         vertex -0.158908 -0.234037 -0.145637
         vertex -0.16025 -0.233568 -0.145478
      endloop
   endfacet
   facet normal -0.120865 -0.854931 -0.504464
      outer loop
         vertex -0.158063 -0.233221 -0.148217
         vertex -0.158508 -0.233746 -0.146971
         vertex -0.16288 -0.232503 -0.146884
      endloop
   endfacet
   facet normal -0.0614039 -0.762345 -0.644251
      outer loop
         vertex -0.157587 -0.232481 -0.149335
         vertex -0.158063 -0.233221 -0.148217
         vertex -0.162064 -0.232168 -0.148583
      endloop
   endfacet
   facet normal -0.122667 -0.782537 -0.610401
      outer loop
         vertex -0.161139 -0.231431 -0.150089
         vertex -0.160157 -0.230336 -0.151315
         vertex -0.157096 -0.231547 -0.150291
      endloop
   endfacet
   facet normal 0 -0.645632 -0.763649
      outer loop
         vertex -0.143296 -0.227621 -0.15361
         vertex -0.1425 -0.227378 -0.153815
         vertex -0.1425 -0.228632 -0.152525
      endloop
   endfacet
   facet normal 0 -0.645632 -0.763649
      outer loop
         vertex -0.148983 -0.229937 -0.151652
         vertex -0.1425 -0.228846 -0.152147
         vertex -0.1425 -0.229156 -0.1516
      endloop
   endfacet
   facet normal 0 -0.645632 -0.763649
      outer loop
         vertex -0.148983 -0.229937 -0.151652
         vertex -0.143296 -0.227621 -0.15361
         vertex -0.1425 -0.228846 -0.152147
      endloop
   endfacet
   facet normal 0.13209 -0.789973 -0.598744
      outer loop
         vertex -0.147926 -0.231091 -0.150333
         vertex -0.1425 -0.229156 -0.1516
         vertex -0.1425 -0.230102 -0.149927
      endloop
   endfacet
   facet normal 0.22252 -0.914328 -0.338363
      outer loop
         vertex -0.1425 -0.230102 -0.149927
         vertex -0.1425 -0.230652 -0.14724
         vertex -0.146085 -0.232111 -0.146861
      endloop
   endfacet
   facet normal 0.362242 -0.91742 -0.164687
      outer loop
         vertex -0.146085 -0.232111 -0.146861
         vertex -0.146938 -0.231832 -0.1487
         vertex -0.1425 -0.230102 -0.149927
      endloop
   endfacet
   facet normal 0.367953 -0.92979 0.0100564
      outer loop
         vertex -0.1425 -0.230596 -0.146787
         vertex -0.1425 -0.230309 -0.14451
         vertex -0.145421 -0.231909 -0.144935
      endloop
   endfacet
   facet normal -0.367582 -0.929923 0.0112743
      outer loop
         vertex -0.1675 -0.230516 -0.146779
         vertex -0.16288 -0.232503 -0.146884
         vertex -0.16354 -0.232419 -0.145089
      endloop
   endfacet
   facet normal -0.422801 -0.906105 0.0146057
      outer loop
         vertex -0.16354 -0.232419 -0.145089
         vertex -0.1675 -0.230309 -0.14451
         vertex -0.1675 -0.230526 -0.145381
      endloop
   endfacet
   facet normal -0.29382 -0.938744 -0.180082
      outer loop
         vertex -0.1675 -0.230505 -0.148486
         vertex -0.162064 -0.232168 -0.148583
         vertex -0.16288 -0.232503 -0.146884
      endloop
   endfacet
   facet normal -0.14252 -0.85344 -0.501326
      outer loop
         vertex -0.1675 -0.229395 -0.151417
         vertex -0.161139 -0.231431 -0.150089
         vertex -0.162064 -0.232168 -0.148583
      endloop
   endfacet
   facet normal -0.238308 -0.874622 -0.422191
      outer loop
         vertex -0.162064 -0.232168 -0.148583
         vertex -0.1675 -0.230505 -0.148486
         vertex -0.1675 -0.229395 -0.151417
      endloop
   endfacet
   facet normal 0 -0.645632 -0.763649
      outer loop
         vertex -0.160157 -0.230336 -0.151315
         vertex -0.161139 -0.231431 -0.150089
         vertex -0.1675 -0.229219 -0.151626
      endloop
   endfacet
   facet normal -0.129248 -0.839765 -0.527342
      outer loop
         vertex -0.1675 -0.229219 -0.151626
         vertex -0.1675 -0.227378 -0.153815
         vertex -0.160157 -0.230336 -0.151315
      endloop
   endfacet
   facet normal -0.14252 -0.85344 -0.501326
      outer loop
         vertex -0.1675 -0.229395 -0.151417
         vertex -0.1675 -0.229219 -0.151626
         vertex -0.161139 -0.231431 -0.150089
      endloop
   endfacet
   facet normal -0.3403 -0.916613 -0.209801
      outer loop
         vertex -0.16288 -0.232503 -0.146884
         vertex -0.1675 -0.230516 -0.146779
         vertex -0.1675 -0.230505 -0.148486
      endloop
   endfacet
   facet normal -0.422801 -0.906105 0.0146057
      outer loop
         vertex -0.16354 -0.232419 -0.145089
         vertex -0.1675 -0.230526 -0.145381
         vertex -0.1675 -0.230516 -0.146779
      endloop
   endfacet
   facet normal 0.445234 -0.892179 0.0760439
      outer loop
         vertex -0.145421 -0.231909 -0.144935
         vertex -0.146085 -0.232111 -0.146861
         vertex -0.1425 -0.230596 -0.146787
      endloop
   endfacet
   facet normal 0.349443 -0.936 -0.0423404
      outer loop
         vertex -0.1425 -0.230652 -0.14724
         vertex -0.1425 -0.230596 -0.146787
         vertex -0.146085 -0.232111 -0.146861
      endloop
   endfacet
   facet normal 0.22252 -0.914328 -0.338363
      outer loop
         vertex -0.1425 -0.230102 -0.149927
         vertex -0.146938 -0.231832 -0.1487
         vertex -0.147926 -0.231091 -0.150333
      endloop
   endfacet
   facet normal 0.129224 -0.83979 -0.527307
      outer loop
         vertex -0.1425 -0.229156 -0.1516
         vertex -0.147926 -0.231091 -0.150333
         vertex -0.148983 -0.229937 -0.151652
      endloop
   endfacet
   facet normal 0.0790781 -0.778531 -0.622604
      outer loop
         vertex -0.1425 -0.228632 -0.152525
         vertex -0.1425 -0.228846 -0.152147
         vertex -0.143296 -0.227621 -0.15361
      endloop
   endfacet
   facet normal 0 -0.645632 -0.763649
      outer loop
         vertex -0.157096 -0.231547 -0.150291
         vertex -0.157587 -0.232481 -0.149335
         vertex -0.161139 -0.231431 -0.150089
      endloop
   endfacet
   facet normal -0.238308 -0.874622 -0.422191
      outer loop
         vertex -0.162064 -0.232168 -0.148583
         vertex -0.161139 -0.231431 -0.150089
         vertex -0.157587 -0.232481 -0.149335
      endloop
   endfacet
   facet normal -0.3403 -0.916613 -0.209801
      outer loop
         vertex -0.16288 -0.232503 -0.146884
         vertex -0.162064 -0.232168 -0.148583
         vertex -0.158063 -0.233221 -0.148217
      endloop
   endfacet
   facet normal -0.297537 -0.944897 -0.136537
      outer loop
         vertex -0.16025 -0.233568 -0.145478
         vertex -0.16354 -0.232419 -0.145089
         vertex -0.16288 -0.232503 -0.146884
      endloop
   endfacet
   facet normal 0 -0.645632 -0.763649
      outer loop
         vertex -0.154886 -0.231857 -0.150029
         vertex -0.154857 -0.232754 -0.14914
         vertex -0.157587 -0.232481 -0.149335
      endloop
   endfacet
   facet normal -0.120865 -0.854931 -0.504464
      outer loop
         vertex -0.158063 -0.233221 -0.148217
         vertex -0.157587 -0.232481 -0.149335
         vertex -0.154857 -0.232754 -0.14914
      endloop
   endfacet
   facet normal -0.1765 -0.920461 -0.348712
      outer loop
         vertex -0.158508 -0.233746 -0.146971
         vertex -0.158063 -0.233221 -0.148217
         vertex -0.15483 -0.2335 -0.148121
      endloop
   endfacet
   facet normal -0.151164 -0.965843 -0.210468
      outer loop
         vertex -0.157536 -0.23418 -0.14569
         vertex -0.158908 -0.234037 -0.145637
         vertex -0.158508 -0.233746 -0.146971
      endloop
   endfacet
   facet normal 0 -0.645632 -0.763649
      outer loop
         vertex -0.154886 -0.231857 -0.150029
         vertex -0.152664 -0.231476 -0.150351
         vertex -0.152122 -0.232418 -0.14938
      endloop
   endfacet
   facet normal 0.00694046 -0.85095 -0.525201
      outer loop
         vertex -0.15483 -0.2335 -0.148121
         vertex -0.154857 -0.232754 -0.14914
         vertex -0.152122 -0.232418 -0.14938
      endloop
   endfacet
   facet normal 0.0101939 -0.922961 -0.384758
      outer loop
         vertex -0.154804 -0.234076 -0.146997
         vertex -0.15483 -0.2335 -0.148121
         vertex -0.151598 -0.233158 -0.148239
      endloop
   endfacet
   facet normal 0.145774 -0.966345 -0.211958
      outer loop
         vertex -0.152559 -0.234182 -0.145691
         vertex -0.15478 -0.234468 -0.145797
         vertex -0.154804 -0.234076 -0.146997
      endloop
   endfacet
   facet normal 0 -0.645632 -0.763649
      outer loop
         vertex -0.152664 -0.231476 -0.150351
         vertex -0.148983 -0.229937 -0.151652
         vertex -0.147926 -0.231091 -0.150333
      endloop
   endfacet
   facet normal 0.133161 -0.855902 -0.4997
      outer loop
         vertex -0.151598 -0.233158 -0.148239
         vertex -0.152122 -0.232418 -0.14938
         vertex -0.147926 -0.231091 -0.150333
      endloop
   endfacet
   facet normal 0.194201 -0.919974 -0.340491
      outer loop
         vertex -0.15111 -0.233671 -0.146965
         vertex -0.151598 -0.233158 -0.148239
         vertex -0.146938 -0.231832 -0.1487
      endloop
   endfacet
   facet normal 0.297271 -0.944898 -0.137104
      outer loop
         vertex -0.149749 -0.233582 -0.145484
         vertex -0.150673 -0.233939 -0.145601
         vertex -0.15111 -0.233671 -0.146965
      endloop
   endfacet
   facet normal 5.24392e-15 -0.645632 -0.763649
      outer loop
         vertex -0.1675 -0.220885 -0.159305
         vertex -0.152664 -0.231476 -0.150351
         vertex -0.154886 -0.231857 -0.150029
      endloop
   endfacet
   facet normal 5.24392e-15 -0.645632 -0.763649
      outer loop
         vertex -0.154886 -0.231857 -0.150029
         vertex -0.157096 -0.231547 -0.150291
         vertex -0.1675 -0.220885 -0.159305
      endloop
   endfacet
   facet normal 5.24392e-15 -0.645632 -0.763649
      outer loop
         vertex -0.1675 -0.220885 -0.159305
         vertex -0.148983 -0.229937 -0.151652
         vertex -0.152664 -0.231476 -0.150351
      endloop
   endfacet
   facet normal 5.24392e-15 -0.645632 -0.763649
      outer loop
         vertex -0.157096 -0.231547 -0.150291
         vertex -0.160157 -0.230336 -0.151315
         vertex -0.1675 -0.220885 -0.159305
      endloop
   endfacet
   facet normal 5.24392e-15 -0.645632 -0.763649
      outer loop
         vertex -0.1675 -0.220885 -0.159305
         vertex -0.1425 -0.220885 -0.159305
         vertex -0.143296 -0.227621 -0.15361
      endloop
   endfacet
   facet normal 5.24392e-15 -0.645632 -0.763649
      outer loop
         vertex -0.143296 -0.227621 -0.15361
         vertex -0.148983 -0.229937 -0.151652
         vertex -0.1675 -0.220885 -0.159305
      endloop
   endfacet
   facet normal 5.24392e-15 -0.645632 -0.763649
      outer loop
         vertex -0.1425 -0.220885 -0.159305
         vertex -0.1425 -0.227378 -0.153815
         vertex -0.143296 -0.227621 -0.15361
      endloop
   endfacet
   facet normal 5.24392e-15 -0.645632 -0.763649
      outer loop
         vertex -0.160157 -0.230336 -0.151315
         vertex -0.1675 -0.227378 -0.153815
         vertex -0.1675 -0.220885 -0.159305
      endloop
   endfacet
   facet normal 7.28584e-14 0.454131 -0.890935
      outer loop
         vertex -0.1675 -0.204389 -0.161214
         vertex -0.1425 -0.204389 -0.161214
         vertex -0.1425 -0.209997 -0.162802
      endloop
   endfacet
   facet normal -7.2528e-17 0.080228 -0.996777
      outer loop
         vertex -0.1675 -0.209997 -0.162802
         vertex -0.1425 -0.209997 -0.162802
         vertex -0.1425 -0.215788 -0.162131
      endloop
   endfacet
   facet normal 8.46471e-16 -0.30579 -0.952099
      outer loop
         vertex -0.1675 -0.215788 -0.162131
         vertex -0.1425 -0.215788 -0.162131
         vertex -0.1425 -0.220885 -0.159305
      endloop
   endfacet
   facet normal 2.22442e-15 -0.645632 -0.763649
      outer loop
         vertex -0.1425 -0.220885 -0.159305
         vertex -0.1675 -0.220885 -0.159305
         vertex -0.1675 -0.215788 -0.162131
      endloop
   endfacet
   facet normal 8.46471e-16 -0.30579 -0.952099
      outer loop
         vertex -0.1425 -0.215788 -0.162131
         vertex -0.1675 -0.215788 -0.162131
         vertex -0.1675 -0.209997 -0.162802
      endloop
   endfacet
   facet normal -7.2528e-17 0.080228 -0.996777
      outer loop
         vertex -0.1425 -0.209997 -0.162802
         vertex -0.1675 -0.209997 -0.162802
         vertex -0.1675 -0.204389 -0.161214
      endloop
   endfacet
   facet normal 2.75821e-13 0.763649 -0.645632
      outer loop
         vertex -0.1675 -0.203151 -0.160233
         vertex -0.1425 -0.203151 -0.160233
         vertex -0.1425 -0.204389 -0.161214
      endloop
   endfacet
   facet normal 1.21973e-15 0.454131 -0.890935
      outer loop
         vertex -0.1425 -0.204389 -0.161214
         vertex -0.1675 -0.204389 -0.161214
         vertex -0.1675 -0.203151 -0.160233
      endloop
   endfacet
   facet normal 2.75821e-13 0.763649 -0.645632
      outer loop
         vertex -0.1675 -0.197652 -0.153728
         vertex -0.1425 -0.197652 -0.153728
         vertex -0.1425 -0.203151 -0.160233
      endloop
   endfacet
   facet normal 2.75821e-13 0.763649 -0.645632
      outer loop
         vertex -0.1425 -0.203151 -0.160233
         vertex -0.1675 -0.203151 -0.160233
         vertex -0.1675 -0.197652 -0.153728
      endloop
   endfacet
   facet normal 2.74954e-13 0.954057 -0.299625
      outer loop
         vertex -0.1675 -0.19689 -0.152344
         vertex -0.1425 -0.19689 -0.152344
         vertex -0.1425 -0.197652 -0.153728
      endloop
   endfacet
   facet normal 4.40457e-16 0.763649 -0.645632
      outer loop
         vertex -0.1425 -0.197652 -0.153728
         vertex -0.1675 -0.197652 -0.153728
         vertex -0.1675 -0.19689 -0.152344
      endloop
   endfacet
   facet normal 7.23958e-14 0.645632 0.763649
      outer loop
         vertex -0.1675 -0.201516 -0.136395
         vertex -0.1425 -0.201516 -0.136395
         vertex -0.1425 -0.197881 -0.140952
      endloop
   endfacet
   facet normal -2.18153e-15 0.887979 0.459884
      outer loop
         vertex -0.1675 -0.197881 -0.140952
         vertex -0.1425 -0.197881 -0.140952
         vertex -0.1425 -0.196257 -0.14655
      endloop
   endfacet
   facet normal -2.39599e-15 0.996237 0.0866732
      outer loop
         vertex -0.1675 -0.196257 -0.14655
         vertex -0.1425 -0.196257 -0.14655
         vertex -0.1425 -0.19689 -0.152344
      endloop
   endfacet
   facet normal -1.66244e-15 0.954057 -0.299625
      outer loop
         vertex -0.1425 -0.19689 -0.152344
         vertex -0.1675 -0.19689 -0.152344
         vertex -0.1675 -0.196257 -0.14655
      endloop
   endfacet
   facet normal -2.39599e-15 0.996237 0.0866732
      outer loop
         vertex -0.1425 -0.196257 -0.14655
         vertex -0.1675 -0.196257 -0.14655
         vertex -0.1675 -0.197881 -0.140952
      endloop
   endfacet
   facet normal -2.18153e-15 0.887979 0.459884
      outer loop
         vertex -0.1425 -0.197881 -0.140952
         vertex -0.1675 -0.197881 -0.140952
         vertex -0.1675 -0.201516 -0.136395
      endloop
   endfacet
   facet normal -1.63305e-15 0.645632 0.763649
      outer loop
         vertex -0.1675 -0.201516 -0.136395
         vertex -0.162265 -0.209993 -0.129229
         vertex -0.156946 -0.212219 -0.127347
      endloop
   endfacet
   facet normal -1.63305e-15 0.645632 0.763649
      outer loop
         vertex -0.1675 -0.201516 -0.136395
         vertex -0.155 -0.212489 -0.127118
         vertex -0.153202 -0.212257 -0.127314
      endloop
   endfacet
   facet normal -1.63305e-15 0.645632 0.763649
      outer loop
         vertex -0.156946 -0.212219 -0.127347
         vertex -0.155076 -0.212489 -0.127119
         vertex -0.1675 -0.201516 -0.136395
      endloop
   endfacet
   facet normal -1.63305e-15 0.645632 0.763649
      outer loop
         vertex -0.155076 -0.212489 -0.127119
         vertex -0.155 -0.212489 -0.127118
         vertex -0.1675 -0.201516 -0.136395
      endloop
   endfacet
   facet normal -1.63305e-15 0.645632 0.763649
      outer loop
         vertex -0.153202 -0.212257 -0.127314
         vertex -0.15062 -0.211318 -0.128108
         vertex -0.1675 -0.201516 -0.136395
      endloop
   endfacet
   facet normal -1.63305e-15 0.645632 0.763649
      outer loop
         vertex -0.1425 -0.201516 -0.136395
         vertex -0.1675 -0.201516 -0.136395
         vertex -0.148535 -0.21036 -0.128919
      endloop
   endfacet
   facet normal -1.63305e-15 0.645632 0.763649
      outer loop
         vertex -0.1675 -0.201516 -0.136395
         vertex -0.1675 -0.208009 -0.130906
         vertex -0.162265 -0.209993 -0.129229
      endloop
   endfacet
   facet normal -1.63305e-15 0.645632 0.763649
      outer loop
         vertex -0.15062 -0.211318 -0.128108
         vertex -0.148535 -0.21036 -0.128919
         vertex -0.1675 -0.201516 -0.136395
      endloop
   endfacet
   facet normal -1.63305e-15 0.645632 0.763649
      outer loop
         vertex -0.148535 -0.21036 -0.128919
         vertex -0.1425 -0.208009 -0.130906
         vertex -0.1425 -0.201516 -0.136395
      endloop
   endfacet
   facet normal -1 -2.3946e-15 -1.19973e-16
      outer loop
         vertex -0.1675 -0.213523 -0.136983
         vertex -0.1675 -0.20949 -0.129884
         vertex -0.1675 -0.208009 -0.130906
      endloop
   endfacet
   facet normal -1 -2.3946e-15 -1.19973e-16
      outer loop
         vertex -0.1675 -0.213523 -0.136983
         vertex -0.1675 -0.215474 -0.128902
         vertex -0.1675 -0.215037 -0.128771
      endloop
   endfacet
   facet normal -1 -2.3946e-15 -1.19973e-16
      outer loop
         vertex -0.1675 -0.213523 -0.136983
         vertex -0.1675 -0.210489 -0.129521
         vertex -0.1675 -0.20949 -0.129884
      endloop
   endfacet
   facet normal -1 -2.3946e-15 -1.19973e-16
      outer loop
         vertex -0.1675 -0.215037 -0.128771
         vertex -0.1675 -0.212296 -0.128867
         vertex -0.1675 -0.213523 -0.136983
      endloop
   endfacet
   facet normal -1 -2.3946e-15 -1.19973e-16
      outer loop
         vertex -0.1675 -0.220527 -0.141808
         vertex -0.1675 -0.226941 -0.134543
         vertex -0.1675 -0.22571 -0.13333
      endloop
   endfacet
   facet normal -1 -2.3946e-15 -1.19973e-16
      outer loop
         vertex -0.1675 -0.220527 -0.141808
         vertex -0.1675 -0.228439 -0.138453
         vertex -0.1675 -0.227359 -0.134955
      endloop
   endfacet
   facet normal -1 -2.3946e-15 -1.19973e-16
      outer loop
         vertex -0.1675 -0.212296 -0.128867
         vertex -0.1675 -0.210489 -0.129521
         vertex -0.1675 -0.213523 -0.136983
      endloop
   endfacet
   facet normal -1 -2.3946e-15 -1.19973e-16
      outer loop
         vertex -0.1675 -0.208009 -0.130906
         vertex -0.1675 -0.201516 -0.136395
         vertex -0.1675 -0.205159 -0.138524
      endloop
   endfacet
   facet normal -1 -2.3946e-15 -1.19973e-16
      outer loop
         vertex -0.1675 -0.222977 -0.132049
         vertex -0.1675 -0.221972 -0.131578
         vertex -0.1675 -0.217505 -0.138699
      endloop
   endfacet
   facet normal -1 -2.3946e-15 -1.19973e-16
      outer loop
         vertex -0.1675 -0.227359 -0.134955
         vertex -0.1675 -0.226941 -0.134543
         vertex -0.1675 -0.220527 -0.141808
      endloop
   endfacet
   facet normal -1 -2.3946e-15 -1.19973e-16
      outer loop
         vertex -0.1675 -0.217673 -0.129563
         vertex -0.1675 -0.213523 -0.136983
         vertex -0.1675 -0.217505 -0.138699
      endloop
   endfacet
   facet normal -1 -2.3946e-15 -1.19973e-16
      outer loop
         vertex -0.1675 -0.205159 -0.138524
         vertex -0.1675 -0.209187 -0.136921
         vertex -0.1675 -0.208009 -0.130906
      endloop
   endfacet
   facet normal -1 -2.3946e-15 -1.19973e-16
      outer loop
         vertex -0.1675 -0.201516 -0.136395
         vertex -0.1675 -0.197881 -0.140952
         vertex -0.1675 -0.202049 -0.141546
      endloop
   endfacet
   facet normal -1 -2.3946e-15 -1.19973e-16
      outer loop
         vertex -0.1675 -0.209997 -0.162802
         vertex -0.1675 -0.215788 -0.162131
         vertex -0.1675 -0.213214 -0.158779
      endloop
   endfacet
   facet normal -1 -2.3946e-15 -1.19973e-16
      outer loop
         vertex -0.1675 -0.215788 -0.162131
         vertex -0.1675 -0.220885 -0.159305
         vertex -0.1675 -0.217243 -0.157176
      endloop
   endfacet
   facet normal -1 -2.3946e-15 -1.19973e-16
      outer loop
         vertex -0.1675 -0.22571 -0.13333
         vertex -0.1675 -0.222977 -0.132049
         vertex -0.1675 -0.220527 -0.141808
      endloop
   endfacet
   facet normal -1 -2.3946e-15 -1.19973e-16
      outer loop
         vertex -0.1675 -0.217505 -0.138699
         vertex -0.1675 -0.221972 -0.131578
         vertex -0.1675 -0.217673 -0.129563
      endloop
   endfacet
   facet normal -1 -2.3946e-15 -1.19973e-16
      outer loop
         vertex -0.1675 -0.202049 -0.141546
         vertex -0.1675 -0.205159 -0.138524
         vertex -0.1675 -0.201516 -0.136395
      endloop
   endfacet
   facet normal -1 -2.3946e-15 -1.19973e-16
      outer loop
         vertex -0.1675 -0.197881 -0.140952
         vertex -0.1675 -0.196257 -0.14655
         vertex -0.1675 -0.200334 -0.145528
      endloop
   endfacet
   facet normal -1 -2.3946e-15 -1.19973e-16
      outer loop
         vertex -0.1675 -0.204389 -0.161214
         vertex -0.1675 -0.209997 -0.162802
         vertex -0.1675 -0.208879 -0.158717
      endloop
   endfacet
   facet normal -1 -2.3946e-15 -1.19973e-16
      outer loop
         vertex -0.1675 -0.217243 -0.157176
         vertex -0.1675 -0.213214 -0.158779
         vertex -0.1675 -0.215788 -0.162131
      endloop
   endfacet
   facet normal -1 -2.3946e-15 -1.19973e-16
      outer loop
         vertex -0.1675 -0.220885 -0.159305
         vertex -0.1675 -0.227378 -0.153815
         vertex -0.1675 -0.220352 -0.154154
      endloop
   endfacet
   facet normal -1 -2.3946e-15 -1.19973e-16
      outer loop
         vertex -0.1675 -0.217673 -0.129563
         vertex -0.1675 -0.215474 -0.128902
         vertex -0.1675 -0.213523 -0.136983
      endloop
   endfacet
   facet normal -1 -2.3946e-15 -1.19973e-16
      outer loop
         vertex -0.1675 -0.200334 -0.145528
         vertex -0.1675 -0.202049 -0.141546
         vertex -0.1675 -0.197881 -0.140952
      endloop
   endfacet
   facet normal -1 -2.3946e-15 -1.19973e-16
      outer loop
         vertex -0.1675 -0.204897 -0.157001
         vertex -0.1675 -0.203151 -0.160233
         vertex -0.1675 -0.204389 -0.161214
      endloop
   endfacet
   facet normal -1 -2.3946e-15 -1.19973e-16
      outer loop
         vertex -0.1675 -0.220352 -0.154154
         vertex -0.1675 -0.217243 -0.157176
         vertex -0.1675 -0.220885 -0.159305
      endloop
   endfacet
   facet normal -1 -2.3946e-15 -1.19973e-16
      outer loop
         vertex -0.1675 -0.222129 -0.145837
         vertex -0.1675 -0.229395 -0.151417
         vertex -0.1675 -0.230505 -0.148486
      endloop
   endfacet
   facet normal -1 -2.3946e-15 -1.19973e-16
      outer loop
         vertex -0.1675 -0.222129 -0.145837
         vertex -0.1675 -0.222068 -0.150172
         vertex -0.1675 -0.229219 -0.151626
      endloop
   endfacet
   facet normal -1 -2.3946e-15 -1.19973e-16
      outer loop
         vertex -0.1675 -0.208009 -0.130906
         vertex -0.1675 -0.209187 -0.136921
         vertex -0.1675 -0.213523 -0.136983
      endloop
   endfacet
   facet normal -1 -2.3946e-15 -1.19973e-16
      outer loop
         vertex -0.1675 -0.196257 -0.14655
         vertex -0.1675 -0.19689 -0.152344
         vertex -0.1675 -0.200272 -0.149863
      endloop
   endfacet
   facet normal -1 -2.3946e-15 -1.19973e-16
      outer loop
         vertex -0.1675 -0.200272 -0.149863
         vertex -0.1675 -0.19689 -0.152344
         vertex -0.1675 -0.197652 -0.153728
      endloop
   endfacet
   facet normal -1 -2.3946e-15 -1.19973e-16
      outer loop
         vertex -0.1675 -0.203151 -0.160233
         vertex -0.1675 -0.204897 -0.157001
         vertex -0.1675 -0.201875 -0.153892
      endloop
   endfacet
   facet normal -1 -2.3946e-15 -1.19973e-16
      outer loop
         vertex -0.1675 -0.213214 -0.158779
         vertex -0.1675 -0.208879 -0.158717
         vertex -0.1675 -0.209997 -0.162802
      endloop
   endfacet
   facet normal -1 -2.3946e-15 -1.19973e-16
      outer loop
         vertex -0.1675 -0.222068 -0.150172
         vertex -0.1675 -0.220352 -0.154154
         vertex -0.1675 -0.227378 -0.153815
      endloop
   endfacet
   facet normal -1 -2.3946e-15 -1.19973e-16
      outer loop
         vertex -0.1675 -0.222129 -0.145837
         vertex -0.1675 -0.230516 -0.146779
         vertex -0.1675 -0.230526 -0.145381
      endloop
   endfacet
   facet normal -1 -2.3946e-15 -1.19973e-16
      outer loop
         vertex -0.1675 -0.229219 -0.151626
         vertex -0.1675 -0.229395 -0.151417
         vertex -0.1675 -0.222129 -0.145837
      endloop
   endfacet
   facet normal -1 -2.3946e-15 -1.19973e-16
      outer loop
         vertex -0.1675 -0.200272 -0.149863
         vertex -0.1675 -0.200334 -0.145528
         vertex -0.1675 -0.196257 -0.14655
      endloop
   endfacet
   facet normal -1 -2.3946e-15 -1.19973e-16
      outer loop
         vertex -0.1675 -0.201875 -0.153892
         vertex -0.1675 -0.197652 -0.153728
         vertex -0.1675 -0.203151 -0.160233
      endloop
   endfacet
   facet normal -1 -2.3946e-15 -1.19973e-16
      outer loop
         vertex -0.1675 -0.227378 -0.153815
         vertex -0.1675 -0.229219 -0.151626
         vertex -0.1675 -0.222068 -0.150172
      endloop
   endfacet
   facet normal -1 -2.3946e-15 -1.19973e-16
      outer loop
         vertex -0.1675 -0.230505 -0.148486
         vertex -0.1675 -0.230516 -0.146779
         vertex -0.1675 -0.222129 -0.145837
      endloop
   endfacet
   facet normal -1 -2.3946e-15 -1.19973e-16
      outer loop
         vertex -0.1675 -0.228949 -0.140103
         vertex -0.1675 -0.220527 -0.141808
         vertex -0.1675 -0.222129 -0.145837
      endloop
   endfacet
   facet normal -1 -2.3946e-15 -1.19973e-16
      outer loop
         vertex -0.1675 -0.197652 -0.153728
         vertex -0.1675 -0.201875 -0.153892
         vertex -0.1675 -0.200272 -0.149863
      endloop
   endfacet
   facet normal -1 -2.3946e-15 -1.19973e-16
      outer loop
         vertex -0.1675 -0.230526 -0.145381
         vertex -0.1675 -0.230309 -0.14451
         vertex -0.1675 -0.222129 -0.145837
      endloop
   endfacet
   facet normal -1 -2.3946e-15 -1.19973e-16
      outer loop
         vertex -0.1675 -0.222129 -0.145837
         vertex -0.1675 -0.230309 -0.14451
         vertex -0.1675 -0.228949 -0.140103
      endloop
   endfacet
   facet normal -1 -2.3946e-15 -1.19973e-16
      outer loop
         vertex -0.1675 -0.208879 -0.158717
         vertex -0.1675 -0.204897 -0.157001
         vertex -0.1675 -0.204389 -0.161214
      endloop
   endfacet
   facet normal -1 -2.3946e-15 -1.19973e-16
      outer loop
         vertex -0.1675 -0.217505 -0.138699
         vertex -0.1675 -0.220527 -0.141808
         vertex -0.1675 -0.222977 -0.132049
      endloop
   endfacet
   facet normal -1 -2.3946e-15 -1.19973e-16
      outer loop
         vertex -0.1675 -0.228949 -0.140103
         vertex -0.1675 -0.228439 -0.138453
         vertex -0.1675 -0.220527 -0.141808
      endloop
   endfacet
   facet normal 1 2.3946e-15 1.19973e-16
      outer loop
         vertex -0.1425 -0.220885 -0.159305
         vertex -0.1425 -0.217243 -0.157176
         vertex -0.1425 -0.220352 -0.154154
      endloop
   endfacet
   facet normal 1 2.3946e-15 1.19973e-16
      outer loop
         vertex -0.1425 -0.215788 -0.162131
         vertex -0.1425 -0.213214 -0.158779
         vertex -0.1425 -0.217243 -0.157176
      endloop
   endfacet
   facet normal 1 2.3946e-15 1.19973e-16
      outer loop
         vertex -0.1425 -0.222129 -0.145837
         vertex -0.1425 -0.230102 -0.149927
         vertex -0.1425 -0.229156 -0.1516
      endloop
   endfacet
   facet normal 1 2.3946e-15 1.19973e-16
      outer loop
         vertex -0.1425 -0.222129 -0.145837
         vertex -0.1425 -0.230596 -0.146787
         vertex -0.1425 -0.230652 -0.14724
      endloop
   endfacet
   facet normal 1 2.3946e-15 1.19973e-16
      outer loop
         vertex -0.1425 -0.222068 -0.150172
         vertex -0.1425 -0.228632 -0.152525
         vertex -0.1425 -0.227378 -0.153815
      endloop
   endfacet
   facet normal 1 2.3946e-15 1.19973e-16
      outer loop
         vertex -0.1425 -0.217243 -0.157176
         vertex -0.1425 -0.220885 -0.159305
         vertex -0.1425 -0.215788 -0.162131
      endloop
   endfacet
   facet normal 1 2.3946e-15 1.19973e-16
      outer loop
         vertex -0.1425 -0.209997 -0.162802
         vertex -0.1425 -0.208879 -0.158717
         vertex -0.1425 -0.213214 -0.158779
      endloop
   endfacet
   facet normal 1 2.3946e-15 1.19973e-16
      outer loop
         vertex -0.1425 -0.204389 -0.161214
         vertex -0.1425 -0.204897 -0.157001
         vertex -0.1425 -0.208879 -0.158717
      endloop
   endfacet
   facet normal 1 2.3946e-15 1.19973e-16
      outer loop
         vertex -0.1425 -0.197881 -0.140952
         vertex -0.1425 -0.202049 -0.141546
         vertex -0.1425 -0.200334 -0.145528
      endloop
   endfacet
   facet normal 1 2.3946e-15 1.19973e-16
      outer loop
         vertex -0.1425 -0.201516 -0.136395
         vertex -0.1425 -0.205159 -0.138524
         vertex -0.1425 -0.202049 -0.141546
      endloop
   endfacet
   facet normal 1 2.3946e-15 1.19973e-16
      outer loop
         vertex -0.1425 -0.213523 -0.136983
         vertex -0.1425 -0.210516 -0.12953
         vertex -0.1425 -0.211247 -0.129129
      endloop
   endfacet
   facet normal 1 2.3946e-15 1.19973e-16
      outer loop
         vertex -0.1425 -0.220527 -0.141808
         vertex -0.1425 -0.223334 -0.132415
         vertex -0.1425 -0.226604 -0.134062
      endloop
   endfacet
   facet normal 1 2.3946e-15 1.19973e-16
      outer loop
         vertex -0.1425 -0.229038 -0.139935
         vertex -0.1425 -0.230309 -0.14451
         vertex -0.1425 -0.222129 -0.145837
      endloop
   endfacet
   facet normal 1 2.3946e-15 1.19973e-16
      outer loop
         vertex -0.1425 -0.220527 -0.141808
         vertex -0.1425 -0.227931 -0.135957
         vertex -0.1425 -0.22874 -0.138865
      endloop
   endfacet
   facet normal 1 2.3946e-15 1.19973e-16
      outer loop
         vertex -0.1425 -0.230652 -0.14724
         vertex -0.1425 -0.230102 -0.149927
         vertex -0.1425 -0.222129 -0.145837
      endloop
   endfacet
   facet normal 1 2.3946e-15 1.19973e-16
      outer loop
         vertex -0.1425 -0.222068 -0.150172
         vertex -0.1425 -0.228846 -0.152147
         vertex -0.1425 -0.228632 -0.152525
      endloop
   endfacet
   facet normal 1 2.3946e-15 1.19973e-16
      outer loop
         vertex -0.1425 -0.213214 -0.158779
         vertex -0.1425 -0.215788 -0.162131
         vertex -0.1425 -0.209997 -0.162802
      endloop
   endfacet
   facet normal 1 2.3946e-15 1.19973e-16
      outer loop
         vertex -0.1425 -0.208879 -0.158717
         vertex -0.1425 -0.209997 -0.162802
         vertex -0.1425 -0.204389 -0.161214
      endloop
   endfacet
   facet normal 1 2.3946e-15 1.19973e-16
      outer loop
         vertex -0.1425 -0.202049 -0.141546
         vertex -0.1425 -0.197881 -0.140952
         vertex -0.1425 -0.201516 -0.136395
      endloop
   endfacet
   facet normal 1 2.3946e-15 1.19973e-16
      outer loop
         vertex -0.1425 -0.208009 -0.130906
         vertex -0.1425 -0.209187 -0.136921
         vertex -0.1425 -0.205159 -0.138524
      endloop
   endfacet
   facet normal 1 2.3946e-15 1.19973e-16
      outer loop
         vertex -0.1425 -0.211247 -0.129129
         vertex -0.1425 -0.214354 -0.128715
         vertex -0.1425 -0.213523 -0.136983
      endloop
   endfacet
   facet normal 1 2.3946e-15 1.19973e-16
      outer loop
         vertex -0.1425 -0.213523 -0.136983
         vertex -0.1425 -0.209187 -0.136921
         vertex -0.1425 -0.208009 -0.130906
      endloop
   endfacet
   facet normal 1 2.3946e-15 1.19973e-16
      outer loop
         vertex -0.1425 -0.217673 -0.129563
         vertex -0.1425 -0.221791 -0.131638
         vertex -0.1425 -0.217505 -0.138699
      endloop
   endfacet
   facet normal 1 2.3946e-15 1.19973e-16
      outer loop
         vertex -0.1425 -0.213523 -0.136983
         vertex -0.1425 -0.215471 -0.128946
         vertex -0.1425 -0.21701 -0.129266
      endloop
   endfacet
   facet normal 1 2.3946e-15 1.19973e-16
      outer loop
         vertex -0.1425 -0.226604 -0.134062
         vertex -0.1425 -0.226941 -0.134543
         vertex -0.1425 -0.220527 -0.141808
      endloop
   endfacet
   facet normal 1 2.3946e-15 1.19973e-16
      outer loop
         vertex -0.1425 -0.223334 -0.132415
         vertex -0.1425 -0.220527 -0.141808
         vertex -0.1425 -0.217505 -0.138699
      endloop
   endfacet
   facet normal 1 2.3946e-15 1.19973e-16
      outer loop
         vertex -0.1425 -0.22874 -0.138865
         vertex -0.1425 -0.229038 -0.139935
         vertex -0.1425 -0.220527 -0.141808
      endloop
   endfacet
   facet normal 1 2.3946e-15 1.19973e-16
      outer loop
         vertex -0.1425 -0.222129 -0.145837
         vertex -0.1425 -0.230309 -0.14451
         vertex -0.1425 -0.230596 -0.146787
      endloop
   endfacet
   facet normal 1 2.3946e-15 1.19973e-16
      outer loop
         vertex -0.1425 -0.222068 -0.150172
         vertex -0.1425 -0.229156 -0.1516
         vertex -0.1425 -0.228846 -0.152147
      endloop
   endfacet
   facet normal 1 2.3946e-15 1.19973e-16
      outer loop
         vertex -0.1425 -0.204389 -0.161214
         vertex -0.1425 -0.203151 -0.160233
         vertex -0.1425 -0.204897 -0.157001
      endloop
   endfacet
   facet normal 1 2.3946e-15 1.19973e-16
      outer loop
         vertex -0.1425 -0.205159 -0.138524
         vertex -0.1425 -0.201516 -0.136395
         vertex -0.1425 -0.208009 -0.130906
      endloop
   endfacet
   facet normal 1 2.3946e-15 1.19973e-16
      outer loop
         vertex -0.1425 -0.208009 -0.130906
         vertex -0.1425 -0.210516 -0.12953
         vertex -0.1425 -0.213523 -0.136983
      endloop
   endfacet
   facet normal 1 2.3946e-15 1.19973e-16
      outer loop
         vertex -0.1425 -0.21701 -0.129266
         vertex -0.1425 -0.217673 -0.129563
         vertex -0.1425 -0.213523 -0.136983
      endloop
   endfacet
   facet normal 1 2.3946e-15 1.19973e-16
      outer loop
         vertex -0.1425 -0.217505 -0.138699
         vertex -0.1425 -0.221791 -0.131638
         vertex -0.1425 -0.223334 -0.132415
      endloop
   endfacet
   facet normal 1 2.3946e-15 1.19973e-16
      outer loop
         vertex -0.1425 -0.229156 -0.1516
         vertex -0.1425 -0.222068 -0.150172
         vertex -0.1425 -0.222129 -0.145837
      endloop
   endfacet
   facet normal 1 2.3946e-15 1.19973e-16
      outer loop
         vertex -0.1425 -0.220352 -0.154154
         vertex -0.1425 -0.227378 -0.153815
         vertex -0.1425 -0.220885 -0.159305
      endloop
   endfacet
   facet normal 1 2.3946e-15 1.19973e-16
      outer loop
         vertex -0.1425 -0.214354 -0.128715
         vertex -0.1425 -0.215471 -0.128946
         vertex -0.1425 -0.213523 -0.136983
      endloop
   endfacet
   facet normal 1 2.3946e-15 1.19973e-16
      outer loop
         vertex -0.1425 -0.226941 -0.134543
         vertex -0.1425 -0.227931 -0.135957
         vertex -0.1425 -0.220527 -0.141808
      endloop
   endfacet
   facet normal 1 2.3946e-15 1.19973e-16
      outer loop
         vertex -0.1425 -0.227378 -0.153815
         vertex -0.1425 -0.220352 -0.154154
         vertex -0.1425 -0.222068 -0.150172
      endloop
   endfacet
   facet normal 1 2.3946e-15 1.19973e-16
      outer loop
         vertex -0.1425 -0.203151 -0.160233
         vertex -0.1425 -0.197652 -0.153728
         vertex -0.1425 -0.201875 -0.153892
      endloop
   endfacet
   facet normal 1 2.3946e-15 1.19973e-16
      outer loop
         vertex -0.1425 -0.196257 -0.14655
         vertex -0.1425 -0.200334 -0.145528
         vertex -0.1425 -0.200272 -0.149863
      endloop
   endfacet
   facet normal 1 2.3946e-15 1.19973e-16
      outer loop
         vertex -0.1425 -0.217505 -0.138699
         vertex -0.1425 -0.213523 -0.136983
         vertex -0.1425 -0.217673 -0.129563
      endloop
   endfacet
   facet normal 1 2.3946e-15 1.19973e-16
      outer loop
         vertex -0.1425 -0.201875 -0.153892
         vertex -0.1425 -0.204897 -0.157001
         vertex -0.1425 -0.203151 -0.160233
      endloop
   endfacet
   facet normal 1 2.3946e-15 1.19973e-16
      outer loop
         vertex -0.1425 -0.200272 -0.149863
         vertex -0.1425 -0.201875 -0.153892
         vertex -0.1425 -0.197652 -0.153728
      endloop
   endfacet
   facet normal 1 2.3946e-15 1.19973e-16
      outer loop
         vertex -0.1425 -0.200334 -0.145528
         vertex -0.1425 -0.196257 -0.14655
         vertex -0.1425 -0.197881 -0.140952
      endloop
   endfacet
   facet normal 1 2.3946e-15 1.19973e-16
      outer loop
         vertex -0.1425 -0.197652 -0.153728
         vertex -0.1425 -0.19689 -0.152344
         vertex -0.1425 -0.200272 -0.149863
      endloop
   endfacet
   facet normal 1 2.3946e-15 1.19973e-16
      outer loop
         vertex -0.1425 -0.222129 -0.145837
         vertex -0.1425 -0.220527 -0.141808
         vertex -0.1425 -0.229038 -0.139935
      endloop
   endfacet
   facet normal 1 2.3946e-15 1.19973e-16
      outer loop
         vertex -0.1425 -0.200272 -0.149863
         vertex -0.1425 -0.19689 -0.152344
         vertex -0.1425 -0.196257 -0.14655
      endloop
   endfacet
   facet normal -2.33324e-15 0.98345 -0.181181
      outer loop
         vertex -0.1675 -0.222129 -0.145837
         vertex -0.1675 -0.220527 -0.141808
         vertex -0.1425 -0.220527 -0.141808
      endloop
   endfacet
   facet normal -2.36681e-15 0.977924 0.208961
      outer loop
         vertex -0.1675 -0.222068 -0.150172
         vertex -0.1675 -0.222129 -0.145837
         vertex -0.1425 -0.222129 -0.145837
      endloop
   endfacet
   facet normal -2.04006e-15 0.823518 0.56729
      outer loop
         vertex -0.1675 -0.220352 -0.154154
         vertex -0.1675 -0.222068 -0.150172
         vertex -0.1425 -0.222068 -0.150172
      endloop
   endfacet
   facet normal -1.40273e-15 0.543739 0.839254
      outer loop
         vertex -0.1675 -0.217243 -0.157176
         vertex -0.1675 -0.220352 -0.154154
         vertex -0.1425 -0.220352 -0.154154
      endloop
   endfacet
   facet normal -5.51844e-16 0.181181 0.98345
      outer loop
         vertex -0.1675 -0.213214 -0.158779
         vertex -0.1675 -0.217243 -0.157176
         vertex -0.1425 -0.217243 -0.157176
      endloop
   endfacet
   facet normal 3.83053e-16 -0.208961 0.977924
      outer loop
         vertex -0.1675 -0.208879 -0.158717
         vertex -0.1675 -0.213214 -0.158779
         vertex -0.1425 -0.213214 -0.158779
      endloop
   endfacet
   facet normal 1.25963e-15 -0.56729 0.823518
      outer loop
         vertex -0.1675 -0.204897 -0.157001
         vertex -0.1675 -0.208879 -0.158717
         vertex -0.1425 -0.208879 -0.158717
      endloop
   endfacet
   facet normal 1.94445e-15 -0.839254 0.543739
      outer loop
         vertex -0.1675 -0.201875 -0.153892
         vertex -0.1675 -0.204897 -0.157001
         vertex -0.1425 -0.204897 -0.157001
      endloop
   endfacet
   facet normal 2.33324e-15 -0.98345 0.181181
      outer loop
         vertex -0.1675 -0.200272 -0.149863
         vertex -0.1675 -0.201875 -0.153892
         vertex -0.1425 -0.201875 -0.153892
      endloop
   endfacet
   facet normal 2.36681e-15 -0.977924 -0.208961
      outer loop
         vertex -0.1675 -0.200334 -0.145528
         vertex -0.1675 -0.200272 -0.149863
         vertex -0.1425 -0.200272 -0.149863
      endloop
   endfacet
   facet normal 2.04006e-15 -0.823518 -0.56729
      outer loop
         vertex -0.1675 -0.202049 -0.141546
         vertex -0.1675 -0.200334 -0.145528
         vertex -0.1425 -0.200334 -0.145528
      endloop
   endfacet
   facet normal 1.40273e-15 -0.543739 -0.839254
      outer loop
         vertex -0.1675 -0.205159 -0.138524
         vertex -0.1675 -0.202049 -0.141546
         vertex -0.1425 -0.202049 -0.141546
      endloop
   endfacet
   facet normal 5.51844e-16 -0.181181 -0.98345
      outer loop
         vertex -0.1675 -0.209187 -0.136921
         vertex -0.1675 -0.205159 -0.138524
         vertex -0.1425 -0.205159 -0.138524
      endloop
   endfacet
   facet normal -3.83053e-16 0.208961 -0.977924
      outer loop
         vertex -0.1675 -0.213523 -0.136983
         vertex -0.1675 -0.209187 -0.136921
         vertex -0.1425 -0.209187 -0.136921
      endloop
   endfacet
   facet normal -1.25963e-15 0.56729 -0.823518
      outer loop
         vertex -0.1675 -0.217505 -0.138699
         vertex -0.1675 -0.213523 -0.136983
         vertex -0.1425 -0.213523 -0.136983
      endloop
   endfacet
   facet normal -1.01781e-13 0.839254 -0.543739
      outer loop
         vertex -0.1675 -0.220527 -0.141808
         vertex -0.1675 -0.217505 -0.138699
         vertex -0.1425 -0.217505 -0.138699
      endloop
   endfacet
   facet normal -1.25963e-15 0.56729 -0.823518
      outer loop
         vertex -0.1425 -0.217505 -0.138699
         vertex -0.1425 -0.220527 -0.141808
         vertex -0.1675 -0.220527 -0.141808
      endloop
   endfacet
   facet normal -3.83053e-16 0.208961 -0.977924
      outer loop
         vertex -0.1425 -0.213523 -0.136983
         vertex -0.1425 -0.217505 -0.138699
         vertex -0.1675 -0.217505 -0.138699
      endloop
   endfacet
   facet normal 5.51844e-16 -0.181181 -0.98345
      outer loop
         vertex -0.1425 -0.209187 -0.136921
         vertex -0.1425 -0.213523 -0.136983
         vertex -0.1675 -0.213523 -0.136983
      endloop
   endfacet
   facet normal 1.40273e-15 -0.543739 -0.839254
      outer loop
         vertex -0.1425 -0.205159 -0.138524
         vertex -0.1425 -0.209187 -0.136921
         vertex -0.1675 -0.209187 -0.136921
      endloop
   endfacet
   facet normal 2.04006e-15 -0.823518 -0.56729
      outer loop
         vertex -0.1425 -0.202049 -0.141546
         vertex -0.1425 -0.205159 -0.138524
         vertex -0.1675 -0.205159 -0.138524
      endloop
   endfacet
   facet normal 2.36681e-15 -0.977924 -0.208961
      outer loop
         vertex -0.1425 -0.200334 -0.145528
         vertex -0.1425 -0.202049 -0.141546
         vertex -0.1675 -0.202049 -0.141546
      endloop
   endfacet
   facet normal 2.33324e-15 -0.98345 0.181181
      outer loop
         vertex -0.1425 -0.200272 -0.149863
         vertex -0.1425 -0.200334 -0.145528
         vertex -0.1675 -0.200334 -0.145528
      endloop
   endfacet
   facet normal 1.94445e-15 -0.839254 0.543739
      outer loop
         vertex -0.1425 -0.201875 -0.153892
         vertex -0.1425 -0.200272 -0.149863
         vertex -0.1675 -0.200272 -0.149863
      endloop
   endfacet
   facet normal 1.25963e-15 -0.56729 0.823518
      outer loop
         vertex -0.1425 -0.204897 -0.157001
         vertex -0.1425 -0.201875 -0.153892
         vertex -0.1675 -0.201875 -0.153892
      endloop
   endfacet
   facet normal 3.83053e-16 -0.208961 0.977924
      outer loop
         vertex -0.1425 -0.208879 -0.158717
         vertex -0.1425 -0.204897 -0.157001
         vertex -0.1675 -0.204897 -0.157001
      endloop
   endfacet
   facet normal -5.51844e-16 0.181181 0.98345
      outer loop
         vertex -0.1425 -0.213214 -0.158779
         vertex -0.1425 -0.208879 -0.158717
         vertex -0.1675 -0.208879 -0.158717
      endloop
   endfacet
   facet normal -1.40273e-15 0.543739 0.839254
      outer loop
         vertex -0.1425 -0.217243 -0.157176
         vertex -0.1425 -0.213214 -0.158779
         vertex -0.1675 -0.213214 -0.158779
      endloop
   endfacet
   facet normal -2.04006e-15 0.823518 0.56729
      outer loop
         vertex -0.1425 -0.220352 -0.154154
         vertex -0.1425 -0.217243 -0.157176
         vertex -0.1675 -0.217243 -0.157176
      endloop
   endfacet
   facet normal -2.36681e-15 0.977924 0.208961
      outer loop
         vertex -0.1425 -0.222068 -0.150172
         vertex -0.1425 -0.220352 -0.154154
         vertex -0.1675 -0.220352 -0.154154
      endloop
   endfacet
   facet normal -2.33324e-15 0.98345 -0.181181
      outer loop
         vertex -0.1425 -0.222129 -0.145837
         vertex -0.1425 -0.222068 -0.150172
         vertex -0.1675 -0.222068 -0.150172
      endloop
   endfacet
   facet normal -1.01781e-13 0.839254 -0.543739
      outer loop
         vertex -0.1425 -0.220527 -0.141808
         vertex -0.1425 -0.222129 -0.145837
         vertex -0.1675 -0.222129 -0.145837
      endloop
   endfacet
endsolid Align bar. Units = meters